A,B,MAE,ks,kw
3.3333333333333335e-05,5.222222222222222,0.008369953083124684,50.0,9.526315789473683
3.3333333333333335e-05,5.222222222222222,0.00837000540451518,44.55555555555556,9.526315789473683
3.3333333333333335e-05,5.222222222222222,0.008370161769121481,39.111111111111114,9.526315789473683
3.3333333333333335e-05,5.222222222222222,0.008370617419878986,33.66666666666667,9.526315789473683
3.3333333333333335e-05,5.222222222222222,0.008371887966404853,28.22222222222222,9.526315789473683
3.3333333333333335e-05,5.222222222222222,0.008375138018358952,22.77777777777778,9.526315789473683
3.3333333333333335e-05,5.222222222222222,0.00838954858635598,17.333333333333336,9.526315789473683
3.666666666666667e-05,5.222222222222222,0.008401231156351158,50.0,10.0
3.666666666666667e-05,5.222222222222222,0.008401314924251679,44.55555555555556,10.0
3.666666666666667e-05,5.222222222222222,0.008401557051283787,39.111111111111114,10.0
3.666666666666667e-05,5.222222222222222,0.008402242471369652,33.66666666666667,10.0
3.666666666666667e-05,5.222222222222222,0.008404112948873877,28.22222222222222,10.0
3.666666666666667e-05,5.222222222222222,0.008408866612057937,22.77777777777778,10.0
3.3333333333333335e-05,5.222222222222222,0.008411793278728697,50.0,10.0
3.3333333333333335e-05,5.222222222222222,0.00841186147956351,44.55555555555556,10.0
3.3333333333333335e-05,5.222222222222222,0.008412073328272193,39.111111111111114,10.0
3.3333333333333335e-05,5.222222222222222,0.00841273130262658,33.66666666666667,10.0
3.3333333333333335e-05,5.222222222222222,0.008414781275435778,28.22222222222222,10.0
3.666666666666667e-05,5.222222222222222,0.008419136579364989,17.333333333333336,10.0
3.3333333333333335e-05,5.222222222222222,0.008421230724744535,22.77777777777778,10.0
3.666666666666667e-05,5.222222222222222,0.008432131413755853,11.88888888888889,10.0
3.3333333333333335e-05,5.222222222222222,0.008441901800859042,17.333333333333336,10.0
3.3333333333333335e-05,5.222222222222222,0.008456157198284398,11.88888888888889,9.526315789473683
3e-05,5.222222222222222,0.008464883019698227,50.0,9.052631578947368
3e-05,5.222222222222222,0.008464926742257258,44.55555555555556,9.052631578947368
3e-05,5.222222222222222,0.008465068713965376,39.111111111111114,9.052631578947368
3e-05,5.222222222222222,0.008465530199553147,33.66666666666667,9.052631578947368
3e-05,5.222222222222222,0.008467039048531074,28.22222222222222,9.052631578947368
3e-05,5.222222222222222,0.008472045005700363,22.77777777777778,9.052631578947368
3e-05,5.222222222222222,0.008489049664091825,17.333333333333336,9.052631578947368
4.3333333333333334e-05,5.666666666666666,0.008492506309989434,50.0,9.526315789473683
4.3333333333333334e-05,5.666666666666666,0.008492571005998706,44.55555555555556,9.526315789473683
4.3333333333333334e-05,5.666666666666666,0.008492762026042173,39.111111111111114,9.526315789473683
4.3333333333333334e-05,5.666666666666666,0.00849331398145357,33.66666666666667,9.526315789473683
4.3333333333333334e-05,5.666666666666666,0.008494851157170316,28.22222222222222,9.526315789473683
4.3333333333333334e-05,5.666666666666666,0.008498845468343457,22.77777777777778,9.526315789473683
3.9999999999999996e-05,5.666666666666666,0.008501800125672278,50.0,9.052631578947368
3.9999999999999996e-05,5.666666666666666,0.008501852432113068,44.55555555555556,9.052631578947368
3.9999999999999996e-05,5.666666666666666,0.008502016925337003,39.111111111111114,9.052631578947368
3.9999999999999996e-05,5.666666666666666,0.008502534114839902,33.66666666666667,9.052631578947368
3.9999999999999996e-05,5.666666666666666,0.008504167609628976,28.22222222222222,9.052631578947368
3.3333333333333335e-05,5.222222222222222,0.008505845577565233,50.0,9.052631578947368
3.3333333333333335e-05,5.222222222222222,0.008505895971341928,44.55555555555556,9.052631578947368
3.3333333333333335e-05,5.222222222222222,0.008506045253245201,39.111111111111114,9.052631578947368
3.3333333333333335e-05,5.222222222222222,0.008506474827803177,33.66666666666667,9.052631578947368
3.3333333333333335e-05,5.222222222222222,0.008507649572101142,28.22222222222222,9.052631578947368
4.3333333333333334e-05,5.666666666666666,0.008507769126845605,17.333333333333336,9.526315789473683
3.3333333333333335e-05,5.222222222222222,0.008509037539092332,11.88888888888889,10.0
3.9999999999999996e-05,5.666666666666666,0.008509402189288492,22.77777777777778,9.052631578947368
3.3333333333333335e-05,5.222222222222222,0.00851055140841758,22.77777777777778,9.052631578947368
3e-05,5.222222222222222,0.008515840107731053,50.0,9.526315789473683
3e-05,5.222222222222222,0.008515884402302509,44.55555555555556,9.526315789473683
3.666666666666667e-05,5.222222222222222,0.008515950609932977,50.0,9.526315789473683
3e-05,5.222222222222222,0.008516028590066758,39.111111111111114,9.526315789473683
3.666666666666667e-05,5.222222222222222,0.0085160322213176,44.55555555555556,9.526315789473683
3.3333333333333335e-05,5.222222222222222,0.008516092167628211,17.333333333333336,9.052631578947368
3.666666666666667e-05,5.222222222222222,0.00851626666071224,39.111111111111114,9.526315789473683
3e-05,5.222222222222222,0.008516498372856002,33.66666666666667,9.526315789473683
3.666666666666667e-05,5.222222222222222,0.008516925225114366,33.66666666666667,9.526315789473683
3e-05,5.222222222222222,0.008518036910570495,28.22222222222222,9.526315789473683
3.3333333333333335e-05,5.222222222222222,0.008518611295088721,11.88888888888889,9.052631578947368
3.666666666666667e-05,5.222222222222222,0.008518703063545633,28.22222222222222,9.526315789473683
2.6666666666666667e-05,4.777777777777778,0.008519284169114965,50.0,10.0
2.6666666666666667e-05,4.777777777777778,0.008519329645024729,44.55555555555556,10.0
2.6666666666666667e-05,4.777777777777778,0.008519463100008649,39.111111111111114,10.0
2.6666666666666667e-05,4.777777777777778,0.008519840933836495,33.66666666666667,10.0
2.6666666666666667e-05,4.777777777777778,0.008520843746448136,28.22222222222222,10.0
2.6666666666666667e-05,4.777777777777778,0.008520855986560435,11.88888888888889,10.0
3.666666666666667e-05,5.222222222222222,0.00852312836512419,22.77777777777778,9.526315789473683
3e-05,5.222222222222222,0.00852314170824954,22.77777777777778,9.526315789473683
2.6666666666666667e-05,4.777777777777778,0.00852315033060034,22.77777777777778,10.0
2.6666666666666667e-05,4.777777777777778,0.008526527435986178,17.333333333333336,10.0
3.9999999999999996e-05,5.666666666666666,0.008526643120730704,17.333333333333336,9.052631578947368
2.3333333333333336e-05,4.777777777777778,0.008531305368062412,50.0,10.0
2.3333333333333336e-05,4.777777777777778,0.008531326379254084,44.55555555555556,10.0
2.3333333333333336e-05,4.777777777777778,0.008531389693704376,39.111111111111114,10.0
2.3333333333333336e-05,4.777777777777778,0.008531570090393384,33.66666666666667,10.0
2.3333333333333336e-05,4.777777777777778,0.008532029843275515,28.22222222222222,10.0
3.666666666666667e-05,5.222222222222222,0.008532264021682376,17.333333333333336,9.526315789473683
2.3333333333333336e-05,4.777777777777778,0.008532729965117818,17.333333333333336,10.0
2.3333333333333336e-05,4.777777777777778,0.008532900313801498,22.77777777777778,10.0
3e-05,4.777777777777778,0.008538098751900484,6.444444444444445,10.0
4.3333333333333334e-05,5.666666666666666,0.008539475723439712,50.0,10.0
4.3333333333333334e-05,5.666666666666666,0.008539548827272864,44.55555555555556,10.0
4.3333333333333334e-05,5.666666666666666,0.008539771128480398,39.111111111111114,10.0
3e-05,5.222222222222222,0.008540430713273576,17.333333333333336,9.526315789473683
4.3333333333333334e-05,5.666666666666666,0.008540446488164816,33.66666666666667,10.0
3.666666666666667e-05,5.222222222222222,0.008541772454423741,11.88888888888889,9.526315789473683
4.3333333333333334e-05,5.666666666666666,0.008542503569738727,28.22222222222222,10.0
3.666666666666667e-05,5.222222222222222,0.008543404128948079,6.444444444444445,9.526315789473683
3e-05,5.222222222222222,0.008547047402192092,11.88888888888889,9.052631578947368
4.3333333333333334e-05,5.666666666666666,0.008548836873857352,22.77777777777778,10.0
3.666666666666667e-05,5.666666666666666,0.008552312145071425,50.0,8.578947368421051
3.666666666666667e-05,5.666666666666666,0.00855234885711833,44.55555555555556,8.578947368421051
3.666666666666667e-05,5.666666666666666,0.008552468820798303,39.111111111111114,8.578947368421051
3.666666666666667e-05,5.666666666666666,0.00855286116404751,33.66666666666667,8.578947368421051
3.666666666666667e-05,5.666666666666666,0.00855415273312439,28.22222222222222,8.578947368421051
3.666666666666667e-05,5.666666666666666,0.008558480545921338,22.77777777777778,8.578947368421051
3e-05,5.222222222222222,0.008562052798114474,50.0,10.0
3e-05,5.222222222222222,0.00856209748906899,44.55555555555556,10.0
3e-05,5.222222222222222,0.008562243273292181,39.111111111111114,10.0
3e-05,5.222222222222222,0.00856271921779811,33.66666666666667,10.0
3e-05,5.222222222222222,0.008564280328167459,28.22222222222222,10.0
3.9999999999999996e-05,5.666666666666666,0.008566070712809844,50.0,9.526315789473683
3.9999999999999996e-05,5.666666666666666,0.00856612360593626,44.55555555555556,9.526315789473683
3.9999999999999996e-05,5.666666666666666,0.008566290406232196,39.111111111111114,9.526315789473683
3.9999999999999996e-05,5.666666666666666,0.008566816298853605,33.66666666666667,9.526315789473683
4.3333333333333334e-05,5.666666666666666,0.008568180651785865,11.88888888888889,9.526315789473683
3.9999999999999996e-05,5.666666666666666,0.008568480984414794,28.22222222222222,9.526315789473683
4.3333333333333334e-05,5.666666666666666,0.00856882396931433,17.333333333333336,10.0
3e-05,5.222222222222222,0.008569461509974795,22.77777777777778,10.0
3e-05,5.222222222222222,0.008570601519697133,11.88888888888889,8.578947368421051
2.6666666666666667e-05,4.777777777777778,0.008570928290644925,6.444444444444445,9.526315789473683
3.9999999999999996e-05,5.666666666666666,0.008571129477809702,50.0,8.578947368421051
3.9999999999999996e-05,5.666666666666666,0.00857117243495148,44.55555555555556,8.578947368421051
3.9999999999999996e-05,5.666666666666666,0.00857130176732542,39.111111111111114,8.578947368421051
3.9999999999999996e-05,5.666666666666666,0.008571680296668166,33.66666666666667,8.578947368421051
3e-05,5.222222222222222,0.008571942653936737,50.0,8.578947368421051
3e-05,5.222222222222222,0.008571970932696588,44.55555555555556,8.578947368421051
3e-05,5.222222222222222,0.008572056699426591,39.111111111111114,8.578947368421051
3e-05,5.222222222222222,0.008572306484886253,33.66666666666667,8.578947368421051
3.9999999999999996e-05,5.666666666666666,0.008572736025466926,28.22222222222222,8.578947368421051
3e-05,5.222222222222222,0.008572982299067741,28.22222222222222,8.578947368421051
3.666666666666667e-05,5.666666666666666,0.008573439149256115,17.333333333333336,8.578947368421051
3.9999999999999996e-05,5.666666666666666,0.00857381888280159,22.77777777777778,9.526315789473683
3e-05,5.222222222222222,0.00857454017616758,22.77777777777778,8.578947368421051
3.9999999999999996e-05,5.666666666666666,0.00857542030886554,22.77777777777778,8.578947368421051
3e-05,4.777777777777778,0.008575573850856399,50.0,10.0
3e-05,4.777777777777778,0.00857565736591751,44.55555555555556,10.0
3e-05,4.777777777777778,0.008575892977729196,39.111111111111114,10.0
2.6666666666666667e-05,4.777777777777778,0.008576162107576354,6.444444444444445,10.0
3e-05,4.777777777777778,0.008576538989397638,33.66666666666667,10.0
3e-05,5.222222222222222,0.00857663158505507,17.333333333333336,8.578947368421051
3e-05,4.777777777777778,0.00857822092552556,28.22222222222222,10.0
3.9999999999999996e-05,5.666666666666666,0.008580885040526953,17.333333333333336,8.578947368421051
3e-05,4.777777777777778,0.008582155617385298,22.77777777777778,10.0
2.3333333333333336e-05,4.777777777777778,0.008583487401949455,11.88888888888889,10.0
3.9999999999999996e-05,5.666666666666666,0.008584653833234684,11.88888888888889,9.052631578947368
3.9999999999999996e-05,5.666666666666666,0.008585030367739837,11.88888888888889,8.578947368421051
3.3333333333333335e-05,5.222222222222222,0.008586433284219274,6.444444444444445,9.052631578947368
3e-05,5.222222222222222,0.00858697131970925,17.333333333333336,10.0
3.666666666666667e-05,5.666666666666666,0.008587258310667121,50.0,8.105263157894736
3.666666666666667e-05,5.666666666666666,0.008587285876452553,44.55555555555556,8.105263157894736
3.666666666666667e-05,5.666666666666666,0.00858737078712915,39.111111111111114,8.105263157894736
3.666666666666667e-05,5.666666666666666,0.008587623295194219,33.66666666666667,8.105263157894736
3.666666666666667e-05,5.666666666666666,0.008588329722309329,28.22222222222222,8.105263157894736
3e-05,4.777777777777778,0.008589070850356057,17.333333333333336,10.0
3e-05,4.777777777777778,0.008589876782837413,11.88888888888889,10.0
3.666666666666667e-05,5.666666666666666,0.008590078941388852,22.77777777777778,8.105263157894736
3.9999999999999996e-05,5.666666666666666,0.008591351994308005,17.333333333333336,9.526315789473683
3.666666666666667e-05,5.666666666666666,0.008591944060640396,11.88888888888889,8.105263157894736
3.9999999999999996e-05,5.222222222222222,0.008593052240896567,50.0,10.0
3.9999999999999996e-05,5.222222222222222,0.008593172774120045,44.55555555555556,10.0
3.666666666666667e-05,5.666666666666666,0.00859320289326681,17.333333333333336,8.105263157894736
3.9999999999999996e-05,5.222222222222222,0.00859350729553579,39.111111111111114,10.0
3.9999999999999996e-05,5.222222222222222,0.008594416016648546,33.66666666666667,10.0
3.9999999999999996e-05,5.222222222222222,0.008596792257486616,28.22222222222222,10.0
3e-05,5.222222222222222,0.00859897053082497,11.88888888888889,9.526315789473683
3.666666666666667e-05,5.222222222222222,0.00860164462487344,6.444444444444445,10.0
3.9999999999999996e-05,5.222222222222222,0.008602566579865753,22.77777777777778,10.0
3.9999999999999996e-05,5.222222222222222,0.008606769032325828,6.444444444444445,10.0
4.666666666666667e-05,5.666666666666666,0.008609057005570015,50.0,10.0
4.666666666666667e-05,5.666666666666666,0.008609145107730304,44.55555555555556,10.0
4.666666666666667e-05,5.666666666666666,0.008609397239195965,39.111111111111114,10.0
2.6666666666666667e-05,5.222222222222222,0.008609731893594274,50.0,8.578947368421051
2.6666666666666667e-05,5.222222222222222,0.008609758530616787,44.55555555555556,8.578947368421051
2.6666666666666667e-05,5.222222222222222,0.008609849505964908,39.111111111111114,8.578947368421051
4.666666666666667e-05,5.666666666666666,0.008610103813622635,33.66666666666667,10.0
2.6666666666666667e-05,5.222222222222222,0.008610161094563414,33.66666666666667,8.578947368421051
2.6666666666666667e-05,5.222222222222222,0.008611237798127485,28.22222222222222,8.578947368421051
4.666666666666667e-05,5.666666666666666,0.00861201612906547,28.22222222222222,10.0
3.9999999999999996e-05,5.222222222222222,0.008614441475676197,17.333333333333336,10.0
2.6666666666666667e-05,5.222222222222222,0.008615029852683994,22.77777777777778,8.578947368421051
4.666666666666667e-05,5.666666666666666,0.008616844229928936,22.77777777777778,10.0
3.666666666666667e-05,5.666666666666666,0.008616850379952842,50.0,9.052631578947368
3.666666666666667e-05,5.666666666666666,0.00861688771654441,44.55555555555556,9.052631578947368
3.666666666666667e-05,5.666666666666666,0.008617010110440696,39.111111111111114,9.052631578947368
3.666666666666667e-05,5.666666666666666,0.008617411609431247,33.66666666666667,9.052631578947368
4.3333333333333334e-05,5.666666666666666,0.008617481178817901,50.0,9.052631578947368
4.3333333333333334e-05,5.666666666666666,0.008617544265174132,44.55555555555556,9.052631578947368
4.3333333333333334e-05,5.666666666666666,0.008617729191300433,39.111111111111114,9.052631578947368
4.3333333333333334e-05,5.666666666666666,0.00861825819300116,33.66666666666667,9.052631578947368
3.666666666666667e-05,5.666666666666666,0.008618736203157784,28.22222222222222,9.052631578947368
4.3333333333333334e-05,5.666666666666666,0.008619709676668474,28.22222222222222,9.052631578947368
3.3333333333333335e-05,5.222222222222222,0.008620181609869718,6.444444444444445,8.578947368421051
3.666666666666667e-05,5.666666666666666,0.00862317725457037,22.77777777777778,9.052631578947368
4.3333333333333334e-05,5.666666666666666,0.008623389698968975,22.77777777777778,9.052631578947368
3.3333333333333335e-05,4.777777777777778,0.008624390962027856,1.0,10.0
3.9999999999999996e-05,5.666666666666666,0.008624481366703948,50.0,10.0
3.9999999999999996e-05,5.666666666666666,0.008624534645781506,44.55555555555556,10.0
3.9999999999999996e-05,5.666666666666666,0.008624703052339163,39.111111111111114,10.0
3.9999999999999996e-05,5.666666666666666,0.008625235255657199,33.66666666666667,10.0
3.666666666666667e-05,5.666666666666666,0.008625764199258396,11.88888888888889,8.578947368421051
3.9999999999999996e-05,5.666666666666666,0.008626923228823483,28.22222222222222,10.0
4.666666666666667e-05,5.666666666666666,0.0086273652460182,17.333333333333336,10.0
2.6666666666666667e-05,5.222222222222222,0.008628832576917841,17.333333333333336,8.578947368421051
3.9999999999999996e-05,5.222222222222222,0.008628832876494958,11.88888888888889,10.0
3.3333333333333335e-05,5.666666666666666,0.00863029663069503,50.0,8.105263157894736
3.3333333333333335e-05,5.666666666666666,0.008630321246170594,44.55555555555556,8.105263157894736
3.3333333333333335e-05,5.666666666666666,0.008630405002286548,39.111111111111114,8.105263157894736
3.3333333333333335e-05,5.666666666666666,0.008630690635833304,33.66666666666667,8.105263157894736
4.3333333333333334e-05,5.666666666666666,0.008631203298052337,17.333333333333336,9.052631578947368
3.666666666666667e-05,5.222222222222222,0.008631236726885132,6.444444444444445,9.052631578947368
3.3333333333333335e-05,5.666666666666666,0.008631673997078263,28.22222222222222,8.105263157894736
3.9999999999999996e-05,5.666666666666666,0.008632339709572001,22.77777777777778,10.0
4.3333333333333334e-05,5.666666666666666,0.008632791848014482,11.88888888888889,10.0
3.3333333333333335e-05,5.666666666666666,0.008635131731729234,22.77777777777778,8.105263157894736
3e-05,4.777777777777778,0.00863807288907661,1.0,9.052631578947368
3.666666666666667e-05,5.666666666666666,0.008638461963702016,17.333333333333336,9.052631578947368
4.3333333333333334e-05,5.666666666666666,0.008639979682703958,11.88888888888889,9.052631578947368
2.3333333333333336e-05,4.777777777777778,0.008640941864533083,11.88888888888889,9.526315789473683
2.6666666666666667e-05,4.777777777777778,0.008641564923678615,11.88888888888889,9.526315789473683
4.666666666666667e-05,5.666666666666666,0.00864207116685702,11.88888888888889,10.0
3.3333333333333335e-05,5.222222222222222,0.008644598637558667,6.444444444444445,9.526315789473683
2.6666666666666667e-05,4.777777777777778,0.008645407103372554,50.0,9.526315789473683
2.6666666666666667e-05,4.777777777777778,0.008645450419873479,44.55555555555556,9.526315789473683
2.6666666666666667e-05,4.777777777777778,0.00864557613450235,39.111111111111114,9.526315789473683
3e-05,5.222222222222222,0.008645916608821611,11.88888888888889,10.0
2.6666666666666667e-05,4.777777777777778,0.00864592614891382,33.66666666666667,9.526315789473683
2.6666666666666667e-05,4.777777777777778,0.008646828384528727,28.22222222222222,9.526315789473683
3e-05,4.777777777777778,0.008647364825621376,6.444444444444445,9.526315789473683
3.3333333333333335e-05,5.666666666666666,0.008647724349924118,17.333333333333336,8.105263157894736
3.666666666666667e-05,5.222222222222222,0.008648705851260974,50.0,9.052631578947368
2.6666666666666667e-05,4.777777777777778,0.008648780278277493,22.77777777777778,9.526315789473683
3.666666666666667e-05,5.222222222222222,0.008648784918304347,44.55555555555556,9.052631578947368
3.666666666666667e-05,5.222222222222222,0.008649010291827488,39.111111111111114,9.052631578947368
3.666666666666667e-05,5.222222222222222,0.008649635809195385,33.66666666666667,9.052631578947368
3.9999999999999996e-05,5.666666666666666,0.008649955883403221,11.88888888888889,9.526315789473683
3.9999999999999996e-05,5.666666666666666,0.00865009541401257,17.333333333333336,10.0
2.6666666666666667e-05,4.777777777777778,0.008650943670871655,17.333333333333336,9.526315789473683
3.666666666666667e-05,5.222222222222222,0.008651293323883962,28.22222222222222,9.052631578947368
3.666666666666667e-05,5.222222222222222,0.008655311604922434,22.77777777777778,9.052631578947368
3.3333333333333335e-05,4.777777777777778,0.008656134347266375,1.0,9.526315789473683
2.3333333333333336e-05,4.777777777777778,0.008657676710088758,17.333333333333336,9.526315789473683
2.3333333333333336e-05,4.777777777777778,0.008657680312851985,50.0,9.526315789473683
2.3333333333333336e-05,4.777777777777778,0.008657699830105494,44.55555555555556,9.526315789473683
2.3333333333333336e-05,4.777777777777778,0.008657757557442228,39.111111111111114,9.526315789473683
2.3333333333333336e-05,4.777777777777778,0.00865791704714546,33.66666666666667,9.526315789473683
2.3333333333333336e-05,4.777777777777778,0.0086582987053139,28.22222222222222,9.526315789473683
2.6666666666666667e-05,5.222222222222222,0.008658871786746718,50.0,9.052631578947368
2.3333333333333336e-05,4.777777777777778,0.008658880770883915,22.77777777777778,9.526315789473683
2.6666666666666667e-05,5.222222222222222,0.008658899012421459,44.55555555555556,9.052631578947368
2.6666666666666667e-05,5.222222222222222,0.008658992251889198,39.111111111111114,9.052631578947368
2.6666666666666667e-05,5.222222222222222,0.00865931231580859,33.66666666666667,9.052631578947368
2.6666666666666667e-05,5.222222222222222,0.008660419535501382,28.22222222222222,9.052631578947368
3e-05,5.222222222222222,0.008663037646105019,6.444444444444445,8.578947368421051
3.3333333333333335e-05,5.222222222222222,0.00866306166916187,50.0,8.578947368421051
3.666666666666667e-05,5.222222222222222,0.008663064718880457,17.333333333333336,9.052631578947368
3.3333333333333335e-05,5.222222222222222,0.008663109710174541,44.55555555555556,8.578947368421051
3.3333333333333335e-05,5.222222222222222,0.008663250383834642,39.111111111111114,8.578947368421051
3.3333333333333335e-05,5.222222222222222,0.008663648486012924,33.66666666666667,8.578947368421051
2.6666666666666667e-05,5.222222222222222,0.008664314694206102,22.77777777777778,9.052631578947368
3.3333333333333335e-05,5.222222222222222,0.008664708732603573,28.22222222222222,8.578947368421051
3e-05,4.777777777777778,0.008666308629203489,1.0,9.526315789473683
3.3333333333333335e-05,5.222222222222222,0.008667198277449056,22.77777777777778,8.578947368421051
3.666666666666667e-05,5.222222222222222,0.008668357889089057,11.88888888888889,9.052631578947368
3.3333333333333335e-05,5.222222222222222,0.008669280012921322,11.88888888888889,8.578947368421051
3.3333333333333335e-05,5.666666666666666,0.00867051680782507,11.88888888888889,7.63157894736842
4.666666666666667e-05,6.111111111111111,0.008671078288957083,50.0,8.578947368421051
4.666666666666667e-05,6.111111111111111,0.008671113351589668,44.55555555555556,8.578947368421051
4.666666666666667e-05,6.111111111111111,0.00867122620832186,39.111111111111114,8.578947368421051
3.3333333333333335e-05,5.222222222222222,0.008671298416235453,17.333333333333336,8.578947368421051
4.666666666666667e-05,6.111111111111111,0.008671589452218676,33.66666666666667,8.578947368421051
4.666666666666667e-05,6.111111111111111,0.00867276661983718,28.22222222222222,8.578947368421051
3.3333333333333335e-05,4.777777777777778,0.008673327032985933,6.444444444444445,10.0
3.666666666666667e-05,5.666666666666666,0.008675288396662975,50.0,9.526315789473683
3.666666666666667e-05,5.666666666666666,0.008675326160240703,44.55555555555556,9.526315789473683
3.666666666666667e-05,5.666666666666666,0.008675450282417178,39.111111111111114,9.526315789473683
3.3333333333333335e-05,5.666666666666666,0.008675556716242904,50.0,7.63157894736842
3.3333333333333335e-05,5.666666666666666,0.008675572557998366,44.55555555555556,7.63157894736842
3.3333333333333335e-05,5.666666666666666,0.008675621833837452,39.111111111111114,7.63157894736842
3.3333333333333335e-05,5.666666666666666,0.008675767404382879,33.66666666666667,7.63157894736842
3.666666666666667e-05,5.666666666666666,0.008675858501784378,33.66666666666667,9.526315789473683
3.3333333333333335e-05,5.666666666666666,0.008676158422492957,28.22222222222222,7.63157894736842
4.666666666666667e-05,6.111111111111111,0.008676663369108916,22.77777777777778,8.578947368421051
3.3333333333333335e-05,5.666666666666666,0.008676998468031157,22.77777777777778,7.63157894736842
3.666666666666667e-05,5.666666666666666,0.008677207955083938,28.22222222222222,9.526315789473683
3.3333333333333335e-05,5.666666666666666,0.008677604465462455,17.333333333333336,7.63157894736842
2.6666666666666667e-05,5.222222222222222,0.008678428046758849,17.333333333333336,9.052631578947368
4.3333333333333334e-05,6.111111111111111,0.008679677366949596,50.0,8.105263157894736
4.3333333333333334e-05,6.111111111111111,0.008679703340625938,44.55555555555556,8.105263157894736
4.3333333333333334e-05,6.111111111111111,0.008679789665998031,39.111111111111114,8.105263157894736
3.666666666666667e-05,5.222222222222222,0.00867988701587705,1.0,8.578947368421051
4.3333333333333334e-05,6.111111111111111,0.00868007693281648,33.66666666666667,8.105263157894736
4.3333333333333334e-05,5.666666666666666,0.0086801958238349,6.444444444444445,9.052631578947368
2.6666666666666667e-05,5.222222222222222,0.008680413217169789,11.88888888888889,8.578947368421051
5e-05,6.111111111111111,0.008680776524657052,50.0,9.052631578947368
5e-05,6.111111111111111,0.008680823150907952,44.55555555555556,9.052631578947368
5e-05,6.111111111111111,0.008680968768284513,39.111111111111114,9.052631578947368
4.3333333333333334e-05,6.111111111111111,0.008681041556443645,28.22222222222222,8.105263157894736
5e-05,6.111111111111111,0.00868142314731329,33.66666666666667,9.052631578947368
3.666666666666667e-05,5.666666666666666,0.008681736458541589,22.77777777777778,9.526315789473683
5e-05,6.111111111111111,0.008682848417898629,28.22222222222222,9.052631578947368
3e-05,5.222222222222222,0.008684164229053997,6.444444444444445,8.105263157894736
4.3333333333333334e-05,6.111111111111111,0.008684360174345054,22.77777777777778,8.105263157894736
3.9999999999999996e-05,5.666666666666666,0.00868493793928701,6.444444444444445,8.578947368421051
5e-05,6.111111111111111,0.008687404337669185,22.77777777777778,9.052631578947368
2.3333333333333336e-05,4.333333333333333,0.00868869390605039,1.0,10.0
4.666666666666667e-05,6.111111111111111,0.00869010268585435,17.333333333333336,8.578947368421051
3.666666666666667e-05,5.666666666666666,0.008691437022438473,11.88888888888889,9.052631578947368
2.3333333333333336e-05,4.777777777777778,0.008693134661371591,6.444444444444445,9.052631578947368
3.3333333333333335e-05,5.666666666666666,0.008694657620719335,50.0,8.578947368421051
3.3333333333333335e-05,5.666666666666666,0.0086946828912702,44.55555555555556,8.578947368421051
3.3333333333333335e-05,5.666666666666666,0.0086947049347534,11.88888888888889,8.105263157894736
3.3333333333333335e-05,5.666666666666666,0.008694769188164133,39.111111111111114,8.578947368421051
3.3333333333333335e-05,5.666666666666666,0.008695064412594666,33.66666666666667,8.578947368421051
3.3333333333333335e-05,4.777777777777778,0.008695466680841554,50.0,10.0
3.3333333333333335e-05,4.777777777777778,0.008695603918685953,44.55555555555556,10.0
3.3333333333333335e-05,4.777777777777778,0.008695975016985427,39.111111111111114,10.0
3.3333333333333335e-05,5.666666666666666,0.008696082683916102,28.22222222222222,8.578947368421051
4.3333333333333334e-05,6.111111111111111,0.008696294192414172,17.333333333333336,8.105263157894736
3.3333333333333335e-05,4.777777777777778,0.008696952871026823,33.66666666666667,10.0
3.3333333333333335e-05,5.222222222222222,0.008697166197175962,6.444444444444445,10.0
3.666666666666667e-05,5.666666666666666,0.008697273358044239,17.333333333333336,9.526315789473683
2.6666666666666667e-05,4.777777777777778,0.008698829401558283,6.444444444444445,9.052631578947368
3.3333333333333335e-05,4.777777777777778,0.008699411111144254,28.22222222222222,10.0
3.3333333333333335e-05,5.666666666666666,0.00869965946625519,22.77777777777778,8.578947368421051
3e-05,4.777777777777778,0.00870007689455551,50.0,9.526315789473683
3e-05,4.777777777777778,0.008700157569472811,44.55555555555556,9.526315789473683
3e-05,4.777777777777778,0.008700383328353531,39.111111111111114,9.526315789473683
3e-05,4.777777777777778,0.008700994980947415,33.66666666666667,9.526315789473683
5e-05,6.111111111111111,0.008702543626786994,17.333333333333336,9.052631578947368
3e-05,4.777777777777778,0.008702557251197082,28.22222222222222,9.526315789473683
2.6666666666666667e-05,4.777777777777778,0.008703150948222077,1.0,8.578947368421051
2.6666666666666667e-05,5.222222222222222,0.008703294309430055,50.0,9.526315789473683
2.6666666666666667e-05,5.222222222222222,0.008703321958345472,44.55555555555556,9.526315789473683
2.6666666666666667e-05,5.222222222222222,0.008703416870177455,39.111111111111114,9.526315789473683
2.6666666666666667e-05,5.222222222222222,0.008703743343005008,33.66666666666667,9.526315789473683
3.9999999999999996e-05,5.222222222222222,0.008704849251863041,50.0,9.526315789473683
2.6666666666666667e-05,5.222222222222222,0.008704874106451408,28.22222222222222,9.526315789473683
3.9999999999999996e-05,5.222222222222222,0.008704967413434189,44.55555555555556,9.526315789473683
3.9999999999999996e-05,5.222222222222222,0.008705045111073112,6.444444444444445,9.526315789473683
3.3333333333333335e-05,4.777777777777778,0.00870505464880956,22.77777777777778,10.0
3.9999999999999996e-05,5.222222222222222,0.008705293485742022,39.111111111111114,9.526315789473683
2.6666666666666667e-05,5.222222222222222,0.008705794154953895,11.88888888888889,8.105263157894736
3e-05,4.777777777777778,0.008706079104694675,22.77777777777778,9.526315789473683
3.9999999999999996e-05,5.222222222222222,0.008706172176571589,33.66666666666667,9.526315789473683
3e-05,4.777777777777778,0.008708281039643603,11.88888888888889,9.526315789473683
3.9999999999999996e-05,5.222222222222222,0.008708441787415824,28.22222222222222,9.526315789473683
3.9999999999999996e-05,6.111111111111111,0.008708567127476146,50.0,7.63157894736842
3.9999999999999996e-05,6.111111111111111,0.008708585717402706,44.55555555555556,7.63157894736842
3.9999999999999996e-05,6.111111111111111,0.008708649651457123,39.111111111111114,7.63157894736842
2.6666666666666667e-05,5.222222222222222,0.008708850130226101,22.77777777777778,9.526315789473683
3.9999999999999996e-05,6.111111111111111,0.008708870036641322,33.66666666666667,7.63157894736842
3.9999999999999996e-05,5.666666666666666,0.008709141790772548,11.88888888888889,10.0
3.9999999999999996e-05,6.111111111111111,0.008709638755369611,28.22222222222222,7.63157894736842
3e-05,4.777777777777778,0.008711611640263083,17.333333333333336,9.526315789473683
3.9999999999999996e-05,5.666666666666666,0.00871226684421456,6.444444444444445,8.105263157894736
3.9999999999999996e-05,6.111111111111111,0.008712395762543068,22.77777777777778,7.63157894736842
3.3333333333333335e-05,5.666666666666666,0.008712611346872401,17.333333333333336,8.578947368421051
3.3333333333333335e-05,5.222222222222222,0.00871358380572918,1.0,8.105263157894736
3.666666666666667e-05,5.666666666666666,0.008713691956041802,6.444444444444445,8.105263157894736
3.9999999999999996e-05,5.222222222222222,0.008713845070100507,22.77777777777778,9.526315789473683
3.3333333333333335e-05,4.777777777777778,0.008715280821900965,17.333333333333336,10.0
4.666666666666667e-05,5.666666666666666,0.008715571150291816,50.0,9.526315789473683
4.666666666666667e-05,5.666666666666666,0.008715657743189525,44.55555555555556,9.526315789473683
3e-05,4.777777777777778,0.008715698688306633,1.0,10.0
4.666666666666667e-05,5.666666666666666,0.008715904127197157,39.111111111111114,9.526315789473683
4.666666666666667e-05,5.666666666666666,0.008716589052782105,33.66666666666667,9.526315789473683
3.9999999999999996e-05,5.222222222222222,0.008717113584154218,1.0,9.052631578947368
4.666666666666667e-05,5.666666666666666,0.008718418016889277,28.22222222222222,9.526315789473683
2.6666666666666667e-05,5.222222222222222,0.008719129644097028,17.333333333333336,8.105263157894736
2.6666666666666667e-05,5.222222222222222,0.00871946459131177,50.0,8.105263157894736
2.6666666666666667e-05,5.222222222222222,0.008719477895620786,44.55555555555556,8.105263157894736
2.6666666666666667e-05,5.222222222222222,0.008719518130054255,39.111111111111114,8.105263157894736
2.6666666666666667e-05,5.222222222222222,0.00871963106204592,33.66666666666667,8.105263157894736
2.6666666666666667e-05,5.222222222222222,0.008719901579069952,28.22222222222222,8.105263157894736
2.6666666666666667e-05,5.222222222222222,0.008720283479580315,22.77777777777778,8.105263157894736
3e-05,5.222222222222222,0.008720711340149814,6.444444444444445,9.052631578947368
3.3333333333333335e-05,4.777777777777778,0.008721144527542782,11.88888888888889,10.0
3.9999999999999996e-05,6.111111111111111,0.008722793447608929,17.333333333333336,7.63157894736842
4.666666666666667e-05,5.666666666666666,0.008722952191570996,22.77777777777778,9.526315789473683
2.6666666666666667e-05,5.222222222222222,0.008723210528878301,17.333333333333336,9.526315789473683
4.666666666666667e-05,5.666666666666666,0.00872321638408346,6.444444444444445,9.526315789473683
3.9999999999999996e-05,5.222222222222222,0.008724466961141503,17.333333333333336,9.526315789473683
2.3333333333333336e-05,4.777777777777778,0.008728098159167062,6.444444444444445,9.526315789473683
3.666666666666667e-05,5.666666666666666,0.008728284461088046,50.0,10.0
3.666666666666667e-05,5.666666666666666,0.008728322507754275,44.55555555555556,10.0
3.666666666666667e-05,5.666666666666666,0.00872844783789658,39.111111111111114,10.0
3.666666666666667e-05,5.666666666666666,0.008728860938707183,33.66666666666667,10.0
2.6666666666666667e-05,4.333333333333333,0.00872950114095659,1.0,10.0
3.666666666666667e-05,5.666666666666666,0.008730229898645577,28.22222222222222,10.0
2.6666666666666667e-05,5.222222222222222,0.008730741357774168,11.88888888888889,9.052631578947368
4.666666666666667e-05,5.666666666666666,0.008732441996734983,17.333333333333336,9.526315789473683
3.666666666666667e-05,5.666666666666666,0.008734824621647314,22.77777777777778,10.0
3.9999999999999996e-05,5.222222222222222,0.008735118423766,11.88888888888889,9.526315789473683
4.666666666666667e-05,6.111111111111111,0.008738458436357791,11.88888888888889,8.578947368421051
3.666666666666667e-05,4.777777777777778,0.008739135788692686,1.0,10.0
4.3333333333333334e-05,6.111111111111111,0.008740351612884178,11.88888888888889,8.105263157894736
3.666666666666667e-05,5.666666666666666,0.00874097443561278,6.444444444444445,7.63157894736842
2.6666666666666667e-05,5.222222222222222,0.008743477188744927,50.0,10.0
2.6666666666666667e-05,5.222222222222222,0.008743505141809303,44.55555555555556,10.0
2.6666666666666667e-05,5.222222222222222,0.00874360129150642,39.111111111111114,10.0
2.6666666666666667e-05,5.222222222222222,0.00874393262606426,33.66666666666667,10.0
4.666666666666667e-05,5.666666666666666,0.008743984082066522,11.88888888888889,9.526315789473683
3.9999999999999996e-05,5.666666666666666,0.00874426366636539,50.0,8.105263157894736
3.9999999999999996e-05,5.666666666666666,0.008744304379781982,44.55555555555556,8.105263157894736
3.9999999999999996e-05,5.666666666666666,0.008744425325898484,39.111111111111114,8.105263157894736
3.9999999999999996e-05,5.666666666666666,0.008744772609544944,33.66666666666667,8.105263157894736
2.6666666666666667e-05,5.222222222222222,0.008745081612102492,28.22222222222222,10.0
3.9999999999999996e-05,5.222222222222222,0.00874544038878421,1.0,9.526315789473683
3.9999999999999996e-05,5.666666666666666,0.00874571272551553,28.22222222222222,8.105263157894736
4.3333333333333334e-05,5.666666666666666,0.00874693272497094,6.444444444444445,8.578947368421051
3.9999999999999996e-05,5.666666666666666,0.008747975833084476,22.77777777777778,8.105263157894736
3e-05,5.666666666666666,0.008748023219248858,50.0,7.63157894736842
3e-05,5.666666666666666,0.008748040049238773,44.55555555555556,7.63157894736842
3e-05,5.666666666666666,0.008748100074957802,39.111111111111114,7.63157894736842
3e-05,5.666666666666666,0.0087483152562398,33.66666666666667,7.63157894736842
3e-05,5.222222222222222,0.00874848177620964,11.88888888888889,8.105263157894736
3.666666666666667e-05,5.222222222222222,0.008748598325404058,1.0,9.052631578947368
4.666666666666667e-05,6.111111111111111,0.008748998220072315,50.0,9.052631578947368
4.666666666666667e-05,6.111111111111111,0.008749033953194462,44.55555555555556,9.052631578947368
3e-05,5.666666666666666,0.008749096600078882,28.22222222222222,7.63157894736842
2.6666666666666667e-05,5.222222222222222,0.008749121124575012,22.77777777777778,10.0
4.666666666666667e-05,6.111111111111111,0.008749149407738058,39.111111111111114,9.052631578947368
4.666666666666667e-05,6.111111111111111,0.008749522371521901,33.66666666666667,9.052631578947368
3.666666666666667e-05,5.666666666666666,0.008750554234109281,17.333333333333336,10.0
4.666666666666667e-05,6.111111111111111,0.008750734247556808,28.22222222222222,9.052631578947368
3.666666666666667e-05,5.666666666666666,0.008750734350831773,11.88888888888889,9.526315789473683
4.3333333333333334e-05,5.666666666666666,0.008750999295124195,6.444444444444445,9.526315789473683
3.9999999999999996e-05,5.666666666666666,0.008751417081075208,11.88888888888889,8.105263157894736
3.9999999999999996e-05,5.666666666666666,0.00875196324605933,17.333333333333336,8.105263157894736
3e-05,5.666666666666666,0.008752005062903027,22.77777777777778,7.63157894736842
3.3333333333333335e-05,5.666666666666666,0.00875267696769914,50.0,9.052631578947368
3.3333333333333335e-05,5.666666666666666,0.008752702690778828,44.55555555555556,9.052631578947368
3.3333333333333335e-05,5.666666666666666,0.00875279079942216,39.111111111111114,9.052631578947368
3.3333333333333335e-05,5.666666666666666,0.008753093054145577,33.66666666666667,9.052631578947368
2e-05,4.777777777777778,0.008753845311251613,50.0,9.526315789473683
2e-05,4.777777777777778,0.008753868300208644,44.55555555555556,9.526315789473683
2e-05,4.777777777777778,0.008753949472066171,39.111111111111114,9.526315789473683
3.3333333333333335e-05,5.666666666666666,0.00875413755329293,28.22222222222222,9.052631578947368
2e-05,4.777777777777778,0.008754237475996235,33.66666666666667,9.526315789473683
5e-05,6.111111111111111,0.008754716746591599,11.88888888888889,9.052631578947368
4.666666666666667e-05,6.111111111111111,0.008754745972049487,22.77777777777778,9.052631578947368
2e-05,4.777777777777778,0.008755271138153681,28.22222222222222,9.526315789473683
2.6666666666666667e-05,4.777777777777778,0.008755304179621861,1.0,9.052631578947368
5e-05,6.111111111111111,0.008756914591481688,50.0,9.526315789473683
3e-05,5.222222222222222,0.008756938613232438,50.0,8.105263157894736
5e-05,6.111111111111111,0.008756961851044628,44.55555555555556,9.526315789473683
3e-05,5.222222222222222,0.008756964514239685,44.55555555555556,8.105263157894736
3.9999999999999996e-05,5.666666666666666,0.00875701913666202,6.444444444444445,9.052631578947368
3e-05,5.222222222222222,0.008757041454474729,39.111111111111114,8.105263157894736
5e-05,6.111111111111111,0.0087571099398073,39.111111111111114,9.526315789473683
3e-05,5.222222222222222,0.008757258506215337,33.66666666666667,8.105263157894736
5e-05,6.111111111111111,0.00875757356134799,33.66666666666667,9.526315789473683
3.3333333333333335e-05,5.666666666666666,0.008757805513217809,22.77777777777778,9.052631578947368
3e-05,5.222222222222222,0.00875781344573357,28.22222222222222,8.105263157894736
3e-05,5.222222222222222,0.008758929848527719,22.77777777777778,8.105263157894736
5e-05,6.111111111111111,0.00875903160565121,28.22222222222222,9.526315789473683
2e-05,4.777777777777778,0.008759051569071774,22.77777777777778,9.526315789473683
4.3333333333333334e-05,6.111111111111111,0.008759330593283723,50.0,8.578947368421051
4.3333333333333334e-05,6.111111111111111,0.008759357295990625,44.55555555555556,8.578947368421051
4.3333333333333334e-05,6.111111111111111,0.008759446431012627,39.111111111111114,8.578947368421051
3e-05,5.222222222222222,0.008759460032362058,17.333333333333336,8.105263157894736
4.3333333333333334e-05,6.111111111111111,0.008759744219126665,33.66666666666667,8.578947368421051
3.3333333333333335e-05,5.666666666666666,0.008760409102187552,11.88888888888889,8.578947368421051
4.3333333333333334e-05,6.111111111111111,0.008760746673870907,28.22222222222222,8.578947368421051
4.3333333333333334e-05,5.222222222222222,0.00876193301143822,1.0,10.0
4.3333333333333334e-05,5.666666666666666,0.008762942193192767,50.0,8.578947368421051
4.3333333333333334e-05,5.666666666666666,0.008763002979675754,44.55555555555556,8.578947368421051
4.3333333333333334e-05,5.666666666666666,0.008763179452877232,39.111111111111114,8.578947368421051
3e-05,5.666666666666666,0.00876322857315535,17.333333333333336,7.63157894736842
4.666666666666667e-05,5.666666666666666,0.008763378958079377,6.444444444444445,10.0
2.6666666666666667e-05,5.222222222222222,0.008763677098058129,17.333333333333336,10.0
4.3333333333333334e-05,5.666666666666666,0.00876367745381407,33.66666666666667,8.578947368421051
5e-05,6.111111111111111,0.008763694474410407,22.77777777777778,9.526315789473683
3.9999999999999996e-05,6.111111111111111,0.008764077808510112,11.88888888888889,7.63157894736842
4.3333333333333334e-05,6.111111111111111,0.00876419303026817,22.77777777777778,8.578947368421051
4.3333333333333334e-05,5.666666666666666,0.008765018045105313,28.22222222222222,8.578947368421051
3.3333333333333335e-05,4.777777777777778,0.008766520963218736,1.0,9.052631578947368
3.666666666666667e-05,5.222222222222222,0.008766953945694881,6.444444444444445,8.578947368421051
2.3333333333333336e-05,4.777777777777778,0.008767243168809006,6.444444444444445,10.0
3.666666666666667e-05,6.111111111111111,0.008767295011862625,50.0,7.157894736842105
3.666666666666667e-05,6.111111111111111,0.00876730861967906,44.55555555555556,7.157894736842105
3.666666666666667e-05,6.111111111111111,0.008767357267575746,39.111111111111114,7.157894736842105
3.666666666666667e-05,6.111111111111111,0.008767532248495264,33.66666666666667,7.157894736842105
3.666666666666667e-05,6.111111111111111,0.008768171719036464,28.22222222222222,7.157894736842105
4.3333333333333334e-05,5.666666666666666,0.008768302455882185,22.77777777777778,8.578947368421051
4.666666666666667e-05,6.111111111111111,0.008768518360240196,17.333333333333336,9.052631578947368
3e-05,4.777777777777778,0.008769545338117482,1.0,8.578947368421051
3.666666666666667e-05,6.111111111111111,0.008770583578784932,22.77777777777778,7.157894736842105
3.3333333333333335e-05,5.666666666666666,0.00877103577826244,17.333333333333336,9.052631578947368
4.666666666666667e-05,6.111111111111111,0.008771365847573542,50.0,8.105263157894736
4.666666666666667e-05,6.111111111111111,0.008771395245426705,44.55555555555556,8.105263157894736
4.666666666666667e-05,6.111111111111111,0.008771484782844095,39.111111111111114,8.105263157894736
3e-05,4.777777777777778,0.008771649381400941,6.444444444444445,9.052631578947368
4.666666666666667e-05,6.111111111111111,0.008771747957328695,33.66666666666667,8.105263157894736
4.666666666666667e-05,6.111111111111111,0.008772475923000723,28.22222222222222,8.105263157894736
3e-05,5.222222222222222,0.008772641995833974,6.444444444444445,9.526315789473683
2e-05,4.777777777777778,0.008773233018511215,17.333333333333336,9.526315789473683
4.666666666666667e-05,6.111111111111111,0.008774264336722218,22.77777777777778,8.105263157894736
4.3333333333333334e-05,5.666666666666666,0.00877474311008348,17.333333333333336,8.578947368421051
4.3333333333333334e-05,6.111111111111111,0.00877601077533952,11.88888888888889,7.63157894736842
4.3333333333333334e-05,6.111111111111111,0.008776097279692257,50.0,7.63157894736842
2.6666666666666667e-05,5.222222222222222,0.008776116219223237,11.88888888888889,9.526315789473683
4.3333333333333334e-05,6.111111111111111,0.008776117437615985,44.55555555555556,7.63157894736842
4.3333333333333334e-05,6.111111111111111,0.008776179787606714,39.111111111111114,7.63157894736842
4.3333333333333334e-05,6.111111111111111,0.008776364502798723,33.66666666666667,7.63157894736842
4.3333333333333334e-05,6.111111111111111,0.008776504370838937,17.333333333333336,8.578947368421051
4.3333333333333334e-05,6.111111111111111,0.00877687192368462,28.22222222222222,7.63157894736842
4.666666666666667e-05,6.111111111111111,0.008777428531240455,11.88888888888889,8.105263157894736
4.666666666666667e-05,6.111111111111111,0.008777489301195544,17.333333333333336,8.105263157894736
3.3333333333333335e-05,5.666666666666666,0.008777934018174501,6.444444444444445,7.63157894736842
4.3333333333333334e-05,6.111111111111111,0.0087780637760836,22.77777777777778,7.63157894736842
3.3333333333333335e-05,4.777777777777778,0.008778171970557035,6.444444444444445,9.526315789473683
5e-05,6.111111111111111,0.008779127903717548,17.333333333333336,9.526315789473683
4.3333333333333334e-05,5.666666666666666,0.008779295755635705,11.88888888888889,8.578947368421051
2.3333333333333336e-05,4.777777777777778,0.00877943905828667,11.88888888888889,9.052631578947368
2.6666666666666667e-05,4.777777777777778,0.00877959930866358,11.88888888888889,9.052631578947368
4.3333333333333334e-05,6.111111111111111,0.00877979185884579,17.333333333333336,7.63157894736842
3.666666666666667e-05,6.111111111111111,0.008780131360157253,17.333333333333336,7.157894736842105
3.3333333333333335e-05,5.222222222222222,0.008782081863231267,6.444444444444445,8.105263157894736
3.3333333333333335e-05,5.222222222222222,0.008783366336846513,1.0,8.578947368421051
2e-05,4.777777777777778,0.008785475173672858,50.0,10.0
2e-05,4.777777777777778,0.008785498634541084,44.55555555555556,10.0
2e-05,4.777777777777778,0.008785581601973739,39.111111111111114,10.0
3e-05,5.222222222222222,0.008785652413091932,1.0,7.63157894736842
2e-05,4.777777777777778,0.008785876316424145,33.66666666666667,10.0
3.666666666666667e-05,5.666666666666666,0.008786900808501108,6.444444444444445,8.578947368421051
2e-05,4.777777777777778,0.008786934101795412,28.22222222222222,10.0
3.9999999999999996e-05,6.111111111111111,0.008789675769947703,50.0,8.105263157894736
3.9999999999999996e-05,6.111111111111111,0.008789695162209904,44.55555555555556,8.105263157894736
3.9999999999999996e-05,6.111111111111111,0.008789762137447962,39.111111111111114,8.105263157894736
3.9999999999999996e-05,6.111111111111111,0.00878999393936487,33.66666666666667,8.105263157894736
2.6666666666666667e-05,4.777777777777778,0.008790018811369704,50.0,9.052631578947368
2.6666666666666667e-05,4.777777777777778,0.00879005946401445,44.55555555555556,9.052631578947368
2.6666666666666667e-05,4.777777777777778,0.008790175697757762,39.111111111111114,9.052631578947368
3.666666666666667e-05,5.666666666666666,0.008790341262568387,11.88888888888889,7.63157894736842
2.6666666666666667e-05,4.777777777777778,0.008790491917412085,33.66666666666667,9.052631578947368
2e-05,4.777777777777778,0.008790796832113274,22.77777777777778,10.0
3.9999999999999996e-05,6.111111111111111,0.008790803982070789,28.22222222222222,8.105263157894736
2.6666666666666667e-05,4.777777777777778,0.008791273327488197,28.22222222222222,9.052631578947368
2.6666666666666667e-05,5.222222222222222,0.008791890857987057,6.444444444444445,8.105263157894736
2.6666666666666667e-05,4.777777777777778,0.008792801603788583,22.77777777777778,9.052631578947368
3.666666666666667e-05,5.666666666666666,0.008793061213570924,50.0,7.63157894736842
3.666666666666667e-05,5.666666666666666,0.00879308644205585,44.55555555555556,7.63157894736842
3.666666666666667e-05,5.666666666666666,0.00879316253101547,39.111111111111114,7.63157894736842
3.666666666666667e-05,5.666666666666666,0.008793381850828886,33.66666666666667,7.63157894736842
2.6666666666666667e-05,4.777777777777778,0.008793511422799046,17.333333333333336,9.052631578947368
3.9999999999999996e-05,6.111111111111111,0.00879370179238303,22.77777777777778,8.105263157894736
3.666666666666667e-05,5.666666666666666,0.008793964322767512,28.22222222222222,7.63157894736842
2.3333333333333336e-05,4.333333333333333,0.00879401397074162,1.0,9.526315789473683
3.666666666666667e-05,5.666666666666666,0.0087952570694258,22.77777777777778,7.63157894736842
3.666666666666667e-05,5.666666666666666,0.008796758603554519,17.333333333333336,7.63157894736842
4.3333333333333334e-05,6.111111111111111,0.00879681815474249,6.444444444444445,7.63157894736842
3.9999999999999996e-05,5.666666666666666,0.008798258603477938,1.0,7.63157894736842
2.3333333333333336e-05,4.777777777777778,0.008799831944042274,17.333333333333336,9.052631578947368
2.3333333333333336e-05,4.777777777777778,0.008801456020085998,50.0,9.052631578947368
2.3333333333333336e-05,4.777777777777778,0.008801473780638175,44.55555555555556,9.052631578947368
2.3333333333333336e-05,4.777777777777778,0.008801524967318263,39.111111111111114,9.052631578947368
2.3333333333333336e-05,4.777777777777778,0.008801660132710007,33.66666666666667,9.052631578947368
2.3333333333333336e-05,4.777777777777778,0.00880195167050112,28.22222222222222,9.052631578947368
2.3333333333333336e-05,4.777777777777778,0.008802203661952206,22.77777777777778,9.052631578947368
3.666666666666667e-05,5.222222222222222,0.008802414397007196,50.0,8.578947368421051
3.666666666666667e-05,5.222222222222222,0.008802490257980347,44.55555555555556,8.578947368421051
4.3333333333333334e-05,5.666666666666666,0.0088024926255032,1.0,8.105263157894736
3.666666666666667e-05,5.222222222222222,0.008802704313849278,39.111111111111114,8.578947368421051
3.666666666666667e-05,5.222222222222222,0.008803289857357122,33.66666666666667,8.578947368421051
4.666666666666667e-05,6.111111111111111,0.008803315758425708,6.444444444444445,8.105263157894736
2.6666666666666667e-05,4.777777777777778,0.008804098722807569,1.0,9.526315789473683
3.666666666666667e-05,5.666666666666666,0.008804364403856088,11.88888888888889,10.0
3.9999999999999996e-05,6.111111111111111,0.008804528310025858,17.333333333333336,8.105263157894736
3.666666666666667e-05,5.222222222222222,0.008804805763053614,28.22222222222222,8.578947368421051
3.3333333333333335e-05,5.666666666666666,0.008805067892866711,50.0,9.526315789473683
3.3333333333333335e-05,5.666666666666666,0.008805093927949157,44.55555555555556,9.526315789473683
3.3333333333333335e-05,5.666666666666666,0.008805183331795396,39.111111111111114,9.526315789473683
2e-05,4.777777777777778,0.008805234132327644,17.333333333333336,10.0
3.3333333333333335e-05,5.666666666666666,0.008805490763538093,33.66666666666667,9.526315789473683
3.666666666666667e-05,5.222222222222222,0.008805766837808196,1.0,8.105263157894736
3.9999999999999996e-05,5.222222222222222,0.008806484368207435,1.0,10.0
3.3333333333333335e-05,5.666666666666666,0.008806555068778258,28.22222222222222,9.526315789473683
3e-05,5.666666666666666,0.008807361042428246,11.88888888888889,7.63157894736842
3.666666666666667e-05,5.222222222222222,0.008808329216850963,22.77777777777778,8.578947368421051
3.3333333333333335e-05,5.666666666666666,0.008810293094863645,22.77777777777778,9.526315789473683
3.666666666666667e-05,5.222222222222222,0.00881048749286564,1.0,9.526315789473683
3e-05,5.666666666666666,0.008812030959227557,50.0,8.105263157894736
3e-05,5.666666666666666,0.00881204853443206,44.55555555555556,8.105263157894736
3e-05,5.666666666666666,0.008812111441423942,39.111111111111114,8.105263157894736
3e-05,5.666666666666666,0.008812337528904344,33.66666666666667,8.105263157894736
3e-05,5.666666666666666,0.008813158883347615,28.22222222222222,8.105263157894736
3.666666666666667e-05,5.222222222222222,0.008814434757408179,17.333333333333336,8.578947368421051
3.666666666666667e-05,5.222222222222222,0.008814809335688132,11.88888888888889,8.578947368421051
3.9999999999999996e-05,6.111111111111111,0.008814968867124611,6.444444444444445,7.157894736842105
4.3333333333333334e-05,5.666666666666666,0.008815078203236067,6.444444444444445,10.0
3e-05,5.666666666666666,0.008816206723517725,22.77777777777778,8.105263157894736
3.3333333333333335e-05,4.777777777777778,0.008816853718569379,50.0,9.526315789473683
3.3333333333333335e-05,4.777777777777778,0.00881698708151712,44.55555555555556,9.526315789473683
2.6666666666666667e-05,5.222222222222222,0.008817055557144394,11.88888888888889,10.0
3.3333333333333335e-05,4.777777777777778,0.008817345225529918,39.111111111111114,9.526315789473683
4.666666666666667e-05,6.111111111111111,0.00881756019173483,11.88888888888889,9.052631578947368
3.9999999999999996e-05,5.222222222222222,0.00881805063257588,6.444444444444445,9.052631578947368
2.3333333333333336e-05,5.222222222222222,0.008818234166467983,50.0,8.105263157894736
2.3333333333333336e-05,5.222222222222222,0.008818250542618113,44.55555555555556,8.105263157894736
3.3333333333333335e-05,4.777777777777778,0.008818279564615367,33.66666666666667,9.526315789473683
2.3333333333333336e-05,5.222222222222222,0.008818309938243354,39.111111111111114,8.105263157894736
2.3333333333333336e-05,5.222222222222222,0.00881852676775421,33.66666666666667,8.105263157894736
3.666666666666667e-05,6.111111111111111,0.008819124283440474,11.88888888888889,7.157894736842105
2.3333333333333336e-05,5.222222222222222,0.008819329410524079,28.22222222222222,8.105263157894736
5e-05,6.111111111111111,0.008819348648182054,50.0,8.578947368421051
5e-05,6.111111111111111,0.008819389642487171,44.55555555555556,8.578947368421051
3e-05,5.222222222222222,0.008819464186372906,6.444444444444445,10.0
3.3333333333333335e-05,5.666666666666666,0.008819466553645674,11.88888888888889,9.052631578947368
5e-05,6.111111111111111,0.008819512068778967,39.111111111111114,8.578947368421051
4.666666666666667e-05,6.111111111111111,0.008819586898191683,50.0,9.526315789473683
4.666666666666667e-05,6.111111111111111,0.008819623076907812,44.55555555555556,9.526315789473683
4.666666666666667e-05,6.111111111111111,0.008819740339455293,39.111111111111114,9.526315789473683
5e-05,6.111111111111111,0.008819866673092721,33.66666666666667,8.578947368421051
4.666666666666667e-05,6.111111111111111,0.008820120313535776,33.66666666666667,9.526315789473683
3.3333333333333335e-05,4.777777777777778,0.008820590993910065,28.22222222222222,9.526315789473683
5e-05,6.111111111111111,0.008820843191545932,28.22222222222222,8.578947368421051
4.3333333333333334e-05,6.111111111111111,0.008821325912093225,11.88888888888889,8.578947368421051
4.666666666666667e-05,6.111111111111111,0.008821357909940122,28.22222222222222,9.526315789473683
3.9999999999999996e-05,5.666666666666666,0.008822041053167085,6.444444444444445,9.526315789473683
2.3333333333333336e-05,5.222222222222222,0.008822370660875864,22.77777777777778,8.105263157894736
4.3333333333333334e-05,5.222222222222222,0.008822826195328367,50.0,10.0
4.3333333333333334e-05,5.222222222222222,0.008822991938291913,44.55555555555556,10.0
5e-05,6.111111111111111,0.008823274433618345,22.77777777777778,8.578947368421051
4.3333333333333334e-05,5.222222222222222,0.008823434239068128,39.111111111111114,10.0
4.3333333333333334e-05,5.222222222222222,0.008823571488557924,1.0,9.526315789473683
3.3333333333333335e-05,5.666666666666666,0.008823739954922952,17.333333333333336,9.526315789473683
4.3333333333333334e-05,5.222222222222222,0.00882458772486019,33.66666666666667,10.0
4.666666666666667e-05,6.111111111111111,0.00882545637091883,22.77777777777778,9.526315789473683
3.3333333333333335e-05,4.777777777777778,0.008825741433160963,22.77777777777778,9.526315789473683
5e-05,6.111111111111111,0.008826033165988031,50.0,10.0
5e-05,6.111111111111111,0.008826080837040572,44.55555555555556,10.0
5e-05,6.111111111111111,0.008826230629038607,39.111111111111114,10.0
5e-05,6.111111111111111,0.008826700892781262,33.66666666666667,10.0
2e-05,4.777777777777778,0.008826791777012904,11.88888888888889,9.526315789473683
4.3333333333333334e-05,5.222222222222222,0.008827475265867312,28.22222222222222,10.0
3e-05,5.666666666666666,0.008827873881892092,17.333333333333336,8.105263157894736
5e-05,6.111111111111111,0.008828043969070332,17.333333333333336,8.578947368421051
5e-05,6.111111111111111,0.008828183195117143,28.22222222222222,10.0
4.3333333333333334e-05,5.222222222222222,0.008829994506033995,6.444444444444445,10.0
5e-05,6.111111111111111,0.00883039867792417,6.444444444444445,8.578947368421051
3.666666666666667e-05,4.777777777777778,0.008830719002255124,1.0,9.526315789473683
5e-05,6.111111111111111,0.008830819718901825,11.88888888888889,8.578947368421051
4.3333333333333334e-05,6.111111111111111,0.008831247714256724,50.0,9.052631578947368
4.3333333333333334e-05,6.111111111111111,0.008831274910342014,44.55555555555556,9.052631578947368
4.3333333333333334e-05,6.111111111111111,0.008831366016741629,39.111111111111114,9.052631578947368
2.6666666666666667e-05,4.333333333333333,0.008831466942996793,1.0,9.526315789473683
4.3333333333333334e-05,6.111111111111111,0.008831671415272368,33.66666666666667,9.052631578947368
5e-05,6.111111111111111,0.008831791523421197,11.88888888888889,9.526315789473683
4.666666666666667e-05,5.666666666666666,0.008832316374903327,6.444444444444445,9.052631578947368
4.3333333333333334e-05,6.111111111111111,0.008832701933704923,28.22222222222222,9.052631578947368
5e-05,6.111111111111111,0.008832926585695584,22.77777777777778,10.0
4.3333333333333334e-05,5.222222222222222,0.008834134374022532,22.77777777777778,10.0
3.9999999999999996e-05,5.222222222222222,0.008834140065510346,50.0,9.052631578947368
3.9999999999999996e-05,5.222222222222222,0.008834255007443129,44.55555555555556,9.052631578947368
2.3333333333333336e-05,5.222222222222222,0.008834267044894553,17.333333333333336,8.105263157894736
3.3333333333333335e-05,4.777777777777778,0.008834393641491295,17.333333333333336,9.526315789473683
2e-05,4.333333333333333,0.008834459366302505,1.0,9.526315789473683
3.9999999999999996e-05,5.222222222222222,0.008834569891806667,39.111111111111114,9.052631578947368
3.9999999999999996e-05,5.222222222222222,0.008835409644215326,33.66666666666667,9.052631578947368
3.3333333333333335e-05,4.777777777777778,0.008835664704767507,11.88888888888889,9.526315789473683
4.3333333333333334e-05,6.111111111111111,0.008836247179020507,22.77777777777778,9.052631578947368
3e-05,4.333333333333333,0.008837511753455327,1.0,10.0
3.9999999999999996e-05,5.222222222222222,0.008837544293476848,28.22222222222222,9.052631578947368
3.9999999999999996e-05,5.222222222222222,0.008838057702370958,1.0,8.578947368421051
4.666666666666667e-05,5.666666666666666,0.008838305378089375,50.0,9.052631578947368
4.666666666666667e-05,5.666666666666666,0.008838389779801763,44.55555555555556,9.052631578947368
3e-05,5.666666666666666,0.008838601834943763,11.88888888888889,7.157894736842105
4.666666666666667e-05,5.666666666666666,0.008838628141065553,39.111111111111114,9.052631578947368
2.6666666666666667e-05,5.222222222222222,0.008838889268075509,6.444444444444445,7.63157894736842
4.666666666666667e-05,5.666666666666666,0.008839284301379735,33.66666666666667,9.052631578947368
4.666666666666667e-05,6.111111111111111,0.008839482122059891,17.333333333333336,9.526315789473683
3.9999999999999996e-05,6.111111111111111,0.008839693997131835,11.88888888888889,7.157894736842105
2.3333333333333336e-05,4.777777777777778,0.00884064259664286,6.444444444444445,8.578947368421051
4.666666666666667e-05,5.666666666666666,0.00884101178703991,28.22222222222222,9.052631578947368
3e-05,4.777777777777778,0.008842113397735954,50.0,9.052631578947368
3e-05,4.777777777777778,0.008842190277938908,44.55555555555556,9.052631578947368
3e-05,4.777777777777778,0.008842403088911769,39.111111111111114,9.052631578947368
3.9999999999999996e-05,5.222222222222222,0.008842483550570504,22.77777777777778,9.052631578947368
3e-05,4.777777777777778,0.008842970457643779,33.66666666666667,9.052631578947368
3e-05,4.777777777777778,0.00884303833136511,11.88888888888889,9.052631578947368
3.3333333333333335e-05,5.222222222222222,0.00884331899892005,11.88888888888889,8.105263157894736
3e-05,4.777777777777778,0.0088443813373749,28.22222222222222,9.052631578947368
3.3333333333333335e-05,5.222222222222222,0.008845064963807322,50.0,8.105263157894736
3.3333333333333335e-05,5.222222222222222,0.00884510978504498,44.55555555555556,8.105263157894736
4.666666666666667e-05,5.666666666666666,0.0088451815735032,22.77777777777778,9.052631578947368
3.3333333333333335e-05,5.222222222222222,0.00884523891761194,39.111111111111114,8.105263157894736
3.3333333333333335e-05,5.222222222222222,0.008845595647260446,33.66666666666667,8.105263157894736
3.9999999999999996e-05,6.111111111111111,0.008845645066478735,50.0,7.157894736842105
3.9999999999999996e-05,6.111111111111111,0.008845657639518634,44.55555555555556,7.157894736842105
2.6666666666666667e-05,4.777777777777778,0.008845687384303927,6.444444444444445,8.578947368421051
3.9999999999999996e-05,6.111111111111111,0.008845696590476326,39.111111111111114,7.157894736842105
3.9999999999999996e-05,6.111111111111111,0.008845810301051648,33.66666666666667,7.157894736842105
3.9999999999999996e-05,6.111111111111111,0.008846105758772146,28.22222222222222,7.157894736842105
3.3333333333333335e-05,5.222222222222222,0.008846170656649988,1.0,9.052631578947368
3.3333333333333335e-05,5.222222222222222,0.008846508074103854,28.22222222222222,8.105263157894736
3.3333333333333335e-05,5.222222222222222,0.008846637148858517,1.0,7.63157894736842
3.9999999999999996e-05,6.111111111111111,0.008846679652338063,22.77777777777778,7.157894736842105
3.9999999999999996e-05,6.111111111111111,0.008846704972903232,17.333333333333336,7.157894736842105
4.3333333333333334e-05,5.222222222222222,0.008846762358332672,17.333333333333336,10.0
3.9999999999999996e-05,6.111111111111111,0.008846838807955138,11.88888888888889,8.105263157894736
3e-05,4.777777777777778,0.008847390798522422,22.77777777777778,9.052631578947368
2.6666666666666667e-05,4.777777777777778,0.008848203185137762,1.0,10.0
3.3333333333333335e-05,5.222222222222222,0.008848476269020234,22.77777777777778,8.105263157894736
5e-05,6.111111111111111,0.008848580263860836,17.333333333333336,10.0
4.3333333333333334e-05,6.111111111111111,0.00884884471846743,17.333333333333336,9.052631578947368
2.6666666666666667e-05,5.222222222222222,0.008848969455815541,6.444444444444445,8.578947368421051
3.666666666666667e-05,6.111111111111111,0.008849961901493003,50.0,7.63157894736842
3.666666666666667e-05,6.111111111111111,0.008849976415427962,44.55555555555556,7.63157894736842
3.666666666666667e-05,6.111111111111111,0.008850028548154601,39.111111111111114,7.63157894736842
3e-05,5.666666666666666,0.008850207681748,17.333333333333336,7.157894736842105
3.666666666666667e-05,6.111111111111111,0.0088502166523934,33.66666666666667,7.63157894736842
2e-05,4.777777777777778,0.008850260828206485,11.88888888888889,9.052631578947368
3.3333333333333335e-05,5.222222222222222,0.008850806427007824,17.333333333333336,8.105263157894736
3.666666666666667e-05,6.111111111111111,0.008850904031718992,28.22222222222222,7.63157894736842
3e-05,5.666666666666666,0.008850985631041409,50.0,7.157894736842105
3e-05,5.666666666666666,0.008850993859495232,44.55555555555556,7.157894736842105
3e-05,5.666666666666666,0.008851019183846929,39.111111111111114,7.157894736842105
3e-05,5.666666666666666,0.00885109063707959,33.66666666666667,7.157894736842105
3e-05,4.777777777777778,0.008851254105515849,17.333333333333336,9.052631578947368
3e-05,5.666666666666666,0.00885125703813803,28.22222222222222,7.157894736842105
3e-05,5.666666666666666,0.008851438346475966,22.77777777777778,7.157894736842105
3.3333333333333335e-05,5.666666666666666,0.008851498687971724,6.444444444444445,7.157894736842105
3.9999999999999996e-05,5.222222222222222,0.008851570732605545,17.333333333333336,9.052631578947368
3.3333333333333335e-05,5.666666666666666,0.008852279952962203,6.444444444444445,8.105263157894736
3.3333333333333335e-05,5.666666666666666,0.008852458766798074,50.0,10.0
3.3333333333333335e-05,5.666666666666666,0.008852485012808409,44.55555555555556,10.0
3.3333333333333335e-05,5.666666666666666,0.008852575333424035,39.111111111111114,10.0
3.666666666666667e-05,5.666666666666666,0.008852654904144936,6.444444444444445,9.052631578947368
3.9999999999999996e-05,5.666666666666666,0.008852875961323864,1.0,8.105263157894736
3.3333333333333335e-05,5.666666666666666,0.008852886558312664,33.66666666666667,10.0
4.666666666666667e-05,5.666666666666666,0.008853421742642937,17.333333333333336,9.052631578947368
3.666666666666667e-05,6.111111111111111,0.008853482117870407,22.77777777777778,7.63157894736842
3.3333333333333335e-05,5.666666666666666,0.008853965780825274,28.22222222222222,10.0
4.3333333333333334e-05,5.666666666666666,0.008854880505173707,1.0,8.578947368421051
5e-05,6.555555555555555,0.008855466435481133,50.0,7.63157894736842
5e-05,6.555555555555555,0.008855479593121005,44.55555555555556,7.63157894736842
5e-05,6.555555555555555,0.008855520909056067,39.111111111111114,7.63157894736842
5e-05,6.555555555555555,0.008855644132118942,33.66666666666667,7.63157894736842
5e-05,6.555555555555555,0.008855979712605305,28.22222222222222,7.63157894736842
3.666666666666667e-05,4.777777777777778,0.008855981534011242,6.444444444444445,10.0
3e-05,5.222222222222222,0.008856470445094407,1.0,8.105263157894736
2.3333333333333336e-05,4.777777777777778,0.008856528922069826,1.0,8.105263157894736
5e-05,6.555555555555555,0.008856726460148175,22.77777777777778,7.63157894736842
5e-05,5.666666666666666,0.008857221708901648,50.0,10.0
5e-05,5.666666666666666,0.00885733514830101,44.55555555555556,10.0
5e-05,6.555555555555555,0.008857492482850013,17.333333333333336,7.63157894736842
5e-05,5.666666666666666,0.00885764820873037,39.111111111111114,10.0
3.9999999999999996e-05,5.222222222222222,0.008857683716393913,11.88888888888889,9.052631578947368
3.3333333333333335e-05,5.666666666666666,0.008857757501642744,22.77777777777778,10.0
5e-05,5.666666666666666,0.00885849206368453,33.66666666666667,10.0
2.6666666666666667e-05,4.777777777777778,0.00885882979409108,1.0,8.105263157894736
4.3333333333333334e-05,5.222222222222222,0.008859166241705446,11.88888888888889,10.0
2e-05,4.777777777777778,0.008859434696292925,11.88888888888889,10.0
5e-05,5.666666666666666,0.008860673883532125,28.22222222222222,10.0
2.3333333333333336e-05,4.333333333333333,0.008860958796861843,6.444444444444445,10.0
4.666666666666667e-05,5.666666666666666,0.008861188979402787,11.88888888888889,9.052631578947368
3.9999999999999996e-05,6.111111111111111,0.008862652590496276,50.0,8.578947368421051
3.9999999999999996e-05,6.111111111111111,0.00886267252021955,44.55555555555556,8.578947368421051
3.666666666666667e-05,5.666666666666666,0.008862728862874073,1.0,7.157894736842105
3.9999999999999996e-05,6.111111111111111,0.008862741629865195,39.111111111111114,8.578947368421051
3.9999999999999996e-05,6.111111111111111,0.008862981673429337,33.66666666666667,8.578947368421051
4.666666666666667e-05,5.666666666666666,0.008863425356201035,1.0,8.578947368421051
3.666666666666667e-05,6.111111111111111,0.008863553553571685,17.333333333333336,7.63157894736842
2e-05,4.333333333333333,0.008863565875980337,1.0,10.0
3.9999999999999996e-05,6.111111111111111,0.008863822302855085,28.22222222222222,8.578947368421051
5e-05,5.666666666666666,0.00886540142066342,6.444444444444445,10.0
2.3333333333333336e-05,5.222222222222222,0.008865537418261082,50.0,8.578947368421051
2.3333333333333336e-05,5.222222222222222,0.008865554437975837,44.55555555555556,8.578947368421051
2.3333333333333336e-05,5.222222222222222,0.008865616310054374,39.111111111111114,8.578947368421051
2.3333333333333336e-05,5.222222222222222,0.008865842516667976,33.66666666666667,8.578947368421051
5e-05,5.666666666666666,0.008865894022843032,22.77777777777778,10.0
3.666666666666667e-05,5.222222222222222,0.00886638550339712,1.0,10.0
2.3333333333333336e-05,5.222222222222222,0.008866679418330132,28.22222222222222,8.578947368421051
3.9999999999999996e-05,6.111111111111111,0.008866826535979849,22.77777777777778,8.578947368421051
3e-05,5.666666666666666,0.008869573288794915,50.0,8.578947368421051
3e-05,5.666666666666666,0.008869591402457225,44.55555555555556,8.578947368421051
3e-05,5.666666666666666,0.008869656440624287,39.111111111111114,8.578947368421051
2.3333333333333336e-05,5.222222222222222,0.008869840784494038,22.77777777777778,8.578947368421051
3e-05,5.666666666666666,0.008869890781029344,33.66666666666667,8.578947368421051
3e-05,5.666666666666666,0.008870743088325719,28.22222222222222,8.578947368421051
5e-05,6.555555555555555,0.008871286127960024,11.88888888888889,7.63157894736842
3.3333333333333335e-05,5.666666666666666,0.008871372542602219,17.333333333333336,10.0
3.3333333333333335e-05,5.666666666666666,0.008872658452376244,11.88888888888889,9.526315789473683
3e-05,5.666666666666666,0.008873134374169025,11.88888888888889,8.105263157894736
2e-05,4.777777777777778,0.008873548730305925,17.333333333333336,9.052631578947368
3e-05,5.666666666666666,0.008873901064849591,22.77777777777778,8.578947368421051
3.666666666666667e-05,4.777777777777778,0.008873936015354519,50.0,10.0
3.666666666666667e-05,4.777777777777778,0.00887414213086865,44.55555555555556,10.0
3.666666666666667e-05,4.777777777777778,0.008874676137549877,39.111111111111114,10.0
3.666666666666667e-05,4.777777777777778,0.008876027694562274,33.66666666666667,10.0
5e-05,5.666666666666666,0.008876365037270009,17.333333333333336,10.0
3.666666666666667e-05,5.666666666666666,0.008876824125014896,1.0,7.63157894736842
3e-05,5.222222222222222,0.00887746503905435,6.444444444444445,7.63157894736842
2e-05,4.777777777777778,0.008877600998205845,22.77777777777778,9.052631578947368
3.9999999999999996e-05,6.111111111111111,0.008877982336045045,17.333333333333336,8.578947368421051
2e-05,4.777777777777778,0.008877997136333294,50.0,9.052631578947368
2e-05,4.777777777777778,0.008878003322933268,44.55555555555556,9.052631578947368
2e-05,4.777777777777778,0.00887802010315655,39.111111111111114,9.052631578947368
2e-05,4.777777777777778,0.008878055739486617,33.66666666666667,9.052631578947368
2e-05,4.777777777777778,0.008878070873203464,28.22222222222222,9.052631578947368
3.666666666666667e-05,4.777777777777778,0.008879292554383212,28.22222222222222,10.0
4.666666666666667e-05,5.666666666666666,0.008880475423423661,1.0,9.052631578947368
3.9999999999999996e-05,5.666666666666666,0.008880773198962962,6.444444444444445,10.0
2.3333333333333336e-05,5.222222222222222,0.008881233702063434,11.88888888888889,8.105263157894736
2.3333333333333336e-05,5.222222222222222,0.008882119816875058,17.333333333333336,8.578947368421051
3e-05,5.666666666666666,0.008882266747672266,6.444444444444445,7.157894736842105
4.666666666666667e-05,6.111111111111111,0.008883560841033861,50.0,10.0
4.666666666666667e-05,6.111111111111111,0.008883597301848099,44.55555555555556,10.0
4.666666666666667e-05,6.111111111111111,0.008883715787226456,39.111111111111114,10.0
4.666666666666667e-05,6.111111111111111,0.008884100724468342,33.66666666666667,10.0
4.666666666666667e-05,6.111111111111111,0.008885357112362635,28.22222222222222,10.0
3e-05,5.666666666666666,0.008885927115203224,17.333333333333336,8.578947368421051
3.666666666666667e-05,4.777777777777778,0.008886465873367222,22.77777777777778,10.0
4.3333333333333334e-05,6.111111111111111,0.008887506494317918,6.444444444444445,8.105263157894736
5e-05,5.666666666666666,0.00888788156675564,11.88888888888889,10.0
4.666666666666667e-05,6.111111111111111,0.008889035240183654,11.88888888888889,9.526315789473683
4.666666666666667e-05,6.111111111111111,0.008889520071843118,22.77777777777778,10.0
4.666666666666667e-05,6.111111111111111,0.008891043010940588,6.444444444444445,8.578947368421051
3.3333333333333335e-05,4.777777777777778,0.008892258497570452,1.0,8.578947368421051
3.9999999999999996e-05,5.666666666666666,0.008893371579125939,6.444444444444445,7.63157894736842
4.666666666666667e-05,6.555555555555555,0.00889390891194985,11.88888888888889,7.157894736842105
4.3333333333333334e-05,6.111111111111111,0.008894229470053708,11.88888888888889,9.052631578947368
2.6666666666666667e-05,4.333333333333333,0.008894425538561337,6.444444444444445,10.0
4.3333333333333334e-05,6.111111111111111,0.008896273002148658,50.0,9.526315789473683
4.3333333333333334e-05,6.111111111111111,0.008896300526657649,44.55555555555556,9.526315789473683
4.3333333333333334e-05,6.111111111111111,0.008896393005634513,39.111111111111114,9.526315789473683
4.3333333333333334e-05,6.111111111111111,0.008896703891417801,33.66666666666667,9.526315789473683
4.666666666666667e-05,6.555555555555555,0.00889754434560811,50.0,7.157894736842105
4.666666666666667e-05,6.555555555555555,0.008897553830973338,44.55555555555556,7.157894736842105
4.666666666666667e-05,6.555555555555555,0.008897583945786283,39.111111111111114,7.157894736842105
4.666666666666667e-05,6.555555555555555,0.00889767423331921,33.66666666666667,7.157894736842105
4.3333333333333334e-05,6.111111111111111,0.008897755194007543,28.22222222222222,9.526315789473683
4.666666666666667e-05,6.555555555555555,0.008897917033202354,28.22222222222222,7.157894736842105
3.3333333333333335e-05,4.777777777777778,0.008897927979095319,6.444444444444445,9.052631578947368
4.3333333333333334e-05,5.666666666666666,0.008898037578805631,6.444444444444445,8.105263157894736
4.666666666666667e-05,6.555555555555555,0.008898427501114806,22.77777777777778,7.157894736842105
4.666666666666667e-05,6.555555555555555,0.008898744919338411,17.333333333333336,7.157894736842105
3.666666666666667e-05,4.777777777777778,0.008898789010649933,17.333333333333336,10.0
2.6666666666666667e-05,5.222222222222222,0.008900259043557008,6.444444444444445,9.052631578947368
4.3333333333333334e-05,6.111111111111111,0.008901375787923837,22.77777777777778,9.526315789473683
5e-05,6.111111111111111,0.008901573786877278,11.88888888888889,10.0
2e-05,4.333333333333333,0.008902033864348069,6.444444444444445,10.0
3.3333333333333335e-05,5.222222222222222,0.008902664423631555,1.0,9.526315789473683
4.666666666666667e-05,6.111111111111111,0.008903735040528027,17.333333333333336,10.0
2.3333333333333336e-05,4.777777777777778,0.008903820792247033,1.0,8.578947368421051
3.666666666666667e-05,6.111111111111111,0.008903887412455177,11.88888888888889,7.63157894736842
3.3333333333333335e-05,6.111111111111111,0.008905401689105738,17.333333333333336,6.684210526315789
3.666666666666667e-05,4.777777777777778,0.008905448856747666,11.88888888888889,10.0
3.3333333333333335e-05,6.111111111111111,0.008906177239896026,50.0,6.684210526315789
3.3333333333333335e-05,6.111111111111111,0.008906182057653608,44.55555555555556,6.684210526315789
3.3333333333333335e-05,6.111111111111111,0.008906197271684221,39.111111111111114,6.684210526315789
3.3333333333333335e-05,6.111111111111111,0.008906240881794902,33.66666666666667,6.684210526315789
3.3333333333333335e-05,6.111111111111111,0.008906341135582554,28.22222222222222,6.684210526315789
3.3333333333333335e-05,6.111111111111111,0.00890642207340453,22.77777777777778,6.684210526315789
3.3333333333333335e-05,6.111111111111111,0.008907715588220058,11.88888888888889,6.684210526315789
3.3333333333333335e-05,5.666666666666666,0.008907883260047409,11.88888888888889,7.157894736842105
2.3333333333333336e-05,5.222222222222222,0.008908157557022223,50.0,9.052631578947368
2.3333333333333336e-05,5.222222222222222,0.008908175063466809,44.55555555555556,9.052631578947368
2.3333333333333336e-05,5.222222222222222,0.00890823884359325,39.111111111111114,9.052631578947368
2.3333333333333336e-05,5.222222222222222,0.008908472419940505,33.66666666666667,9.052631578947368
3.9999999999999996e-05,6.111111111111111,0.008908800172380892,6.444444444444445,7.63157894736842
2.3333333333333336e-05,5.222222222222222,0.008909336713293673,28.22222222222222,9.052631578947368
3.666666666666667e-05,5.666666666666666,0.008911858457781174,6.444444444444445,9.526315789473683
2.3333333333333336e-05,5.222222222222222,0.008912596723361536,22.77777777777778,9.052631578947368
2.3333333333333336e-05,4.333333333333333,0.008912926362553997,1.0,9.052631578947368
4.666666666666667e-05,6.555555555555555,0.008913667568422328,50.0,7.63157894736842
4.666666666666667e-05,6.555555555555555,0.008913680967403356,44.55555555555556,7.63157894736842
4.666666666666667e-05,6.555555555555555,0.008913728278857844,39.111111111111114,7.63157894736842
2.6666666666666667e-05,5.222222222222222,0.00891376457802617,11.88888888888889,7.63157894736842
4.666666666666667e-05,6.555555555555555,0.008913896075460706,33.66666666666667,7.63157894736842
4.3333333333333334e-05,6.111111111111111,0.008914189902370107,17.333333333333336,9.526315789473683
3e-05,4.777777777777778,0.008914446152944344,6.444444444444445,8.578947368421051
4.666666666666667e-05,6.555555555555555,0.00891450074524137,28.22222222222222,7.63157894736842
5e-05,6.111111111111111,0.008915238559423774,6.444444444444445,9.052631578947368
4.666666666666667e-05,6.555555555555555,0.008916759928885003,22.77777777777778,7.63157894736842
2.6666666666666667e-05,5.666666666666666,0.008918011684320163,50.0,7.157894736842105
2.6666666666666667e-05,5.666666666666666,0.008918022205391138,44.55555555555556,7.157894736842105
2.6666666666666667e-05,5.666666666666666,0.008918061720105074,39.111111111111114,7.157894736842105
2.6666666666666667e-05,5.666666666666666,0.008918211459750771,33.66666666666667,7.157894736842105
2.6666666666666667e-05,5.666666666666666,0.008918789029165547,28.22222222222222,7.157894736842105
3.3333333333333335e-05,5.666666666666666,0.008918946267709721,6.444444444444445,8.578947368421051
3e-05,5.222222222222222,0.008919986820112588,1.0,8.578947368421051
5e-05,6.555555555555555,0.008920155008607817,50.0,8.105263157894736
5e-05,6.555555555555555,0.008920171766130858,44.55555555555556,8.105263157894736
5e-05,6.555555555555555,0.00892022905115342,39.111111111111114,8.105263157894736
5e-05,6.555555555555555,0.008920425413099656,33.66666666666667,8.105263157894736
3.3333333333333335e-05,5.666666666666666,0.008920659740814334,11.88888888888889,10.0
3.3333333333333335e-05,5.666666666666666,0.008920694068602445,17.333333333333336,7.157894736842105
3.3333333333333335e-05,5.666666666666666,0.008921070795401706,50.0,7.157894736842105
3.3333333333333335e-05,5.666666666666666,0.008921084237719035,44.55555555555556,7.157894736842105
2.6666666666666667e-05,5.666666666666666,0.008921085750949631,22.77777777777778,7.157894736842105
3.9999999999999996e-05,6.111111111111111,0.0089210889385194,11.88888888888889,8.578947368421051
5e-05,6.555555555555555,0.008921107231133433,28.22222222222222,8.105263157894736
3.3333333333333335e-05,5.666666666666666,0.008921124350402636,39.111111111111114,7.157894736842105
3.3333333333333335e-05,5.666666666666666,0.008921235080356315,33.66666666666667,7.157894736842105
3e-05,4.777777777777778,0.008921299776753992,1.0,8.105263157894736
3e-05,5.666666666666666,0.00892133030266129,50.0,9.052631578947368
3e-05,5.666666666666666,0.008921348810425339,44.55555555555556,9.052631578947368
3e-05,5.666666666666666,0.008921415442991321,39.111111111111114,9.052631578947368
3.3333333333333335e-05,5.666666666666666,0.008921494547358175,28.22222222222222,7.157894736842105
3e-05,5.666666666666666,0.008921656088303762,33.66666666666667,9.052631578947368
3.3333333333333335e-05,5.666666666666666,0.008921845307388529,22.77777777777778,7.157894736842105
4.666666666666667e-05,6.111111111111111,0.0089218500819201,6.444444444444445,7.63157894736842
5e-05,5.666666666666666,0.008922361168797781,1.0,9.526315789473683
3e-05,5.666666666666666,0.008922532516598827,28.22222222222222,9.052631578947368
2e-05,4.777777777777778,0.008922605608769563,6.444444444444445,8.578947368421051
3.666666666666667e-05,5.222222222222222,0.00892325765782905,6.444444444444445,8.105263157894736
5e-05,6.555555555555555,0.008923550828032431,22.77777777777778,8.105263157894736
4.3333333333333334e-05,5.222222222222222,0.00892393895466062,1.0,9.052631578947368
3.666666666666667e-05,6.111111111111111,0.008924149605239337,50.0,8.105263157894736
3.666666666666667e-05,6.111111111111111,0.008924164750531996,44.55555555555556,8.105263157894736
3.666666666666667e-05,6.111111111111111,0.008924219377634796,39.111111111111114,8.105263157894736
3.666666666666667e-05,6.111111111111111,0.008924417125242862,33.66666666666667,8.105263157894736
4.3333333333333334e-05,5.222222222222222,0.008924493949018567,6.444444444444445,9.526315789473683
3.666666666666667e-05,6.111111111111111,0.008925140616145143,28.22222222222222,8.105263157894736
2.3333333333333336e-05,5.222222222222222,0.008925193842836025,17.333333333333336,9.052631578947368
4.666666666666667e-05,6.555555555555555,0.008925730657369572,17.333333333333336,7.63157894736842
4.3333333333333334e-05,6.111111111111111,0.008925762278887913,1.0,7.157894736842105
3e-05,5.666666666666666,0.00892577790260175,22.77777777777778,9.052631578947368
3.666666666666667e-05,6.111111111111111,0.008927847094643473,22.77777777777778,8.105263157894736
3.9999999999999996e-05,6.111111111111111,0.008928398593478121,50.0,9.052631578947368
3.9999999999999996e-05,6.111111111111111,0.008928418889285056,44.55555555555556,9.052631578947368
3.9999999999999996e-05,6.111111111111111,0.00892848950356329,39.111111111111114,9.052631578947368
3.9999999999999996e-05,6.111111111111111,0.00892873552994598,33.66666666666667,9.052631578947368
3.9999999999999996e-05,6.111111111111111,0.008929598917302573,28.22222222222222,9.052631578947368
3.3333333333333335e-05,5.666666666666666,0.0089297815828757,1.0,7.157894736842105
2.3333333333333336e-05,5.222222222222222,0.008930088614372075,11.88888888888889,8.578947368421051
2.6666666666666667e-05,5.666666666666666,0.008930559627682291,17.333333333333336,7.157894736842105
4.3333333333333334e-05,5.666666666666666,0.008930716171965175,1.0,9.052631578947368
4.3333333333333334e-05,6.555555555555555,0.008931053381439272,50.0,7.157894736842105
4.3333333333333334e-05,6.555555555555555,0.008931063506665884,44.55555555555556,7.157894736842105
4.3333333333333334e-05,6.555555555555555,0.008931100424039367,39.111111111111114,7.157894736842105
3.9999999999999996e-05,5.666666666666666,0.00893120900864093,1.0,8.578947368421051
4.3333333333333334e-05,6.555555555555555,0.008931235990780769,33.66666666666667,7.157894736842105
4.3333333333333334e-05,5.222222222222222,0.008931491441115871,50.0,9.526315789473683
4.3333333333333334e-05,5.222222222222222,0.008931653650142497,44.55555555555556,9.526315789473683
4.3333333333333334e-05,6.555555555555555,0.008931743056882097,28.22222222222222,7.157894736842105
4.3333333333333334e-05,5.222222222222222,0.008932084590593543,39.111111111111114,9.526315789473683
3e-05,5.666666666666666,0.008932118305683124,11.88888888888889,8.578947368421051
2.6666666666666667e-05,5.222222222222222,0.008932338954646063,17.333333333333336,7.63157894736842
4.3333333333333334e-05,5.666666666666666,0.008932550629302895,50.0,8.105263157894736
2.3333333333333336e-05,5.222222222222222,0.008932558892924672,11.88888888888889,7.63157894736842
4.3333333333333334e-05,5.666666666666666,0.008932608384569935,44.55555555555556,8.105263157894736
3.9999999999999996e-05,6.111111111111111,0.008932683860426385,22.77777777777778,9.052631578947368
4.3333333333333334e-05,5.666666666666666,0.008932773890961707,39.111111111111114,8.105263157894736
5e-05,6.555555555555555,0.008932824741915452,17.333333333333336,8.105263157894736
4.3333333333333334e-05,5.222222222222222,0.008933201724850511,33.66666666666667,9.526315789473683
4.3333333333333334e-05,5.666666666666666,0.008933232326626036,33.66666666666667,8.105263157894736
4.3333333333333334e-05,6.555555555555555,0.008933712743712376,22.77777777777778,7.157894736842105
4.3333333333333334e-05,5.666666666666666,0.00893443034468151,28.22222222222222,8.105263157894736
3e-05,4.333333333333333,0.008934470098738254,1.0,9.526315789473683
2.6666666666666667e-05,5.222222222222222,0.008934884024072987,50.0,7.63157894736842
2.6666666666666667e-05,5.222222222222222,0.008934895104762901,44.55555555555556,7.63157894736842
2.6666666666666667e-05,5.222222222222222,0.008934926901771995,39.111111111111114,7.63157894736842
2.6666666666666667e-05,5.222222222222222,0.008935007920852195,33.66666666666667,7.63157894736842
2.6666666666666667e-05,5.222222222222222,0.008935095036490917,22.77777777777778,7.63157894736842
2.6666666666666667e-05,5.222222222222222,0.008935158470438867,28.22222222222222,7.63157894736842
3.666666666666667e-05,4.777777777777778,0.008935494903821405,1.0,9.052631578947368
4.3333333333333334e-05,5.222222222222222,0.008935963021634897,28.22222222222222,9.526315789473683
2.6666666666666667e-05,5.222222222222222,0.008936115404222738,1.0,7.157894736842105
4.3333333333333334e-05,5.666666666666666,0.008937221509642818,22.77777777777778,8.105263157894736
2.6666666666666667e-05,4.777777777777778,0.008937508496808124,11.88888888888889,8.578947368421051
2.3333333333333336e-05,4.777777777777778,0.008937705438905486,11.88888888888889,8.578947368421051
3e-05,5.666666666666666,0.008938096196855488,17.333333333333336,9.052631578947368
3.666666666666667e-05,6.111111111111111,0.008938332592032135,17.333333333333336,8.105263157894736
3.666666666666667e-05,6.111111111111111,0.00894028507077567,6.444444444444445,6.684210526315789
4.666666666666667e-05,6.111111111111111,0.00894047098041716,1.0,7.63157894736842
4.3333333333333334e-05,5.666666666666666,0.00894149303891375,11.88888888888889,8.105263157894736
4.3333333333333334e-05,6.555555555555555,0.008941790448450717,17.333333333333336,7.157894736842105
4.3333333333333334e-05,5.666666666666666,0.008941990551439096,17.333333333333336,8.105263157894736
4.3333333333333334e-05,5.222222222222222,0.00894219980694987,22.77777777777778,9.526315789473683
3.9999999999999996e-05,6.111111111111111,0.008944092605196815,17.333333333333336,9.052631578947368
3.9999999999999996e-05,5.666666666666666,0.008945297117731194,11.88888888888889,7.63157894736842
3.3333333333333335e-05,6.111111111111111,0.008945814234811653,50.0,7.157894736842105
3.3333333333333335e-05,6.111111111111111,0.00894582437022284,44.55555555555556,7.157894736842105
3.3333333333333335e-05,6.111111111111111,0.008945862305483313,39.111111111111114,7.157894736842105
3.3333333333333335e-05,6.111111111111111,0.008946005359142925,33.66666666666667,7.157894736842105
3.9999999999999996e-05,5.666666666666666,0.008946421870238655,50.0,7.63157894736842
2.6666666666666667e-05,5.222222222222222,0.008946429732054308,6.444444444444445,9.526315789473683
3.9999999999999996e-05,5.666666666666666,0.008946459490393438,44.55555555555556,7.63157894736842
3.3333333333333335e-05,6.111111111111111,0.008946553779533873,28.22222222222222,7.157894736842105
3.9999999999999996e-05,5.666666666666666,0.008946569109208921,39.111111111111114,7.63157894736842
2.3333333333333336e-05,5.222222222222222,0.008946610382671347,50.0,9.526315789473683
2.3333333333333336e-05,5.222222222222222,0.00894662827900273,44.55555555555556,9.526315789473683
2.3333333333333336e-05,5.222222222222222,0.008946693643696513,39.111111111111114,9.526315789473683
3.9999999999999996e-05,5.666666666666666,0.008946875052543999,33.66666666666667,7.63157894736842
2.3333333333333336e-05,5.222222222222222,0.008946933282333388,33.66666666666667,9.526315789473683
3.9999999999999996e-05,5.666666666666666,0.008947665341967111,28.22222222222222,7.63157894736842
2.6666666666666667e-05,4.333333333333333,0.008947689553025781,1.0,9.052631578947368
2.3333333333333336e-05,5.222222222222222,0.008947820599336012,28.22222222222222,9.526315789473683
3.9999999999999996e-05,4.777777777777778,0.00894826889692531,1.0,10.0
3.9999999999999996e-05,5.222222222222222,0.008948545341170996,6.444444444444445,8.578947368421051
3.3333333333333335e-05,6.111111111111111,0.008948721353859638,22.77777777777778,7.157894736842105
3.9999999999999996e-05,5.666666666666666,0.008949393620591656,22.77777777777778,7.63157894736842
5e-05,6.111111111111111,0.00894999801622895,6.444444444444445,8.105263157894736
2.3333333333333336e-05,5.222222222222222,0.008951162838100171,22.77777777777778,9.526315789473683
3.9999999999999996e-05,5.666666666666666,0.008951544305779774,17.333333333333336,7.63157894736842
2.3333333333333336e-05,4.777777777777778,0.008951815571668093,1.0,9.052631578947368
2.3333333333333336e-05,5.222222222222222,0.008951950105068602,17.333333333333336,7.63157894736842
2e-05,4.333333333333333,0.0089534156308198,1.0,9.052631578947368
4.3333333333333334e-05,5.222222222222222,0.008953461585103701,17.333333333333336,9.526315789473683
4.3333333333333334e-05,6.111111111111111,0.008953533349694346,6.444444444444445,7.157894736842105
3.3333333333333335e-05,5.222222222222222,0.008953615443673837,1.0,10.0
4.666666666666667e-05,6.111111111111111,0.008953655519827455,11.88888888888889,10.0
4.666666666666667e-05,5.666666666666666,0.008953969542891427,1.0,9.526315789473683
3e-05,5.222222222222222,0.008955005754456244,11.88888888888889,7.63157894736842
3.3333333333333335e-05,4.777777777777778,0.00895508363682435,50.0,9.052631578947368
4.3333333333333334e-05,6.111111111111111,0.008955100145302186,50.0,10.0
4.3333333333333334e-05,6.111111111111111,0.008955127916818406,44.55555555555556,10.0
3.3333333333333335e-05,4.777777777777778,0.008955212094559442,44.55555555555556,9.052631578947368
4.3333333333333334e-05,6.111111111111111,0.008955221459585435,39.111111111111114,10.0
2.6666666666666667e-05,4.777777777777778,0.008955292569664167,50.0,8.578947368421051
2.3333333333333336e-05,5.222222222222222,0.008955318308916113,22.77777777777778,7.63157894736842
2.6666666666666667e-05,4.777777777777778,0.008955329935013398,44.55555555555556,8.578947368421051
2.6666666666666667e-05,4.777777777777778,0.008955434559866512,39.111111111111114,8.578947368421051
4.3333333333333334e-05,6.111111111111111,0.008955536706530123,33.66666666666667,10.0
3.3333333333333335e-05,4.777777777777778,0.008955554020956377,39.111111111111114,9.052631578947368
2.3333333333333336e-05,5.222222222222222,0.008955653643862235,50.0,7.63157894736842
2.3333333333333336e-05,5.222222222222222,0.008955658397523223,44.55555555555556,7.63157894736842
2.3333333333333336e-05,5.222222222222222,0.008955671466757279,39.111111111111114,7.63157894736842
2.3333333333333336e-05,5.222222222222222,0.008955699413456433,33.66666666666667,7.63157894736842
2.3333333333333336e-05,5.222222222222222,0.008955709753730107,28.22222222222222,7.63157894736842
2.6666666666666667e-05,4.777777777777778,0.00895570978180997,33.66666666666667,8.578947368421051
3.666666666666667e-05,4.777777777777778,0.008955868063402822,6.444444444444445,9.526315789473683
2.6666666666666667e-05,4.777777777777778,0.008956346926782002,28.22222222222222,8.578947368421051
2.6666666666666667e-05,4.777777777777778,0.008956412097698627,17.333333333333336,8.578947368421051
3.3333333333333335e-05,4.777777777777778,0.008956434528273379,33.66666666666667,9.052631578947368
4.3333333333333334e-05,6.111111111111111,0.008956604905411369,28.22222222222222,10.0
2.6666666666666667e-05,4.777777777777778,0.00895737240045168,22.77777777777778,8.578947368421051
3.666666666666667e-05,5.666666666666666,0.00895761587728006,1.0,8.105263157894736
3.3333333333333335e-05,6.111111111111111,0.00895765692469648,17.333333333333336,7.157894736842105
3.666666666666667e-05,6.111111111111111,0.008957689281446574,6.444444444444445,7.157894736842105
3e-05,5.666666666666666,0.008957748096206955,6.444444444444445,7.63157894736842
5e-05,5.666666666666666,0.008958096721079759,6.444444444444445,9.526315789473683
3.3333333333333335e-05,4.777777777777778,0.008958567432009424,28.22222222222222,9.052631578947368
4.666666666666667e-05,5.666666666666666,0.008958603648845782,6.444444444444445,8.578947368421051
3.666666666666667e-05,5.666666666666666,0.008959736300364288,6.444444444444445,7.157894736842105
4.3333333333333334e-05,6.111111111111111,0.008959976241376974,11.88888888888889,9.526315789473683
4.3333333333333334e-05,6.111111111111111,0.008960279874532028,22.77777777777778,10.0
4.3333333333333334e-05,5.222222222222222,0.008961911879310225,11.88888888888889,9.526315789473683
5e-05,5.666666666666666,0.008962009419567018,50.0,9.526315789473683
5e-05,5.666666666666666,0.008962121043646621,44.55555555555556,9.526315789473683
5e-05,5.666666666666666,0.008962427247785041,39.111111111111114,9.526315789473683
4.666666666666667e-05,6.555555555555555,0.008962510302206083,11.88888888888889,7.63157894736842
2.3333333333333336e-05,4.777777777777778,0.008962644531156949,17.333333333333336,8.578947368421051
3.3333333333333335e-05,4.777777777777778,0.008963124533632672,22.77777777777778,9.052631578947368
5e-05,5.666666666666666,0.00896324565498403,33.66666666666667,9.526315789473683
2e-05,4.777777777777778,0.008963946762516897,6.444444444444445,9.052631578947368
2.3333333333333336e-05,5.222222222222222,0.008964027726981919,17.333333333333336,9.526315789473683
3.666666666666667e-05,5.666666666666666,0.008965239174602114,6.444444444444445,10.0
5e-05,5.666666666666666,0.008965334788403802,28.22222222222222,9.526315789473683
4.666666666666667e-05,6.111111111111111,0.00896589565941174,11.88888888888889,7.63157894736842
3.3333333333333335e-05,4.777777777777778,0.008965960315433247,11.88888888888889,9.052631578947368
4.3333333333333334e-05,5.666666666666666,0.008966078320383503,1.0,7.63157894736842
2.3333333333333336e-05,4.777777777777778,0.008966270297409849,50.0,8.578947368421051
2.3333333333333336e-05,4.777777777777778,0.008966285736957902,44.55555555555556,8.578947368421051
2.3333333333333336e-05,4.777777777777778,0.008966328398707129,39.111111111111114,8.578947368421051
2.3333333333333336e-05,4.777777777777778,0.0089664322957557,33.66666666666667,8.578947368421051
2.3333333333333336e-05,4.777777777777778,0.008966451000644826,22.77777777777778,8.578947368421051
2.3333333333333336e-05,4.777777777777778,0.008966609792276956,28.22222222222222,8.578947368421051
5e-05,5.666666666666666,0.008966792917723653,1.0,9.052631578947368
4.666666666666667e-05,6.111111111111111,0.008966998908391973,50.0,7.63157894736842
4.666666666666667e-05,6.111111111111111,0.008967026031829,44.55555555555556,7.63157894736842
4.666666666666667e-05,5.222222222222222,0.008967029414713812,1.0,10.0
4.666666666666667e-05,6.111111111111111,0.008967106943669007,39.111111111111114,7.63157894736842
4.666666666666667e-05,6.111111111111111,0.008967337610644546,33.66666666666667,7.63157894736842
4.666666666666667e-05,6.111111111111111,0.008967944262754263,28.22222222222222,7.63157894736842
3e-05,5.666666666666666,0.00896796069031803,50.0,9.526315789473683
3e-05,5.666666666666666,0.008967979492500505,44.55555555555556,9.526315789473683
3e-05,5.666666666666666,0.008968047340834775,39.111111111111114,9.526315789473683
3e-05,5.666666666666666,0.008968292887393151,33.66666666666667,9.526315789473683
4.3333333333333334e-05,6.111111111111111,0.008968837612928566,6.444444444444445,8.578947368421051
3e-05,5.666666666666666,0.008969188408709503,28.22222222222222,9.526315789473683
4.666666666666667e-05,6.111111111111111,0.00896928805906053,22.77777777777778,7.63157894736842
5e-05,6.555555555555555,0.00896964506872416,11.88888888888889,8.105263157894736
4.666666666666667e-05,6.111111111111111,0.008969903060894752,6.444444444444445,9.052631578947368
3.3333333333333335e-05,4.777777777777778,0.008969904429195832,17.333333333333336,9.052631578947368
2.6666666666666667e-05,5.666666666666666,0.008969928035639618,11.88888888888889,7.157894736842105
5e-05,5.666666666666666,0.008970219391381557,22.77777777777778,9.526315789473683
3e-05,5.222222222222222,0.008970611793586259,1.0,7.157894736842105
3.3333333333333335e-05,5.222222222222222,0.008970670787510187,6.444444444444445,7.63157894736842
4.666666666666667e-05,6.111111111111111,0.008970949380306608,17.333333333333336,7.63157894736842
2.3333333333333336e-05,4.333333333333333,0.008971145022814892,11.88888888888889,10.0
3e-05,5.222222222222222,0.00897170689917012,17.333333333333336,7.63157894736842
3e-05,5.222222222222222,0.00897176447442304,50.0,7.63157894736842
3e-05,5.222222222222222,0.008971787327468344,44.55555555555556,7.63157894736842
3e-05,5.222222222222222,0.008971853088280898,39.111111111111114,7.63157894736842
3e-05,5.222222222222222,0.0089720292459886,33.66666666666667,7.63157894736842
3.9999999999999996e-05,6.555555555555555,0.008972297611093957,50.0,6.684210526315789
3.9999999999999996e-05,6.555555555555555,0.008972304834807284,44.55555555555556,6.684210526315789
3.9999999999999996e-05,6.555555555555555,0.00897233212605927,39.111111111111114,6.684210526315789
3e-05,5.222222222222222,0.008972435491012934,28.22222222222222,7.63157894736842
3.9999999999999996e-05,6.555555555555555,0.008972436405817555,33.66666666666667,6.684210526315789
3e-05,5.666666666666666,0.008972504420260836,22.77777777777778,9.526315789473683
3.9999999999999996e-05,6.555555555555555,0.00897284446307326,28.22222222222222,6.684210526315789
3e-05,5.222222222222222,0.00897301895914808,22.77777777777778,7.63157894736842
5e-05,6.111111111111111,0.00897322055576522,1.0,8.105263157894736
4.3333333333333334e-05,6.111111111111111,0.008973254416783646,17.333333333333336,10.0
3.9999999999999996e-05,6.111111111111111,0.008973969971456924,1.0,6.684210526315789
2.3333333333333336e-05,5.222222222222222,0.00897401386751281,11.88888888888889,9.052631578947368
2.6666666666666667e-05,5.222222222222222,0.008974296286354894,1.0,7.63157894736842
3.9999999999999996e-05,6.555555555555555,0.008974508684458635,22.77777777777778,6.684210526315789
3.666666666666667e-05,5.222222222222222,0.008974818696090195,1.0,7.63157894736842
2.3333333333333336e-05,4.333333333333333,0.008974977769883449,6.444444444444445,9.526315789473683
4.3333333333333334e-05,6.555555555555555,0.008976288761014481,11.88888888888889,7.157894736842105
3.9999999999999996e-05,5.222222222222222,0.008976870472762868,1.0,8.105263157894736
3e-05,5.222222222222222,0.008977102102456253,1.0,9.052631578947368
3.3333333333333335e-05,5.666666666666666,0.008978738039139369,6.444444444444445,9.052631578947368
5e-05,5.666666666666666,0.008979558324671904,17.333333333333336,9.526315789473683
3.666666666666667e-05,6.111111111111111,0.00897975753309739,11.88888888888889,8.105263157894736
3.666666666666667e-05,5.222222222222222,0.008980278768170879,50.0,8.105263157894736
3.666666666666667e-05,5.222222222222222,0.008980350339584836,44.55555555555556,8.105263157894736
3.666666666666667e-05,5.222222222222222,0.008980549501044233,39.111111111111114,8.105263157894736
3.666666666666667e-05,5.222222222222222,0.008981083324590928,33.66666666666667,8.105263157894736
4.666666666666667e-05,5.666666666666666,0.008981114901100432,50.0,8.578947368421051
4.666666666666667e-05,5.666666666666666,0.008981196482616577,44.55555555555556,8.578947368421051
2.3333333333333336e-05,5.222222222222222,0.008981363195734175,50.0,10.0
2.3333333333333336e-05,5.222222222222222,0.008981381400576732,44.55555555555556,10.0
4.666666666666667e-05,5.666666666666666,0.008981424665913423,39.111111111111114,8.578947368421051
2.3333333333333336e-05,5.222222222222222,0.008981447976285759,39.111111111111114,10.0
3.9999999999999996e-05,6.555555555555555,0.008981657050248757,17.333333333333336,6.684210526315789
2.3333333333333336e-05,5.222222222222222,0.00898169239158764,33.66666666666667,10.0
2.6666666666666667e-05,5.666666666666666,0.008981836975862556,50.0,7.63157894736842
2.6666666666666667e-05,5.666666666666666,0.008981848272098084,44.55555555555556,7.63157894736842
2.6666666666666667e-05,5.666666666666666,0.008981890803053904,39.111111111111114,7.63157894736842
4.666666666666667e-05,5.666666666666666,0.008982043802645162,33.66666666666667,8.578947368421051
2.6666666666666667e-05,5.666666666666666,0.008982052057617453,33.66666666666667,7.63157894736842
2.3333333333333336e-05,5.222222222222222,0.008982298791764301,6.444444444444445,7.63157894736842
3.666666666666667e-05,5.222222222222222,0.008982420358615267,28.22222222222222,8.105263157894736
2.3333333333333336e-05,5.222222222222222,0.008982598144005866,28.22222222222222,10.0
2.6666666666666667e-05,5.666666666666666,0.008982672379454729,28.22222222222222,7.63157894736842
4.666666666666667e-05,5.666666666666666,0.008983637748952097,28.22222222222222,8.578947368421051
3.9999999999999996e-05,5.222222222222222,0.008983639756447998,50.0,8.578947368421051
3.9999999999999996e-05,5.222222222222222,0.008983750586881034,44.55555555555556,8.578947368421051
3.666666666666667e-05,5.222222222222222,0.00898388028532392,11.88888888888889,8.105263157894736
3.9999999999999996e-05,5.222222222222222,0.008984051343768016,39.111111111111114,8.578947368421051
5e-05,6.111111111111111,0.008984637702963445,50.0,8.105263157894736
5e-05,6.111111111111111,0.008984676562620697,44.55555555555556,8.105263157894736
5e-05,6.111111111111111,0.008984790922275157,39.111111111111114,8.105263157894736
3.9999999999999996e-05,5.222222222222222,0.00898484256713157,33.66666666666667,8.578947368421051
3e-05,5.666666666666666,0.008985054124389213,11.88888888888889,9.052631578947368
3e-05,5.666666666666666,0.008985062653667608,17.333333333333336,9.526315789473683
5e-05,6.111111111111111,0.008985115123558577,33.66666666666667,8.105263157894736
2.6666666666666667e-05,5.666666666666666,0.008985119880617166,22.77777777777778,7.63157894736842
3.666666666666667e-05,5.222222222222222,0.00898532706299383,22.77777777777778,8.105263157894736
5e-05,6.111111111111111,0.008985976737721094,28.22222222222222,8.105263157894736
2.3333333333333336e-05,5.222222222222222,0.00898600914456298,22.77777777777778,10.0
3.666666666666667e-05,6.111111111111111,0.008986258753601447,11.88888888888889,6.684210526315789
3.9999999999999996e-05,5.222222222222222,0.008986811330644273,28.22222222222222,8.578947368421051
4.666666666666667e-05,5.666666666666666,0.008987349105790646,22.77777777777778,8.578947368421051
3.9999999999999996e-05,6.111111111111111,0.008987710468292266,50.0,9.526315789473683
5e-05,5.666666666666666,0.008987725001804971,11.88888888888889,9.526315789473683
3.9999999999999996e-05,6.111111111111111,0.00898773101030964,44.55555555555556,9.526315789473683
3.9999999999999996e-05,6.111111111111111,0.008987802679416521,39.111111111111114,9.526315789473683
3.9999999999999996e-05,6.111111111111111,0.008987815352754438,11.88888888888889,9.052631578947368
5e-05,6.111111111111111,0.008987996256647451,22.77777777777778,8.105263157894736
2.6666666666666667e-05,5.222222222222222,0.0089880251371277,6.444444444444445,10.0
3.9999999999999996e-05,6.111111111111111,0.008988053040261448,33.66666666666667,9.526315789473683
3.9999999999999996e-05,6.111111111111111,0.008988933344233428,28.22222222222222,9.526315789473683
3.666666666666667e-05,5.222222222222222,0.008989423079456965,17.333333333333336,8.105263157894736
5e-05,6.111111111111111,0.008989699150806418,11.88888888888889,8.105263157894736
4.666666666666667e-05,6.555555555555555,0.008989913597828622,6.444444444444445,7.157894736842105
3.666666666666667e-05,6.111111111111111,0.00899074403291562,50.0,8.578947368421051
3.666666666666667e-05,6.111111111111111,0.008990759625154002,44.55555555555556,8.578947368421051
3.666666666666667e-05,6.111111111111111,0.008990816062928397,39.111111111111114,8.578947368421051
3.666666666666667e-05,6.111111111111111,0.008991020980867587,33.66666666666667,8.578947368421051
3.666666666666667e-05,4.777777777777778,0.008991064445592278,50.0,9.526315789473683
3.9999999999999996e-05,5.222222222222222,0.008991188271268468,22.77777777777778,8.578947368421051
3.666666666666667e-05,4.777777777777778,0.008991265291603526,44.55555555555556,9.526315789473683
5e-05,6.111111111111111,0.008991341452834228,17.333333333333336,8.105263157894736
5e-05,6.111111111111111,0.008991767340925013,6.444444444444445,9.526315789473683
3.666666666666667e-05,6.111111111111111,0.008991771941538476,28.22222222222222,8.578947368421051
3.666666666666667e-05,4.777777777777778,0.008991783097207112,39.111111111111114,9.526315789473683
3.9999999999999996e-05,6.111111111111111,0.008992079361517052,22.77777777777778,9.526315789473683
2.6666666666666667e-05,4.333333333333333,0.008992600677112642,11.88888888888889,10.0
3.9999999999999996e-05,6.111111111111111,0.008992786427035531,6.444444444444445,8.105263157894736
4.3333333333333334e-05,6.555555555555555,0.008992802732301037,6.444444444444445,6.684210526315789
3.666666666666667e-05,4.777777777777778,0.008993078581789948,33.66666666666667,9.526315789473683
5e-05,5.666666666666666,0.00899350032287389,1.0,10.0
4.666666666666667e-05,5.666666666666666,0.008994051532685421,17.333333333333336,8.578947368421051
2.3333333333333336e-05,4.333333333333333,0.008994400285002915,50.0,10.0
2.3333333333333336e-05,4.333333333333333,0.008994452966315142,44.55555555555556,10.0
3.666666666666667e-05,6.111111111111111,0.008994578193606209,22.77777777777778,8.578947368421051
2.3333333333333336e-05,4.333333333333333,0.008994595060508353,39.111111111111114,10.0
3.3333333333333335e-05,6.111111111111111,0.008994674083202536,11.88888888888889,7.157894736842105
2.3333333333333336e-05,4.333333333333333,0.008994954314353362,33.66666666666667,10.0
2.3333333333333336e-05,4.777777777777778,0.008995088420845804,1.0,9.526315789473683
2.6666666666666667e-05,5.666666666666666,0.008995092901818519,17.333333333333336,7.63157894736842
2.3333333333333336e-05,4.333333333333333,0.00899517387945654,17.333333333333336,10.0
3.3333333333333335e-05,4.333333333333333,0.008995281216346934,1.0,10.0
2.3333333333333336e-05,4.333333333333333,0.008995747836975793,28.22222222222222,10.0
3.666666666666667e-05,4.777777777777778,0.008996167458641952,28.22222222222222,9.526315789473683
3.9999999999999996e-05,5.666666666666666,0.008996558311892468,1.0,7.157894736842105
3e-05,4.333333333333333,0.008996621620016434,6.444444444444445,10.0
3.666666666666667e-05,6.111111111111111,0.008996851877753667,17.333333333333336,6.684210526315789
2.3333333333333336e-05,4.333333333333333,0.008996902395511975,22.77777777777778,10.0
4.666666666666667e-05,5.666666666666666,0.008997233835937396,11.88888888888889,8.578947368421051
3.666666666666667e-05,6.111111111111111,0.008997789731713996,50.0,6.684210526315789
3.666666666666667e-05,6.111111111111111,0.008997796940003962,44.55555555555556,6.684210526315789
3.666666666666667e-05,6.111111111111111,0.00899781889708838,39.111111111111114,6.684210526315789
3.666666666666667e-05,6.111111111111111,0.00899787963702382,33.66666666666667,6.684210526315789
3.666666666666667e-05,6.111111111111111,0.008998014610286917,28.22222222222222,6.684210526315789
3.666666666666667e-05,6.111111111111111,0.008998120676896908,22.77777777777778,6.684210526315789
3e-05,4.777777777777778,0.00899825605632415,11.88888888888889,8.578947368421051
3.9999999999999996e-05,5.222222222222222,0.008998448996769607,17.333333333333336,8.578947368421051
4.3333333333333334e-05,5.666666666666666,0.008999007414566084,1.0,9.526315789473683
2.3333333333333336e-05,5.222222222222222,0.008999101231767174,17.333333333333336,10.0
3.9999999999999996e-05,5.222222222222222,0.008999286888379407,11.88888888888889,8.578947368421051
2.6666666666666667e-05,4.333333333333333,0.008999302938635798,50.0,10.0
2.6666666666666667e-05,4.333333333333333,0.008999417630790107,44.55555555555556,10.0
4.666666666666667e-05,5.666666666666666,0.008999663759888709,1.0,8.105263157894736
2.6666666666666667e-05,4.333333333333333,0.008999719132230553,39.111111111111114,10.0
2.6666666666666667e-05,4.333333333333333,0.009000479190133978,33.66666666666667,10.0
2e-05,4.777777777777778,0.009001221931150216,6.444444444444445,9.526315789473683
3.9999999999999996e-05,5.666666666666666,0.009001510434830388,1.0,9.052631578947368
4.3333333333333334e-05,6.111111111111111,0.009002186464564488,11.88888888888889,7.157894736842105
2.6666666666666667e-05,4.333333333333333,0.009002246096887902,28.22222222222222,10.0
4.3333333333333334e-05,6.555555555555555,0.009002376956440886,11.88888888888889,6.684210526315789
3.666666666666667e-05,4.777777777777778,0.009002774599824815,22.77777777777778,9.526315789473683
4.666666666666667e-05,6.555555555555555,0.00900365516608922,50.0,8.105263157894736
4.666666666666667e-05,6.555555555555555,0.009003669284500368,44.55555555555556,8.105263157894736
3.9999999999999996e-05,6.111111111111111,0.009003681262383665,17.333333333333336,9.526315789473683
4.666666666666667e-05,6.555555555555555,0.009003719383519987,39.111111111111114,8.105263157894736
4.666666666666667e-05,6.555555555555555,0.009003897791148435,33.66666666666667,8.105263157894736
4.666666666666667e-05,6.555555555555555,0.009004541588647696,28.22222222222222,8.105263157894736
2e-05,4.777777777777778,0.009004764118162627,11.88888888888889,8.578947368421051
5e-05,6.555555555555555,0.009005295452081674,6.444444444444445,7.63157894736842
3.666666666666667e-05,6.111111111111111,0.00900539196980952,17.333333333333336,8.578947368421051
2.6666666666666667e-05,4.333333333333333,0.009005637753285287,22.77777777777778,10.0
3e-05,4.777777777777778,0.009005798635194642,50.0,8.578947368421051
3e-05,4.777777777777778,0.009005870929909477,44.55555555555556,8.578947368421051
3e-05,4.777777777777778,0.009006068161314352,39.111111111111114,8.578947368421051
2.6666666666666667e-05,4.333333333333333,0.009006220929238945,6.444444444444445,9.526315789473683
3.3333333333333335e-05,5.666666666666666,0.009006359382004475,1.0,6.684210526315789
3e-05,4.777777777777778,0.00900658251647359,33.66666666666667,8.578947368421051
4.666666666666667e-05,6.555555555555555,0.009006937667391255,22.77777777777778,8.105263157894736
5e-05,6.555555555555555,0.009007209222330592,50.0,8.578947368421051
5e-05,6.555555555555555,0.009007226578675965,44.55555555555556,8.578947368421051
5e-05,6.555555555555555,0.009007286233361897,39.111111111111114,8.578947368421051
5e-05,6.555555555555555,0.009007491607252647,33.66666666666667,8.578947368421051
3e-05,4.777777777777778,0.009007813099975979,28.22222222222222,8.578947368421051
5e-05,6.555555555555555,0.009008206411517946,28.22222222222222,8.578947368421051
2.6666666666666667e-05,4.333333333333333,0.00900862908932348,17.333333333333336,10.0
3e-05,5.666666666666666,0.009010054434024218,50.0,10.0
3e-05,5.666666666666666,0.00901007345917279,44.55555555555556,10.0
4.3333333333333334e-05,6.555555555555555,0.009010111492998074,17.333333333333336,6.684210526315789
3e-05,5.666666666666666,0.009010142246779967,39.111111111111114,10.0
3e-05,4.777777777777778,0.009010217191762187,22.77777777777778,8.578947368421051
4.3333333333333334e-05,6.111111111111111,0.009010326349728101,50.0,7.157894736842105
4.3333333333333334e-05,6.111111111111111,0.009010344002755785,44.55555555555556,7.157894736842105
2.3333333333333336e-05,4.777777777777778,0.009010367339363168,6.444444444444445,8.105263157894736
3e-05,5.666666666666666,0.009010391649684018,33.66666666666667,10.0
4.3333333333333334e-05,6.111111111111111,0.009010396828857134,39.111111111111114,7.157894736842105
4.3333333333333334e-05,6.111111111111111,0.009010545536668057,33.66666666666667,7.157894736842105
4.3333333333333334e-05,6.555555555555555,0.009010581952720939,50.0,6.684210526315789
4.3333333333333334e-05,6.555555555555555,0.009010587831955671,44.55555555555556,6.684210526315789
4.3333333333333334e-05,6.555555555555555,0.009010606207914138,39.111111111111114,6.684210526315789
4.3333333333333334e-05,6.555555555555555,0.00901065874824484,33.66666666666667,6.684210526315789
5e-05,6.555555555555555,0.009010762801202249,22.77777777777778,8.578947368421051
4.3333333333333334e-05,6.555555555555555,0.00901078277983065,28.22222222222222,6.684210526315789
4.3333333333333334e-05,6.111111111111111,0.00901091803849143,28.22222222222222,7.157894736842105
4.3333333333333334e-05,6.555555555555555,0.009010926905913982,22.77777777777778,6.684210526315789
3e-05,5.666666666666666,0.009011302445655628,28.22222222222222,10.0
4.3333333333333334e-05,6.111111111111111,0.009011575042507363,17.333333333333336,7.157894736842105
4.3333333333333334e-05,6.111111111111111,0.009011612707575412,22.77777777777778,7.157894736842105
3e-05,4.777777777777778,0.009012134023499934,17.333333333333336,8.578947368421051
3.9999999999999996e-05,6.555555555555555,0.0090129736177571,11.88888888888889,6.684210526315789
3.3333333333333335e-05,5.666666666666666,0.009012991852288318,1.0,7.63157894736842
3.666666666666667e-05,4.777777777777778,0.009013359098279963,17.333333333333336,9.526315789473683
2.3333333333333336e-05,5.222222222222222,0.009013585357967549,11.88888888888889,9.526315789473683
2.6666666666666667e-05,4.777777777777778,0.009013983194437697,6.444444444444445,8.105263157894736
3e-05,5.666666666666666,0.009014677288089221,22.77777777777778,10.0
3.666666666666667e-05,4.777777777777778,0.009015164907686233,11.88888888888889,9.526315789473683
2e-05,4.333333333333333,0.009016302633659138,6.444444444444445,9.526315789473683
4.666666666666667e-05,6.555555555555555,0.009016341449163074,17.333333333333336,8.105263157894736
4.3333333333333334e-05,6.111111111111111,0.009019309091744193,11.88888888888889,10.0
3e-05,5.666666666666666,0.00902022310455278,1.0,6.684210526315789
4.666666666666667e-05,5.666666666666666,0.009020332364493799,1.0,10.0
5e-05,6.555555555555555,0.009020374480728089,17.333333333333336,8.578947368421051
3.3333333333333335e-05,6.111111111111111,0.009021424233960245,50.0,7.63157894736842
3.3333333333333335e-05,6.111111111111111,0.009021435053384153,44.55555555555556,7.63157894736842
3.3333333333333335e-05,6.111111111111111,0.009021475701234821,39.111111111111114,7.63157894736842
3.3333333333333335e-05,6.111111111111111,0.009021629304779396,33.66666666666667,7.63157894736842
3.3333333333333335e-05,6.111111111111111,0.009022217611709913,28.22222222222222,7.63157894736842
3.666666666666667e-05,5.666666666666666,0.009023534866660913,11.88888888888889,7.157894736842105
4.3333333333333334e-05,6.555555555555555,0.009024266932632776,50.0,7.63157894736842
4.3333333333333334e-05,6.555555555555555,0.009024277849385967,44.55555555555556,7.63157894736842
4.3333333333333334e-05,6.555555555555555,0.009024317860085973,39.111111111111114,7.63157894736842
4.3333333333333334e-05,6.555555555555555,0.009024465266448312,33.66666666666667,7.63157894736842
3.3333333333333335e-05,6.111111111111111,0.009024529478074597,22.77777777777778,7.63157894736842
4.3333333333333334e-05,6.555555555555555,0.009025016581242787,28.22222222222222,7.63157894736842
3e-05,5.666666666666666,0.009025226132784623,6.444444444444445,8.105263157894736
2e-05,4.333333333333333,0.009025967834633173,11.88888888888889,10.0
4.3333333333333334e-05,6.111111111111111,0.009026293177596081,1.0,7.63157894736842
4.3333333333333334e-05,6.555555555555555,0.009027141996461702,22.77777777777778,7.63157894736842
3e-05,5.666666666666666,0.009027432648013764,17.333333333333336,10.0
3e-05,5.222222222222222,0.009028460906481964,1.0,9.526315789473683
5e-05,6.111111111111111,0.009028828418700185,1.0,7.63157894736842
3.666666666666667e-05,5.666666666666666,0.009030074779674532,1.0,8.578947368421051
2e-05,4.777777777777778,0.009032004247505433,17.333333333333336,8.578947368421051
3.3333333333333335e-05,5.666666666666666,0.009032497386702887,6.444444444444445,9.526315789473683
3e-05,5.666666666666666,0.00903265997197501,11.88888888888889,9.526315789473683
2.6666666666666667e-05,5.666666666666666,0.00903302882614108,6.444444444444445,6.684210526315789
4.3333333333333334e-05,5.222222222222222,0.009033038921649233,6.444444444444445,9.052631578947368
3.3333333333333335e-05,6.111111111111111,0.00903395108414555,17.333333333333336,7.63157894736842
2.3333333333333336e-05,4.777777777777778,0.009034221968304428,1.0,10.0
5e-05,6.555555555555555,0.009034812976788814,6.444444444444445,7.157894736842105
3.3333333333333335e-05,4.777777777777778,0.009034856703840216,6.444444444444445,8.578947368421051
2e-05,4.777777777777778,0.009034942509869099,6.444444444444445,10.0
3.9999999999999996e-05,4.777777777777778,0.009034953957434613,1.0,9.526315789473683
3.666666666666667e-05,5.666666666666666,0.009035320487839796,50.0,7.157894736842105
3.666666666666667e-05,5.666666666666666,0.009035342497862388,44.55555555555556,7.157894736842105
3.666666666666667e-05,5.666666666666666,0.009035406674242399,39.111111111111114,7.157894736842105
3.9999999999999996e-05,6.111111111111111,0.009035574821819822,1.0,7.157894736842105
3.666666666666667e-05,5.666666666666666,0.009035582088517295,33.66666666666667,7.157894736842105
4.3333333333333334e-05,6.555555555555555,0.009035725838809013,17.333333333333336,7.63157894736842
2.6666666666666667e-05,5.666666666666666,0.009035818603084824,11.88888888888889,7.63157894736842
3.666666666666667e-05,5.666666666666666,0.009036003957682826,28.22222222222222,7.157894736842105
3.3333333333333335e-05,6.111111111111111,0.009036037570452331,6.444444444444445,6.684210526315789
3.666666666666667e-05,5.666666666666666,0.00903621026491162,17.333333333333336,7.157894736842105
4.666666666666667e-05,6.111111111111111,0.009036477826517028,1.0,8.105263157894736
3.666666666666667e-05,5.666666666666666,0.009036718162772742,22.77777777777778,7.157894736842105
2e-05,4.777777777777778,0.009037242388043704,22.77777777777778,8.578947368421051
2.3333333333333336e-05,4.777777777777778,0.009037636505506671,1.0,7.63157894736842
3.3333333333333335e-05,4.777777777777778,0.009037730712491462,1.0,8.105263157894736
2e-05,4.777777777777778,0.009038037305596006,28.22222222222222,8.578947368421051
2e-05,4.777777777777778,0.00903808039847567,50.0,8.578947368421051
2e-05,4.777777777777778,0.009038085029349694,44.55555555555556,8.578947368421051
2e-05,4.777777777777778,0.009038095850411812,39.111111111111114,8.578947368421051
2e-05,4.777777777777778,0.00903810872220186,33.66666666666667,8.578947368421051
2.6666666666666667e-05,5.222222222222222,0.009038328422586011,1.0,8.105263157894736
2.6666666666666667e-05,4.777777777777778,0.009038590419020298,1.0,7.63157894736842
2.3333333333333336e-05,5.222222222222222,0.009038634142961188,6.444444444444445,8.105263157894736
4.666666666666667e-05,6.111111111111111,0.009039052610048313,1.0,7.157894736842105
2.6666666666666667e-05,5.666666666666666,0.009039059517016636,50.0,8.105263157894736
2.6666666666666667e-05,5.666666666666666,0.009039071367726534,44.55555555555556,8.105263157894736
2.6666666666666667e-05,5.666666666666666,0.009039116108223024,39.111111111111114,8.105263157894736
2.6666666666666667e-05,5.666666666666666,0.009039286000494026,33.66666666666667,8.105263157894736
4.3333333333333334e-05,5.222222222222222,0.009039376768388393,1.0,8.578947368421051
2.6666666666666667e-05,5.666666666666666,0.009039939473871014,28.22222222222222,8.105263157894736
4.666666666666667e-05,6.111111111111111,0.009040929518140001,6.444444444444445,9.526315789473683
3.9999999999999996e-05,6.111111111111111,0.009041252307483358,50.0,10.0
3.9999999999999996e-05,6.111111111111111,0.009041273009114479,44.55555555555556,10.0
3.9999999999999996e-05,6.111111111111111,0.009041345401659157,39.111111111111114,10.0
3.9999999999999996e-05,6.111111111111111,0.009041598857711294,33.66666666666667,10.0
4.3333333333333334e-05,6.111111111111111,0.009041859104979611,6.444444444444445,9.052631578947368
3.9999999999999996e-05,6.111111111111111,0.009042491594000904,28.22222222222222,10.0
2.6666666666666667e-05,5.666666666666666,0.00904250694452462,22.77777777777778,8.105263157894736
3.666666666666667e-05,6.111111111111111,0.009044416388736005,6.444444444444445,7.63157894736842
3e-05,4.333333333333333,0.00904509299619365,1.0,9.052631578947368
3.9999999999999996e-05,6.111111111111111,0.009045683279681905,22.77777777777778,10.0
3.3333333333333335e-05,5.222222222222222,0.009045986136843367,11.88888888888889,7.63157894736842
3.666666666666667e-05,6.111111111111111,0.0090477048147668,11.88888888888889,8.578947368421051
3.9999999999999996e-05,6.111111111111111,0.00904787501627494,11.88888888888889,9.526315789473683
2.3333333333333336e-05,4.333333333333333,0.00904866758810403,1.0,8.578947368421051
2.3333333333333336e-05,5.222222222222222,0.009049298589705282,11.88888888888889,10.0
3.3333333333333335e-05,5.222222222222222,0.0090503241471282,1.0,7.157894736842105
3.666666666666667e-05,6.111111111111111,0.00905062328734543,50.0,9.052631578947368
3.666666666666667e-05,6.111111111111111,0.009050639201869331,44.55555555555556,9.052631578947368
3.666666666666667e-05,6.111111111111111,0.009050696977109609,39.111111111111114,9.052631578947368
3.666666666666667e-05,6.111111111111111,0.009050907311865341,33.66666666666667,9.052631578947368
4.666666666666667e-05,5.222222222222222,0.009051042200498724,1.0,9.526315789473683
3e-05,5.666666666666666,0.00905167220388289,6.444444444444445,6.684210526315789
3.666666666666667e-05,6.111111111111111,0.009051679460652684,28.22222222222222,9.052631578947368
2.6666666666666667e-05,5.666666666666666,0.009052888562992741,17.333333333333336,8.105263157894736
4.666666666666667e-05,6.555555555555555,0.009054179564635991,11.88888888888889,8.105263157894736
3.666666666666667e-05,6.111111111111111,0.009054564142982727,22.77777777777778,9.052631578947368
3.666666666666667e-05,4.777777777777778,0.009054727629611103,1.0,8.578947368421051
4.3333333333333334e-05,5.222222222222222,0.009057018798432181,50.0,9.052631578947368
3.3333333333333335e-05,5.222222222222222,0.009057146465657426,50.0,7.63157894736842
4.3333333333333334e-05,5.222222222222222,0.009057177049412182,44.55555555555556,9.052631578947368
3.3333333333333335e-05,5.222222222222222,0.00905718714376488,44.55555555555556,7.63157894736842
3.3333333333333335e-05,5.222222222222222,0.00905730158409609,39.111111111111114,7.63157894736842
3.9999999999999996e-05,6.111111111111111,0.009057430364017655,17.333333333333336,10.0
4.3333333333333334e-05,5.222222222222222,0.009057593872571592,39.111111111111114,9.052631578947368
3.3333333333333335e-05,5.222222222222222,0.00905760632325269,33.66666666666667,7.63157894736842
5e-05,6.555555555555555,0.009057909721995813,11.88888888888889,8.578947368421051
3.9999999999999996e-05,6.111111111111111,0.009058218710140464,6.444444444444445,6.684210526315789
3.3333333333333335e-05,5.222222222222222,0.009058335851329041,28.22222222222222,7.63157894736842
4.3333333333333334e-05,5.222222222222222,0.009058661202138168,33.66666666666667,9.052631578947368
2e-05,4.333333333333333,0.009059069431127281,17.333333333333336,10.0
3.3333333333333335e-05,5.222222222222222,0.009059670332807765,22.77777777777778,7.63157894736842
3.3333333333333335e-05,5.222222222222222,0.009059881782835497,17.333333333333336,7.63157894736842
4.3333333333333334e-05,5.666666666666666,0.009060580717056056,1.0,10.0
5e-05,6.111111111111111,0.009060836613553159,6.444444444444445,10.0
4.3333333333333334e-05,5.222222222222222,0.009061265619184824,28.22222222222222,9.052631578947368
5e-05,5.666666666666666,0.009064145796362787,6.444444444444445,9.052631578947368
3.9999999999999996e-05,5.666666666666666,0.009064766383542634,1.0,9.526315789473683
2e-05,4.333333333333333,0.009064797398205732,22.77777777777778,10.0
5e-05,6.111111111111111,0.009064998819164383,1.0,8.578947368421051
2e-05,4.333333333333333,0.00906506307179771,50.0,10.0
2e-05,4.333333333333333,0.009065080870422588,44.55555555555556,10.0
2e-05,4.333333333333333,0.009065127095516424,39.111111111111114,10.0
2e-05,4.333333333333333,0.009065228078679663,33.66666666666667,10.0
2e-05,4.333333333333333,0.009065344104004058,28.22222222222222,10.0
3.666666666666667e-05,6.111111111111111,0.009065640341840158,17.333333333333336,9.052631578947368
2.6666666666666667e-05,5.222222222222222,0.009066386537681515,6.444444444444445,7.157894736842105
4.3333333333333334e-05,5.222222222222222,0.009066978796044785,22.77777777777778,9.052631578947368
3.9999999999999996e-05,6.111111111111111,0.009067964766894454,6.444444444444445,8.578947368421051
3.9999999999999996e-05,6.555555555555555,0.009069094694350511,50.0,7.157894736842105
3.9999999999999996e-05,6.555555555555555,0.009069102805662092,44.55555555555556,7.157894736842105
3.9999999999999996e-05,6.555555555555555,0.009069133574162936,39.111111111111114,7.157894736842105
3.9999999999999996e-05,6.555555555555555,0.009069251195125107,33.66666666666667,7.157894736842105
3.666666666666667e-05,6.111111111111111,0.009069663140196346,1.0,6.684210526315789
3.9999999999999996e-05,6.555555555555555,0.00906970894196365,28.22222222222222,7.157894736842105
3.666666666666667e-05,4.777777777777778,0.009069972630795151,6.444444444444445,9.052631578947368
2e-05,4.777777777777778,0.00907090074212569,6.444444444444445,8.105263157894736
3.9999999999999996e-05,6.555555555555555,0.009071549094118822,22.77777777777778,7.157894736842105
4.3333333333333334e-05,6.555555555555555,0.009071549905814744,11.88888888888889,7.63157894736842
3.3333333333333335e-05,6.111111111111111,0.009072265008178166,11.88888888888889,7.63157894736842
4.3333333333333334e-05,5.666666666666666,0.00907356513609733,6.444444444444445,7.63157894736842
4.666666666666667e-05,5.222222222222222,0.00907363788505677,6.444444444444445,10.0
3.9999999999999996e-05,4.777777777777778,0.009074239330315717,6.444444444444445,10.0
3e-05,5.222222222222222,0.009074753860921433,1.0,10.0
3e-05,5.666666666666666,0.009075566350369556,11.88888888888889,10.0
5e-05,6.555555555555555,0.009075809329694349,11.88888888888889,7.157894736842105
4.666666666666667e-05,6.555555555555555,0.009076253212988886,1.0,6.684210526315789
4.3333333333333334e-05,5.222222222222222,0.009076571030315204,17.333333333333336,9.052631578947368
3e-05,4.777777777777778,0.009078447423952066,6.444444444444445,8.105263157894736
3e-05,6.111111111111111,0.009079081219495253,50.0,6.684210526315789
3e-05,6.111111111111111,0.009079087771600634,44.55555555555556,6.684210526315789
3e-05,6.111111111111111,0.009079113458758701,39.111111111111114,6.684210526315789
3e-05,6.111111111111111,0.009079215366688409,33.66666666666667,6.684210526315789
3.9999999999999996e-05,6.555555555555555,0.009079273843091509,17.333333333333336,7.157894736842105
2.6666666666666667e-05,4.333333333333333,0.009079460154094832,1.0,8.578947368421051
3e-05,6.111111111111111,0.00907962890498197,28.22222222222222,6.684210526315789
4.3333333333333334e-05,5.222222222222222,0.009080263874019117,11.88888888888889,9.052631578947368
3e-05,4.333333333333333,0.009080464181970047,50.0,10.0
3e-05,4.333333333333333,0.009080670278228542,44.55555555555556,10.0
3.3333333333333335e-05,5.666666666666666,0.009080919599094702,6.444444444444445,10.0
5e-05,5.666666666666666,0.009080949158107332,1.0,8.578947368421051
3e-05,4.333333333333333,0.009081190548711485,39.111111111111114,10.0
3e-05,6.111111111111111,0.009081365609523374,22.77777777777778,6.684210526315789
2.3333333333333336e-05,5.222222222222222,0.009081458770269474,6.444444444444445,7.157894736842105
3e-05,4.333333333333333,0.00908245863377471,33.66666666666667,10.0
5e-05,5.666666666666666,0.009082598498418925,50.0,9.052631578947368
5e-05,5.666666666666666,0.009082707549263649,44.55555555555556,9.052631578947368
5e-05,5.666666666666666,0.009083004407079256,39.111111111111114,9.052631578947368
5e-05,5.666666666666666,0.009083789213499843,33.66666666666667,9.052631578947368
4.666666666666667e-05,6.555555555555555,0.00908445337473999,50.0,8.578947368421051
4.666666666666667e-05,6.555555555555555,0.009084467983402775,44.55555555555556,8.578947368421051
4.666666666666667e-05,6.555555555555555,0.009084520050499981,39.111111111111114,8.578947368421051
4.666666666666667e-05,6.555555555555555,0.009084706268999482,33.66666666666667,8.578947368421051
3e-05,4.333333333333333,0.009085352922152085,28.22222222222222,10.0
4.666666666666667e-05,6.555555555555555,0.009085379425138002,28.22222222222222,8.578947368421051
5e-05,6.555555555555555,0.009085492742429499,17.333333333333336,7.157894736842105
5e-05,6.555555555555555,0.009085603168378406,50.0,9.052631578947368
5e-05,6.555555555555555,0.009085617071778618,50.0,7.157894736842105
5e-05,6.555555555555555,0.009085620945644687,44.55555555555556,9.052631578947368
5e-05,6.555555555555555,0.009085628233195225,44.55555555555556,7.157894736842105
5e-05,6.555555555555555,0.009085661777705015,39.111111111111114,7.157894736842105
3e-05,5.666666666666666,0.009085666686214522,6.444444444444445,8.578947368421051
3.666666666666667e-05,6.555555555555555,0.009085677489221424,11.88888888888889,6.2105263157894735
5e-05,6.555555555555555,0.009085682288365388,39.111111111111114,9.052631578947368
5e-05,6.555555555555555,0.009085754895191766,33.66666666666667,7.157894736842105
5e-05,5.666666666666666,0.009085759177645331,28.22222222222222,9.052631578947368
5e-05,6.555555555555555,0.009085894153099636,33.66666666666667,9.052631578947368
5e-05,6.555555555555555,0.009085975332083367,28.22222222222222,7.157894736842105
5e-05,6.555555555555555,0.009086289444409989,22.77777777777778,7.157894736842105
5e-05,6.555555555555555,0.00908663328322545,28.22222222222222,9.052631578947368
3.3333333333333335e-05,4.333333333333333,0.00908683260297712,1.0,9.526315789473683
3.3333333333333335e-05,5.666666666666666,0.009087434327747307,1.0,8.105263157894736
3e-05,4.333333333333333,0.009087581067168707,11.88888888888889,10.0
4.666666666666667e-05,5.222222222222222,0.009087791486598764,50.0,10.0
4.666666666666667e-05,6.555555555555555,0.009087880681215781,22.77777777777778,8.578947368421051
4.666666666666667e-05,5.222222222222222,0.009088003499970534,44.55555555555556,10.0
4.666666666666667e-05,5.222222222222222,0.009088547014045207,39.111111111111114,10.0
2e-05,4.333333333333333,0.009088848607004657,1.0,8.578947368421051
3e-05,6.111111111111111,0.009088946294423458,17.333333333333336,6.684210526315789
3.3333333333333335e-05,6.111111111111111,0.009089156366483414,50.0,8.105263157894736
3.3333333333333335e-05,6.111111111111111,0.00908916767078979,44.55555555555556,8.105263157894736
2.3333333333333336e-05,5.222222222222222,0.009089195700509261,6.444444444444445,8.578947368421051
3.3333333333333335e-05,6.111111111111111,0.009089210290004212,39.111111111111114,8.105263157894736
5e-05,6.555555555555555,0.009089274525992532,22.77777777777778,9.052631578947368
3.3333333333333335e-05,6.111111111111111,0.009089371753630174,33.66666666666667,8.105263157894736
4.666666666666667e-05,5.222222222222222,0.009089903220299778,33.66666666666667,10.0
3.3333333333333335e-05,6.111111111111111,0.00908999079138761,28.22222222222222,8.105263157894736
5e-05,5.666666666666666,0.009090224001369985,22.77777777777778,9.052631578947368
2.6666666666666667e-05,5.666666666666666,0.009090436510185578,50.0,8.578947368421051
2.6666666666666667e-05,5.666666666666666,0.009090448778152752,44.55555555555556,8.578947368421051
2.6666666666666667e-05,5.666666666666666,0.009090495215132704,39.111111111111114,8.578947368421051
2.6666666666666667e-05,5.666666666666666,0.009090671878263342,33.66666666666667,8.578947368421051
3e-05,4.333333333333333,0.00909105448507587,22.77777777777778,10.0
2.6666666666666667e-05,5.666666666666666,0.0090913519828334,28.22222222222222,8.578947368421051
3.3333333333333335e-05,6.111111111111111,0.009092419313776714,22.77777777777778,8.105263157894736
4.666666666666667e-05,5.222222222222222,0.009093121611754407,28.22222222222222,10.0
2.3333333333333336e-05,3.888888888888889,0.009093175548594203,1.0,10.0
4.666666666666667e-05,6.555555555555555,0.009093836759629789,6.444444444444445,7.63157894736842
2.6666666666666667e-05,5.666666666666666,0.009094022917905908,22.77777777777778,8.578947368421051
2e-05,4.777777777777778,0.009094118382583487,1.0,7.63157894736842
2.6666666666666667e-05,5.666666666666666,0.009094767501718417,11.88888888888889,8.105263157894736
3.666666666666667e-05,5.666666666666666,0.009095049978935088,1.0,9.052631578947368
2.3333333333333336e-05,4.333333333333333,0.009095297459674351,11.88888888888889,9.526315789473683
3.666666666666667e-05,6.555555555555555,0.009095581754646118,17.333333333333336,6.2105263157894735
2.6666666666666667e-05,5.222222222222222,0.009095797251384985,1.0,8.578947368421051
3e-05,4.777777777777778,0.009096016922758743,1.0,7.63157894736842
3.666666666666667e-05,6.555555555555555,0.00909725541363294,22.77777777777778,6.2105263157894735
3.666666666666667e-05,6.555555555555555,0.009097430626340114,50.0,6.2105263157894735
3.666666666666667e-05,6.555555555555555,0.009097432471637018,44.55555555555556,6.2105263157894735
3.666666666666667e-05,6.555555555555555,0.009097437771328118,39.111111111111114,6.2105263157894735
3.666666666666667e-05,6.555555555555555,0.009097449356073659,33.66666666666667,6.2105263157894735
3.666666666666667e-05,6.555555555555555,0.009097451254808615,28.22222222222222,6.2105263157894735
4.666666666666667e-05,6.555555555555555,0.00909762308267808,17.333333333333336,8.578947368421051
3e-05,4.333333333333333,0.009098079006842386,17.333333333333336,10.0
5e-05,5.666666666666666,0.009098174417227902,17.333333333333336,9.052631578947368
2.6666666666666667e-05,5.666666666666666,0.009098352191392897,11.88888888888889,6.684210526315789
3.9999999999999996e-05,5.222222222222222,0.009098722978973014,6.444444444444445,8.105263157894736
5e-05,6.555555555555555,0.009099142016977504,17.333333333333336,9.052631578947368
4.666666666666667e-05,5.222222222222222,0.00909999944267507,22.77777777777778,10.0
2e-05,3.888888888888889,0.009100578050256625,1.0,10.0
4.3333333333333334e-05,6.555555555555555,0.009101718677633605,6.444444444444445,7.157894736842105
3.9999999999999996e-05,6.111111111111111,0.009101975413007186,11.88888888888889,10.0
3.3333333333333335e-05,6.111111111111111,0.009102229873220758,17.333333333333336,8.105263157894736
5e-05,5.666666666666666,0.00910229768382718,11.88888888888889,9.052631578947368
3.666666666666667e-05,5.666666666666666,0.009102511473444147,1.0,6.684210526315789
3e-05,5.222222222222222,0.009102645518110578,6.444444444444445,7.157894736842105
3e-05,4.333333333333333,0.0091031269457447,6.444444444444445,9.526315789473683
5e-05,6.555555555555555,0.009104508944044545,6.444444444444445,8.105263157894736
3.666666666666667e-05,6.111111111111111,0.009104545303317776,50.0,9.526315789473683
2.3333333333333336e-05,4.333333333333333,0.009104554761411796,6.444444444444445,9.052631578947368
3.666666666666667e-05,6.111111111111111,0.009104561453229094,44.55555555555556,9.526315789473683
3.666666666666667e-05,6.111111111111111,0.00910462022905191,39.111111111111114,9.526315789473683
4.666666666666667e-05,5.666666666666666,0.009104703097783828,6.444444444444445,8.105263157894736
2.6666666666666667e-05,5.666666666666666,0.009104736352824336,17.333333333333336,8.578947368421051
3.666666666666667e-05,6.111111111111111,0.009104834704976836,33.66666666666667,9.526315789473683
4.666666666666667e-05,6.111111111111111,0.009104935538517147,6.444444444444445,10.0
3.666666666666667e-05,5.222222222222222,0.00910556702713119,6.444444444444445,7.63157894736842
3.666666666666667e-05,6.111111111111111,0.0091056233691592,28.22222222222222,9.526315789473683
3e-05,5.666666666666666,0.009105889377915535,1.0,7.157894736842105
3.9999999999999996e-05,4.777777777777778,0.009106006125332624,50.0,10.0
3.9999999999999996e-05,5.666666666666666,0.009106009547654056,6.444444444444445,7.157894736842105
3.9999999999999996e-05,4.777777777777778,0.009106294917555624,44.55555555555556,10.0
5e-05,6.555555555555555,0.009106486993726784,1.0,7.157894736842105
3.9999999999999996e-05,4.777777777777778,0.009107012383412352,39.111111111111114,10.0
4.3333333333333334e-05,6.111111111111111,0.009107526862109385,6.444444444444445,9.526315789473683
4.3333333333333334e-05,6.555555555555555,0.009107814705734293,50.0,8.105263157894736
4.3333333333333334e-05,6.555555555555555,0.009107826180235442,44.55555555555556,8.105263157894736
4.3333333333333334e-05,6.555555555555555,0.00910786842920964,39.111111111111114,8.105263157894736
4.3333333333333334e-05,6.555555555555555,0.009108024631307004,33.66666666666667,8.105263157894736
2e-05,5.222222222222222,0.00910811645470044,50.0,7.63157894736842
2e-05,5.222222222222222,0.00910812555319672,44.55555555555556,7.63157894736842
2e-05,5.222222222222222,0.009108160933720652,39.111111111111114,7.63157894736842
2e-05,5.222222222222222,0.009108300000872715,33.66666666666667,7.63157894736842
3.666666666666667e-05,6.111111111111111,0.009108570234809443,22.77777777777778,9.526315789473683
4.3333333333333334e-05,6.555555555555555,0.00910860915089024,28.22222222222222,8.105263157894736
3.666666666666667e-05,6.111111111111111,0.009108680391892368,11.88888888888889,9.052631578947368
3.9999999999999996e-05,4.777777777777778,0.009108745520336761,33.66666666666667,10.0
2e-05,5.222222222222222,0.009108857163927791,28.22222222222222,7.63157894736842
2.6666666666666667e-05,5.666666666666666,0.009109629637409786,6.444444444444445,7.157894736842105
4.3333333333333334e-05,6.555555555555555,0.009110854116435127,22.77777777777778,8.105263157894736
2e-05,5.222222222222222,0.009111151586799338,22.77777777777778,7.63157894736842
4.666666666666667e-05,5.222222222222222,0.009111168654169536,17.333333333333336,10.0
4.3333333333333334e-05,6.111111111111111,0.009111199100665296,1.0,6.684210526315789
3.9999999999999996e-05,6.111111111111111,0.009111705364931421,11.88888888888889,6.684210526315789
3.9999999999999996e-05,6.555555555555555,0.009112112728384279,11.88888888888889,7.157894736842105
3.9999999999999996e-05,4.777777777777778,0.009112715350664921,28.22222222222222,10.0
3.3333333333333335e-05,5.666666666666666,0.00911427320607217,6.444444444444445,6.684210526315789
2.6666666666666667e-05,4.333333333333333,0.009114785156402891,11.88888888888889,9.526315789473683
3.3333333333333335e-05,4.777777777777778,0.009114878851509262,50.0,8.578947368421051
5e-05,7.0,0.009114927367318653,11.88888888888889,6.684210526315789
3.3333333333333335e-05,4.777777777777778,0.009115000946061939,44.55555555555556,8.578947368421051
3.3333333333333335e-05,4.777777777777778,0.00911532208482608,39.111111111111114,8.578947368421051
4.666666666666667e-05,6.555555555555555,0.009115584038496206,6.444444444444445,6.684210526315789
3.3333333333333335e-05,4.777777777777778,0.009116049933509427,11.88888888888889,8.578947368421051
3.3333333333333335e-05,4.777777777777778,0.009116134475330436,33.66666666666667,8.578947368421051
2.6666666666666667e-05,5.666666666666666,0.009116204619465293,17.333333333333336,6.684210526315789
4.3333333333333334e-05,6.111111111111111,0.009116274203005748,1.0,8.105263157894736
4.666666666666667e-05,5.222222222222222,0.00911682008021177,11.88888888888889,10.0
3.3333333333333335e-05,4.777777777777778,0.00911804453359332,28.22222222222222,8.578947368421051
2.6666666666666667e-05,4.777777777777778,0.009119137017739124,11.88888888888889,8.105263157894736
2.6666666666666667e-05,5.666666666666666,0.009119546924733662,22.77777777777778,6.684210526315789
2.3333333333333336e-05,4.777777777777778,0.009119682355269412,11.88888888888889,8.105263157894736
4.3333333333333334e-05,6.555555555555555,0.009119843123146246,17.333333333333336,8.105263157894736
3.666666666666667e-05,6.111111111111111,0.009119857585724266,17.333333333333336,9.526315789473683
2.6666666666666667e-05,5.666666666666666,0.009120042315404028,28.22222222222222,6.684210526315789
2.6666666666666667e-05,5.666666666666666,0.009120070410319559,50.0,6.684210526315789
2.6666666666666667e-05,5.666666666666666,0.009120072872634156,44.55555555555556,6.684210526315789
2.6666666666666667e-05,5.666666666666666,0.009120078850796718,39.111111111111114,6.684210526315789
2.6666666666666667e-05,5.666666666666666,0.009120086102009354,33.66666666666667,6.684210526315789
3e-05,5.666666666666666,0.009120413532701748,11.88888888888889,6.684210526315789
3.9999999999999996e-05,4.777777777777778,0.009120832673134344,22.77777777777778,10.0
2e-05,5.222222222222222,0.009120934882406066,17.333333333333336,7.63157894736842
3.9999999999999996e-05,5.666666666666666,0.009121743455263722,1.0,10.0
3.3333333333333335e-05,4.777777777777778,0.009121873402267416,22.77777777777778,8.578947368421051
3.666666666666667e-05,6.111111111111111,0.009121933013797138,6.444444444444445,8.105263157894736
3e-05,6.111111111111111,0.009122245351183977,11.88888888888889,6.684210526315789
4.666666666666667e-05,6.111111111111111,0.00912256789329994,1.0,8.578947368421051
5e-05,6.111111111111111,0.009122789013368285,6.444444444444445,7.63157894736842
5e-05,7.0,0.009122894309403048,17.333333333333336,6.684210526315789
5e-05,7.0,0.009123907989390573,50.0,6.684210526315789
5e-05,7.0,0.009123911647733874,44.55555555555556,6.684210526315789
5e-05,7.0,0.009123922950274662,39.111111111111114,6.684210526315789
5e-05,7.0,0.00912395381805214,33.66666666666667,6.684210526315789
5e-05,7.0,0.00912400091673338,22.77777777777778,6.684210526315789
5e-05,7.0,0.009124015563446289,28.22222222222222,6.684210526315789
2.3333333333333336e-05,4.333333333333333,0.009124172497241057,17.333333333333336,9.526315789473683
3.666666666666667e-05,4.777777777777778,0.009124605991085232,50.0,9.052631578947368
3.666666666666667e-05,4.777777777777778,0.009124801011258019,44.55555555555556,9.052631578947368
3.9999999999999996e-05,6.111111111111111,0.009125134178539343,17.333333333333336,6.684210526315789
3.666666666666667e-05,4.777777777777778,0.009125299130282417,39.111111111111114,9.052631578947368
3.3333333333333335e-05,6.111111111111111,0.0091255917320382,6.444444444444445,7.157894736842105
2.3333333333333336e-05,4.333333333333333,0.0091258126564461,50.0,9.526315789473683
2.3333333333333336e-05,4.333333333333333,0.009125861314891704,44.55555555555556,9.526315789473683
2.3333333333333336e-05,4.333333333333333,0.00912598986618901,39.111111111111114,9.526315789473683
2.3333333333333336e-05,4.333333333333333,0.009126303448172729,33.66666666666667,9.526315789473683
3.3333333333333335e-05,4.777777777777778,0.009126383519983771,17.333333333333336,8.578947368421051
3.666666666666667e-05,4.777777777777778,0.00912653219925555,33.66666666666667,9.052631578947368
3.9999999999999996e-05,6.111111111111111,0.009126810083245129,50.0,6.684210526315789
3.9999999999999996e-05,6.111111111111111,0.00912681989144643,44.55555555555556,6.684210526315789
3.9999999999999996e-05,6.111111111111111,0.009126848301622881,39.111111111111114,6.684210526315789
3.9999999999999996e-05,6.111111111111111,0.009126921989328912,33.66666666666667,6.684210526315789
2.3333333333333336e-05,4.333333333333333,0.009126942032688063,28.22222222222222,9.526315789473683
3.9999999999999996e-05,6.111111111111111,0.00912706734042476,28.22222222222222,6.684210526315789
3.9999999999999996e-05,6.111111111111111,0.009127086556995564,22.77777777777778,6.684210526315789
2.3333333333333336e-05,4.333333333333333,0.009127578209449917,22.77777777777778,9.526315789473683
2.6666666666666667e-05,4.333333333333333,0.009129295688908976,50.0,9.526315789473683
2.6666666666666667e-05,4.333333333333333,0.009129404742981784,44.55555555555556,9.526315789473683
3.9999999999999996e-05,6.111111111111111,0.009129407297560291,1.0,7.63157894736842
3.666666666666667e-05,4.777777777777778,0.009129416868958096,28.22222222222222,9.052631578947368
2.6666666666666667e-05,4.333333333333333,0.009129688061376331,39.111111111111114,9.526315789473683
3.9999999999999996e-05,6.555555555555555,0.009130037218659412,6.444444444444445,6.684210526315789
4.666666666666667e-05,6.111111111111111,0.009130076240785559,6.444444444444445,7.157894736842105
2.6666666666666667e-05,4.333333333333333,0.009130389250627627,33.66666666666667,9.526315789473683
4.3333333333333334e-05,5.666666666666666,0.00913042586311274,11.88888888888889,7.63157894736842
4.3333333333333334e-05,5.666666666666666,0.009130661003286921,50.0,7.63157894736842
4.3333333333333334e-05,5.666666666666666,0.009130714657797221,44.55555555555556,7.63157894736842
4.3333333333333334e-05,5.666666666666666,0.009130865600098039,39.111111111111114,7.63157894736842
4.3333333333333334e-05,5.666666666666666,0.009131272486801432,33.66666666666667,7.63157894736842
2.6666666666666667e-05,4.333333333333333,0.009131965717379157,28.22222222222222,9.526315789473683
4.3333333333333334e-05,5.666666666666666,0.009132288039484964,28.22222222222222,7.63157894736842
2.6666666666666667e-05,4.333333333333333,0.009132458497927343,6.444444444444445,9.052631578947368
3.9999999999999996e-05,4.777777777777778,0.009133071934873626,17.333333333333336,10.0
3.9999999999999996e-05,4.777777777777778,0.009133826514122406,1.0,9.052631578947368
2e-05,4.777777777777778,0.009134158977869811,1.0,8.105263157894736
3.9999999999999996e-05,4.777777777777778,0.009134341104637877,11.88888888888889,10.0
4.3333333333333334e-05,5.666666666666666,0.009134445178639377,22.77777777777778,7.63157894736842
2.3333333333333336e-05,5.222222222222222,0.009134662056566328,6.444444444444445,9.052631578947368
2.6666666666666667e-05,4.333333333333333,0.0091347488470185,22.77777777777778,9.526315789473683
3.666666666666667e-05,4.777777777777778,0.009135376100344678,22.77777777777778,9.052631578947368
3.9999999999999996e-05,6.111111111111111,0.009135391906873017,6.444444444444445,9.052631578947368
3.3333333333333335e-05,6.111111111111111,0.00913562536401867,1.0,6.2105263157894735
2.6666666666666667e-05,4.333333333333333,0.009135864146867729,17.333333333333336,9.526315789473683
4.666666666666667e-05,6.555555555555555,0.009136295576823845,11.88888888888889,8.578947368421051
2.6666666666666667e-05,5.666666666666666,0.009136629487710577,50.0,9.052631578947368
2.6666666666666667e-05,5.666666666666666,0.009136642099443334,44.55555555555556,9.052631578947368
2.6666666666666667e-05,5.666666666666666,0.009136689953033178,39.111111111111114,9.052631578947368
2.6666666666666667e-05,5.666666666666666,0.009136872427953361,33.66666666666667,9.052631578947368
4.3333333333333334e-05,5.666666666666666,0.009137123688101023,17.333333333333336,7.63157894736842
5e-05,6.555555555555555,0.009137201838805167,11.88888888888889,9.052631578947368
2.6666666666666667e-05,5.666666666666666,0.009137575148107127,28.22222222222222,9.052631578947368
3e-05,5.666666666666666,0.009138511564700857,17.333333333333336,6.684210526315789
3.666666666666667e-05,6.555555555555555,0.009138551337433085,50.0,6.684210526315789
3.666666666666667e-05,6.555555555555555,0.009138556977541379,44.55555555555556,6.684210526315789
3.666666666666667e-05,6.555555555555555,0.009138579182944006,39.111111111111114,6.684210526315789
3.666666666666667e-05,6.555555555555555,0.009138667647273007,33.66666666666667,6.684210526315789
3.9999999999999996e-05,5.222222222222222,0.009138731685931966,1.0,7.63157894736842
3.666666666666667e-05,6.555555555555555,0.009139028352259552,28.22222222222222,6.684210526315789
3e-05,5.666666666666666,0.009139850427479931,6.444444444444445,9.052631578947368
2.6666666666666667e-05,5.666666666666666,0.009140327716064317,22.77777777777778,9.052631578947368
3.666666666666667e-05,4.777777777777778,0.009140350225752613,11.88888888888889,9.052631578947368
3.666666666666667e-05,6.555555555555555,0.009140554264264692,22.77777777777778,6.684210526315789
3.3333333333333335e-05,6.111111111111111,0.00914161438958171,11.88888888888889,8.105263157894736
3e-05,5.666666666666666,0.00914170712913733,22.77777777777778,6.684210526315789
3e-05,5.666666666666666,0.009141992631151724,50.0,6.684210526315789
3e-05,5.666666666666666,0.00914199827440119,44.55555555555556,6.684210526315789
3e-05,5.666666666666666,0.009142013654431338,39.111111111111114,6.684210526315789
3e-05,5.666666666666666,0.009142047041249195,33.66666666666667,6.684210526315789
3e-05,5.666666666666666,0.009142068818997998,28.22222222222222,6.684210526315789
3.666666666666667e-05,4.777777777777778,0.009143980215857526,17.333333333333336,9.052631578947368
2.6666666666666667e-05,4.777777777777778,0.009144102344581772,17.333333333333336,8.105263157894736
3.9999999999999996e-05,6.555555555555555,0.009145275594156649,6.444444444444445,6.2105263157894735
4.666666666666667e-05,7.0,0.009145630160607945,50.0,6.684210526315789
4.666666666666667e-05,7.0,0.009145635034540144,44.55555555555556,6.684210526315789
4.666666666666667e-05,7.0,0.009145653890533725,39.111111111111114,6.684210526315789
2e-05,4.333333333333333,0.009145665262437461,6.444444444444445,9.052631578947368
4.666666666666667e-05,7.0,0.009145727908444595,33.66666666666667,6.684210526315789
2.6666666666666667e-05,4.777777777777778,0.009145864693404313,50.0,8.105263157894736
2.6666666666666667e-05,4.777777777777778,0.009145897838982795,44.55555555555556,8.105263157894736
5e-05,7.0,0.009145974865165312,50.0,7.157894736842105
5e-05,7.0,0.009145981685222033,44.55555555555556,7.157894736842105
2.6666666666666667e-05,4.777777777777778,0.009145987728776802,39.111111111111114,8.105263157894736
5e-05,7.0,0.009146007306033904,39.111111111111114,7.157894736842105
4.666666666666667e-05,7.0,0.009146027080344185,28.22222222222222,6.684210526315789
5e-05,7.0,0.009146104473729136,33.66666666666667,7.157894736842105
2.6666666666666667e-05,4.777777777777778,0.009146211557186923,33.66666666666667,8.105263157894736
5e-05,7.0,0.009146481503374174,28.22222222222222,7.157894736842105
2.6666666666666667e-05,4.777777777777778,0.009146670288619147,28.22222222222222,8.105263157894736
4.666666666666667e-05,5.666666666666666,0.00914679391850653,50.0,8.105263157894736
4.666666666666667e-05,5.666666666666666,0.009146871727919878,44.55555555555556,8.105263157894736
4.666666666666667e-05,5.222222222222222,0.009147054837120205,1.0,9.052631578947368
2.6666666666666667e-05,4.777777777777778,0.009147083255034058,22.77777777777778,8.105263157894736
4.666666666666667e-05,5.666666666666666,0.009147086564402052,39.111111111111114,8.105263157894736
3.666666666666667e-05,6.555555555555555,0.0091472912869441,17.333333333333336,6.684210526315789
4.666666666666667e-05,7.0,0.009147299083836255,22.77777777777778,6.684210526315789
5e-05,6.111111111111111,0.009147341079715524,1.0,9.052631578947368
2.6666666666666667e-05,5.222222222222222,0.009147513650297662,1.0,9.052631578947368
2.6666666666666667e-05,5.666666666666666,0.009147604186656963,11.88888888888889,8.578947368421051
4.666666666666667e-05,5.666666666666666,0.009147658698330003,33.66666666666667,8.105263157894736
2.3333333333333336e-05,5.666666666666666,0.0091480063554752,50.0,6.684210526315789
5e-05,7.0,0.009148010328239217,22.77777777777778,7.157894736842105
2.3333333333333336e-05,5.666666666666666,0.009148012575676856,44.55555555555556,6.684210526315789
2.3333333333333336e-05,5.666666666666666,0.009148037487023492,39.111111111111114,6.684210526315789
2.3333333333333336e-05,5.666666666666666,0.00914813881078277,33.66666666666667,6.684210526315789
2.3333333333333336e-05,5.666666666666666,0.009148560445860982,28.22222222222222,6.684210526315789
4.666666666666667e-05,5.666666666666666,0.009149087687273263,28.22222222222222,8.105263157894736
2e-05,4.333333333333333,0.009149169623496342,11.88888888888889,9.526315789473683
2.3333333333333336e-05,4.777777777777778,0.009149847207408126,17.333333333333336,8.105263157894736
3.3333333333333335e-05,6.111111111111111,0.00914987772954752,50.0,8.578947368421051
3.3333333333333335e-05,6.111111111111111,0.009149889404949634,44.55555555555556,8.578947368421051
3.3333333333333335e-05,6.111111111111111,0.009149933582775504,39.111111111111114,8.578947368421051
3.3333333333333335e-05,6.111111111111111,0.009150101386758269,33.66666666666667,8.578947368421051
2.3333333333333336e-05,5.666666666666666,0.009150375021727358,22.77777777777778,6.684210526315789
3.3333333333333335e-05,6.111111111111111,0.009150745260078832,28.22222222222222,8.578947368421051
2.6666666666666667e-05,5.666666666666666,0.009151313392072296,17.333333333333336,9.052631578947368
4.666666666666667e-05,5.666666666666666,0.009152230044941145,22.77777777777778,8.105263157894736
4.666666666666667e-05,7.0,0.009153056438331642,17.333333333333336,6.684210526315789
3.666666666666667e-05,6.111111111111111,0.009153145352841294,50.0,10.0
3.666666666666667e-05,6.111111111111111,0.009153161675252564,44.55555555555556,10.0
3.666666666666667e-05,6.111111111111111,0.009153221203071682,39.111111111111114,10.0
3.3333333333333335e-05,6.111111111111111,0.009153263994153107,22.77777777777778,8.578947368421051
3.666666666666667e-05,6.111111111111111,0.009153438859698071,33.66666666666667,10.0
3.666666666666667e-05,5.666666666666666,0.009153478374075161,1.0,9.526315789473683
3.666666666666667e-05,6.111111111111111,0.009153525536711208,1.0,6.2105263157894735
3e-05,6.111111111111111,0.009153581928105245,6.444444444444445,6.2105263157894735
2e-05,5.222222222222222,0.00915401250989259,50.0,8.105263157894736
2e-05,5.222222222222222,0.009154022211672849,44.55555555555556,8.105263157894736
2e-05,5.222222222222222,0.009154059952899623,39.111111111111114,8.105263157894736
3.3333333333333335e-05,5.666666666666666,0.00915413106181479,1.0,8.578947368421051
2e-05,5.222222222222222,0.009154208104226116,33.66666666666667,8.105263157894736
3.666666666666667e-05,6.111111111111111,0.009154240446315192,28.22222222222222,10.0
5e-05,7.0,0.009154618652270848,17.333333333333336,7.157894736842105
4.666666666666667e-05,5.666666666666666,0.009154798014364127,11.88888888888889,8.105263157894736
2e-05,5.222222222222222,0.009154799344367798,28.22222222222222,8.105263157894736
2.3333333333333336e-05,4.777777777777778,0.009155314443640525,22.77777777777778,8.105263157894736
3.9999999999999996e-05,6.555555555555555,0.009155653309033018,50.0,7.63157894736842
3.9999999999999996e-05,6.555555555555555,0.009155662024397531,44.55555555555556,7.63157894736842
3.9999999999999996e-05,6.555555555555555,0.009155695220313,39.111111111111114,7.63157894736842
2.3333333333333336e-05,4.777777777777778,0.009155805102253523,50.0,8.105263157894736
2.3333333333333336e-05,4.777777777777778,0.009155817666786114,44.55555555555556,8.105263157894736
3.9999999999999996e-05,6.555555555555555,0.009155822428751412,33.66666666666667,7.63157894736842
2.3333333333333336e-05,4.777777777777778,0.00915584987132528,39.111111111111114,8.105263157894736
2.3333333333333336e-05,4.777777777777778,0.009155915840121879,33.66666666666667,8.105263157894736
2.3333333333333336e-05,4.777777777777778,0.009155957122600792,28.22222222222222,8.105263157894736
3e-05,6.111111111111111,0.009156244897512836,50.0,7.157894736842105
3e-05,6.111111111111111,0.009156252199365483,44.55555555555556,7.157894736842105
5e-05,6.555555555555555,0.009156254261257771,50.0,9.526315789473683
5e-05,6.555555555555555,0.009156272306464546,44.55555555555556,9.526315789473683
3e-05,6.111111111111111,0.009156280873689655,39.111111111111114,7.157894736842105
3.9999999999999996e-05,6.555555555555555,0.009156316971461723,28.22222222222222,7.63157894736842
5e-05,6.555555555555555,0.0091563347833102,39.111111111111114,9.526315789473683
2.6666666666666667e-05,5.222222222222222,0.009156360032211337,11.88888888888889,7.157894736842105
3e-05,6.111111111111111,0.009156394477987906,33.66666666666667,7.157894736842105
5e-05,6.555555555555555,0.009156551330285156,33.66666666666667,9.526315789473683
3.3333333333333335e-05,4.333333333333333,0.009156551357750498,6.444444444444445,10.0
3.9999999999999996e-05,5.222222222222222,0.00915671786672568,50.0,8.105263157894736
4.3333333333333334e-05,6.555555555555555,0.009156738584683913,11.88888888888889,8.105263157894736
3.9999999999999996e-05,5.222222222222222,0.009156823097507974,44.55555555555556,8.105263157894736
3e-05,6.111111111111111,0.009156852305951927,28.22222222222222,7.157894736842105
2.3333333333333336e-05,5.222222222222222,0.009156881203001486,1.0,7.157894736842105
4.666666666666667e-05,5.666666666666666,0.00915706904788303,17.333333333333336,8.105263157894736
4.666666666666667e-05,6.555555555555555,0.009157101733619836,50.0,9.052631578947368
3.9999999999999996e-05,5.222222222222222,0.009157104990480714,39.111111111111114,8.105263157894736
4.666666666666667e-05,6.555555555555555,0.009157116700042104,44.55555555555556,9.052631578947368
4.666666666666667e-05,6.555555555555555,0.00915717023931727,39.111111111111114,9.052631578947368
2e-05,5.222222222222222,0.009157220532103147,22.77777777777778,8.105263157894736
3.666666666666667e-05,6.111111111111111,0.009157236725619019,22.77777777777778,10.0
5e-05,6.555555555555555,0.009157308347474797,28.22222222222222,9.526315789473683
4.666666666666667e-05,6.555555555555555,0.009157362266323488,33.66666666666667,9.052631578947368
4.666666666666667e-05,5.666666666666666,0.009157588248585017,1.0,7.63157894736842
4.3333333333333334e-05,5.666666666666666,0.009157714066753756,1.0,7.157894736842105
3.9999999999999996e-05,5.222222222222222,0.0091578326728893,33.66666666666667,8.105263157894736
4.3333333333333334e-05,5.222222222222222,0.009157928636386098,6.444444444444445,8.578947368421051
4.666666666666667e-05,6.555555555555555,0.00915805764396981,28.22222222222222,9.052631578947368
3.9999999999999996e-05,6.555555555555555,0.009158292384253298,22.77777777777778,7.63157894736842
2.3333333333333336e-05,5.666666666666666,0.009158458498794833,17.333333333333336,6.684210526315789
3e-05,6.111111111111111,0.009158749016310124,22.77777777777778,7.157894736842105
3.9999999999999996e-05,5.222222222222222,0.009159588378002292,28.22222222222222,8.105263157894736
2.6666666666666667e-05,3.888888888888889,0.009159753969794654,1.0,10.0
5e-05,6.555555555555555,0.009160013166013276,22.77777777777778,9.526315789473683
4.666666666666667e-05,6.555555555555555,0.00916064049698032,22.77777777777778,9.052631578947368
4.666666666666667e-05,6.555555555555555,0.009160761815444682,11.88888888888889,6.684210526315789
4.3333333333333334e-05,7.0,0.009162276824565774,50.0,6.2105263157894735
4.3333333333333334e-05,7.0,0.009162280033428186,44.55555555555556,6.2105263157894735
4.3333333333333334e-05,7.0,0.009162292965338648,39.111111111111114,6.2105263157894735
4.3333333333333334e-05,7.0,0.00916234627502532,33.66666666666667,6.2105263157894735
4.3333333333333334e-05,7.0,0.009162574589590338,28.22222222222222,6.2105263157894735
3.9999999999999996e-05,5.222222222222222,0.009162685872867754,11.88888888888889,8.105263157894736
2e-05,5.222222222222222,0.009162971227189884,11.88888888888889,7.63157894736842
3.9999999999999996e-05,5.222222222222222,0.009163259751848559,22.77777777777778,8.105263157894736
3.3333333333333335e-05,6.111111111111111,0.009163391619277515,17.333333333333336,8.578947368421051
3.666666666666667e-05,6.111111111111111,0.009163497750719457,11.88888888888889,9.526315789473683
4.3333333333333334e-05,7.0,0.009163608917372196,22.77777777777778,6.2105263157894735
4.666666666666667e-05,5.222222222222222,0.009164397303211872,6.444444444444445,9.526315789473683
3.9999999999999996e-05,6.555555555555555,0.009166471973954687,17.333333333333336,7.63157894736842
4.3333333333333334e-05,6.111111111111111,0.009166617243401145,6.444444444444445,10.0
3e-05,6.111111111111111,0.009166860667821967,17.333333333333336,7.157894736842105
3.3333333333333335e-05,6.111111111111111,0.009166909295846303,6.444444444444445,6.2105263157894735
2e-05,5.222222222222222,0.009167445093947731,17.333333333333336,8.105263157894736
3.666666666666667e-05,6.111111111111111,0.00916772004042557,1.0,7.157894736842105
3.9999999999999996e-05,5.222222222222222,0.009168270143697768,17.333333333333336,8.105263157894736
4.3333333333333334e-05,7.0,0.009168574290744053,17.333333333333336,6.2105263157894735
3.666666666666667e-05,6.111111111111111,0.009168695474114067,17.333333333333336,10.0
3.9999999999999996e-05,4.777777777777778,0.009168964937440757,6.444444444444445,9.526315789473683
5e-05,6.555555555555555,0.00917007259015,17.333333333333336,9.526315789473683
4.666666666666667e-05,6.555555555555555,0.009170649636468528,17.333333333333336,9.052631578947368
3e-05,4.333333333333333,0.009171184570860977,1.0,8.578947368421051
3.666666666666667e-05,5.222222222222222,0.009171226027267328,1.0,7.157894736842105
4.666666666666667e-05,6.555555555555555,0.009171570068132708,17.333333333333336,6.684210526315789
4.3333333333333334e-05,5.222222222222222,0.009171702826547626,1.0,8.105263157894736
2.3333333333333336e-05,5.222222222222222,0.009171731823209758,11.88888888888889,7.157894736842105
4.666666666666667e-05,6.555555555555555,0.009172871929133103,50.0,6.684210526315789
4.666666666666667e-05,6.555555555555555,0.009172879092185204,44.55555555555556,6.684210526315789
4.666666666666667e-05,6.555555555555555,0.009172900189207203,39.111111111111114,6.684210526315789
4.666666666666667e-05,6.555555555555555,0.009172955536413615,33.66666666666667,6.684210526315789
3.9999999999999996e-05,5.666666666666666,0.009173060843148794,11.88888888888889,7.157894736842105
4.666666666666667e-05,6.555555555555555,0.009173065075846153,28.22222222222222,6.684210526315789
4.666666666666667e-05,6.555555555555555,0.00917307400125183,22.77777777777778,6.684210526315789
3e-05,6.111111111111111,0.009173451133810628,11.88888888888889,6.2105263157894735
5e-05,7.0,0.00917382208390174,6.444444444444445,6.684210526315789
5e-05,6.111111111111111,0.009174412701991694,11.88888888888889,7.63157894736842
2.3333333333333336e-05,5.222222222222222,0.009175635055372333,6.444444444444445,9.526315789473683
3e-05,4.777777777777778,0.009176263274885538,11.88888888888889,8.105263157894736
3.666666666666667e-05,6.555555555555555,0.009177271284094962,11.88888888888889,6.684210526315789
5e-05,6.111111111111111,0.009177276607554774,50.0,7.63157894736842
5e-05,6.111111111111111,0.009177312453227698,44.55555555555556,7.63157894736842
5e-05,6.111111111111111,0.009177415718135715,39.111111111111114,7.63157894736842
5e-05,6.111111111111111,0.009177699332902236,33.66666666666667,7.63157894736842
2.6666666666666667e-05,5.666666666666666,0.009177984020288608,6.444444444444445,7.63157894736842
2.6666666666666667e-05,5.666666666666666,0.009178230678867208,50.0,9.526315789473683
2.6666666666666667e-05,5.666666666666666,0.009178243541690773,44.55555555555556,9.526315789473683
2.6666666666666667e-05,5.666666666666666,0.009178292448263842,39.111111111111114,9.526315789473683
5e-05,6.111111111111111,0.009178413940964617,28.22222222222222,7.63157894736842
2.6666666666666667e-05,5.666666666666666,0.009178479196559564,33.66666666666667,9.526315789473683
2.6666666666666667e-05,5.666666666666666,0.00917919882159016,28.22222222222222,9.526315789473683
4.666666666666667e-05,7.0,0.009179651837552701,11.88888888888889,6.684210526315789
5e-05,6.111111111111111,0.009179905326049412,22.77777777777778,7.63157894736842
4.3333333333333334e-05,4.777777777777778,0.009179943284536671,1.0,10.0
3.666666666666667e-05,5.222222222222222,0.009181048825028248,11.88888888888889,7.63157894736842
2.6666666666666667e-05,5.222222222222222,0.009181161626887407,17.333333333333336,7.157894736842105
5e-05,6.111111111111111,0.009181468131743874,17.333333333333336,7.63157894736842
2e-05,4.777777777777778,0.00918172177081798,1.0,8.578947368421051
2e-05,4.777777777777778,0.009181908648673423,11.88888888888889,8.105263157894736
2.6666666666666667e-05,5.666666666666666,0.009182016631940317,22.77777777777778,9.526315789473683
3e-05,5.666666666666666,0.00918244788432911,1.0,7.63157894736842
4.3333333333333334e-05,6.555555555555555,0.009182719551703317,50.0,8.578947368421051
4.3333333333333334e-05,6.555555555555555,0.009182731414282747,44.55555555555556,8.578947368421051
4.3333333333333334e-05,6.555555555555555,0.009182775261160528,39.111111111111114,8.578947368421051
4.3333333333333334e-05,6.555555555555555,0.009182937896346968,33.66666666666667,8.578947368421051
4.3333333333333334e-05,6.555555555555555,0.009183547477631861,28.22222222222222,8.578947368421051
3.666666666666667e-05,6.555555555555555,0.009183595296135308,6.444444444444445,6.2105263157894735
5e-05,7.0,0.009184008478180173,11.88888888888889,7.157894736842105
2.6666666666666667e-05,5.222222222222222,0.009184194263935084,1.0,6.684210526315789
3.9999999999999996e-05,5.666666666666666,0.009184308987659245,50.0,7.157894736842105
3.9999999999999996e-05,5.666666666666666,0.009184342327487965,44.55555555555556,7.157894736842105
3.9999999999999996e-05,5.666666666666666,0.00918443658597642,39.111111111111114,7.157894736842105
3.9999999999999996e-05,5.666666666666666,0.009184687638804909,33.66666666666667,7.157894736842105
3.9999999999999996e-05,5.666666666666666,0.009185283287599318,28.22222222222222,7.157894736842105
2.6666666666666667e-05,5.222222222222222,0.009185863139865125,22.77777777777778,7.157894736842105
4.3333333333333334e-05,6.555555555555555,0.009185885213988294,22.77777777777778,8.578947368421051
2e-05,4.333333333333333,0.009186143179217832,17.333333333333336,9.526315789473683
3.9999999999999996e-05,5.666666666666666,0.009186204388209468,17.333333333333336,7.157894736842105
4.3333333333333334e-05,6.555555555555555,0.009186267075740958,1.0,6.684210526315789
3.9999999999999996e-05,5.666666666666666,0.009186332269990896,22.77777777777778,7.157894736842105
2.6666666666666667e-05,5.222222222222222,0.009186414317136949,50.0,7.157894736842105
2.6666666666666667e-05,5.222222222222222,0.00918642240696459,44.55555555555556,7.157894736842105
2.6666666666666667e-05,5.222222222222222,0.009186443053357442,39.111111111111114,7.157894736842105
2.6666666666666667e-05,5.222222222222222,0.009186480655489718,28.22222222222222,7.157894736842105
2.6666666666666667e-05,5.222222222222222,0.009186482677993926,33.66666666666667,7.157894736842105
5e-05,5.666666666666666,0.009186644409898914,6.444444444444445,8.578947368421051
4.666666666666667e-05,6.555555555555555,0.009186770700650992,6.444444444444445,8.105263157894736
4.3333333333333334e-05,6.555555555555555,0.009187465507165668,1.0,6.2105263157894735
3.3333333333333335e-05,5.666666666666666,0.009187564555866487,11.88888888888889,6.684210526315789
4.666666666666667e-05,6.111111111111111,0.00918782588875112,11.88888888888889,7.157894736842105
3.666666666666667e-05,5.222222222222222,0.009187930476151037,50.0,7.63157894736842
3.666666666666667e-05,5.222222222222222,0.009187996462270235,44.55555555555556,7.63157894736842
3e-05,6.111111111111111,0.009188006594825373,17.333333333333336,6.2105263157894735
3.666666666666667e-05,5.222222222222222,0.009188176470547062,39.111111111111114,7.63157894736842
3e-05,5.666666666666666,0.009188540807249013,6.444444444444445,9.526315789473683
3.666666666666667e-05,5.222222222222222,0.009188644719406535,33.66666666666667,7.63157894736842
3.666666666666667e-05,5.222222222222222,0.009189758497402872,28.22222222222222,7.63157894736842
3.3333333333333335e-05,5.222222222222222,0.009190177617530045,6.444444444444445,7.157894736842105
3.3333333333333335e-05,4.333333333333333,0.009190610574186733,1.0,9.052631578947368
3e-05,6.111111111111111,0.009190817534245294,22.77777777777778,6.2105263157894735
3.666666666666667e-05,6.111111111111111,0.00919124705627454,6.444444444444445,8.578947368421051
3e-05,6.111111111111111,0.009191275566249647,28.22222222222222,6.2105263157894735
3e-05,6.111111111111111,0.009191332569191333,50.0,6.2105263157894735
3e-05,6.111111111111111,0.009191333694087377,44.55555555555556,6.2105263157894735
3e-05,6.111111111111111,0.009191333699273599,33.66666666666667,6.2105263157894735
3e-05,6.111111111111111,0.00919133585004162,39.111111111111114,6.2105263157894735
3.666666666666667e-05,5.222222222222222,0.009191910301893088,22.77777777777778,7.63157894736842
3.666666666666667e-05,4.333333333333333,0.009191918747197159,1.0,10.0
3.9999999999999996e-05,6.555555555555555,0.009192244487974881,11.88888888888889,6.2105263157894735
4.666666666666667e-05,6.555555555555555,0.00919264110089445,1.0,7.157894736842105
3.666666666666667e-05,4.777777777777778,0.009192740320425502,1.0,8.105263157894736
4.3333333333333334e-05,7.0,0.009192749925986893,11.88888888888889,6.2105263157894735
3.3333333333333335e-05,4.777777777777778,0.009192986467329623,6.444444444444445,8.105263157894736
4.666666666666667e-05,5.222222222222222,0.009193058768490903,50.0,9.526315789473683
2e-05,4.333333333333333,0.009193215322522767,22.77777777777778,9.526315789473683
2.6666666666666667e-05,5.666666666666666,0.00919323318368804,17.333333333333336,9.526315789473683
4.666666666666667e-05,5.222222222222222,0.009193267496359847,44.55555555555556,9.526315789473683
5e-05,6.555555555555555,0.009193320454015639,6.444444444444445,8.578947368421051
3.666666666666667e-05,5.222222222222222,0.009193583120338304,17.333333333333336,7.63157894736842
4.666666666666667e-05,5.222222222222222,0.009193799465201996,39.111111111111114,9.526315789473683
3e-05,4.777777777777778,0.009193982551142565,50.0,8.105263157894736
2e-05,4.333333333333333,0.009194047418748585,50.0,9.526315789473683
3e-05,4.777777777777778,0.009194048914549688,44.55555555555556,8.105263157894736
2e-05,4.333333333333333,0.009194062558977967,44.55555555555556,9.526315789473683
2.6666666666666667e-05,5.222222222222222,0.009194081574960405,1.0,9.526315789473683
2e-05,4.333333333333333,0.009194099396635014,39.111111111111114,9.526315789473683
2e-05,4.333333333333333,0.009194166821641194,28.22222222222222,9.526315789473683
2e-05,4.333333333333333,0.009194167253329675,33.66666666666667,9.526315789473683
3e-05,4.777777777777778,0.009194226230893035,39.111111111111114,8.105263157894736
2.3333333333333336e-05,5.666666666666666,0.009194467438222904,11.88888888888889,6.684210526315789
3e-05,4.777777777777778,0.009194673696734027,33.66666666666667,8.105263157894736
2.6666666666666667e-05,5.666666666666666,0.009195032687293561,11.88888888888889,9.052631578947368
4.666666666666667e-05,5.222222222222222,0.009195115669662388,33.66666666666667,9.526315789473683
4.3333333333333334e-05,6.555555555555555,0.009195198087021645,17.333333333333336,8.578947368421051
2e-05,5.222222222222222,0.009195312997089398,50.0,8.578947368421051
2e-05,5.222222222222222,0.009195323180833482,44.55555555555556,8.578947368421051
2e-05,5.222222222222222,0.009195362844583726,39.111111111111114,8.578947368421051
2.3333333333333336e-05,3.888888888888889,0.009195419750908032,1.0,9.526315789473683
2e-05,5.222222222222222,0.009195518539549233,33.66666666666667,8.578947368421051
3e-05,4.777777777777778,0.00919568082400185,28.22222222222222,8.105263157894736
3e-05,5.222222222222222,0.009195939086720228,11.88888888888889,7.157894736842105
3.9999999999999996e-05,6.111111111111111,0.009195963590803819,6.444444444444445,9.526315789473683
2e-05,5.222222222222222,0.009196139221769142,28.22222222222222,8.578947368421051
2.3333333333333336e-05,5.222222222222222,0.009196679140033946,17.333333333333336,7.157894736842105
4.3333333333333334e-05,6.111111111111111,0.009196815535301998,1.0,8.578947368421051
3e-05,4.777777777777778,0.00919689407567548,17.333333333333336,8.105263157894736
3e-05,4.777777777777778,0.009197345347162777,22.77777777777778,8.105263157894736
4.666666666666667e-05,6.111111111111111,0.00919788948802854,50.0,7.157894736842105
4.666666666666667e-05,6.111111111111111,0.009197913329319806,44.55555555555556,7.157894736842105
4.666666666666667e-05,6.111111111111111,0.009197982117048017,39.111111111111114,7.157894736842105
4.666666666666667e-05,6.111111111111111,0.009198168262174808,33.66666666666667,7.157894736842105
4.666666666666667e-05,5.222222222222222,0.009198197758818166,28.22222222222222,9.526315789473683
4.666666666666667e-05,6.111111111111111,0.00919861295675296,28.22222222222222,7.157894736842105
2e-05,5.222222222222222,0.009198671902569228,22.77777777777778,8.578947368421051
4.3333333333333334e-05,6.555555555555555,0.009198857569464022,6.444444444444445,7.63157894736842
4.666666666666667e-05,6.111111111111111,0.00919905323401099,17.333333333333336,7.157894736842105
5e-05,6.555555555555555,0.009199133246457849,1.0,6.684210526315789
4.666666666666667e-05,6.111111111111111,0.00919937787173294,22.77777777777778,7.157894736842105
4.666666666666667e-05,6.111111111111111,0.009199764178053824,1.0,9.052631578947368
2.3333333333333336e-05,5.222222222222222,0.009200137234638823,1.0,6.684210526315789
3.666666666666667e-05,4.777777777777778,0.00920029091077118,6.444444444444445,8.578947368421051
3.9999999999999996e-05,6.555555555555555,0.009200396534309322,1.0,6.2105263157894735
3.9999999999999996e-05,6.555555555555555,0.009200551975677887,11.88888888888889,7.63157894736842
2.3333333333333336e-05,5.222222222222222,0.0092017151985424,22.77777777777778,7.157894736842105
3e-05,6.111111111111111,0.00920171678779525,11.88888888888889,7.157894736842105
4.3333333333333334e-05,5.222222222222222,0.009201801782926091,50.0,8.578947368421051
4.3333333333333334e-05,5.222222222222222,0.009201954827780249,44.55555555555556,8.578947368421051
4.3333333333333334e-05,5.222222222222222,0.009202354200649568,39.111111111111114,8.578947368421051
2.3333333333333336e-05,5.222222222222222,0.009202562779198514,28.22222222222222,7.157894736842105
2.3333333333333336e-05,5.222222222222222,0.009202669529170576,50.0,7.157894736842105
2.3333333333333336e-05,5.222222222222222,0.009202672153393982,44.55555555555556,7.157894736842105
2.3333333333333336e-05,5.222222222222222,0.009202673305017176,33.66666666666667,7.157894736842105
2.3333333333333336e-05,5.222222222222222,0.009202676997836856,39.111111111111114,7.157894736842105
4.3333333333333334e-05,5.222222222222222,0.009203362583793503,33.66666666666667,8.578947368421051
2.3333333333333336e-05,4.333333333333333,0.009203476513745293,1.0,8.105263157894736
3.3333333333333335e-05,6.111111111111111,0.00920366029842927,11.88888888888889,8.578947368421051
3.9999999999999996e-05,6.555555555555555,0.009204325913829933,17.333333333333336,6.2105263157894735
3.3333333333333335e-05,6.111111111111111,0.009204417560814682,50.0,9.052631578947368
3.3333333333333335e-05,6.111111111111111,0.009204429505012972,44.55555555555556,9.052631578947368
3.3333333333333335e-05,6.111111111111111,0.009204474798205933,39.111111111111114,9.052631578947368
4.3333333333333334e-05,6.111111111111111,0.009204577082037275,6.444444444444445,6.684210526315789
4.666666666666667e-05,5.222222222222222,0.009204623400370527,22.77777777777778,9.526315789473683
3.3333333333333335e-05,6.111111111111111,0.009204647232948957,33.66666666666667,9.052631578947368
2e-05,3.888888888888889,0.009204980125651536,1.0,9.526315789473683
3.3333333333333335e-05,4.777777777777778,0.009205044638484372,1.0,7.63157894736842
3.3333333333333335e-05,6.111111111111111,0.00920530978284897,28.22222222222222,9.052631578947368
3.3333333333333335e-05,6.111111111111111,0.009205438793565165,6.444444444444445,7.63157894736842
4.3333333333333334e-05,5.222222222222222,0.009205767951939794,28.22222222222222,8.578947368421051
2.3333333333333336e-05,4.777777777777778,0.009205859984657661,6.444444444444445,7.63157894736842
3e-05,4.333333333333333,0.009205872927947,11.88888888888889,9.526315789473683
3.666666666666667e-05,5.666666666666666,0.00920609274119725,1.0,10.0
3.9999999999999996e-05,6.555555555555555,0.009206489118283681,22.77777777777778,6.2105263157894735
3.9999999999999996e-05,6.555555555555555,0.009206750868818383,50.0,6.2105263157894735
3.9999999999999996e-05,6.555555555555555,0.009206753397093998,44.55555555555556,6.2105263157894735
3.9999999999999996e-05,6.555555555555555,0.009206760273208891,39.111111111111114,6.2105263157894735
3.9999999999999996e-05,6.555555555555555,0.009206768170688485,28.22222222222222,6.2105263157894735
3.9999999999999996e-05,6.555555555555555,0.009206773861860343,33.66666666666667,6.2105263157894735
