,5/1/2023 3:00,5/1/2023 3:15,5/1/2023 3:30,5/1/2023 3:45,5/1/2023 4:00,5/1/2023 4:15,5/1/2023 4:30,5/1/2023 4:45,5/1/2023 5:00,5/1/2023 5:15,5/1/2023 5:30,5/1/2023 5:45,5/1/2023 6:00,5/1/2023 6:15,5/1/2023 6:30,5/1/2023 6:45,5/1/2023 7:00,5/1/2023 7:15,5/1/2023 7:30,5/1/2023 7:45,5/1/2023 8:00,5/1/2023 8:15,5/1/2023 8:30,5/1/2023 8:45,5/1/2023 9:00,5/1/2023 9:15,5/1/2023 9:30,5/1/2023 9:45,5/1/2023 10:00,5/1/2023 10:15,5/1/2023 10:30,5/1/2023 10:45,5/1/2023 11:00,5/1/2023 11:15,5/1/2023 11:30,5/1/2023 11:45,5/1/2023 12:00,5/1/2023 12:15,5/1/2023 12:30,5/1/2023 12:45,5/1/2023 13:00,5/1/2023 13:15,5/1/2023 13:30,5/1/2023 13:45,5/1/2023 14:00,5/1/2023 14:15,5/1/2023 14:30,5/1/2023 14:45,5/1/2023 15:00,5/1/2023 15:15,5/1/2023 15:30,5/1/2023 15:45,5/1/2023 17:00,5/1/2023 17:15,5/1/2023 17:30,5/1/2023 17:45,5/1/2023 18:00,5/1/2023 18:15,5/1/2023 18:30,5/1/2023 18:45,5/1/2023 19:00,5/1/2023 19:15,5/1/2023 19:30,5/1/2023 19:45,5/1/2023 20:00,5/1/2023 20:15,5/1/2023 20:30,5/1/2023 20:45,5/1/2023 21:00,5/1/2023 21:15,5/1/2023 21:30,5/1/2023 21:45,5/1/2023 22:00,5/1/2023 22:15,5/1/2023 22:30,5/1/2023 22:45,5/1/2023 23:00,5/1/2023 23:15,5/1/2023 23:30,5/1/2023 23:45,5/2/2023 0:00,5/2/2023 0:15,5/2/2023 0:30,5/2/2023 0:45,5/2/2023 1:00,5/2/2023 1:15,5/2/2023 1:30,5/2/2023 1:45,5/2/2023 2:00,5/2/2023 2:15,5/2/2023 2:30,5/2/2023 2:45,5/2/2023 3:00,5/2/2023 3:15,5/2/2023 3:30,5/2/2023 3:45,5/2/2023 4:00,5/2/2023 4:15,5/2/2023 4:30,5/2/2023 4:45,5/2/2023 5:00,5/2/2023 5:15,5/2/2023 5:30,5/2/2023 5:45,5/2/2023 6:00,5/2/2023 6:15,5/2/2023 6:30,5/2/2023 6:45,5/2/2023 7:00,5/2/2023 7:15,5/2/2023 7:30,5/2/2023 7:45,5/2/2023 8:00,5/2/2023 8:15,5/2/2023 8:30,5/2/2023 8:45,5/2/2023 9:00,5/2/2023 9:15,5/2/2023 9:30,5/2/2023 9:45,5/2/2023 10:00,5/2/2023 10:15,5/2/2023 10:30,5/2/2023 10:45,5/2/2023 11:00,5/2/2023 11:15,5/2/2023 11:30,5/2/2023 11:45,5/2/2023 12:00,5/2/2023 12:15,5/2/2023 12:30,5/2/2023 12:45,5/2/2023 13:00,5/2/2023 13:15,5/2/2023 13:30,5/2/2023 13:45,5/2/2023 14:00,5/2/2023 14:15,5/2/2023 14:30,5/2/2023 14:45,5/2/2023 15:00,5/2/2023 15:15,5/2/2023 15:30,5/2/2023 15:45,5/2/2023 16:00,5/2/2023 16:15,5/2/2023 16:30,5/2/2023 16:45,5/2/2023 17:00,5/2/2023 17:15,5/2/2023 17:30,5/2/2023 17:45,5/2/2023 18:00,5/2/2023 18:15,5/2/2023 18:30,5/2/2023 18:45,5/2/2023 19:00,5/2/2023 19:15,5/2/2023 19:30,5/2/2023 19:45,5/2/2023 20:00,5/2/2023 20:15,5/2/2023 20:30,5/2/2023 20:45,5/2/2023 21:00,5/2/2023 21:15,5/2/2023 21:30,5/2/2023 21:45,5/2/2023 22:00,5/2/2023 22:15,5/2/2023 22:30,5/2/2023 22:45,5/2/2023 23:00,5/2/2023 23:15,5/2/2023 23:30,5/2/2023 23:45,5/3/2023 0:00,5/3/2023 0:15,5/3/2023 0:30,5/3/2023 0:45,5/3/2023 1:00,5/3/2023 1:15,5/3/2023 1:30,5/3/2023 1:45,5/3/2023 2:00,5/3/2023 2:15,5/3/2023 2:30,5/3/2023 2:45,5/3/2023 3:00,5/3/2023 3:15,5/3/2023 3:30,5/3/2023 3:45,5/3/2023 4:00,5/3/2023 4:15,5/3/2023 4:30,5/3/2023 4:45,5/3/2023 5:00,5/3/2023 5:15,5/3/2023 5:30,5/3/2023 5:45,5/3/2023 6:00,5/3/2023 6:15,5/3/2023 6:30,5/3/2023 6:45,5/3/2023 7:00,5/3/2023 7:15,5/3/2023 7:30,5/3/2023 7:45,5/3/2023 8:00,5/3/2023 8:15,5/3/2023 8:30,5/3/2023 8:45,5/3/2023 9:00,5/3/2023 9:15,5/3/2023 9:30,5/3/2023 9:45,5/3/2023 10:00,5/3/2023 10:15,5/3/2023 10:30,5/3/2023 10:45,5/3/2023 11:00,5/3/2023 11:15,5/3/2023 11:30,5/3/2023 11:45,5/3/2023 12:00,5/3/2023 12:15,5/3/2023 12:30,5/3/2023 12:45,5/3/2023 13:00,5/3/2023 13:15,5/3/2023 13:30,5/3/2023 13:45,5/3/2023 14:00,5/3/2023 14:15,5/3/2023 14:30,5/3/2023 14:45,5/3/2023 15:00,5/3/2023 15:15,5/3/2023 15:30,5/3/2023 15:45,5/3/2023 16:00,5/3/2023 16:15,5/3/2023 16:30,5/3/2023 16:45,5/3/2023 17:00,5/3/2023 17:15,5/3/2023 17:30,5/3/2023 17:45,5/3/2023 18:00,5/3/2023 18:15,5/3/2023 18:30,5/3/2023 18:45,5/3/2023 19:00,5/3/2023 19:15,5/3/2023 19:30,5/3/2023 19:45,5/3/2023 20:00,5/3/2023 20:15,5/3/2023 20:30,5/3/2023 20:45,5/3/2023 21:00,5/3/2023 21:15,5/3/2023 21:30,5/3/2023 21:45,5/3/2023 22:00,5/3/2023 22:15,5/3/2023 22:30,5/3/2023 22:45,5/3/2023 23:00,5/3/2023 23:15,5/3/2023 23:30,5/3/2023 23:45,5/4/2023 0:00,5/4/2023 0:15,5/4/2023 0:30,5/4/2023 0:45,5/4/2023 1:00,5/4/2023 1:15,5/4/2023 1:30,5/4/2023 1:45,5/4/2023 2:00,5/4/2023 2:15,5/4/2023 2:30,5/4/2023 2:45,5/4/2023 3:00,5/4/2023 3:15,5/4/2023 3:30,5/4/2023 3:45,5/4/2023 4:00,5/4/2023 4:15,5/4/2023 4:30,5/4/2023 4:45,5/4/2023 5:00,5/4/2023 5:15,5/4/2023 5:30,5/4/2023 5:45,5/4/2023 6:00,5/4/2023 6:15,5/4/2023 6:30,5/4/2023 6:45,5/4/2023 7:00,5/4/2023 7:15,5/4/2023 7:30,5/4/2023 7:45,5/4/2023 8:00,5/4/2023 8:15,5/4/2023 8:30,5/4/2023 8:45,5/4/2023 9:00,5/4/2023 9:15,5/4/2023 9:30,5/4/2023 9:45,5/4/2023 10:00,5/4/2023 10:15,5/4/2023 10:30,5/4/2023 10:45,5/4/2023 11:00,5/4/2023 11:15,5/4/2023 11:30,5/4/2023 11:45,5/4/2023 12:00,5/4/2023 12:15,5/4/2023 12:30,5/4/2023 12:45,5/4/2023 13:00,5/4/2023 13:15,5/4/2023 13:30,5/4/2023 13:45,5/4/2023 14:00,5/4/2023 14:15,5/4/2023 14:30,5/4/2023 14:45,5/4/2023 15:00,5/4/2023 15:15,5/4/2023 15:30,5/4/2023 15:45,5/4/2023 16:00,5/4/2023 16:15,5/4/2023 16:30,5/4/2023 16:45,5/4/2023 17:00,5/4/2023 17:15,5/4/2023 17:30,5/4/2023 17:45,5/4/2023 18:00,5/4/2023 18:15,5/4/2023 18:30,5/4/2023 18:45,5/4/2023 19:00,5/4/2023 19:15,5/4/2023 19:30,5/4/2023 19:45,5/4/2023 20:00,5/4/2023 20:15,5/4/2023 20:30,5/4/2023 20:45,5/4/2023 21:00,5/4/2023 21:15,5/4/2023 21:30,5/4/2023 21:45,5/4/2023 22:00,5/4/2023 22:15,5/4/2023 22:30,5/4/2023 22:45,5/4/2023 23:00,5/4/2023 23:15,5/4/2023 23:30,5/4/2023 23:45,5/5/2023 0:00,5/5/2023 0:15,5/5/2023 0:30,5/5/2023 0:45,5/5/2023 1:00,5/5/2023 1:15,5/5/2023 1:30,5/5/2023 1:45,5/5/2023 2:00,5/5/2023 2:15,5/5/2023 2:30,5/5/2023 2:45,5/5/2023 3:00,5/5/2023 3:15,5/5/2023 3:30,5/5/2023 3:45,5/5/2023 4:00,5/5/2023 4:15,5/5/2023 4:30,5/5/2023 4:45,5/5/2023 5:00,5/5/2023 5:15,5/5/2023 5:30,5/5/2023 5:45,5/5/2023 6:00,5/5/2023 6:15,5/5/2023 6:30,5/5/2023 6:45,5/5/2023 7:00,5/5/2023 7:15,5/5/2023 7:30,5/5/2023 7:45,5/5/2023 8:00,5/5/2023 8:15,5/5/2023 8:30,5/5/2023 8:45,5/5/2023 9:00,5/5/2023 9:15,5/5/2023 9:30,5/5/2023 9:45,5/5/2023 10:00,5/5/2023 10:15,5/5/2023 10:30,5/5/2023 10:45,5/5/2023 11:00,5/5/2023 11:15,5/5/2023 11:30,5/5/2023 11:45,5/5/2023 12:00,5/5/2023 12:15,5/5/2023 12:30,5/5/2023 12:45,5/5/2023 13:00,5/5/2023 13:15,5/5/2023 13:30,5/5/2023 13:45,5/5/2023 14:00,5/5/2023 14:15,5/5/2023 14:30,5/5/2023 14:45,5/5/2023 15:00,5/5/2023 15:15,5/5/2023 15:30,5/5/2023 15:45,5/5/2023 16:00,5/5/2023 16:15,5/5/2023 16:30,5/5/2023 16:45,5/5/2023 17:00,5/5/2023 17:15,5/5/2023 17:30,5/5/2023 17:45
max_amp,0.010100243,0.009600243,0.009100243,0.008900243,0.008700243,0.008500243,0.008300243,0.008100243,0.007900243,0.007700243,0.007500243,0.007300243,0.007100243,0.006900243,0.006700243,0.006500243,0.006300243,0.006100243,0.005900243,0.005700243,0.005500243,0.005300243,0.005100243,0.004900243,0.004700243,0.004500243,0.004497269,0.004642047,0.004546478,0.004463406,0.004548181,0.004341929,0.004583398,0.004658655,0.004462555,0.004565498,0.004670404,0.004537464,0.004808302,0.004722255,0.004822583,0.00521805,0.004899754,0.004879139,0.005169946,0.005223482,0.005334289,0.005279072,0.00503132,0.005309611,0.00542184,0.005327877,0.005309588,0.005509463,0.005307397,0.005296961,0.005387097,0.00528224,0.005107594,0.005273632,0.005759019,0.005490658,0.005511538,0.005407659,0.005448933,0.00520652,0.005271259,0.005364325,0.005241515,0.005302498,0.005305263,0.005013173,0.007283756,0.007035941,0.007491273,0.007297067,0.006986223,0.007254053,0.007470446,0.007244013,0.007409963,0.007328234,0.007339211,0.007112332,0.006775311,0.006979858,0.00681683,0.006980109,0.006750511,0.007022973,0.006974783,0.007094382,0.006994545,0.006875969,0.006772409,0.00704887,0.00701389,0.006942675,0.007217513,0.006972272,0.006761126,0.00680198,0.00645308,0.006786022,0.006632357,0.006870649,0.006486367,0.006419258,0.006519994,0.006045122,0.006473453,0.006593661,0.006753133,0.006457514,0.006861452,0.006496159,0.006493314,0.006675221,0.006709893,0.006391474,0.006583547,0.006601431,0.00646906,0.006945616,0.00706763,0.006317361,0.006596607,0.006826863,0.006558834,0.006559071,0.00679234,0.007088587,0.007113825,0.007009671,0.007050878,0.006961248,0.00683747,0.00693695,0.006893582,0.007144953,0.007103257,0.009870322,0.01225004,0.010842123,0.010891971,0.011991874,0.011198565,0.0121648,0.014029482,0.009229082,0.009293028,0.007478871,0.007509997,0.008137047,0.007484781,0.007669109,0.007362039,0.007256345,0.007431729,0.007516426,0.007376178,0.007204992,0.007141729,0.007037529,0.007024214,0.007159582,0.006963369,0.007335158,0.007302662,0.006998427,0.006860941,0.006933432,0.007105764,0.006553792,0.006901284,0.006648031,0.006735454,0.006342255,0.006858841,0.006663282,0.009145923,0.00743845,0.006267348,0.006045122,0.006473453,0.006593661,0.007105764,0.006553792,0.006901284,0.006648031,0.007159582,0.006963369,0.007335158,0.007302662,0.006998427,0.006860941,0.006391474,0.006583547,0.006601431,0.00646906,0.006963369,0.007335158,0.007302662,0.006998427,0.006860941,0.006933432,0.007105764,0.006553792,0.006901284,0.006648031,0.007159582,0.006963369,0.007335158,0.007302662,0.006998427,0.006860941,0.006933432,0.011411544,0.011288318,0.008796661,0.011261313,0.011069576,0.010127766,0.011092462,0.009143715,0.009852913,0.010076853,0.009613105,0.00921581,0.010255793,0.009377565,0.009640237,0.009450162,0.010582059,0.009988532,0.008946942,0.008602089,0.0086596,0.008810475,0.008247955,0.00799897,0.00828813,0.008011203,0.008665521,0.008992981,0.009827976,0.0090847,0.0091495,0.009280875,0.008634474,0.00906208,0.008318743,0.008996489,0.009883934,0.008551447,0.008682271,0.008396677,0.008884908,0.008169819,0.008024786,0.009660304,0.008942081,0.008300228,0.009898004,0.008996552,0.008590241,0.008942041,0.008936937,0.009194574,0.008423947,0.009994606,0.00932014,0.008577342,0.008732071,0.008372615,0.0097239,0.008320278,0.008181101,0.009371445,0.009939487,0.009607859,0.009301957,0.008483517,0.009471676,0.009366533,0.008456398,0.009101928,0.00890266,0.008946942,0.008602089,0.010833743,0.009967983,0.010985275,0.008645635,0.008725489,0.009716392,0.008275865,0.010325344,0.008667839,0.010446267,0.010328341,0.008559992,0.00951937,0.009979136,0.008891101,0.011190432,0.00969374,0.009125621,0.010213348,0.010583419,0.011579007,0.010902219,0.012971493,0.010952458,0.010658752,0.011513026,0.01093111,0.012351297,0.010957766,0.011161552,0.012613524,0.009906466,0.012458708,0.00949818,0.011411544,0.011288318,0.008796661,0.011261313,0.011069576,0.010127766,0.011092462,0.009143715,0.009852913,0.010076853,0.009613105,0.00921581,0.010255793,0.009377565,0.009640237,0.009450162,0.010582059,0.009988532,0.009097559,0.009506227,0.009396985,0.009704788,0.009229082,0.009293028,0.008268457,0.008370714,0.008506261,0.008657014,0.00878618,0.008142784,0.008365397,0.008395323,0.008627008,0.008665903,0.008212092,0.008628264,0.008062926,0.0086596,0.008810475,0.008247955,0.00799897,0.00828813,0.008011203,0.008665521,0.008386484,0.008880815,0.007913451,0.008487333,0.00982562,0.00805214,0.008611976,0.009216924,0.009096759,0.008867529,0.009838842,0.008541612,0.008702326,0.009357368,0.008836897,0.008848633,0.008805937,0.00908347,0.009014334,0.008999381,0.009797253,0.008786142,0.009195189,0.008371986,0.009438696,0.009320163,0.009933489,0.009870322,0.008882081,0.009248055,0.008848633,0.008805937,0.00908347,0.009014334,0.008999381,0.009797253,0.008786142,0.009195189,0.008371986,0.009438696,0.009320163,0.009320163,0.009933489,0.0086596,0.009870322,0.008882081,0.009248055,0.00828813,0.008810475,0.008247955,0.009229082,0.009293028,0.008268457,0.008370714,0.008506261,0.008657014,0.00878618,0.008142784,0.008365397,0.008395323,0.008627008,0.008665903,0.008212092,0.008628264,0.008062926,0.0086596,0.008810475,0.008247955,0.00799897,0.00828813,0.008011203,
mean_amp,0.004445932,0.004329119,0.00432069,0.004272683,0.004437488,0.004308278,0.004241029,0.004445641,0.00430193,0.004085179,0.003769069,0.003814784,0.00388483,0.003780708,0.003811036,0.003783614,0.003854906,0.003798408,0.003739362,0.003731166,0.003700399,0.003772276,0.003750401,0.003802318,0.003763312,0.003824186,0.003901257,0.003859599,0.00400016,0.003978096,0.003930225,0.003790636,0.003902185,0.004044367,0.0038377,0.00394416,0.004026222,0.004089455,0.004052293,0.004122037,0.004131708,0.0043495,0.004311048,0.004408818,0.004425383,0.0044666,0.004519854,0.004523758,0.004604431,0.004659622,0.00458572,0.004712669,0.004765284,0.00471333,0.004810476,0.004700428,0.004678498,0.004749883,0.004634968,0.004667622,0.004900522,0.004726019,0.0048864,0.004933457,0.004857217,0.004745292,0.004743039,0.004828354,0.004728554,0.004673435,0.004644695,0.004575444,0.006315697,0.006272684,0.006439084,0.006395475,0.006376829,0.006392668,0.006409298,0.006385771,0.006356664,0.006348344,0.006404163,0.006291672,0.006237715,0.006229517,0.006231147,0.006135388,0.006197764,0.006213619,0.006170181,0.006243036,0.006268243,0.006160304,0.006104005,0.006133221,0.006019035,0.006131797,0.006089565,0.006027473,0.005996046,0.006124841,0.005875386,0.005810269,0.005788492,0.005816499,0.005691326,0.00567695,0.005651796,0.005573474,0.005734265,0.005685024,0.005792924,0.00577093,0.005819437,0.005740093,0.005669195,0.005799725,0.00575508,0.00568836,0.005840357,0.005804709,0.005750465,0.005836152,0.005962786,0.005790238,0.00582607,0.005894587,0.005903346,0.005908996,0.005857782,0.005871976,0.005899729,0.005995638,0.006128405,0.006055207,0.006116697,0.006141691,0.006204659,0.006232919,0.006295896,0.006389082,0.006785767,0.006701889,0.006750775,0.006569063,0.006618141,0.00673855,0.006750272,0.006701197,0.006466746,0.006737297,0.006677858,0.006725059,0.006631797,0.006475385,0.006609285,0.006620294,0.006532255,0.00645701,0.006537723,0.006496148,0.006437442,0.006318641,0.006232946,0.006249495,0.006266171,0.006079424,0.006067407,0.006135578,0.005922933,0.006160353,0.005959763,0.00585718,0.006146559,0.005633778,0.005581369,0.005572316,0.005729642,0.005730449,0.006515358,0.006312842,0.00492371,0.002973256,0.002917236,0.002915105,0.002990268,0.002887594,0.002878533,0.002890553,0.002931443,0.002957051,0.002905966,0.00294101,0.002985917,0.002883174,0.002856998,0.002819394,0.002905595,0.002803232,0.002721237,0.002748441,0.002784574,0.002752185,0.002760968,0.002784674,0.002744676,0.002711807,0.002726,0.002655461,0.002662405,0.002717296,0.002688175,0.002724953,0.002692767,0.002731646,0.002645935,0.002642613,0.002644461,0.002660917,0.00264153,0.002641447,0.002533647,0.002627534,0.002680822,0.002694333,0.002745438,0.002741325,0.002843488,0.002829671,0.002870822,0.002912716,0.002939108,0.003099698,0.003138848,0.00325367,0.003353949,0.00336032,0.003398771,0.003446278,0.003326087,0.003463619,0.004930847,0.008106253,0.007317096,0.007653515,0.007294046,0.007672848,0.007579411,0.007484869,0.007457271,0.007217995,0.007663578,0.007777908,0.007301099,0.007332041,0.007232596,0.007087431,0.006955639,0.007078054,0.006876697,0.007400437,0.007111599,0.007396238,0.007292604,0.007346181,0.007244345,0.007222929,0.007196244,0.007232458,0.00728023,0.007301171,0.007157366,0.007282196,0.007146972,0.007264833,0.007068345,0.007089619,0.007127004,0.007144302,0.007079841,0.007035335,0.006979722,0.007178669,0.007228065,0.006973321,0.007092835,0.006952237,0.007045633,0.007213203,0.007124726,0.007197212,0.007101123,0.007034501,0.007060934,0.00705388,0.007042959,0.007069064,0.006947261,0.007088469,0.007162889,0.007040917,0.007176316,0.007089795,0.007157575,0.007196409,0.007224998,0.007265071,0.00722342,0.007406877,0.007433925,0.007448248,0.007752509,0.007552107,0.007607548,0.007697663,0.007578724,0.007997723,0.008041013,0.008077134,0.007868581,0.007997527,0.008077439,0.00787673,0.0079528,0.008193998,0.007625969,0.007799777,0.008001909,0.008058324,0.00789971,0.007599021,0.007862144,0.007722984,0.00778611,0.007784792,0.008002066,0.007832018,0.007965206,0.007957363,0.00776507,0.007726372,0.007881339,0.007833429,0.007833373,0.007832293,0.007688466,0.007728515,0.007123075,0.006900105,0.006914721,0.006922326,0.006841283,0.006893693,0.006920918,0.006894972,0.00703482,0.006960504,0.006845836,0.006999272,0.006855478,0.007009224,0.00673075,0.006701418,0.006704381,0.006633453,0.006729367,0.006596187,0.006717348,0.006917954,0.006739536,0.006805411,0.007035033,0.006933606,0.0068549,0.006842771,0.007046452,0.007070698,0.007001025,0.00704765,0.00699975,0.007035367,0.007126431,0.007045558,0.007174444,0.007284123,0.007169062,0.007058156,0.007134916,0.007184,0.007302559,0.007011831,0.007236166,0.00731504,0.00747116,0.007234104,0.007248998,0.007166624,0.007335651,0.007582356,0.007593615,0.00777768,0.007588874,0.00757842,0.007916515,0.008713826,0.008193741,0.00828249,0.007690625,0.00851364,0.008198997,0.008584783,0.008494923,0.008784924,0.00871203,0.008808186,0.009175779,0.009343806,0.009318853,0.008710672,0.008290626,0.008443347,0.008719571,0.00852443,0.008279725,0.008348462,0.008605322,0.008602969,0.008425957,0.008498289,0.008694162,0.008135013,0.007595742,0.008044269,0.008017083,0.007786894,0.007666394,0.007670262,0.007489654,0.010841337
median_amp,0.004420389,0.004334071,0.004315312,0.004245577,0.004455854,0.004318947,0.00424122,0.004406136,0.004246775,0.004079485,0.003763242,0.003792259,0.00386602,0.003799884,0.003782512,0.003768166,0.003861932,0.003743943,0.003723175,0.003660564,0.003659106,0.003740454,0.003752908,0.00379157,0.003749058,0.00382365,0.003828955,0.003893984,0.004011077,0.003989819,0.003933834,0.003787426,0.003857951,0.004010994,0.003828054,0.003938627,0.004040215,0.004048711,0.004035036,0.004088709,0.004096684,0.004336249,0.004281964,0.004423896,0.004417317,0.004449673,0.004506337,0.004507485,0.004584779,0.004662014,0.004565092,0.004724667,0.004796064,0.004689515,0.004815798,0.004661084,0.004686371,0.004712678,0.004638301,0.004691735,0.004871461,0.004703476,0.004902096,0.004933685,0.004869386,0.004734784,0.004757948,0.004838716,0.004687647,0.004664794,0.004627115,0.004598226,0.006347784,0.00623965,0.006404779,0.006313415,0.00637217,0.00637968,0.00638741,0.006429877,0.006399575,0.006341885,0.006399065,0.00627754,0.006215907,0.006233975,0.006226405,0.006071059,0.006169463,0.006264496,0.006166502,0.006204246,0.006208289,0.006178582,0.006064508,0.006151702,0.005966476,0.00617622,0.006063905,0.006016142,0.006028262,0.006134855,0.005878299,0.005825223,0.005735625,0.005798287,0.00567175,0.005696909,0.005662675,0.005586256,0.005768815,0.005704778,0.005752589,0.005739884,0.005783957,0.005751893,0.005667067,0.005770783,0.005750086,0.005643878,0.005822772,0.00572613,0.005745863,0.005835011,0.005970753,0.005804141,0.005817132,0.005947753,0.00589958,0.00588101,0.005841475,0.00580395,0.005834868,0.0060041,0.006096611,0.006048509,0.006101755,0.006177953,0.006164912,0.006202875,0.006347177,0.006312122,0.006795855,0.00665613,0.006722241,0.006496421,0.006619228,0.006665361,0.006787849,0.006679928,0.006521756,0.006714035,0.006635893,0.006706586,0.006635402,0.006450267,0.006617616,0.006650403,0.006486086,0.006431222,0.006507202,0.006435387,0.006431318,0.006231615,0.006210575,0.006267093,0.006250658,0.006028733,0.006110235,0.006145747,0.005873627,0.006161196,0.005936327,0.005850141,0.006172288,0.00559175,0.005564939,0.005606596,0.005748511,0.005744656,0.006431997,0.006301852,0.004905356,0.002953921,0.002912726,0.002917389,0.002972934,0.002897291,0.002849644,0.002867355,0.002921458,0.002967175,0.002866136,0.002916945,0.002951205,0.002886366,0.002839021,0.002793056,0.002889878,0.002810048,0.002722332,0.002728208,0.002791615,0.002750289,0.002749856,0.002790245,0.002759825,0.002672331,0.002708846,0.002621327,0.002631385,0.002736058,0.00267461,0.002720762,0.002667293,0.002708089,0.002616062,0.002613402,0.00260549,0.002615907,0.002631,0.002643404,0.002538921,0.002616214,0.002661521,0.002719548,0.002758347,0.002741133,0.002838089,0.002807247,0.002869138,0.002927229,0.002944773,0.003080412,0.003114101,0.003239517,0.003326554,0.003334131,0.003391372,0.003418707,0.003268326,0.003499864,0.004641355,0.007970525,0.007202298,0.007583666,0.007238166,0.00759871,0.007514816,0.007433263,0.007426613,0.007199613,0.007614411,0.007773498,0.007325707,0.007333405,0.007240885,0.007023067,0.006945606,0.007062566,0.006718767,0.007372168,0.007085003,0.007340087,0.007298291,0.007270154,0.007151895,0.007245856,0.007131242,0.0072498,0.007221919,0.007222043,0.007172231,0.007192399,0.00711865,0.007259352,0.007042873,0.006984496,0.007022919,0.007049158,0.006936047,0.006957778,0.006938397,0.006999806,0.007042348,0.006885133,0.00685777,0.006931313,0.00704818,0.007116132,0.007013134,0.00711256,0.007010307,0.006969275,0.007002959,0.006936284,0.006991078,0.006993763,0.007009597,0.006905152,0.007017178,0.00694143,0.007223458,0.006925393,0.007020156,0.006940274,0.007071634,0.007363436,0.007067056,0.007199625,0.007353215,0.007252416,0.007544364,0.007245877,0.007398802,0.007452676,0.007575605,0.007867602,0.00792244,0.007897534,0.007670243,0.007904894,0.007784228,0.007922581,0.007680014,0.007960448,0.007542365,0.00775034,0.007959485,0.008089936,0.007816081,0.007544503,0.007794743,0.007628947,0.007740236,0.007673404,0.007935083,0.007779345,0.007784657,0.007898325,0.007692346,0.007644736,0.007834905,0.007787771,0.007841146,0.007721822,0.007721425,0.007664532,0.006994261,0.006830608,0.006958577,0.006870633,0.00672332,0.006905517,0.006922369,0.006876352,0.006977847,0.006913207,0.006832653,0.007110182,0.006937581,0.006960872,0.006778725,0.006610797,0.006573512,0.006548767,0.006752451,0.00659046,0.006747454,0.006778436,0.006707543,0.006826402,0.006992547,0.006901939,0.006829789,0.006689438,0.007041287,0.006891768,0.006887284,0.007065013,0.006913155,0.006882834,0.007116659,0.007029008,0.007160828,0.007385762,0.007073041,0.007065514,0.00698976,0.007119617,0.007282501,0.00699043,0.007117913,0.007127525,0.007249167,0.007091409,0.00722896,0.007055656,0.007163329,0.007601127,0.007381406,0.007630345,0.007478848,0.007407235,0.007638689,0.008672148,0.008062215,0.008143029,0.007526015,0.008402707,0.008030192,0.008397061,0.008405084,0.008505673,0.008543616,0.008916864,0.009135257,0.009376975,0.009583391,0.00873641,0.007997573,0.008611049,0.008696806,0.008451092,0.008246618,0.008306946,0.008615543,0.008507366,0.008232375,0.008388951,0.008718785,0.008108384,0.007557131,0.007829714,0.008041375,0.00787109,0.007618952,0.007555055,0.007335542,0.009321247
impulses_ch6,0,0,0,0,0,0,0,0,0,0,0,0,0,0,0,0,0,0,0,0,0,0,0,0,0,0,0,0,0,0,0,0,0,0,0,0,0,0,0,0,0,0,0,0,0,0,0,0,0,0,0,0,0,0,0,0,0,0,0,0,0,0,0,0,0,0,0,0,0,0,0,0,0,0,0,0,0,0,0,0,0,0,0,0,0,0,0,0,0,0,0,0,0,0,0,0,0,0,0,0,0,0,0,0,0,0,0,0,0,0,0,0,0,0,0,0,0,0,0,0,0,0,0,0,0,0,0,0,0,0,0,0,0,0,0,0,0,0,0,0,0,0,0,0,0,0,0,0,0,0,0,0,0,0,0,0,0,0,0,0,0,0,0,0,0,0,0,0,0,0,0,0,0,0,0,0,0,0,0,0,0,0,0,0,0,0,0,0,0,0,0,0,0,0,0,0,0,0,0,0,0,0,0,0,0,0,0,0,0,0,0,0,0,0,0,0,0,0,0,0,0,0,0,0,0,0,0,0,0,0,0,0,0,0,0,0,0,0,0,0,0,0,0,0,0,0,0,0,0,0,0,0,0,0,0,0,0,0,0,0,0,0,0,0,0,0,0,0,0,0,0,0,0,0,0,0,0,0,0,0,0,0,0,0,0,0,0,0,0,0,0,0,0,0,0,0,0,0,0,0,0,0,0,0,0,0,0,0,0,0,0,0,0,0,0,0,0,0,0,0,0,0,0,0,0,0,0,0,0,0,0,0,0,0,0,0,0,0,0,0,0,0,0,0,0,0,0,0,0,0,0,0,0,0,0,0,0,0,0,0,0,0,0,0,0,0,0,0,0,0,0,0,0,0,0,0,0,0,0,0,0,0,0,0,0,0,0,0,0,0,0,0,0,0,0,0,0,0,0,0,0,0,0,0,0,0,0,0,0,0,0,0,0,0,0,0,0,0,0,0,0,0,0,0,0,0,0,0,0,0,0,0,0,0,0,0,0,0,0,4
impulses_ch5,0,0,0,0,0,0,0,0,0,0,0,0,0,0,0,0,0,0,0,0,0,0,0,0,0,0,0,0,0,0,0,0,0,0,0,0,0,0,0,0,0,0,0,0,0,0,0,0,0,0,0,0,0,0,0,0,0,0,0,0,0,0,0,0,0,0,0,0,0,0,0,0,0,0,0,0,0,0,0,0,0,0,0,0,0,0,0,0,0,0,0,0,0,0,0,0,0,0,0,0,0,0,0,0,0,0,0,0,0,0,0,0,0,0,0,0,0,0,0,0,0,0,0,0,0,0,0,0,0,0,0,0,0,0,0,0,0,0,0,0,0,0,0,0,0,0,0,0,0,0,0,0,0,0,0,0,0,0,0,0,0,0,0,0,0,0,0,0,0,0,0,0,0,0,0,0,0,0,0,0,1,1,0,0,0,0,0,0,0,0,0,0,0,0,0,0,0,0,0,0,0,0,0,0,0,0,0,0,0,0,0,0,0,0,0,0,0,0,0,0,0,0,0,0,0,0,0,0,0,0,0,0,0,0,0,0,0,0,0,0,0,0,6,0,0,0,0,0,0,0,0,0,0,0,0,0,0,0,0,0,0,0,0,0,0,0,0,0,0,0,0,0,0,0,0,0,0,0,0,0,0,0,0,0,0,0,0,0,0,0,0,0,0,0,0,0,0,0,0,0,0,0,0,0,0,0,0,0,0,0,0,0,0,0,0,0,0,0,0,0,0,0,0,0,0,0,0,0,0,0,0,0,0,0,0,0,0,0,0,0,0,0,0,0,0,0,0,0,0,0,0,0,0,0,0,0,0,0,0,0,0,0,0,0,0,0,0,0,0,0,0,0,0,0,0,0,0,0,0,0,0,0,0,0,0,0,0,0,0,0,0,0,0,0,0,0,0,0,0,0,0,0,0,0,0,0,0,0,0,0,0,0,0,0,0,0,0,0,0,0,0,0,0,0,0,0,0,0,0,0,0,0,0,0,0,0,0,0,0,22
impulses_ch4,0,0,0,0,0,0,0,0,0,0,0,0,0,0,0,0,0,0,0,1,0,0,0,0,0,0,0,0,0,0,0,0,0,4,0,0,0,0,0,0,0,0,0,0,0,1,0,0,0,0,0,0,0,0,0,0,0,0,0,0,0,0,0,0,0,0,0,0,0,0,0,0,0,0,0,0,0,0,0,0,0,0,0,1,0,0,0,0,0,0,0,0,0,0,0,0,0,0,1,0,0,0,0,0,0,0,0,0,0,0,0,0,0,0,0,0,0,0,0,0,0,0,0,0,0,0,0,0,0,0,0,0,0,1,0,0,0,0,0,0,0,0,0,0,0,0,0,0,0,0,0,0,0,0,0,0,0,0,0,0,0,0,1,0,0,0,0,1,0,0,0,0,0,1,1,0,1,0,1,0,14,7,4,0,0,0,0,0,0,0,0,0,0,0,0,0,0,0,0,0,0,1,0,0,0,0,0,0,0,0,0,0,0,0,2,0,1,0,0,0,1,1,0,0,1,1,1,0,1,0,0,1,1,2,0,2,0,0,0,2,0,0,67,0,0,3,1,1,0,0,0,0,4,1,0,0,0,0,0,0,2,0,0,0,0,0,0,0,0,1,0,2,0,0,0,2,0,0,0,1,0,4,0,2,3,1,2,0,1,0,0,1,4,0,0,0,0,0,0,0,3,1,0,2,1,6,2,0,0,2,1,0,5,0,0,4,0,3,4,4,8,8,9,3,1,4,3,3,2,2,3,1,8,2,1,3,2,0,2,0,3,2,1,3,6,2,2,1,2,0,2,2,0,1,0,3,2,1,2,0,2,1,2,3,2,1,0,0,1,1,0,0,2,0,0,1,2,0,4,1,0,0,0,1,4,3,1,1,2,5,4,1,1,4,4,1,3,0,2,4,8,8,1,6,3,3,11,5,6,5,8,8,13,5,2,11,8,4,16,5,6,6,5,6,1,3,9,4,6,3,4,1,1,2,2,2,1,8,3,170
impulses_ch3,75,60,37,56,35,53,81,44,55,54,36,36,35,29,25,37,30,22,21,50,30,33,24,44,34,34,53,29,47,40,39,30,33,46,35,54,38,41,37,42,42,64,72,51,49,59,61,55,66,48,55,52,45,23,35,35,27,42,16,25,47,24,32,31,13,16,24,30,23,12,20,15,142,117,146,138,122,107,131,139,137,143,113,104,84,127,113,91,91,98,119,98,100,115,109,123,85,97,95,103,89,117,95,76,98,86,68,49,65,61,70,61,84,57,112,70,71,97,83,62,110,94,72,87,94,106,94,120,90,113,94,76,108,117,102,121,120,118,101,88,108,141,155,135,143,130,132,180,167,138,135,183,148,152,154,125,163,145,125,130,109,150,107,96,94,115,125,124,105,108,92,110,96,103,104,56,53,45,69,60,175,137,62,15,5,7,8,3,7,0,3,8,6,8,6,10,13,6,18,6,3,8,3,7,7,14,8,4,8,10,6,6,7,7,8,10,7,20,13,12,13,17,3,6,8,12,13,9,10,14,8,8,6,4,11,8,8,8,8,8,7,6,375,779,496,611,536,581,573,489,511,453,627,680,484,567,455,487,402,446,425,581,452,615,491,525,588,561,542,567,580,534,518,513,487,573,517,516,590,582,545,461,486,549,518,481,485,417,481,505,531,524,584,497,561,521,538,546,459,618,560,468,537,502,513,587,634,631,592,726,753,692,943,815,792,830,762,991,1138,1043,878,1008,1091,828,962,1159,782,812,843,874,872,674,818,730,796,799,859,875,923,855,809,806,825,823,878,807,733,788,606,504,507,532,598,454,550,530,522,566,445,595,497,572,472,451,428,419,440,378,463,533,467,477,568,498,467,495,649,656,556,571,556,629,584,603,702,745,667,540,624,628,794,609,678,733,839,652,698,618,779,859,853,958,847,845,1022,1640,1355,1358,1000,1446,1337,1414,1396,1648,1550,1644,1852,2150,2200,1442,1136,1360,1529,1374,1144,1225,1324,1266,1266,1315,1384,1024,773,993,975,826,801,819,720,2475
impulses_ch2,9069,7932,8439,7878,8188,7842,7566,9627,8128,7256,5889,5926,6790,5884,5843,5206,6165,5602,5955,5609,5682,6450,6182,6435,5986,6683,7642,7630,8407,8787,7385,8203,8723,9512,8346,9184,9782,10144,10767,10763,11440,11995,11993,12280,12398,12518,12560,12232,13111,13514,12934,13751,15281,15848,16007,14974,15298,15531,14616,15056,16536,15128,15604,16536,15940,15203,14878,15042,14553,14613,14413,13382,27994,28135,29159,28545,29025,29365,28766,29275,28627,28883,29270,28386,28158,28290,28311,27986,28248,28326,28320,28127,28780,27490,27781,27635,27808,28288,27931,27888,27180,28144,26830,26752,26277,26668,26403,25923,25589,25509,26142,25805,26380,26432,26210,26165,25698,26098,26375,25652,26573,26397,26357,26748,27139,26499,27080,27272,27290,27601,27284,27802,27402,27608,29007,28627,29345,28693,30009,29946,30510,30788,32907,32305,32429,31480,31887,32490,32824,32737,31370,32231,31793,31859,31606,30665,31652,31390,30645,30599,31132,30366,30472,29896,29224,29643,29549,28021,28113,28309,27503,29237,27329,26686,28751,25693,24942,25117,26742,26199,28633,28020,26142,25805,26380,26432,26210,26165,25698,26098,26375,25652,26573,26397,26357,26748,27139,26499,27080,27272,27290,27421,27123,28282,28165,27574,27490,27490,27957,28288,28066,28098,30510,30788,32907,32305,32429,31480,29643,29549,28021,28113,28309,27503,29237,27108,29090,28515,28909,28913,29258,27557,26876,27082,27569,27952,27540,26975,27794,27747,28282,28165,27574,27490,27490,27957,28288,28066,28098,31056,30664,29034,30516,30933,29643,29163,28944,27931,27890,28725,27108,29090,28515,28909,28913,29258,27891,28098,28251,27592,28490,28132,27902,28599,27571,28596,27791,27992,27738,27509,27569,27421,27123,28282,28165,27574,27490,27490,27957,28288,28066,28098,27676,27280,27704,27603,27197,27840,26794,27894,27940,28552,28248,28147,28020,28768,28386,28791,28544,29007,29378,29514,30239,30058,30696,30424,30196,31496,31557,31839,31082,31787,31572,31845,31549,32549,30322,31149,31897,32126,31304,30546,30993,30964,30478,30798,31660,30696,30933,31174,30565,30397,30726,30345,30070,30267,30185,29945,28406,27405,27563,27618,27163,27652,27290,27194,27726,27844,27091,27529,26988,27957,26323,26844,26691,26090,26869,26430,26970,27557,26876,27082,27569,27952,27540,26975,27794,27747,27683,27939,27939,27900,28224,27727,28521,28768,28054,28291,28593,28599,28522,27686,29027,28887,28915,28368,28530,28945,28587,29631,29712,30683,29597,30017,30870,33425,31537,32029,29799,32682,31952,33079,32959,33502,33372,33769,35172,35246,35145,34196,32998,34080,34621,33758,33261,33293,34320,34673,33838,33936,34509,33140,31569,32955,32998,31767,31873,31157,30555,
impulses_ch1,23976,24776,25576,26376,27176,28376,29576,30776,31976,33176,34376,35576,36776,37976,38876,39776,40676,41576,42476,43376,44276,45176,46076,46056,46024,45992,45960,45928,45896,45864,45832,45787,45742,45697,45652,45592,45532,45432,45332,45232,45082,44932,44782,44632,44482,44272,44062,43852,43384,42916,42448,41980,41413,40846,40279,39712,39145,38578,38011,37444,36877,36310,35743,35422,35101,34725,34349,33973,33597,33221,33215,32839,32463,32087,31520,26237,26015,26406,26074,26497,26330,26077,26654,26803,26717,26703,26915,26744,26693,26697,26823,26397,27239,27049,27144,27031,26718,26951,26979,27441,26812,27669,27720,28030,27775,27948,28261,28479,28531,28118,28338,27963,27929,28074,28103,28408,28147,27966,28438,27837,27952,27978,27723,27468,27885,27506,27381,27369,27166,27373,27035,27296,27162,26249,26497,26028,26454,25595,25636,25268,25087,23704,24097,24016,24635,24370,23976,23758,23815,24707,24145,24431,24388,24553,25167,24523,24694,25180,25210,24862,25362,25293,25669,26107,25834,25895,26892,26832,26704,27230,26099,27344,27763,26416,28411,28901,28787,27727,28081,26493,26893,28118,28338,27963,27929,28074,28103,28408,28147,27966,28438,27837,27952,27978,27723,27468,27885,27506,27381,27369,27284,27478,26722,26798,27184,27239,27239,26934,26718,26863,26842,25268,25087,23704,24097,24016,24635,25834,25895,26892,26832,26704,27230,26099,27488,26195,26570,26313,26310,26085,27195,27639,27505,27187,26937,27206,27575,27040,27071,26722,26798,27184,27239,27239,26934,26718,26863,26842,24912,25168,26231,25264,24992,25834,26147,26290,26951,26978,26433,27488,26195,26570,26313,26310,26085,26977,26842,26742,27172,26586,26820,26970,26515,27186,26517,27042,26911,27077,27226,27187,27284,27478,26722,26798,27184,27239,27239,26934,26718,26863,26842,27117,27376,27099,27165,27430,27010,27693,26975,26945,26546,26744,26810,26893,26405,26654,26390,26551,26249,26007,25918,25445,25563,25147,25324,25473,24625,24585,24401,24895,24435,24575,24397,24590,23938,25391,24851,24363,24214,24750,25245,24953,24972,25289,25080,24518,25147,24992,24835,25232,25342,25127,25376,25555,25427,25480,25637,26641,27294,27191,27155,27452,27133,27369,27432,27085,27008,27499,27213,27566,26934,28000,27660,27760,28152,27644,27930,27578,27195,27095,26992,26889,26786,26683,26580,26474,26348,26222,26086,25950,25814,25678,25542,25406,25270,25134,24998,24909,24820,24731,24642,24553,24464,24433,24379,24325,24271,24217,24163,24109,24055,24001,23947,23893,23839,23768,23697,23626,23537,23448,23359,23070,22981,22927,22873,22819,22765,22711,22657,23645,22939,22586,23149,23473,23452,22782,22552,23097,23033,22659,23552,24577,23673,23645,24448,24379,24846,25239,25239,
max_env_ch6,0,0,0,0,0,0,0,0,0,0,0,0,0,0,0,0,0,0,0,0,0,0,0,0,0,0,0,0,0,0,0,0,0,0,0,0,0,0,0,0,0,0,0,0,0,0,0,0,0,0,0,0,0,0,0,0,0,0,0,0,0,0,0,0,0,0,0,0,0,0,0,0,0,0,0,0,0,0,0,0,0,0,0,0,0,0,0,0,0,0,0,0,0,0,0,0,0,0,0,0,0,0,0,0,0,0,0,0,0,0,0,0,0,0,0,0,0,0,0,0,0,0,0,0,0,0,0,0,0,0,0,0,0,0,0,0,0,0,0,0,0,0,0,0,0,0,0,0,0,0,0,0,0,0,0,0,0,0,0,0,0,0,0,0,0,0,0,0,0,0,0,0,0,0,0,0,0,0,0,0,0,0,0,0,0,0,0,0,0,0,0,0,0,0,0,0,0,0,0,0,0,0,0,0,0,0,0,0,0,0,0,0,0,0,0,0,0,0,0,0,0,0,0,0,0,0,0,0,0,0,0,0,0,0,0,0,0,0,0,0,0,0,0,0,0,0,0,0,0,0,0,0,0,0,0,0,0,0,0,0,0,0,0,0,0,0,0,0,0,0,0,0,0,0,0,0,0,0,0,0,0,0,0,0,0,0,0,0,0,0,0,0,0,0,0,0,0,0,0,0,0,0,0,0,0,0,0,0,0,0,0,0,0,0,0,0,0,0,0,0,0,0,0,0,0,0,0,0,0,0,0,0,0,0,0,0,0,0,0,0,0,0,0,0,0,0,0,0,0,0,0,0,0,0,0,0,0,0,0,0,0,0,0,0,0,0,0,0,0,0,0,0,0,0,0,0,0,0,0,0,0,0,0,0,0,0,0,0,0,0,0,0,0,0,0,0,0,0,0,0,0,0,0,0,0,0,0,0,0,0,0,0,0,0,0,0,0,0,0,0,0,0,0,0,0,0,0,0,0,0,0,0,0,0,0,0,0,0,0,0.024150327
mean_env_ch6,0,0,0,0,0,0,0,0,0,0,0,0,0,0,0,0,0,0,0,0,0,0,0,0,0,0,0,0,0,0,0,0,0,0,0,0,0,0,0,0,0,0,0,0,0,0,0,0,0,0,0,0,0,0,0,0,0,0,0,0,0,0,0,0,0,0,0,0,0,0,0,0,0,0,0,0,0,0,0,0,0,0,0,0,0,0,0,0,0,0,0,0,0,0,0,0,0,0,0,0,0,0,0,0,0,0,0,0,0,0,0,0,0,0,0,0,0,0,0,0,0,0,0,0,0,0,0,0,0,0,0,0,0,0,0,0,0,0,0,0,0,0,0,0,0,0,0,0,0,0,0,0,0,0,0,0,0,0,0,0,0,0,0,0,0,0,0,0,0,0,0,0,0,0,0,0,0,0,0,0,0,0,0,0,0,0,0,0,0,0,0,0,0,0,0,0,0,0,0,0,0,0,0,0,0,0,0,0,0,0,0,0,0,0,0,0,0,0,0,0,0,0,0,0,0,0,0,0,0,0,0,0,0,0,0,0,0,0,0,0,0,0,0,0,0,0,0,0,0,0,0,0,0,0,0,0,0,0,0,0,0,0,0,0,0,0,0,0,0,0,0,0,0,0,0,0,0,0,0,0,0,0,0,0,0,0,0,0,0,0,0,0,0,0,0,0,0,0,0,0,0,0,0,0,0,0,0,0,0,0,0,0,0,0,0,0,0,0,0,0,0,0,0,0,0,0,0,0,0,0,0,0,0,0,0,0,0,0,0,0,0,0,0,0,0,0,0,0,0,0,0,0,0,0,0,0,0,0,0,0,0,0,0,0,0,0,0,0,0,0,0,0,0,0,0,0,0,0,0,0,0,0,0,0,0,0,0,0,0,0,0,0,0,0,0,0,0,0,0,0,0,0,0,0,0,0,0,0,0,0,0,0,0,0,0,0,0,0,0,0,0,0,0,0,0,0,0,0,0,0,0,0,0,0,0,0,0,0,0,0.02076278
median_env_ch6,0,0,0,0,0,0,0,0,0,0,0,0,0,0,0,0,0,0,0,0,0,0,0,0,0,0,0,0,0,0,0,0,0,0,0,0,0,0,0,0,0,0,0,0,0,0,0,0,0,0,0,0,0,0,0,0,0,0,0,0,0,0,0,0,0,0,0,0,0,0,0,0,0,0,0,0,0,0,0,0,0,0,0,0,0,0,0,0,0,0,0,0,0,0,0,0,0,0,0,0,0,0,0,0,0,0,0,0,0,0,0,0,0,0,0,0,0,0,0,0,0,0,0,0,0,0,0,0,0,0,0,0,0,0,0,0,0,0,0,0,0,0,0,0,0,0,0,0,0,0,0,0,0,0,0,0,0,0,0,0,0,0,0,0,0,0,0,0,0,0,0,0,0,0,0,0,0,0,0,0,0,0,0,0,0,0,0,0,0,0,0,0,0,0,0,0,0,0,0,0,0,0,0,0,0,0,0,0,0,0,0,0,0,0,0,0,0,0,0,0,0,0,0,0,0,0,0,0,0,0,0,0,0,0,0,0,0,0,0,0,0,0,0,0,0,0,0,0,0,0,0,0,0,0,0,0,0,0,0,0,0,0,0,0,0,0,0,0,0,0,0,0,0,0,0,0,0,0,0,0,0,0,0,0,0,0,0,0,0,0,0,0,0,0,0,0,0,0,0,0,0,0,0,0,0,0,0,0,0,0,0,0,0,0,0,0,0,0,0,0,0,0,0,0,0,0,0,0,0,0,0,0,0,0,0,0,0,0,0,0,0,0,0,0,0,0,0,0,0,0,0,0,0,0,0,0,0,0,0,0,0,0,0,0,0,0,0,0,0,0,0,0,0,0,0,0,0,0,0,0,0,0,0,0,0,0,0,0,0,0,0,0,0,0,0,0,0,0,0,0,0,0,0,0,0,0,0,0,0,0,0,0,0,0,0,0,0,0,0,0,0,0,0,0,0,0,0,0,0,0,0,0,0,0,0,0,0,0,0,0.019436476
max_env_ch5,0,0,0,0,0,0,0,0,0,0,0,0,0,0,0,0,0,0,0,0,0,0,0,0,0,0,0,0,0,0,0,0,0,0,0,0,0,0,0,0,0,0,0,0,0,0,0,0,0,0,0,0,0,0,0,0,0,0,0,0,0,0,0,0,0,0,0,0,0,0,0,0,0,0,0,0,0,0,0,0,0,0,0,0,0,0,0,0,0,0,0,0,0,0,0,0,0,0,0,0,0,0,0,0,0,0,0,0,0,0,0,0,0,0,0,0,0,0,0,0,0,0,0,0,0,0,0,0,0,0,0,0,0,0,0,0,0,0,0,0,0,0,0,0,0,0,0,0,0,0,0,0,0,0,0,0,0,0,0,0,0,0,0,0,0,0,0,0,0,0,0,0,0,0,0,0,0,0,0,0,0.029734845,0.029753798,0,0,0,0,0,0,0,0,0,0,0,0,0,0,0,0,0,0,0,0,0,0,0,0,0,0,0,0,0,0,0,0,0,0,0,0,0,0,0,0,0,0,0,0,0,0,0,0,0,0,0,0,0,0,0,0,0,0,0,0,0.032120447,0,0,0,0,0,0,0,0,0,0,0,0,0,0,0,0,0,0,0,0,0,0,0,0,0,0,0,0,0,0,0,0,0,0,0,0,0,0,0,0,0,0,0,0,0,0,0,0,0,0,0,0,0,0,0,0,0,0,0,0,0,0,0,0,0,0,0,0,0,0,0,0,0,0,0,0,0,0,0,0,0,0,0,0,0,0,0,0,0,0,0,0,0,0,0,0,0,0,0,0,0,0,0,0,0,0,0,0,0,0,0,0,0,0,0,0,0,0,0,0,0,0,0,0,0,0,0,0,0,0,0,0,0,0,0,0,0,0,0,0,0,0,0,0,0,0,0,0,0,0,0,0,0,0,0,0,0,0,0,0,0,0,0,0,0,0,0,0,0,0,0,0,0,0,0,0,0,0,0,0,0,0,0,0,0,0,0,0,0,0,0,0,0,0,0,0,0.144410345
mean_env_ch5,0,0,0,0,0,0,0,0,0,0,0,0,0,0,0,0,0,0,0,0,0,0,0,0,0,0,0,0,0,0,0,0,0,0,0,0,0,0,0,0,0,0,0,0,0,0,0,0,0,0,0,0,0,0,0,0,0,0,0,0,0,0,0,0,0,0,0,0,0,0,0,0,0,0,0,0,0,0,0,0,0,0,0,0,0,0,0,0,0,0,0,0,0,0,0,0,0,0,0,0,0,0,0,0,0,0,0,0,0,0,0,0,0,0,0,0,0,0,0,0,0,0,0,0,0,0,0,0,0,0,0,0,0,0,0,0,0,0,0,0,0,0,0,0,0,0,0,0,0,0,0,0,0,0,0,0,0,0,0,0,0,0,0,0,0,0,0,0,0,0,0,0,0,0,0,0,0,0,0,0,0.029734845,0.029753798,0,0,0,0,0,0,0,0,0,0,0,0,0,0,0,0,0,0,0,0,0,0,0,0,0,0,0,0,0,0,0,0,0,0,0,0,0,0,0,0,0,0,0,0,0,0,0,0,0,0,0,0,0,0,0,0,0,0,0,0,0.026563052,0,0,0,0,0,0,0,0,0,0,0,0,0,0,0,0,0,0,0,0,0,0,0,0,0,0,0,0,0,0,0,0,0,0,0,0,0,0,0,0,0,0,0,0,0,0,0,0,0,0,0,0,0,0,0,0,0,0,0,0,0,0,0,0,0,0,0,0,0,0,0,0,0,0,0,0,0,0,0,0,0,0,0,0,0,0,0,0,0,0,0,0,0,0,0,0,0,0,0,0,0,0,0,0,0,0,0,0,0,0,0,0,0,0,0,0,0,0,0,0,0,0,0,0,0,0,0,0,0,0,0,0,0,0,0,0,0,0,0,0,0,0,0,0,0,0,0,0,0,0,0,0,0,0,0,0,0,0,0,0,0,0,0,0,0,0,0,0,0,0,0,0,0,0,0,0,0,0,0,0,0,0,0,0,0,0,0,0,0,0,0,0,0,0,0,0,0.087267831
median_env_ch5,0,0,0,0,0,0,0,0,0,0,0,0,0,0,0,0,0,0,0,0,0,0,0,0,0,0,0,0,0,0,0,0,0,0,0,0,0,0,0,0,0,0,0,0,0,0,0,0,0,0,0,0,0,0,0,0,0,0,0,0,0,0,0,0,0,0,0,0,0,0,0,0,0,0,0,0,0,0,0,0,0,0,0,0,0,0,0,0,0,0,0,0,0,0,0,0,0,0,0,0,0,0,0,0,0,0,0,0,0,0,0,0,0,0,0,0,0,0,0,0,0,0,0,0,0,0,0,0,0,0,0,0,0,0,0,0,0,0,0,0,0,0,0,0,0,0,0,0,0,0,0,0,0,0,0,0,0,0,0,0,0,0,0,0,0,0,0,0,0,0,0,0,0,0,0,0,0,0,0,0,0.029734845,0.029753798,0,0,0,0,0,0,0,0,0,0,0,0,0,0,0,0,0,0,0,0,0,0,0,0,0,0,0,0,0,0,0,0,0,0,0,0,0,0,0,0,0,0,0,0,0,0,0,0,0,0,0,0,0,0,0,0,0,0,0,0,0.025139669,0,0,0,0,0,0,0,0,0,0,0,0,0,0,0,0,0,0,0,0,0,0,0,0,0,0,0,0,0,0,0,0,0,0,0,0,0,0,0,0,0,0,0,0,0,0,0,0,0,0,0,0,0,0,0,0,0,0,0,0,0,0,0,0,0,0,0,0,0,0,0,0,0,0,0,0,0,0,0,0,0,0,0,0,0,0,0,0,0,0,0,0,0,0,0,0,0,0,0,0,0,0,0,0,0,0,0,0,0,0,0,0,0,0,0,0,0,0,0,0,0,0,0,0,0,0,0,0,0,0,0,0,0,0,0,0,0,0,0,0,0,0,0,0,0,0,0,0,0,0,0,0,0,0,0,0,0,0,0,0,0,0,0,0,0,0,0,0,0,0,0,0,0,0,0,0,0,0,0,0,0,0,0,0,0,0,0,0,0,0,0,0,0,0,0,0,0.076276027
max_env_ch4,0,0,0,0,0,0,0,0,0,0,0,0,0,0,0,0,0,0,0,0.070720737,0,0,0,0,0,0,0,0,0,0,0,0,0,0.072696271,0,0,0,0,0,0,0,0,0,0,0,0.077460973,0,0,0,0,0,0,0,0,0,0,0,0,0,0,0,0,0,0,0,0,0,0,0,0,0,0,0,0,0,0,0,0,0,0,0,0,0,0.10288793,0,0,0,0,0,0,0,0,0,0,0,0,0,0,0.103341316,0,0,0,0,0,0,0,0,0,0,0,0,0,0,0,0,0,0,0,0,0,0,0,0,0,0,0,0,0,0,0,0,0,0,0.112154733,0,0,0,0,0,0,0,0,0,0,0,0,0,0,0,0,0,0,0,0,0,0,0,0,0,0,0,0,0.103893565,0,0,0,0,0.097538193,0,0,0,0,0,0.101952351,0.097519374,0,0.078523171,0,0.104394765,0,0.146334762,0.119015193,0.092898285,0,0,0,0,0,0,0,0,0,0,0,0,0,0,0,0,0,0,0.050078384,0,0,0,0,0,0,0,0,0,0,0,0,0.047569438,0,0.037934928,0,0,0,0.041268912,0.045783196,0,0,0.052740114,0.04357833,0.051309519,0,0.047224642,0,0,0.051274863,0.056032644,0.057213685,0,0.059966474,0,0,0,0.061366349,0,0,0.128481788,0,0,0.125545893,0.1373198,0.112409328,0,0,0,0,0.131531445,0.128832064,0,0,0,0,0,0,0.118570328,0,0,0,0,0,0,0,0,0.123157416,0,0.122928124,0,0,0,0.122146921,0,0,0,0.127301886,0,0.14883132,0,0.114934121,0.149864525,0.105451283,0.130210661,0,0.120809709,0,0,0.13001933,0.129084667,0,0,0,0,0,0,0,0.165253457,0.116013113,0,0.108372079,0.122769038,0.179046914,0.12545178,0,0,0.115682729,0.114098308,0,0.207543887,0,0,0.184208409,0,0.132734747,0.175324249,0.169405868,0.201816384,0.158503456,0.199339325,0.144202834,0.171998081,0.150375576,0.140326398,0.180181004,0.132586584,0.140183561,0.149685868,0.142093805,0.157646604,0.122306852,0.135459508,0.139652539,0.13625443,0,0.135672493,0,0.138995764,0.145866668,0.12741153,0.143763601,0.141199958,0.146951253,0.134447568,0.146034627,0.131929023,0,0.134513678,0.122006951,0,0.124801003,0,0.111780375,0.132989603,0.114653727,0.116778604,0,0.12900682,0.119785353,0.112719082,0.131467795,0.123436823,0.110496208,0,0,0.113459704,0.11296898,0,0,0.108979442,0,0,0.130119272,0.13529292,0,0.125034552,0.130504759,0,0,0,0.140046391,0.135370436,0.140898081,0.143967608,0.109908219,0.156756051,0.140578267,0.121246267,0.114211688,0.108213905,0.139398362,0.143810684,0.136710071,0.133578307,0,0.150790186,0.154106108,0.181330001,0.166520029,0.161410781,0.161376357,0.146776976,0.164427803,0.182202819,0.145282989,0.131926442,0.166458672,0.154942257,0.157633884,0.16920457,0.169676187,0.155364179,0.179177041,0.194636804,0.224471715,0.203394216,0.190520425,0.172854136,0.179919397,0.183214074,0.165738355,0.140670811,0.165412493,0.171387418,0.16737763,0.169760836,0.175919043,0.16750206,0.101715698,0.115506325,0.153788434,0.148156531,0.147887902,0.12974199,0.159190094,0.159801062,0.57764138
mean_env_ch4,0,0,0,0,0,0,0,0,0,0,0,0,0,0,0,0,0,0,0,0.070720737,0,0,0,0,0,0,0,0,0,0,0,0,0,0.072696271,0,0,0,0,0,0,0,0,0,0,0,0.077460973,0,0,0,0,0,0,0,0,0,0,0,0,0,0,0,0,0,0,0,0,0,0,0,0,0,0,0,0,0,0,0,0,0,0,0,0,0,0.10288793,0,0,0,0,0,0,0,0,0,0,0,0,0,0,0.103341316,0,0,0,0,0,0,0,0,0,0,0,0,0,0,0,0,0,0,0,0,0,0,0,0,0,0,0,0,0,0,0,0,0,0,0.112154733,0,0,0,0,0,0,0,0,0,0,0,0,0,0,0,0,0,0,0,0,0,0,0,0,0,0,0,0,0.103893565,0,0,0,0,0.097538193,0,0,0,0,0,0.101952351,0.097519374,0,0.078523171,0,0.104394765,0,0.118992014,0.108459842,0.09118068,0,0,0,0,0,0,0,0,0,0,0,0,0,0,0,0,0,0,0.050078384,0,0,0,0,0,0,0,0,0,0,0,0,0.045358849,0,0.037934928,0,0,0,0.041268912,0.045783196,0,0,0.052740114,0.04357833,0.051309519,0,0.047224642,0,0,0.051274863,0.056032644,0.057213685,0,0.059966474,0,0,0,0.061366349,0,0,0.091697131,0,0,0.125545893,0.1373198,0.112409328,0,0,0,0,0.131531445,0.128832064,0,0,0,0,0,0,0.118570328,0,0,0,0,0,0,0,0,0.123157416,0,0.122495534,0,0,0,0.122146921,0,0,0,0.127301886,0,0.135542749,0,0.114934121,0.143023872,0.105451283,0.130210661,0,0.120809709,0,0,0.13001933,0.118362506,0,0,0,0,0,0,0,0.165253457,0.116013113,0,0.108372079,0.122769038,0.149205582,0.115646708,0,0,0.115682729,0.114098308,0,0.167167642,0,0,0.164003269,0,0.131957522,0.175324249,0.150878896,0.170378929,0.14389495,0.183807375,0.127287194,0.171998081,0.138180071,0.132180587,0.151573892,0.131803257,0.140183561,0.138775991,0.142093805,0.136320826,0.11960555,0.135459508,0.128538058,0.131228432,0,0.135672493,0,0.129065502,0.135234447,0.12741153,0.127525601,0.139918262,0.137784271,0.132404051,0.146034627,0.131929023,0,0.121071392,0.120519686,0,0.124801003,0,0.110408226,0.132989603,0.114653727,0.114441305,0,0.126212237,0.119785353,0.112641881,0.123669749,0.120441671,0.110496208,0,0,0.113459704,0.11296898,0,0,0.108979442,0,0,0.130119272,0.13529292,0,0.118961125,0.130504759,0,0,0,0.140046391,0.129503093,0.136561801,0.143967608,0.109908219,0.13360803,0.129462956,0.115269433,0.114211688,0.108213905,0.129653135,0.132422018,0.136710071,0.129261687,0,0.150790186,0.136172714,0.146486955,0.148991456,0.161410781,0.143227687,0.142250145,0.154697014,0.147442615,0.138481706,0.124807959,0.142806767,0.143778756,0.143011012,0.150574134,0.154745637,0.151029886,0.15607799,0.151777561,0.194123001,0.15813931,0.162199057,0.160223893,0.159100718,0.152105438,0.137127506,0.140670811,0.149865051,0.149117367,0.147982591,0.156281867,0.14766489,0.141158799,0.101715698,0.115506325,0.153788434,0.141506822,0.144796454,0.12974199,0.134851453,0.141200521,0.254427982
median_env_ch4,0,0,0,0,0,0,0,0,0,0,0,0,0,0,0,0,0,0,0,0.070720737,0,0,0,0,0,0,0,0,0,0,0,0,0,0.072696271,0,0,0,0,0,0,0,0,0,0,0,0.077460973,0,0,0,0,0,0,0,0,0,0,0,0,0,0,0,0,0,0,0,0,0,0,0,0,0,0,0,0,0,0,0,0,0,0,0,0,0,0.10288793,0,0,0,0,0,0,0,0,0,0,0,0,0,0,0.103341316,0,0,0,0,0,0,0,0,0,0,0,0,0,0,0,0,0,0,0,0,0,0,0,0,0,0,0,0,0,0,0,0,0,0,0.112154733,0,0,0,0,0,0,0,0,0,0,0,0,0,0,0,0,0,0,0,0,0,0,0,0,0,0,0,0,0.103893565,0,0,0,0,0.097538193,0,0,0,0,0,0.101952351,0.097519374,0,0.078523171,0,0.104394765,0,0.116016494,0.107382058,0.09118068,0,0,0,0,0,0,0,0,0,0,0,0,0,0,0,0,0,0,0.050078384,0,0,0,0,0,0,0,0,0,0,0,0,0.045358849,0,0.037934928,0,0,0,0.041268912,0.045783196,0,0,0.052740114,0.04357833,0.051309519,0,0.047224642,0,0,0.051274863,0.056032644,0.057213685,0,0.059966474,0,0,0,0.061366349,0,0,0.087878406,0,0,0.125545893,0.1373198,0.112409328,0,0,0,0,0.131531445,0.128832064,0,0,0,0,0,0,0.118570328,0,0,0,0,0,0,0,0,0.123157416,0,0.122495534,0,0,0,0.122146921,0,0,0,0.127301886,0,0.135542749,0,0.114934121,0.143023872,0.105451283,0.130210661,0,0.120809709,0,0,0.13001933,0.125363096,0,0,0,0,0,0,0,0.165253457,0.116013113,0,0.108372079,0.122769038,0.145280794,0.115646708,0,0,0.115682729,0.114098308,0,0.163214125,0,0,0.164003269,0,0.131957522,0.175324249,0.154405694,0.170378929,0.147156409,0.185285098,0.128683251,0.171998081,0.147221738,0.132180587,0.150293061,0.131803257,0.140183561,0.134114525,0.142093805,0.132870516,0.11960555,0.135459508,0.127998212,0.131228432,0,0.135672493,0,0.130685596,0.135234447,0.12741153,0.127525601,0.139918262,0.137784271,0.132404051,0.146034627,0.131929023,0,0.121071392,0.120519686,0,0.124801003,0,0.110408226,0.132989603,0.114653727,0.114441305,0,0.126212237,0.119785353,0.112641881,0.123669749,0.120441671,0.110496208,0,0,0.113459704,0.11296898,0,0,0.108979442,0,0,0.130119272,0.13529292,0,0.118961125,0.130504759,0,0,0,0.140046391,0.128011633,0.136561801,0.143967608,0.109908219,0.13360803,0.131789555,0.115269433,0.114211688,0.108213905,0.126127571,0.12824099,0.136710071,0.131133651,0,0.150790186,0.140992431,0.14000334,0.142751138,0.161410781,0.142711927,0.142250145,0.158834791,0.148876293,0.138934722,0.124807959,0.138082871,0.148527479,0.145893555,0.152870594,0.160368912,0.151029886,0.153321979,0.1449194,0.19318656,0.158396031,0.168871338,0.159932049,0.156653936,0.149935065,0.147107845,0.140670811,0.158617827,0.144998076,0.141610679,0.161771947,0.133733707,0.135502469,0.101715698,0.115506325,0.153788434,0.141506822,0.144796454,0.12974199,0.140420583,0.141200521,0.230119108
max_env_ch3,0.321280398,0.332608374,0.310159791,0.31630511,0.338793089,0.337093368,0.312315714,0.332322046,0.331904162,0.310222244,0.279830882,0.290758878,0.284227684,0.289085935,0.279414867,0.274337874,0.293100013,0.275422792,0.264677384,0.285228529,0.274346352,0.313526006,0.271565435,0.264480083,0.298292847,0.295000695,0.287825192,0.297091006,0.289890342,0.285658011,0.29108358,0.277883458,0.281600545,0.29659329,0.285603526,0.292191876,0.298782172,0.283508105,0.307731298,0.286972081,0.308645309,0.333955175,0.313584255,0.312264904,0.330876542,0.334302829,0.34139447,0.337860596,0.322004502,0.33981509,0.346997747,0.340984158,0.334432482,0.352605605,0.339673407,0.339005495,0.344774187,0.338063386,0.326549515,0.337512443,0.368577219,0.351402109,0.352738464,0.337415198,0.329960441,0.333217266,0.337360598,0.343316822,0.333755229,0.32478789,0.334219282,0.320843088,0.466160361,0.450300194,0.479441486,0.467012299,0.447118293,0.464259369,0.478108545,0.463616833,0.474237663,0.469006976,0.469709523,0.455189234,0.43361988,0.446710896,0.436277139,0.446726981,0.431019289,0.449470286,0.446386141,0.454040433,0.447650854,0.440061998,0.433434182,0.451127663,0.448888972,0.444331194,0.461920844,0.446225424,0.43271209,0.435326701,0.412997107,0.434305414,0.424470855,0.43972153,0.415127506,0.410832524,0.417279648,0.386887804,0.414300995,0.421994318,0.43220054,0.413280866,0.43913292,0.415754156,0.415572067,0.42721414,0.429433165,0.40905434,0.42134698,0.422491576,0.41401981,0.44451945,0.452328339,0.404311112,0.42218285,0.436919243,0.419765375,0.419780551,0.434709771,0.453669588,0.455284786,0.448618934,0.451256202,0.445519874,0.437598092,0.443964781,0.441189229,0.457277015,0.454608442,0.488864321,0.483938563,0.512427162,0.502614661,0.46889893,0.472954758,0.493356204,0.497705162,0.511688984,0.468380481,0.478647757,0.480639795,0.520770999,0.479026009,0.490822996,0.471170509,0.464406072,0.47563063,0.481051271,0.47207536,0.461119459,0.457070632,0.450401884,0.44216472,0.458213266,0.445655603,0.469450105,0.467370352,0.447899307,0.439100242,0.44373966,0.45476887,0.419442706,0.440080496,0.425473991,0.431069038,0.405904302,0.43896583,0.426450055,0.58533905,0.476060773,0.371593142,0.213275954,0.203648896,0.202497113,0.241215136,0.196216151,0.215146311,0,0.191923299,0.207994395,0.200326447,0.220078398,0.227754375,0.201143536,0.208490986,0.207680441,0.208168619,0.184943428,0.191569452,0.216149247,0.178921477,0.194591279,0.202965896,0.196865677,0.203530197,0.195197013,0.203002262,0.195436881,0.199579201,0.192638142,0.201796637,0.18901898,0.213636548,0.198886684,0.173584837,0.209726243,0.196463346,0.206748659,0.190112285,0.19792824,0.180470558,0.204685762,0.210960456,0.194615255,0.205238074,0.199265467,0.211846304,0.21490866,0.198628916,0.205099451,0.224130576,0.228854739,0.22102221,0.256327594,0.235868751,0.228843757,0.273901724,0.275089248,0.274270201,0.239298168,0.513927153,0.620181764,0.575550764,0.628990464,0.581420771,0.585567997,0.593976006,0.552606353,0.57997309,0.532399524,0.575775274,0.632571796,0.547292625,0.555665361,0.537387307,0.568634088,0.52286839,0.513586273,0.618259438,0.572293201,0.531214595,0.633472271,0.575779307,0.549775393,0.572290656,0.57196399,0.588452755,0.539132582,0.639654793,0.596488987,0.548949902,0.558852546,0.535847368,0.622329619,0.532497805,0.52359045,0.599772458,0.636127137,0.614902946,0.59532528,0.542945111,0.606187241,0.599458099,0.541209478,0.582523414,0.569770232,0.572604314,0.550533668,0.693359532,0.637950927,0.703057621,0.553320636,0.558431271,0.621849098,0.529655332,0.660821985,0.554741719,0.668561075,0.661013829,0.547839478,0.609239679,0.638664721,0.569030435,0.716187657,0.620399379,0.584039728,0.653654272,0.677338788,0.741056446,0.697741991,0.830175546,0.700957286,0.682160116,0.736833635,0.699591048,0.790483003,0.701296995,0.714339334,0.807265534,0.634013823,0.797357301,0.607883494,0.730338837,0.722452379,0.562986287,0.720724017,0.708452845,0.648177011,0.709917555,0.585197733,0.630586415,0.64491856,0.61523873,0.589811835,0.656370737,0.600164141,0.616975175,0.604810363,0.677251793,0.639266053,0.58224376,0.608398508,0.601407027,0.621106401,0.590661251,0.594753775,0.529181269,0.535725679,0.544400707,0.554048893,0.562315541,0.521138161,0.535385381,0.537300679,0.552128489,0.554617761,0.525573867,0.552208915,0.516027278,0.55421443,0.563870397,0.527869102,0.511934071,0.530440336,0.512716965,0.554593322,0.53673499,0.568372155,0.506460846,0.543189303,0.628839685,0.515336973,0.551166492,0.589883149,0.582192592,0.567521873,0.629685876,0.54666318,0.556948886,0.598871537,0.565561423,0.566312531,0.56357997,0.581342071,0.576917354,0.575960386,0.627024202,0.56231307,0.588492098,0.535807113,0.60407656,0.596490419,0.635743321,0.631700612,0.568453213,0.591875529,0.60676118,0.666742552,0.725320004,0.742870977,0.645643125,0.645505427,0.70045558,0.767856236,0.741082197,0.668134051,0.622371322,0.758929221,0.686234518,0.78400256,0.69389585,0.697086126,0.767479944,0.716708166,0.778547214,0.897886861,0.813576865,0.762081701,0.718247312,0.721022011,0.732856297,0.668182951,0.691374806,0.697409197,0.692612459,0.680614472,0.769367883,0.748239075,0.704624261,0.628015041,0.656258117,0.655382985,0.64037165,0.605770002,0.575777812,0.636760374,0.639204247,2.310565518
mean_env_ch3,0.290749397,0.286648911,0.279314876,0.281264995,0.285250813,0.2849516,0.275948158,0.296283889,0.286031849,0.272230658,0.252844384,0.252497319,0.255949033,0.251408504,0.251878061,0.248272895,0.255080001,0.253497481,0.241893114,0.251684672,0.242810808,0.252958886,0.245806507,0.248762502,0.253875084,0.254257027,0.253024644,0.256427983,0.260842005,0.25753998,0.259892893,0.244665203,0.254320036,0.264035232,0.24951296,0.260726461,0.26483634,0.267957666,0.263130846,0.262962775,0.269564373,0.281444787,0.278021019,0.287794692,0.288934049,0.287726304,0.297613544,0.302896681,0.29674246,0.30327782,0.301764711,0.306190466,0.30943043,0.315172755,0.313360665,0.310720755,0.309387204,0.314782119,0.307683471,0.303920288,0.323536993,0.30530123,0.319112327,0.319302476,0.317407506,0.313149006,0.311568298,0.314787938,0.309014675,0.304366255,0.302843858,0.301582911,0.409741168,0.410048575,0.416385731,0.411296406,0.411253393,0.412711134,0.416179371,0.411424824,0.408987554,0.408619283,0.411393192,0.406399037,0.403835944,0.401990421,0.399506738,0.399389979,0.401114646,0.400723514,0.398633483,0.399581186,0.404714663,0.401504775,0.395707246,0.394996197,0.390897719,0.401228032,0.394191725,0.389340461,0.389524458,0.396161309,0.379973673,0.380067778,0.373836136,0.38154168,0.36998234,0.371150585,0.364157739,0.359882116,0.373825622,0.374376326,0.376725453,0.375441959,0.376804528,0.376562833,0.365312302,0.374793379,0.374444859,0.372538976,0.377005049,0.381555798,0.375115237,0.379712737,0.390303876,0.373383654,0.379787141,0.380483633,0.379757058,0.380869288,0.379501952,0.377294305,0.380396185,0.389033352,0.397743326,0.392625091,0.39537029,0.39981376,0.402319657,0.402870451,0.405685217,0.412135006,0.434400025,0.433750108,0.435535918,0.419904734,0.427367108,0.433270673,0.434581296,0.430431781,0.417971177,0.433458007,0.430237738,0.434659501,0.428969959,0.420186746,0.426315372,0.428747299,0.425091348,0.414588118,0.421747345,0.419096908,0.41387827,0.40793283,0.403537942,0.405806731,0.407096431,0.392538869,0.394031554,0.399067862,0.385174121,0.401439609,0.386790008,0.379961607,0.396677472,0.366442159,0.366132836,0.363002418,0.371665246,0.369403972,0.423849723,0.409854282,0.323061991,0.203877012,0.194887154,0.197212347,0.206002321,0.182466319,0.208243476,0,0.190950499,0.193645636,0.187930039,0.202163692,0.20892821,0.190141999,0.190109927,0.197702912,0.189290371,0.179870771,0.185917719,0.196034978,0.172806169,0.182359653,0.194566893,0.190448657,0.187156565,0.189031334,0.184163379,0.180614843,0.19114162,0.17943802,0.187630454,0.180615927,0.189926167,0.179747111,0.163655013,0.183483965,0.183687336,0.18636012,0.175888588,0.179238111,0.180470558,0.184966381,0.191703959,0.176641239,0.186762978,0.186058668,0.19445595,0.190385603,0.189824749,0.191047088,0.20280495,0.212840237,0.213699195,0.231652831,0.219380288,0.216616059,0.237628961,0.231857719,0.225073131,0.231442097,0.327217117,0.518800213,0.470037598,0.492221743,0.468104965,0.491062243,0.485082335,0.480034194,0.477265335,0.462866542,0.49124741,0.498441782,0.468659732,0.469250625,0.462876561,0.455111815,0.44569378,0.45410416,0.440108624,0.473627996,0.456135962,0.473359226,0.466726625,0.471043536,0.463638101,0.46296815,0.462804187,0.463908213,0.465934729,0.467274962,0.458071441,0.46606055,0.457752196,0.467941019,0.452374084,0.454685472,0.456643692,0.458316143,0.453109836,0.45354896,0.448567014,0.460271215,0.464649806,0.449250226,0.455010221,0.446354134,0.452134123,0.461645003,0.456807173,0.462822076,0.455558324,0.450208039,0.451899772,0.454267862,0.451965246,0.45309983,0.446686987,0.455067271,0.458803074,0.452130265,0.460323886,0.45424596,0.458518412,0.460570186,0.462399887,0.465557745,0.464208967,0.476947648,0.476989473,0.477405627,0.496160598,0.484739294,0.486883063,0.492650404,0.486716717,0.511854275,0.51462486,0.516936545,0.504864462,0.511841704,0.516956094,0.504110723,0.508979213,0.524415899,0.488061998,0.499185726,0.513522201,0.517072727,0.505581415,0.486337318,0.503177215,0.494270971,0.498311059,0.498226692,0.512132238,0.502228102,0.509773157,0.510166386,0.496964508,0.495002939,0.504405702,0.501339466,0.501335885,0.503199098,0.492061844,0.494624958,0.45587678,0.441606746,0.445491309,0.444369851,0.437842087,0.445757593,0.444292811,0.44353753,0.451693279,0.445074128,0.440000834,0.447953404,0.440533239,0.450180544,0.43339532,0.430324672,0.430168898,0.424541003,0.432150178,0.422598891,0.431607767,0.443713631,0.432954032,0.435546315,0.452658981,0.444214003,0.441541912,0.44247241,0.45208711,0.452940944,0.448065621,0.451049628,0.450259655,0.450263489,0.456786469,0.45394377,0.460376162,0.468073362,0.458819944,0.452602579,0.457162349,0.459776028,0.467363749,0.448757213,0.463985029,0.468162562,0.479736302,0.46565336,0.463935866,0.459148415,0.471274616,0.489954386,0.489172063,0.499244089,0.48568791,0.485018894,0.506656967,0.557684834,0.524399453,0.530079362,0.492199973,0.544872963,0.52473583,0.5494261,0.543675076,0.562235134,0.557569917,0.563723875,0.587249887,0.598003609,0.596406579,0.557482979,0.530600089,0.540374221,0.558052532,0.545563501,0.52990241,0.534301598,0.550740622,0.550590042,0.539261262,0.543890491,0.556426374,0.520640835,0.488499965,0.514833185,0.513093332,0.498361219,0.490649228,0.490896794,0.47933784,0.693845545
median_env_ch3,0.294288076,0.284446319,0.278345806,0.279199842,0.288886333,0.283002356,0.273974337,0.299277702,0.27626385,0.269075953,0.255751566,0.248398831,0.256446814,0.245081775,0.248414862,0.25037823,0.258121504,0.254107989,0.241684133,0.243699894,0.242554466,0.250137535,0.245497514,0.25058313,0.251751849,0.253359664,0.245549188,0.255367332,0.259995189,0.261153726,0.260178655,0.243422182,0.255448023,0.264841132,0.24945994,0.260865363,0.262662363,0.270662164,0.259525373,0.264730231,0.274638162,0.277832522,0.279675524,0.28623983,0.285949168,0.285232134,0.290910407,0.298125786,0.298115726,0.300808077,0.301200166,0.306384707,0.31118836,0.312879942,0.313138856,0.308365236,0.30434532,0.31587338,0.307352873,0.305457055,0.322629104,0.302353051,0.322297547,0.318259287,0.322673423,0.312020757,0.30911741,0.312889505,0.309441407,0.301375182,0.301162168,0.303248621,0.410740165,0.409463891,0.412976048,0.405056984,0.409251842,0.412660222,0.411156097,0.414891688,0.412482412,0.407485793,0.409692064,0.40476681,0.401310157,0.400833164,0.399627609,0.398872378,0.398100027,0.40264938,0.397261317,0.397071774,0.403390248,0.40098497,0.394612701,0.394851449,0.389720013,0.405418291,0.389778479,0.386740809,0.388689054,0.399078257,0.382123921,0.379048705,0.371745539,0.382059089,0.36823456,0.371860834,0.364415909,0.359284229,0.374675583,0.376188145,0.372351375,0.374274137,0.375103051,0.371346358,0.36824798,0.371541259,0.372535804,0.376573491,0.373373156,0.383689728,0.371209547,0.37858951,0.393992681,0.372279555,0.374863772,0.383933723,0.37980391,0.379315448,0.380706932,0.374494255,0.377109618,0.389294236,0.39439401,0.392975942,0.392543633,0.402071962,0.398191834,0.402330572,0.409527584,0.407557919,0.434934734,0.427163654,0.435314712,0.415770958,0.427540806,0.429356271,0.436636715,0.42751536,0.421921683,0.431303498,0.427421771,0.431435849,0.429368124,0.42142347,0.426487466,0.432364896,0.423827721,0.41229099,0.418895606,0.415040832,0.412869029,0.40503585,0.403384007,0.403544623,0.408581889,0.387757958,0.396912854,0.400475541,0.385728365,0.405673478,0.3854412,0.379272985,0.400027378,0.360375687,0.365529162,0.363262281,0.370684371,0.368629924,0.418795713,0.408603881,0.323354512,0.202144315,0.193962728,0.200920522,0.201384672,0.183966228,0.210532916,0,0.190950499,0.189743948,0.18936801,0.202724841,0.209603402,0.18896149,0.19173824,0.203321018,0.189519383,0.181776028,0.188210197,0.199901395,0.175778795,0.180681731,0.198604855,0.190178283,0.182822859,0.191898553,0.186612103,0.185688883,0.189451516,0.176641733,0.18556674,0.182855758,0.188003019,0.176949014,0.164337787,0.179467413,0.183529302,0.188198392,0.176201855,0.1774847,0.180470558,0.180918087,0.190795789,0.176069452,0.190485124,0.185507132,0.198050309,0.194163566,0.192955295,0.192007599,0.196155682,0.215909762,0.216452187,0.230358629,0.219475798,0.218913097,0.225101132,0.230568233,0.224754416,0.229449572,0.309670383,0.510113595,0.462397243,0.488403269,0.464489057,0.486317472,0.480948253,0.476190953,0.475303247,0.463934366,0.48746262,0.4976117,0.46954047,0.469337924,0.463379835,0.451685897,0.445159432,0.45221451,0.430001078,0.471818745,0.453585675,0.469765558,0.467090638,0.467198596,0.457721269,0.463921949,0.457422123,0.46494187,0.462202825,0.462210747,0.459022784,0.460313528,0.455661268,0.468157957,0.450743863,0.447397736,0.44955178,0.45240361,0.443907006,0.446526264,0.444574369,0.448709442,0.45080807,0.443220564,0.439249363,0.444252654,0.452625776,0.455432473,0.448840561,0.458535718,0.449074288,0.446033569,0.448189367,0.445522382,0.448297205,0.447635985,0.450096267,0.443488066,0.450623344,0.445343583,0.463470488,0.443225178,0.449420212,0.444177549,0.452584545,0.471259913,0.453453683,0.462889736,0.471282182,0.465757069,0.482839307,0.46405957,0.473523339,0.47697127,0.486335375,0.50352656,0.507036188,0.505442206,0.490982545,0.505913203,0.498190568,0.507045215,0.49152091,0.509468644,0.48271136,0.496021774,0.509414662,0.518220181,0.500229197,0.482848185,0.498863527,0.488252632,0.495375099,0.491097859,0.507845321,0.499105165,0.498218068,0.506084586,0.492310131,0.489815771,0.5014339,0.498417333,0.501833371,0.495087173,0.494171225,0.490530042,0.447632682,0.437158908,0.445809885,0.440968529,0.430292464,0.447876181,0.443198936,0.442170858,0.446742376,0.442417838,0.44016078,0.455051618,0.445425466,0.448178609,0.435471267,0.424549689,0.42264797,0.419121118,0.432933015,0.421974021,0.433441168,0.434132906,0.430371509,0.436889758,0.448420738,0.44217797,0.437626277,0.433492924,0.451119146,0.441591148,0.440786144,0.452160858,0.443624729,0.440501386,0.455651868,0.453233457,0.459223271,0.472761631,0.452674651,0.453136381,0.448436297,0.455655468,0.466080037,0.447387531,0.455980796,0.45616162,0.465607416,0.455050909,0.462653422,0.45189415,0.460701759,0.491164541,0.475916907,0.490378053,0.478646259,0.474063063,0.488876122,0.5550175,0.515981745,0.521153847,0.481664931,0.537773258,0.51393226,0.53741188,0.53792536,0.544363085,0.546791409,0.570679286,0.58465645,0.60012639,0.613337032,0.559130256,0.511844696,0.551107151,0.556595585,0.540869866,0.527783524,0.531644545,0.551394768,0.544471421,0.526871983,0.536892877,0.558002268,0.518936564,0.485151031,0.501101695,0.514647969,0.503749775,0.487612954,0.483523521,0.469474662,0.596559803
max_env_ch2,1.285121594,1.330433497,1.27447691,1.265220439,1.355172354,1.348373471,1.249262858,1.329288183,1.327616647,1.240888978,1.119323527,1.163035512,1.136910736,1.156343742,1.117659467,1.120823251,1.172400053,1.153999588,1.074482193,1.140914117,1.097385408,1.254104022,1.086261742,1.130643916,1.193171388,1.180002778,1.151300767,1.188364022,1.163898309,1.142632043,1.16433432,1.111533832,1.173349938,1.192615777,1.142414104,1.168767502,1.195623411,1.161590763,1.230925192,1.208897358,1.234581235,1.3358207,1.254337021,1.249059614,1.323506167,1.337211315,1.365577881,1.351442386,1.288018007,1.35926036,1.387990986,1.36393663,1.359254592,1.41042242,1.358693629,1.35602198,1.379096748,1.352253543,1.307544118,1.350049772,1.474308876,1.405608436,1.410953854,1.384360699,1.394926906,1.332869064,1.349442393,1.373267288,1.341827888,1.357439397,1.358147356,1.283372351,1.864641445,1.801200777,1.917765943,1.868049196,1.788473172,1.857037475,1.912434178,1.854467331,1.896950652,1.876027905,1.878838091,1.820756936,1.734479519,1.786843585,1.745108557,1.786907924,1.728130745,1.797881145,1.785544563,1.816161732,1.790603415,1.76024799,1.733736727,1.80451065,1.79555589,1.777324776,1.847683377,1.784901697,1.73084836,1.741306802,1.651988429,1.737221654,1.697883419,1.758886122,1.660510024,1.643330096,1.66911859,1.547551215,1.657203979,1.687977272,1.72880216,1.653123465,1.75653168,1.663016624,1.662288268,1.70885656,1.717732658,1.636217359,1.685387921,1.689966304,1.656079242,1.7780778,1.809313356,1.617244449,1.688731401,1.747676973,1.679061501,1.679122205,1.738839082,1.814678351,1.821139143,1.794475735,1.805024809,1.782079496,1.750392369,1.775859126,1.764756915,1.829108061,1.818433766,1.955457284,1.93575425,2.04970865,2.010458642,1.87559572,1.891819033,1.973424815,1.990820648,2.046755937,1.873521926,1.914591026,1.922559179,2.083083996,1.916104036,1.963291985,1.884682037,1.857624287,1.902522519,1.924205084,1.888301441,1.844477837,1.82828253,1.801607536,1.798198773,1.832853063,1.782622413,1.877800421,1.869481408,1.791597229,1.756400968,1.774958639,1.819075478,1.677770823,1.766728661,1.701895964,1.724276153,1.623617209,1.75586332,1.705800221,2.341356199,1.904243092,1.604441101,0.880662614,0.85623617,0.853295865,0.964860544,0.864130448,0.860585242,0.879782731,0.906692287,0.864149281,0.878676335,0.890005981,0.911017499,0.866809086,0.85688493,0.830721763,0.86179295,0.836227131,0.798491435,0.864596988,0.802442216,0.810839831,0.822066032,0.796410032,0.81412079,0.820071798,0.812009047,0.79528149,0.798316805,0.792056993,0.82642777,0.784800372,0.854546194,0.795546735,0.864439299,0.83890497,0.785853386,0.826994636,0.829317702,0.791712962,0.75051102,0.81874305,0.843841825,0.783556258,0.820952297,0.797061867,0.847385218,0.859634639,0.837519741,0.858330294,0.896522303,0.915418958,0.965165721,1.029243657,0.976724104,1.017627225,1.142301641,1.100356992,1.221475474,0.993930245,2.055708614,2.480727055,2.302203056,2.515961857,2.325683085,2.342271988,2.375904025,2.210425411,2.319892361,2.129598097,2.303101096,2.530287185,2.189170499,2.222661446,2.149549227,2.274536351,2.091473558,2.05434509,2.473037752,2.289172804,2.12485838,2.533889083,2.303117228,2.199101572,2.289162623,2.28785596,2.353811021,2.15653033,2.558619174,2.385955949,2.195799609,2.235410185,2.143389473,2.489318474,2.12999122,2.094361802,2.399089832,2.544508548,2.459611785,2.381301118,2.171780443,2.424748965,2.397832394,2.164837911,2.330093655,2.279080926,2.290417256,2.202134673,2.773438129,2.551803708,2.812230482,2.213282544,2.233725083,2.487396392,2.118621329,2.643287941,2.218966876,2.674244301,2.644055317,2.191357913,2.436958716,2.554658885,2.276121739,2.864750627,2.481597517,2.336158913,2.614617089,2.709355151,2.964225783,2.790967966,3.320702184,2.803829144,2.728640466,2.947334541,2.798364194,3.161932011,2.80518798,2.857357337,3.229062138,2.536055293,3.189429202,2.431533978,2.92135535,2.889809517,2.251945147,2.882896068,2.833811379,2.592708046,2.83967022,2.340790931,2.52234566,2.579674242,2.460954919,2.359247338,2.625482948,2.400656562,2.4679007,2.419241451,2.70900717,2.557064213,2.328975038,2.433594033,2.405628108,2.484425602,2.362645005,2.379015099,2.116725075,2.142902716,2.177602827,2.216195572,2.249262164,2.084552644,2.141541525,2.149202714,2.208513957,2.218471046,2.102295469,2.20883566,2.064109113,2.21685772,2.255481589,2.111476408,2.047736283,2.121761343,2.05086786,2.218373288,2.14693996,2.273488621,2.025843384,2.172757211,2.515358738,2.061347893,2.20466597,2.359532594,2.328770367,2.270087492,2.518743505,2.18665272,2.227795546,2.395486148,2.262245691,2.265250123,2.254319878,2.325368284,2.307669414,2.303841545,2.50809681,2.24925228,2.353968393,2.143228451,2.41630624,2.385961678,2.542973285,2.526802446,2.273812852,2.367502117,2.427044721,2.666970209,2.901280016,2.971483908,2.5825725,2.582021708,2.801822321,3.071424946,2.964328789,2.672536205,2.489485287,3.035716883,2.744938073,3.136010241,2.775583402,2.788344504,3.069919778,2.866832663,3.114188857,3.591547444,3.254307461,3.048326803,2.872989249,2.884088044,2.931425187,2.672731804,2.765499224,2.78963679,2.770449837,2.722457887,3.077471532,2.992956301,2.818497045,2.512060163,2.625032469,2.62153194,2.561486601,2.423080007,2.303111248,2.547041497,2.55681699,9.242262072
mean_env_ch2,1.138158715,1.108254511,1.106096602,1.093806861,1.135996883,1.102919127,1.085703481,1.138084166,1.101294146,1.045805768,0.964881643,0.976584737,0.994516355,0.967861301,0.975625151,0.968605302,0.986855993,0.972392476,0.95727672,0.955178475,0.947302214,0.965702538,0.960102577,0.973393478,0.963407796,0.978991675,0.998721892,0.988057293,1.024040894,1.018392609,1.006137655,0.970402735,0.998959305,1.035357881,0.982451309,1.009704938,1.030712947,1.046900385,1.037386927,1.055241518,1.057717188,1.113472048,1.10362838,1.128657507,1.132898175,1.14344971,1.157082736,1.158082066,1.178734308,1.192863232,1.173944441,1.206443303,1.219912616,1.20661257,1.231481945,1.203309551,1.197695495,1.215970107,1.186551681,1.194911359,1.254533728,1.209860764,1.250918507,1.262964953,1.243447657,1.214794792,1.214218031,1.236058683,1.210509773,1.196399435,1.189042004,1.17131362,1.616818319,1.605806992,1.648405503,1.637241588,1.632468319,1.63652298,1.64078021,1.634757345,1.627306045,1.625176148,1.63946575,1.610667957,1.596854936,1.594756377,1.5951736,1.570659283,1.586627638,1.59068635,1.579566405,1.598217216,1.604670263,1.577037838,1.562625274,1.570104506,1.540872844,1.569740032,1.558928598,1.543033156,1.534987802,1.567959328,1.504098823,1.487428959,1.481853993,1.489023828,1.456979544,1.453299146,1.446859791,1.426809379,1.467971848,1.455366027,1.482988633,1.477358189,1.489775798,1.469463851,1.451313831,1.484729714,1.4733006,1.456220069,1.495131399,1.486005524,1.472118962,1.494054914,1.526473311,1.482300801,1.491473818,1.509014232,1.511256648,1.512702935,1.499592147,1.503225782,1.510330638,1.534883439,1.568871758,1.550133051,1.565874363,1.57227302,1.588392708,1.595627239,1.611749493,1.635605074,1.737156416,1.715683494,1.728198487,1.681680042,1.694244143,1.725068742,1.728069687,1.715506351,1.655486897,1.72474803,1.709531596,1.721615183,1.69774,1.657698516,1.691976948,1.694795199,1.672257292,1.65299466,1.67365705,1.663014008,1.647985068,1.617571988,1.595634208,1.5998707,1.604139851,1.55633265,1.553256096,1.570707979,1.516270833,1.577050483,1.525699208,1.499438198,1.57351907,1.442247157,1.428830375,1.426513002,1.466788406,1.46699498,1.667931772,1.616087482,1.260469699,0.761153605,0.74681233,0.746267008,0.765508605,0.739223985,0.736904345,0.739981656,0.750449502,0.757005076,0.743927352,0.752898543,0.764394746,0.7380925,0.731391434,0.721764815,0.74383228,0.717627398,0.696636608,0.703600842,0.712851026,0.704559331,0.706807886,0.712876459,0.702637005,0.694222696,0.697856057,0.679798058,0.681575625,0.695627895,0.688172691,0.697587942,0.689348263,0.699301439,0.677359372,0.676509056,0.676981987,0.681194727,0.676231707,0.67621034,0.648613548,0.672648654,0.686290435,0.689749357,0.702832116,0.701779304,0.72793294,0.724395649,0.734930386,0.745655273,0.752411703,0.793522691,0.803545068,0.8329395,0.858610871,0.860241984,0.870085322,0.88224721,0.851478374,0.886686478,1.262296814,2.075200853,1.873176524,1.95929979,1.8672758,1.964248973,1.94032934,1.916126486,1.909061338,1.847806737,1.961875911,1.991144548,1.869081343,1.877002498,1.851544701,1.814382374,1.780643644,1.811981818,1.760434496,1.894511985,1.82056933,1.893436906,1.866906498,1.880622258,1.854552405,1.849069826,1.842238521,1.851509297,1.863738918,1.869099846,1.832285763,1.864242202,1.829624732,1.859797346,1.809496337,1.814942572,1.82451294,1.828941337,1.812439345,1.801045796,1.786808823,1.837739174,1.850384748,1.785170189,1.815765884,1.779772719,1.803681948,1.846580011,1.82392993,1.842486174,1.817887409,1.800832157,1.807599088,1.805793373,1.802997452,1.809680482,1.778498695,1.814648162,1.833699672,1.802474675,1.837137015,1.814987422,1.832339256,1.842280746,1.849599547,1.85985815,1.84919552,1.896160503,1.90308476,1.906751551,1.984642392,1.933339344,1.947532253,1.970601615,1.940153249,2.047417099,2.058499438,2.067746178,2.014356718,2.047366814,2.067824376,2.016442891,2.035916852,2.097663597,1.95224799,1.996742905,2.048488694,2.062931017,2.022325659,1.945349273,2.012708859,1.977083884,1.993244237,1.992906768,2.04852895,2.004996685,2.039092628,2.037084889,1.98785803,1.97795111,2.017622806,2.005357862,2.00534354,2.005067093,1.968247377,1.978499832,1.823507119,1.766426984,1.770168658,1.772115556,1.75136835,1.764785306,1.771755062,1.765112862,1.800913938,1.781888919,1.752534018,1.791813615,1.755002304,1.794361337,1.723071958,1.715562934,1.716321448,1.69816401,1.722717916,1.688623771,1.719641068,1.770996305,1.725321272,1.742185261,1.800968525,1.775003034,1.75485445,1.751749358,1.803891655,1.810098815,1.792262483,1.80419851,1.791936125,1.801053954,1.824366369,1.803662878,1.83665777,1.864735429,1.835279778,1.806887942,1.826538458,1.839104111,1.869454995,1.795028852,1.852458453,1.872650249,1.91261693,1.851930662,1.855743463,1.83465568,1.877926744,1.941083133,1.94396534,1.991085954,1.94275164,1.940075575,2.02662787,2.230739335,2.097597813,2.120317449,1.968799892,2.17949185,2.09894332,2.197704402,2.174700304,2.248940536,2.230279668,2.2548955,2.348999548,2.392014436,2.385626315,2.229931915,2.122400355,2.161496886,2.232210128,2.182254003,2.119609639,2.137206391,2.202962488,2.20236017,2.157045049,2.175561966,2.225705498,2.082563341,1.944509843,2.059332742,2.052373328,1.993444875,1.962596912,1.963587177,1.917351359,2.775382182
median_env_ch2,1.131619491,1.109522116,1.104719895,1.086867719,1.140698692,1.105650463,1.085752386,1.12797094,1.087174442,1.044348219,0.963389931,0.970818259,0.989701245,0.972770305,0.968323153,0.964650527,0.988654705,0.958449477,0.953132841,0.937104316,0.936731118,0.9575563,0.960744566,0.970641947,0.959758793,0.978854315,0.980212603,0.996859995,1.026835683,1.021393759,1.007061477,0.969581107,0.987635527,1.026814516,0.979981702,1.008288505,1.034295065,1.036469999,1.032969273,1.046709394,1.048751013,1.110079836,1.096182674,1.132517376,1.130833068,1.139116256,1.153622299,1.153916157,1.173703427,1.193475616,1.168663539,1.209514833,1.227792453,1.200515899,1.23284429,1.193237398,1.199711016,1.206445581,1.187405057,1.201084155,1.247094033,1.204089855,1.254936664,1.263023348,1.246562869,1.212104699,1.218034563,1.238711326,1.200037687,1.194187345,1.184541503,1.177145791,1.625032662,1.597350298,1.639623549,1.616234333,1.631275455,1.633197981,1.635176862,1.646048477,1.638291219,1.62352246,1.638160674,1.607050265,1.591272238,1.595897685,1.593959558,1.554191149,1.5793824,1.603710976,1.57862452,1.588287095,1.589322033,1.581716939,1.552513986,1.57483575,1.527417799,1.58111244,1.552359721,1.540132295,1.543235049,1.570522976,1.504844558,1.491257207,1.46831991,1.484361558,1.451968023,1.458408771,1.449644904,1.43008159,1.476816712,1.460423108,1.472662887,1.469410402,1.48069299,1.472484533,1.450769219,1.477320506,1.472022129,1.444832728,1.490629759,1.46588937,1.470940906,1.493762845,1.528512681,1.485860143,1.48918583,1.522624756,1.510292384,1.50553848,1.495417483,1.485811178,1.493726262,1.537049534,1.560732365,1.5484183,1.562049245,1.581555867,1.57821737,1.587935991,1.624877309,1.615903295,1.739738936,1.703969366,1.720893703,1.663083832,1.694522439,1.706332395,1.737689371,1.710061442,1.669569533,1.718792984,1.698788635,1.716885916,1.698662979,1.651268226,1.694109813,1.702503224,1.660438042,1.646392776,1.665843586,1.647459037,1.646417286,1.595293443,1.589907136,1.604375689,1.600168464,1.543355711,1.564220269,1.573311115,1.503648438,1.577266079,1.519699633,1.49763611,1.580105632,1.431487978,1.424624429,1.435288663,1.471618845,1.470631916,1.646591288,1.613274029,1.255771096,0.756203806,0.745657794,0.746851458,0.761071038,0.741706594,0.729508924,0.734042814,0.747893296,0.759596897,0.733730872,0.746737796,0.755508522,0.738909796,0.726789294,0.715022439,0.739808724,0.719372192,0.696917073,0.698421286,0.714653515,0.704074029,0.703963221,0.714302631,0.706515149,0.684116847,0.69346469,0.671059617,0.673634659,0.70043096,0.684700046,0.696515189,0.68282693,0.693270849,0.669711867,0.669030921,0.667005399,0.669672189,0.673535995,0.676711314,0.649963862,0.669750897,0.681349448,0.696204339,0.706136932,0.701730146,0.726550701,0.718655289,0.734499273,0.749370533,0.753861774,0.788585474,0.797209978,0.829316285,0.851597851,0.853537475,0.868191242,0.875188962,0.836691448,0.895965157,1.18818689,2.040454382,1.843788176,1.941418527,1.852970522,1.945269888,1.923793013,1.90291543,1.90121299,1.843100984,1.949289263,1.990015485,1.875380936,1.877351698,1.853666528,1.797905235,1.778075015,1.808016945,1.72000431,1.887274982,1.813760873,1.879062234,1.86836255,1.861159407,1.830885076,1.854939082,1.825597862,1.855948711,1.848811299,1.84884299,1.836091134,1.84125411,1.822374346,1.858394107,1.802975453,1.788031003,1.797867295,1.80458434,1.775628023,1.781191167,1.776229629,1.791950314,1.80284107,1.76259396,1.755589007,1.774416252,1.804334151,1.821729893,1.795362245,1.820815459,1.794638618,1.784134276,1.792757467,1.775688798,1.789716094,1.790403292,1.794456791,1.76771887,1.796397642,1.777006038,1.849205351,1.77290071,1.797160009,1.776710194,1.81033818,1.885039651,1.809166445,1.843104037,1.882423039,1.856618375,1.931357227,1.854944589,1.894093356,1.907885079,1.939354918,2.01410624,2.028144753,2.021768823,1.96358217,2.023652814,1.992762273,2.028180859,1.96608364,2.037874575,1.930845441,1.984087095,2.03762816,2.071023698,2.00091679,1.931392741,1.995454106,1.953010528,1.981500397,1.964391435,2.031381283,1.991512397,1.992872272,2.021971307,1.969240524,1.957052473,2.005735599,1.993669332,2.007333483,1.976786411,1.976684902,1.962120167,1.79053073,1.748635632,1.781395728,1.758882088,1.721169855,1.767812319,1.772126583,1.760346211,1.786328926,1.769781006,1.749159162,1.820206471,1.776020637,1.781983213,1.735353473,1.692363953,1.682819199,1.676484472,1.728627333,1.687157663,1.727348106,1.735279539,1.717130939,1.747559033,1.790091965,1.76689631,1.748426043,1.712496236,1.802569592,1.764292676,1.763144576,1.808643432,1.76976764,1.762005544,1.821864581,1.799425976,1.833172062,1.890755121,1.810698604,1.808771687,1.789378624,1.822621871,1.864320149,1.789550123,1.822185614,1.824646481,1.855786628,1.815400649,1.850613688,1.806247999,1.833812236,1.945888421,1.889639988,1.953368422,1.914585034,1.896252252,1.955504486,2.220070002,2.06392698,2.084615387,1.926659724,2.151093032,2.05572904,2.149647518,2.151701438,2.177452338,2.187165635,2.282717143,2.338625799,2.40050556,2.453348129,2.236521026,2.047378783,2.204428605,2.226382341,2.163479464,2.111134097,2.126578179,2.205579072,2.177885682,2.10748793,2.14757151,2.232009074,2.075746255,1.93462554,2.004406781,2.058591874,2.014999101,1.950451817,1.934094085,1.877898647,2.38623921
max_env_ch1,5.140486376,5.321733987,5.097907638,5.060881755,5.420689417,5.393493886,4.997051432,5.317152733,5.310466588,4.963555911,4.477294109,4.652142049,4.547642943,4.625374967,4.470637869,4.483293003,4.689600213,4.615998352,4.297928771,4.563656467,4.389541632,5.016416089,4.345046966,4.522575665,4.772685551,4.720011112,4.605203069,4.753456089,4.655593235,4.570528171,4.657337279,4.446135328,4.693399753,4.770463109,4.569656415,4.67507001,4.782493643,4.646363052,4.923700766,4.83558943,4.938324941,5.343282801,5.017348085,4.996238457,5.294024669,5.348845261,5.462311522,5.405769543,5.152072027,5.437041441,5.551963944,5.45574652,5.43701837,5.641689679,5.434774515,5.424087921,5.516386992,5.409014173,5.230176471,5.400199088,5.897235505,5.622433744,5.643815416,5.537442796,5.579707623,5.331476256,5.397769571,5.493069151,5.367311551,5.429757587,5.432589426,5.133489405,7.458565779,7.204803107,7.671063773,7.472196786,7.153892688,7.4281499,7.649736713,7.417869323,7.587802607,7.50411162,7.515352364,7.283027746,6.937918078,7.147374338,6.980434227,7.147631698,6.912522981,7.19152458,7.14217825,7.264646927,7.162413658,7.04099196,6.934946909,7.218042602,7.182223558,7.109299103,7.39073351,7.139606788,6.92339344,6.965227209,6.607953717,6.948886617,6.791533675,7.035544488,6.642040096,6.573320386,6.67647436,6.190204861,6.628815918,6.751909086,6.915208638,6.61249386,7.026126718,6.652066494,6.649153071,6.835426242,6.870930632,6.544869437,6.741551683,6.759865218,6.624316967,7.112311201,7.237253423,6.468977797,6.754925603,6.990707893,6.716246003,6.716488821,6.955356329,7.258713405,7.284556571,7.17790294,7.220099237,7.128317983,7.001569478,7.103436503,7.059027658,7.316432245,7.273735064,7.821829136,7.743017002,8.198834599,8.041834568,7.502382878,7.567276131,7.893699261,7.963282591,8.187023748,7.494087703,7.658364104,7.690236718,8.332335986,7.664416143,7.853167939,7.538728148,7.43049715,7.610090074,7.696820334,7.553205766,7.377911349,7.313130119,7.206430145,7.19279509,7.33141225,7.130489653,7.511201684,7.477925633,7.166388916,7.025603871,7.099834557,7.276301912,6.711083292,7.066914643,6.807583856,6.897104613,6.494468835,7.023453281,6.823200885,9.365424795,7.616972369,6.417764403,3.522650456,3.424944682,3.41318346,3.859442175,3.456521793,3.442340969,3.519130925,3.626769149,3.456597125,3.514705338,3.560023925,3.644069994,3.467236343,3.42753972,3.322887052,3.447171798,3.344908522,3.193965739,3.458387954,3.209768863,3.243359322,3.288264128,3.18564013,3.256483159,3.280287192,3.248036189,3.181125962,3.193267221,3.168227973,3.305711079,3.139201487,3.418184776,3.18218694,3.457757195,3.355619881,3.143413543,3.307978545,3.317270807,3.166851846,3.002044081,3.274972199,3.375367301,3.134225032,3.283809188,3.188247468,3.38954087,3.438538556,3.350078964,3.433321175,3.586089211,3.661675832,3.860662884,4.116974629,3.906896416,4.0705089,4.569206563,4.401427966,4.885901898,3.975720982,8.222834454,9.92290822,9.208812224,10.06384743,9.302732342,9.36908795,9.503616102,8.841701643,9.279569444,8.518392387,9.212404384,10.12114874,8.756681994,8.890645783,8.598196909,9.098145402,8.365894232,8.217380361,9.892151009,9.156691215,8.499433522,10.13555633,9.212468912,8.79640629,9.156650493,9.151423838,9.415244085,8.626121318,10.2344767,9.543823794,8.783198435,8.94164074,8.573557892,9.957273897,8.519964879,8.377447207,9.596359328,10.17803419,9.83844714,9.525204473,8.687121773,9.698995861,9.591329578,8.659351642,9.320374621,9.116323706,9.161669023,8.808538692,11.09375252,10.20721483,11.24892193,8.853130175,8.934900334,9.94958557,8.474485317,10.57315176,8.875867503,10.6969772,10.57622127,8.765431651,9.747834865,10.21863554,9.104486956,11.45900251,9.926390069,9.34463565,10.45846836,10.8374206,11.85690313,11.16387186,13.28280874,11.21531658,10.91456186,11.78933816,11.19345678,12.64772805,11.22075192,11.42942935,12.91624855,10.14422117,12.75771681,9.726135911,11.6854214,11.55923807,9.007780588,11.53158427,11.33524552,10.37083218,11.35868088,9.363163723,10.08938264,10.31869697,9.843819674,9.436989352,10.50193179,9.602626249,9.871602801,9.676965806,10.83602868,10.22825685,9.315900152,9.734376134,9.622512431,9.93770241,9.450580021,9.516060397,8.466900302,8.571610866,8.710411308,8.864782287,8.997048658,8.338210576,8.566166099,8.596810857,8.834055828,8.873884184,8.409181877,8.835342642,8.256436453,8.867430882,9.021926356,8.445905632,8.19094513,8.487045371,8.203471439,8.873493152,8.587759839,9.093954486,8.103373534,8.691028843,10.06143495,8.24539157,8.81866388,9.438130378,9.315081468,9.080349969,10.07497402,8.746610881,8.911182183,9.581944592,9.048982764,9.061000492,9.017279512,9.301473137,9.230677658,9.215366182,10.03238724,8.997009119,9.415873571,8.572913804,9.66522496,9.54384671,10.17189314,10.10720978,9.095251407,9.470008467,9.708178884,10.66788084,11.60512006,11.88593563,10.33029,10.32808683,11.20728929,12.28569978,11.85731516,10.69014482,9.957941147,12.14286753,10.97975229,12.54404096,11.10233361,11.15337802,12.27967911,11.46733065,12.45675543,14.36618978,13.01722984,12.19330721,11.491957,11.53635218,11.72570075,10.69092722,11.0619969,11.15854716,11.08179935,10.88983155,12.30988613,11.97182521,11.27398818,10.04824065,10.50012987,10.48612776,10.24594641,9.692320027,9.212444992,10.18816599,10.22726796,36.96904829
mean_env_ch1,4.55263486,4.433018045,4.42438641,4.375227442,4.543987531,4.411676507,4.342813925,4.552336665,4.405176583,4.183223071,3.859526573,3.906338949,3.978065419,3.871445202,3.902500602,3.874421206,3.94742397,3.889569904,3.829106881,3.8207139,3.789208856,3.86281015,3.840410306,3.89357391,3.853631184,3.915966701,3.994887569,3.952229172,4.096163577,4.073570437,4.024550621,3.881610942,3.995837222,4.141431526,3.929805237,4.038819754,4.122851787,4.187601539,4.149547706,4.220966071,4.230868753,4.453888192,4.414513521,4.51463003,4.5315927,4.573798839,4.628330944,4.632328262,4.714937233,4.77145293,4.695777765,4.825773214,4.879650464,4.826450279,4.925927781,4.813238206,4.79078198,4.863880427,4.746206723,4.779645437,5.018134912,4.839443055,5.003674028,5.051859812,4.973790629,4.859179169,4.856872124,4.944234734,4.842039091,4.785597738,4.756168018,4.685254479,6.467273276,6.423227967,6.593622013,6.548966352,6.529873275,6.54609192,6.56312084,6.539029382,6.509224179,6.500704592,6.557863,6.44267183,6.387419745,6.379025507,6.380694402,6.282637134,6.346510551,6.3627454,6.318265622,6.392868866,6.418681051,6.308151352,6.250501098,6.280418025,6.163491377,6.27896013,6.235714391,6.172132625,6.139951207,6.271837313,6.01639529,5.949715834,5.927415974,5.956095311,5.827918174,5.813196584,5.787439165,5.707237517,5.871887393,5.821464108,5.931954533,5.909432756,5.959103193,5.877855405,5.805255326,5.938918858,5.893202399,5.824880276,5.980525595,5.944022095,5.888475848,5.976219656,6.105893244,5.929203203,5.965895272,6.036056929,6.045026592,6.050811739,5.998368589,6.012903128,6.041322553,6.139533755,6.275487032,6.200532202,6.263497453,6.289092082,6.353570833,6.382508957,6.446997972,6.542420294,6.948625665,6.862733977,6.91279395,6.72672017,6.776976573,6.900274966,6.912278746,6.862025406,6.621947587,6.898992121,6.838126384,6.886460732,6.790959999,6.630794065,6.767907791,6.779180796,6.689029169,6.611978641,6.694628199,6.652056031,6.591940274,6.470287951,6.38253683,6.399482801,6.416559404,6.225330599,6.213024386,6.282831915,6.065083331,6.308201931,6.102796833,5.997752792,6.294076282,5.768988629,5.715321499,5.706052007,5.867153624,5.867979919,6.67172709,6.464349929,5.041878796,3.044614419,2.987249321,2.98506803,3.06203442,2.956895941,2.947617379,2.959926625,3.001798009,3.028020304,2.975709408,3.011594172,3.057578982,2.952370001,2.925565735,2.887059258,2.97532912,2.87050959,2.786546433,2.814403367,2.851404102,2.818237322,2.827231545,2.851505837,2.810548022,2.776890785,2.791424228,2.719192231,2.726302499,2.782511579,2.752690765,2.790351769,2.757393052,2.797205756,2.709437487,2.706036223,2.707927948,2.724778908,2.704926827,2.70484136,2.594454193,2.690594616,2.745161739,2.758997429,2.811328465,2.807117217,2.91173176,2.897582598,2.939721545,2.982621093,3.009646812,3.174090766,3.214180271,3.331758,3.434443485,3.440967935,3.480341288,3.528988839,3.405913496,3.546745912,5.049187258,8.300803411,7.492706097,7.837199161,7.469103198,7.856995894,7.76131736,7.664505945,7.636245354,7.391226947,7.847503646,7.964578192,7.476325372,7.508009993,7.406178805,7.257529495,7.122574578,7.247927273,7.041737983,7.578047938,7.282277318,7.573747623,7.467625993,7.522489032,7.41820962,7.396279305,7.368954085,7.406037187,7.454955672,7.476399384,7.329143054,7.456968808,7.31849893,7.439189386,7.237985349,7.259770289,7.29805176,7.315765348,7.249757381,7.204183184,7.147235292,7.350956696,7.401538994,7.140680756,7.263063536,7.119090874,7.214727793,7.386320043,7.29571972,7.369944697,7.271549635,7.203328627,7.230396352,7.22317349,7.211989809,7.238721926,7.113994781,7.258592649,7.334798688,7.2098987,7.348548059,7.259949688,7.329357026,7.369122983,7.398398188,7.439432599,7.396782079,7.584642011,7.612339039,7.627006204,7.93856957,7.733357377,7.790129013,7.88240646,7.760612996,8.189668395,8.233997754,8.270984713,8.057426872,8.189467257,8.271297506,8.065771563,8.143667409,8.390654389,7.808991961,7.98697162,8.193954777,8.251724067,8.089302635,7.781397093,8.050835435,7.908335537,7.972976949,7.971627073,8.1941158,8.019986739,8.15637051,8.148339555,7.951432122,7.911804439,8.070491224,8.02143145,8.02137416,8.020268373,7.872989509,7.91399933,7.294028475,7.065707934,7.080674633,7.088462225,7.005473399,7.059141223,7.087020249,7.06045145,7.203655752,7.127555675,7.010136073,7.167254461,7.020009215,7.177445348,6.892287831,6.862251735,6.865285791,6.79265604,6.890871665,6.754495083,6.878564272,7.08398522,6.901285087,6.968741043,7.203874099,7.100012134,7.0194178,7.006997433,7.215566619,7.240395261,7.169049931,7.216794042,7.167744498,7.204215818,7.297465476,7.214651512,7.346631082,7.458941718,7.34111911,7.227551768,7.306153831,7.356416444,7.47781998,7.180115408,7.409833812,7.490600996,7.650467719,7.407722648,7.422973854,7.338622721,7.511706976,7.764332534,7.775861359,7.964343817,7.77100656,7.7603023,8.10651148,8.922957341,8.390391251,8.481269796,7.875199567,8.717967401,8.39577328,8.790817606,8.698801215,8.995762143,8.92111867,9.019581999,9.395998193,9.568057745,9.542505261,8.919727662,8.489601422,8.645987543,8.92884051,8.729016013,8.478438554,8.548825562,8.811849952,8.809440678,8.628180197,8.702247864,8.902821991,8.330253364,7.778039372,8.237330967,8.20949331,7.973779501,7.850387649,7.85434871,7.669405437,11.10152873
median_env_ch1,4.526477965,4.438088466,4.41887958,4.347470877,4.562794768,4.422601853,4.343009544,4.511883762,4.348697769,4.177392874,3.853559723,3.883273037,3.958804979,3.89108122,3.873292612,3.85860211,3.954618819,3.83379791,3.812531365,3.748417264,3.746924473,3.830225198,3.842978265,3.882567787,3.83903517,3.915417261,3.920850413,3.987439978,4.107342734,4.085575036,4.028245909,3.878324427,3.950542109,4.107258065,3.919926807,4.033154022,4.137180258,4.145879996,4.131877093,4.186837577,4.195004054,4.440319345,4.384730698,4.530069503,4.523332271,4.556465025,4.614489194,4.615664626,4.694813707,4.773902464,4.674654157,4.838059331,4.91116981,4.802063594,4.931377161,4.772949594,4.798844065,4.825782325,4.749620228,4.80433662,4.988376134,4.816359418,5.019746655,5.05209339,4.986251478,4.848418796,4.872138252,4.954845304,4.800150749,4.776749379,4.738166013,4.708583163,6.500130649,6.389401194,6.558494194,6.464937333,6.525101818,6.532791926,6.54070745,6.584193909,6.553164876,6.494089841,6.552642697,6.428201062,6.365088952,6.383590741,6.375838232,6.216764594,6.317529601,6.414843902,6.31449808,6.353148379,6.357288133,6.326867756,6.210055944,6.299343,6.109671195,6.32444976,6.209438883,6.160529181,6.172940196,6.282091906,6.01937823,5.965028827,5.873279639,5.937446231,5.807872094,5.833635084,5.798579614,5.720326359,5.90726685,5.841692431,5.890651547,5.877641607,5.922771959,5.889938132,5.803076875,5.909282025,5.888088518,5.779330912,5.962519036,5.86355748,5.883763624,5.97505138,6.114050723,5.943440572,5.956743318,6.090499025,6.041169538,6.022153919,5.981669931,5.943244714,5.974905049,6.148198135,6.242929459,6.193673201,6.248196979,6.326223469,6.312869482,6.351743965,6.499509235,6.46361318,6.958955743,6.815877466,6.883574813,6.652335327,6.778089757,6.825329579,6.950757484,6.840245768,6.678278133,6.875171936,6.795154538,6.867543662,6.794651917,6.605072905,6.776439251,6.810012895,6.641752168,6.585571103,6.663374344,6.589836147,6.585669144,6.381173772,6.359628543,6.417502756,6.400673858,6.173422843,6.256881077,6.293244462,6.014593752,6.309064315,6.078798534,5.990544441,6.320422529,5.72595191,5.698497717,5.741154653,5.88647538,5.882527665,6.58636515,6.453096115,5.023084383,3.024815223,2.982631177,2.987405831,3.04428415,2.966826375,2.918035694,2.936171256,2.991573183,3.038387588,2.934923489,2.986951185,3.022034086,2.955639184,2.907157176,2.860089756,2.959234897,2.877488768,2.787668293,2.793685143,2.858614059,2.816296116,2.815852886,2.857210524,2.826060597,2.73646739,2.77385876,2.684238467,2.694538636,2.801723841,2.738800183,2.786060758,2.731307722,2.773083394,2.678847467,2.676123683,2.668021597,2.678688756,2.69414398,2.706845255,2.599855447,2.679003587,2.725397791,2.784817358,2.824547727,2.806920585,2.906202803,2.874621158,2.937997091,2.99748213,3.015447096,3.154341897,3.188839913,3.317265141,3.406391403,3.414149901,3.472764969,3.500755846,3.346765791,3.583860629,4.752747562,8.161817526,7.375152703,7.765674107,7.411882089,7.781079551,7.695172053,7.61166172,7.604851959,7.372403934,7.797157052,7.96006194,7.501523744,7.509406791,7.414666113,7.19162094,7.112300059,7.232067779,6.88001724,7.549099928,7.255043492,7.516248936,7.4734502,7.444637627,7.323540304,7.419756329,7.302391446,7.423794844,7.395245196,7.395371958,7.344364537,7.365016441,7.289497385,7.433576427,7.211901813,7.15212401,7.191469182,7.21833736,7.102512094,7.124764667,7.104918515,7.167801257,7.211364281,7.050375839,7.02235603,7.097665008,7.217336603,7.286919572,7.181448979,7.283261837,7.178554472,7.136537104,7.171029868,7.10275519,7.158864376,7.161613167,7.177827165,7.070875482,7.185590567,7.108024154,7.396821403,7.091602841,7.188640036,7.106840777,7.241352718,7.540158605,7.23666578,7.372416149,7.529692155,7.426473502,7.725428907,7.419778354,7.576373423,7.631540316,7.757419673,8.056424958,8.112579014,8.087075291,7.854328679,8.094611255,7.971049093,8.112723435,7.864334561,8.151498299,7.723381765,7.936348379,8.150512642,8.284094792,8.00366716,7.725570962,7.981816425,7.812042114,7.926001587,7.857565741,8.12552513,7.966049588,7.971489086,8.087885229,7.876962094,7.828209891,8.022942395,7.974677329,8.029333931,7.907145642,7.906739607,7.848480669,7.16212292,6.99454253,7.125582912,7.035528352,6.884679418,7.071249275,7.088506333,7.041384846,7.145315706,7.079124025,6.996636647,7.280825885,7.104082548,7.12793285,6.941413892,6.769455813,6.731276795,6.705937888,6.914509331,6.748630654,6.909392425,6.941118158,6.868523754,6.99023613,7.160367862,7.06758524,6.993704173,6.849984944,7.210278369,7.057170704,7.052578305,7.234573727,7.079070562,7.048022178,7.287458325,7.197703906,7.332688248,7.563020485,7.242794417,7.235086747,7.157514495,7.290487482,7.457280598,7.158200491,7.288742456,7.298585925,7.423146512,7.261602598,7.402454754,7.224991998,7.335248945,7.783553684,7.558559951,7.813473687,7.658340136,7.585009008,7.822017944,8.880280006,8.255707921,8.338461546,7.706638896,8.604372128,8.22291616,8.598590073,8.606805754,8.709809353,8.74866254,9.13086857,9.354503195,9.60202224,9.813392515,8.946084103,8.189515131,8.81771442,8.905529362,8.653917857,8.444536387,8.506312715,8.822316288,8.71154273,8.429951721,8.590286039,8.928036295,8.30298502,7.73850216,8.017627124,8.234367497,8.059996406,7.801807268,7.736376341,7.511594587,9.544956842
tau,81.40522894,82.27689265,82.28439827,82.28439827,80.08687751,83.59446207,82.27689265,82.71864797,81.40522894,78.75536243,80.07932472,81.39770465,80.96104741,82.27689265,82.71864797,84.4605403,82.28439827,82.28439827,81.40522894,82.28439827,78.76294185,80.96858089,78.76294185,78.76294185,80.08687751,75.20869405,76.54417946,76.98606132,77.87591661,75.65205659,76.98606132,80.52385219,75.65205659,76.98606132,76.98606132,72.97015943,77.87591661,79.20225985,76.54417946,78.32310458,77.87591661,75.65969606,78.32310458,76.1018006,79.20225985,80.52385219,80.52385219,82.71864797,81.40522894,84.0277832,82.71864797,87.49448034,85.32360786,84.02031687,85.32360786,85.32360786,86.19254563,82.71115287,90.48485595,87.05838648,86.19254563,87.48709373,89.63570075,84.89198689,87.49448034,84.89198689,84.0277832,84.0277832,84.89943257,82.71864797,86.1999626,86.1999626,87.49448034,86.1999626,82.71864797,88.35010963,89.20997696,82.71864797,84.89198689,88.35010963,89.63570075,89.63570075,88.35010963,87.05838648,89.63570075,93.03853298,87.05838648,89.63570075,84.89198689,86.19254563,89.63570075,93.03853298,89.63570075,85.76208338,87.05838648,87.9225899,84.89943257,92.61073282,84.89198689,84.89198689,85.76208338,87.91521352,87.05838648,86.1999626,87.91521352,84.4605403,88.35010963,84.89198689,84.89198689,83.5869861,84.89198689,84.4605403,82.71115287,89.63570075,85.76208338,85.76208338,84.89198689,85.76208338,80.07932472,85.76208338,84.89943257,83.59446207,80.08687751,85.76208338,80.08687751,81.40522894,79.20225985,81.40522894,83.59446207,83.5869861,84.02031687,80.07932472,81.39770465,85.76208338,81.40522894,81.40522894,86.19254563,83.5869861,84.89198689,80.52385219,84.0277832,93.88426195,89.63570075,86.1999626,90.91579401,88.35010963,91.76777424,96.39332151,102.9873886,99.29759947,110.9974619,122.1341827,113.3544048,118.3607024,114.9053189,119.1236278,116.4455014,112.1819968,129.4870738,125.108964,117.9749527,104.6147346,100.1240934,103.8020443,102.5822131,101.363481,101.363481,96.81535573,94.7209786,100.9486689,97.22959653,102.9943694,95.56165076,93.87703745,93.87703745,92.61073282,93.45773359,92.61073282,98.88656413,102.1763846,97.22959653,95.56165076,98.88656413,95.97780234,95.56165076,93.45773359,96.81535573,100.1311515,103.3988808,102.1763846,96.80820824,100.1240934,98.05545481,103.3988808,98.05545481,93.45773359,95.97780234,98.88656413,94.7209786,100.1240934,98.88656413,94.7209786,100.9486689,103.3988808,108.6230361,93.45773359,98.89365683,91.34537374,94.7209786,97.22959653,91.33808617,90.49216492,92.61073282,87.05838648,90.49216492,90.49216492,90.06060924,91.33808617,87.05838648,93.87703745,89.20997696,91.33808617,84.89198689,87.05838648,87.9225899,95.97780234,92.61798906,91.76777424,97.22959653,93.87703745,95.13839737,93.87703745,95.97780234,97.22959653,101.363481,99.71435568,103.8090014,103.8090014,103.8020443,102.9873886,104.6147346,106.2245245,101.7699069,106.2245245,109.0251016,112.1819968,105.0166174,105.0166174,109.0251016,123.998997,126.9470365,130.9232235,129.127787,133.7707528,131.6407283,126.9470365,126.9470365,119.8767135,132.7083802,133.7707528,135.5297306,129.127787,119.8767135,130.567172,122.1341827,136.5531871,131.9954343,124.3675379,124.3675379,129.1215868,124.3675379,124.3675379,118.3607024,120.2525852,119.1171182,117.21518,114.1275401,126.9470365,109.0251016,121.008789,121.008789,115.2898797,116.4455014,121.008789,107.0292163,126.9407683,110.2129586,112.1752807,112.1752807,110.9974619,119.8767135,114.8986831,110.9974619,109.0182924,107.8236938,113.3477233,116.4455014,111.7853645,109.0251016,103.3988808,107.0292163,110.6055428,104.6147346,107.8305381,99.3046807,104.6147346,104.6147346,102.5822131,110.9974619,105.0166174,98.47488714,102.5822131,98.06256934,98.47488714,98.47488714,93.03853298,91.76777424,96.39332151,105.0166174,108.2271172,97.22959653,100.5402337,96.39332151,96.40048026,100.9486689,97.64961275,96.40048026,97.22959653,105.4247559,99.71435568,97.64248798,102.9873886,103.8020443,102.9873886,104.2121959,106.2245245,109.4196846,102.1763846,105.0235411,109.0251016,110.2129586,118.3607024,114.1275401,108.2271172,122.5124583,123.6297958,130.9232235,126.2122989,129.127787,115.673114,129.127787,124.3675379,114.5134446,124.3675379,113.3477233,114.1275401,120.2525852,114.8986831,114.1275401,112.9598134,114.1275401,113.7409714,114.1275401,107.0292163,112.9598134,110.9974619,107.8305381,109.0251016,115.2898797,104.6147346,110.9974619,103.8020443,109.0251016,109.8129265,111.0042136,112.9598134,109.0251016,107.8305381,122.1341827,105.4247559,109.8197124,99.3046807,98.47488714,109.0251016,107.0292163,101.7699069,104.6147346,107.0292163,98.05545481,100.5402337,101.7699069,96.80820824,103.3988808,103.3988808,105.0235411,104.6147346,94.7209786,95.13839737,99.3046807,95.13839737,100.5402337,107.0292163,87.05838648,97.22959653,85.76208338,91.33808617,90.48485595,89.63570075,98.47488714,93.87703745,95.97780234,95.13839737,97.22959653,95.13839737,98.47488714,90.91579401,101.3564556,95.97780234,101.3564556,89.63570075,99.71435568,86.19254563,100.5402337,93.87703745,95.14558862,100.9486689,94.30293227,100.5402337,98.47488714,102.5822131,101.7628931,93.03128649,99.29759947,106.2245245,100.9486689,105.0166174,106.2245245,102.9873886,98.47488714,105.0166174
amp_factor,1.2,1.2,1.2,1.2,1.2,1.2,1.2,1.2,1.2,1.2,1.2,1.2,1.2,1.2,1.2,1.2,1.2,1.2,1.2,1.2,1.2,1.2,1.2,1.2,1.2,1.2,1.2,1.2,1.2,1.2,1.2,1.2,1.2,1.2,1.2,1.2,1.2,1.2,1.2,1.2,1.2,1.2,1.2,1.2,1.2,1.2,1.2,1.2,1.2,1.2,1.2,1.2,1.2,1.2,1.2,1.2,1.2,1.2,1.2,1.2,1.2,1.2,1.2,1.2,1.2,1.2,1.2,1.2,1.2,1.2,1.2,1.2,1.2,1.2,1.2,1.2,1.2,1.2,1.2,1.2,1.2,1.2,1.2,1.2,1.2,1.2,1.2,1.2,1.2,1.2,1.2,1.2,1.2,1.2,1.2,1.2,1.2,1.2,1.2,1.2,1.2,1.2,1.2,1.2,1.2,1.2,1.2,1.2,1.2,1.2,1.2,1.2,1.2,1.2,1.2,1.2,1.2,1.2,1.2,1.2,1.2,1.2,1.2,1.2,1.2,1.2,1.2,1.2,1.2,1.2,1.2,1.2,1.2,1.2,1.2,1.2,1.2,1.2,1.2,1.2,1.2,1.2,1.2,1.2,1.2,1.2,1.2,1.2,1.2,1.2,1.2,1.2,1.2,1.2,1.2,1.2,1.2,1.2,1.2,1.2,1.2,1.2,1.2,1.2,1.2,1.2,1.2,1.2,1.2,1.2,1.2,1.2,1.2,1.2,1.2,1.2,1.2,1.2,1.2,1.2,1.2,1.2,1.2,1.2,1.2,1.2,1.2,1.2,1.2,1.2,1.2,1.2,1.2,1.2,1.2,1.2,1.2,1.2,1.2,1.2,1.2,1.2,1.2,1.2,1.2,1.2,1.2,1.2,1.2,1.2,1.2,1.2,1.2,1.2,1.2,1.2,1.2,1.2,1.2,1.2,1.2,1.2,1.2,1.2,1.2,1.2,1.2,1.2,1.2,1.2,1.2,1.2,1.2,1.2,1.2,1.2,1.2,1.2,1.2,1.2,1.2,1.2,1.2,1.2,1.2,1.2,1.2,1.2,1.2,1.2,1.2,1.2,1.2,1.2,1.2,1.2,1.2,1.2,1.2,1.2,1.2,1.2,1.2,1.2,1.2,1.2,1.2,1.2,1.2,1.2,1.2,1.2,1.2,1.2,1.2,1.2,1.2,1.2,1.2,1.2,1.2,1.2,1.2,1.2,1.2,1.2,1.2,1.2,1.2,1.2,1.2,1.2,1.2,1.2,1.2,1.2,1.2,1.2,1.2,1.2,1.2,1.2,1.2,1.2,1.2,1.2,1.2,1.2,1.2,1.2,1.2,1.2,1.2,1.2,1.2,1.2,1.2,1.2,1.2,1.2,1.2,1.2,1.2,1.2,1.2,1.2,1.2,1.2,1.2,1.2,1.2,1.2,1.2,1.2,1.2,1.2,1.2,1.2,1.2,1.2,1.2,1.2,1.2,1.2,1.2,1.2,1.2,1.2,1.2,1.2,1.2,1.2,1.2,1.2,1.2,1.2,1.2,1.2,1.2,1.2,1.2,1.2,1.2,1.2,1.2,1.2,1.2,1.2,1.2,1.2,1.2,1.2,1.2,1.2,1.2,1.2,1.2,1.2,1.2,1.2,1.2,1.2,1.2,1.2,1.2,1.2,1.2,1.2,1.2,1.2,1.2,1.2,1.2,1.2,1.2,1.2,1.2,1.2,1.2,1.2,1.2,1.2,1.2,1.2,1.2,1.2,1.2,1.2,1.2,1.2,1.2,1.2,1.2,1.2,1.2,1.2,1.2,1.2,1.2,1.2,1.2,1.2,1.2,1.2,1.2,1.2,1.2,1.2,1.2,1.2,1.2,1.2,1.2,1.2,1.2,1.2,1.2,1.2,1.2,1.2
timestamp,5/1/2023 3:00,5/1/2023 3:15,5/1/2023 3:30,5/1/2023 3:45,5/1/2023 4:00,5/1/2023 4:15,5/1/2023 4:30,5/1/2023 4:45,5/1/2023 5:00,5/1/2023 5:15,5/1/2023 5:30,5/1/2023 5:45,5/1/2023 6:00,5/1/2023 6:15,5/1/2023 6:30,5/1/2023 6:45,5/1/2023 7:00,5/1/2023 7:15,5/1/2023 7:30,5/1/2023 7:45,5/1/2023 8:00,5/1/2023 8:15,5/1/2023 8:30,5/1/2023 8:45,5/1/2023 9:00,5/1/2023 9:15,5/1/2023 9:30,5/1/2023 9:45,5/1/2023 10:00,5/1/2023 10:15,5/1/2023 10:30,5/1/2023 10:45,5/1/2023 11:00,5/1/2023 11:15,5/1/2023 11:30,5/1/2023 11:45,5/1/2023 12:00,5/1/2023 12:15,5/1/2023 12:30,5/1/2023 12:45,5/1/2023 13:00,5/1/2023 13:15,5/1/2023 13:30,5/1/2023 13:45,5/1/2023 14:00,5/1/2023 14:15,5/1/2023 14:30,5/1/2023 14:45,5/1/2023 15:00,5/1/2023 15:15,5/1/2023 15:30,5/1/2023 15:45,5/1/2023 17:00,5/1/2023 17:15,5/1/2023 17:30,5/1/2023 17:45,5/1/2023 18:00,5/1/2023 18:15,5/1/2023 18:30,5/1/2023 18:45,5/1/2023 19:00,5/1/2023 19:15,5/1/2023 19:30,5/1/2023 19:45,5/1/2023 20:00,5/1/2023 20:15,5/1/2023 20:30,5/1/2023 20:45,5/1/2023 21:00,5/1/2023 21:15,5/1/2023 21:30,5/1/2023 21:45,5/1/2023 22:00,5/1/2023 22:15,5/1/2023 22:30,5/1/2023 22:45,5/1/2023 23:00,5/1/2023 23:15,5/1/2023 23:30,5/1/2023 23:45,5/2/2023 0:00,5/2/2023 0:15,5/2/2023 0:30,5/2/2023 0:45,5/2/2023 1:00,5/2/2023 1:15,5/2/2023 1:30,5/2/2023 1:45,5/2/2023 2:00,5/2/2023 2:15,5/2/2023 2:30,5/2/2023 2:45,5/2/2023 3:00,5/2/2023 3:15,5/2/2023 3:30,5/2/2023 3:45,5/2/2023 4:00,5/2/2023 4:15,5/2/2023 4:30,5/2/2023 4:45,5/2/2023 5:00,5/2/2023 5:15,5/2/2023 5:30,5/2/2023 5:45,5/2/2023 6:00,5/2/2023 6:15,5/2/2023 6:30,5/2/2023 6:45,5/2/2023 7:00,5/2/2023 7:15,5/2/2023 7:30,5/2/2023 7:45,5/2/2023 8:00,5/2/2023 8:15,5/2/2023 8:30,5/2/2023 8:45,5/2/2023 9:00,5/2/2023 9:15,5/2/2023 9:30,5/2/2023 9:45,5/2/2023 10:00,5/2/2023 10:15,5/2/2023 10:30,5/2/2023 10:45,5/2/2023 11:00,5/2/2023 11:15,5/2/2023 11:30,5/2/2023 11:45,5/2/2023 12:00,5/2/2023 12:15,5/2/2023 12:30,5/2/2023 12:45,5/2/2023 13:00,5/2/2023 13:15,5/2/2023 13:30,5/2/2023 13:45,5/2/2023 14:00,5/2/2023 14:15,5/2/2023 14:30,5/2/2023 14:45,5/2/2023 15:00,5/2/2023 15:15,5/2/2023 15:30,5/2/2023 15:45,5/2/2023 16:00,5/2/2023 16:15,5/2/2023 16:30,5/2/2023 16:45,5/2/2023 17:00,5/2/2023 17:15,5/2/2023 17:30,5/2/2023 17:45,5/2/2023 18:00,5/2/2023 18:15,5/2/2023 18:30,5/2/2023 18:45,5/2/2023 19:00,5/2/2023 19:15,5/2/2023 19:30,5/2/2023 19:45,5/2/2023 20:00,5/2/2023 20:15,5/2/2023 20:30,5/2/2023 20:45,5/2/2023 21:00,5/2/2023 21:15,5/2/2023 21:30,5/2/2023 21:45,5/2/2023 22:00,5/2/2023 22:15,5/2/2023 22:30,5/2/2023 22:45,5/2/2023 23:00,5/2/2023 23:15,5/2/2023 23:30,5/2/2023 23:45,5/3/2023 0:00,5/3/2023 0:15,5/3/2023 0:30,5/3/2023 0:45,5/3/2023 1:00,5/3/2023 1:15,5/3/2023 1:30,5/3/2023 1:45,5/3/2023 2:00,5/3/2023 2:15,5/3/2023 2:30,5/3/2023 2:45,5/3/2023 3:00,5/3/2023 3:15,5/3/2023 3:30,5/3/2023 3:45,5/3/2023 4:00,5/3/2023 4:15,5/3/2023 4:30,5/3/2023 4:45,5/3/2023 5:00,5/3/2023 5:15,5/3/2023 5:30,5/3/2023 5:45,5/3/2023 6:00,5/3/2023 6:15,5/3/2023 6:30,5/3/2023 6:45,5/3/2023 7:00,5/3/2023 7:15,5/3/2023 7:30,5/3/2023 7:45,5/3/2023 8:00,5/3/2023 8:15,5/3/2023 8:30,5/3/2023 8:45,5/3/2023 9:00,5/3/2023 9:15,5/3/2023 9:30,5/3/2023 9:45,5/3/2023 10:00,5/3/2023 10:15,5/3/2023 10:30,5/3/2023 10:45,5/3/2023 11:00,5/3/2023 11:15,5/3/2023 11:30,5/3/2023 11:45,5/3/2023 12:00,5/3/2023 12:15,5/3/2023 12:30,5/3/2023 12:45,5/3/2023 13:00,5/3/2023 13:15,5/3/2023 13:30,5/3/2023 13:45,5/3/2023 14:00,5/3/2023 14:15,5/3/2023 14:30,5/3/2023 14:45,5/3/2023 15:00,5/3/2023 15:15,5/3/2023 15:30,5/3/2023 15:45,5/3/2023 16:00,5/3/2023 16:15,5/3/2023 16:30,5/3/2023 16:45,5/3/2023 17:00,5/3/2023 17:15,5/3/2023 17:30,5/3/2023 17:45,5/3/2023 18:00,5/3/2023 18:15,5/3/2023 18:30,5/3/2023 18:45,5/3/2023 19:00,5/3/2023 19:15,5/3/2023 19:30,5/3/2023 19:45,5/3/2023 20:00,5/3/2023 20:15,5/3/2023 20:30,5/3/2023 20:45,5/3/2023 21:00,5/3/2023 21:15,5/3/2023 21:30,5/3/2023 21:45,5/3/2023 22:00,5/3/2023 22:15,5/3/2023 22:30,5/3/2023 22:45,5/3/2023 23:00,5/3/2023 23:15,5/3/2023 23:30,5/3/2023 23:45,5/4/2023 0:00,5/4/2023 0:15,5/4/2023 0:30,5/4/2023 0:45,5/4/2023 1:00,5/4/2023 1:15,5/4/2023 1:30,5/4/2023 1:45,5/4/2023 2:00,5/4/2023 2:15,5/4/2023 2:30,5/4/2023 2:45,5/4/2023 3:00,5/4/2023 3:15,5/4/2023 3:30,5/4/2023 3:45,5/4/2023 4:00,5/4/2023 4:15,5/4/2023 4:30,5/4/2023 4:45,5/4/2023 5:00,5/4/2023 5:15,5/4/2023 5:30,5/4/2023 5:45,5/4/2023 6:00,5/4/2023 6:15,5/4/2023 6:30,5/4/2023 6:45,5/4/2023 7:00,5/4/2023 7:15,5/4/2023 7:30,5/4/2023 7:45,5/4/2023 8:00,5/4/2023 8:15,5/4/2023 8:30,5/4/2023 8:45,5/4/2023 9:00,5/4/2023 9:15,5/4/2023 9:30,5/4/2023 9:45,5/4/2023 10:00,5/4/2023 10:15,5/4/2023 10:30,5/4/2023 10:45,5/4/2023 11:00,5/4/2023 11:15,5/4/2023 11:30,5/4/2023 11:45,5/4/2023 12:00,5/4/2023 12:15,5/4/2023 12:30,5/4/2023 12:45,5/4/2023 13:00,5/4/2023 13:15,5/4/2023 13:30,5/4/2023 13:45,5/4/2023 14:00,5/4/2023 14:15,5/4/2023 14:30,5/4/2023 14:45,5/4/2023 15:00,5/4/2023 15:15,5/4/2023 15:30,5/4/2023 15:45,5/4/2023 16:00,5/4/2023 16:15,5/4/2023 16:30,5/4/2023 16:45,5/4/2023 17:00,5/4/2023 17:15,5/4/2023 17:30,5/4/2023 17:45,5/4/2023 18:00,5/4/2023 18:15,5/4/2023 18:30,5/4/2023 18:45,5/4/2023 19:00,5/4/2023 19:15,5/4/2023 19:30,5/4/2023 19:45,5/4/2023 20:00,5/4/2023 20:15,5/4/2023 20:30,5/4/2023 20:45,5/4/2023 21:00,5/4/2023 21:15,5/4/2023 21:30,5/4/2023 21:45,5/4/2023 22:00,5/4/2023 22:15,5/4/2023 22:30,5/4/2023 22:45,5/4/2023 23:00,5/4/2023 23:15,5/4/2023 23:30,5/4/2023 23:45,5/5/2023 0:00,5/5/2023 0:15,5/5/2023 0:30,5/5/2023 0:45,5/5/2023 1:00,5/5/2023 1:15,5/5/2023 1:30,5/5/2023 1:45,5/5/2023 2:00,5/5/2023 2:15,5/5/2023 2:30,5/5/2023 2:45,5/5/2023 3:00,5/5/2023 3:15,5/5/2023 3:30,5/5/2023 3:45,5/5/2023 4:00,5/5/2023 4:15,5/5/2023 4:30,5/5/2023 4:45,5/5/2023 5:00,5/5/2023 5:15,5/5/2023 5:30,5/5/2023 5:45,5/5/2023 6:00,5/5/2023 6:15,5/5/2023 6:30,5/5/2023 6:45,5/5/2023 7:00,5/5/2023 7:15,5/5/2023 7:30,5/5/2023 7:45,5/5/2023 8:00,5/5/2023 8:15,5/5/2023 8:30,5/5/2023 8:45,5/5/2023 9:00,5/5/2023 9:15,5/5/2023 9:30,5/5/2023 9:45,5/5/2023 10:00,5/5/2023 10:15,5/5/2023 10:30,5/5/2023 10:45,5/5/2023 11:00,5/5/2023 11:15,5/5/2023 11:30,5/5/2023 11:45,5/5/2023 12:00,5/5/2023 12:15,5/5/2023 12:30,5/5/2023 12:45,5/5/2023 13:00,5/5/2023 13:15,5/5/2023 13:30,5/5/2023 13:45,5/5/2023 14:00,5/5/2023 14:15,5/5/2023 14:30,5/5/2023 14:45,5/5/2023 15:00,5/5/2023 15:15,5/5/2023 15:30,5/5/2023 15:45,5/5/2023 16:00,5/5/2023 16:15,5/5/2023 16:30,5/5/2023 16:45,5/5/2023 17:00,5/5/2023 17:15,5/5/2023 17:30,5/5/2023 17:45
