datetime,shear_stress
7/14/2022 2:30,63.22183867
7/14/2022 2:45,63.20997252
7/14/2022 3:00,63.22183867
7/14/2022 3:15,63.22183867
7/14/2022 3:30,63.22183867
7/14/2022 3:45,63.22183867
7/14/2022 4:00,63.22183867
7/14/2022 4:15,63.24763432
7/14/2022 4:30,63.21702096
7/14/2022 4:45,63.21702096
7/14/2022 5:00,63.19209958
7/14/2022 5:15,63.18418677
7/14/2022 5:30,63.20910815
7/14/2022 5:45,63.20910815
7/14/2022 6:00,63.18418677
7/14/2022 6:15,63.17494324
7/14/2022 6:30,63.14730779
7/14/2022 6:45,63.17494324
7/14/2022 7:00,63.14730779
7/14/2022 7:15,63.14351496
7/14/2022 7:30,63.14351496
7/14/2022 7:45,63.00506486
7/14/2022 8:00,62.8849697
7/14/2022 8:15,62.83864778
7/14/2022 8:30,62.79130614
7/14/2022 8:45,62.73875374
7/14/2022 9:00,62.73720718
7/14/2022 9:15,62.64236523
7/14/2022 9:30,62.59518358
7/14/2022 9:45,62.55910613
7/14/2022 10:00,62.46805701
7/14/2022 10:15,62.40742689
7/14/2022 10:30,62.35544855
7/14/2022 10:45,62.1629127
7/14/2022 11:00,62.02072911
7/14/2022 11:15,61.79748472
7/14/2022 11:30,61.418679
7/14/2022 11:45,61.40621342
7/14/2022 12:00,61.2083132
7/14/2022 12:15,61.2083132
7/14/2022 12:30,61.2083132
7/14/2022 12:45,61.29481769
7/14/2022 13:00,61.29481769
7/14/2022 13:15,61.29481769
7/14/2022 13:30,61.29481769
7/14/2022 13:45,61.2083132
7/14/2022 14:00,61.2083132
7/14/2022 14:15,61.2083132
7/14/2022 14:30,61.2083132
7/14/2022 14:45,61.2083132
7/14/2022 15:00,61.14407948
7/14/2022 15:15,61.18438746
7/14/2022 15:30,61.18438746
7/14/2022 15:45,61.18438746
7/14/2022 16:00,61.18438746
7/14/2022 16:15,61.18438746
7/14/2022 16:30,61.27089195
7/14/2022 16:45,61.2015592
7/14/2022 17:00,61.27089195
7/14/2022 17:15,61.2015592
7/14/2022 17:30,61.2015592
7/14/2022 17:45,61.2015592
7/14/2022 18:00,61.2015592
7/14/2022 18:15,61.2015592
7/14/2022 18:30,61.2015592
7/14/2022 18:45,61.21896408
7/14/2022 19:00,61.21896408
7/14/2022 19:15,61.30047403
7/14/2022 19:30,61.30047403
7/14/2022 19:45,61.39153447
7/14/2022 20:00,61.43561817
7/14/2022 20:15,61.51500797
7/14/2022 20:30,61.63107933
7/14/2022 20:45,61.72778993
7/14/2022 21:00,61.77907195
7/14/2022 21:15,61.82622793
7/14/2022 21:30,61.82622793
7/14/2022 21:45,61.88426835
7/14/2022 22:00,61.82622793
7/14/2022 22:15,61.88426835
7/14/2022 22:30,61.9908985
7/14/2022 22:45,62.08354841
7/14/2022 23:00,62.11209682
7/14/2022 23:15,62.13122419
7/14/2022 23:30,62.14229974
7/14/2022 23:45,62.14229974
7/15/2022 0:00,62.17926426
7/15/2022 0:15,62.25595502
7/15/2022 0:30,62.33017383
7/15/2022 0:45,62.39995485
7/15/2022 1:00,62.44308852
7/15/2022 1:15,62.49927057
7/15/2022 1:30,62.71636796
7/15/2022 1:45,62.97197027
7/15/2022 2:00,63.06248744
7/15/2022 2:15,63.16352148
7/15/2022 2:30,63.42520176
7/15/2022 2:45,63.6601008
7/15/2022 3:00,63.75187589
7/15/2022 3:15,63.94140616
7/15/2022 3:30,65.47712307
7/15/2022 3:45,64.23815015
7/15/2022 4:00,64.33659975
7/15/2022 4:15,65.1305163
7/15/2022 4:30,64.391284
7/15/2022 4:45,64.391284
7/15/2022 5:00,64.391284
7/15/2022 5:15,65.27113847
7/15/2022 5:30,64.391284
7/15/2022 5:45,64.33659975
7/15/2022 6:00,64.20969244
7/15/2022 6:15,64.07497208
7/15/2022 6:30,63.99203711
7/15/2022 6:45,63.8387776
7/15/2022 7:00,63.70995132
7/15/2022 7:15,63.70995132
7/15/2022 7:30,63.68041843
7/15/2022 7:45,63.64302047
7/15/2022 8:00,63.58698235
7/15/2022 8:15,63.56104027
7/15/2022 8:30,63.5588987
7/15/2022 8:45,63.4478792
7/15/2022 9:00,63.29742099
7/15/2022 9:15,63.17711105
7/15/2022 9:30,63.09336033
7/15/2022 9:45,63.07335043
7/15/2022 10:00,63.00368423
7/15/2022 10:15,62.92377899
7/15/2022 10:30,62.89074927
7/15/2022 10:45,62.73846116
7/15/2022 11:00,62.44466736
7/15/2022 11:15,62.44466736
7/15/2022 11:30,62.26736479
7/15/2022 11:45,62.22517704
7/15/2022 12:00,62.1280993
7/15/2022 12:15,61.96834243
7/15/2022 12:30,61.88099477
7/15/2022 12:45,61.81135752
7/15/2022 13:00,61.61721579
7/15/2022 13:15,61.43541997
7/15/2022 13:30,61.34239024
7/15/2022 13:45,61.29395392
7/15/2022 14:00,61.202628
7/15/2022 14:15,61.1131522
7/15/2022 14:30,61.10729355
7/15/2022 14:45,61.04062904
7/15/2022 15:00,60.9546319
7/15/2022 15:15,60.89693106
7/15/2022 15:30,60.84015471
7/15/2022 15:45,60.84015471
7/15/2022 16:00,60.84015471
7/15/2022 16:15,60.84015471
7/15/2022 16:30,60.84015471
7/15/2022 16:45,60.89693106
7/15/2022 17:00,60.89693106
7/15/2022 17:15,60.89693106
7/15/2022 17:30,60.91657549
7/15/2022 17:45,60.98265701
7/15/2022 18:00,60.98265701
7/15/2022 18:15,60.95789599
7/15/2022 18:30,60.98265701
7/15/2022 18:45,60.98265701
7/15/2022 19:00,61.00024972
7/15/2022 19:15,61.03068039
7/15/2022 19:30,61.08962553
7/15/2022 19:45,61.08962553
7/15/2022 20:00,61.08962553
7/15/2022 20:15,61.08962553
7/15/2022 20:30,61.1553915
7/15/2022 20:45,61.1553915
7/15/2022 21:00,61.19143728
7/15/2022 21:15,61.35266242
7/15/2022 21:30,61.49448891
7/15/2022 21:45,61.54784709
7/15/2022 22:00,61.54784709
7/15/2022 22:15,61.55760986
7/15/2022 22:30,61.54784709
7/15/2022 22:45,61.54784709
7/15/2022 23:00,61.55760986
7/15/2022 23:15,61.55760986
7/15/2022 23:30,61.55411314
7/15/2022 23:45,61.55411314
7/16/2022 0:00,61.61439091
7/16/2022 0:15,61.68107898
7/16/2022 0:30,61.71067929
7/16/2022 0:45,61.71067929
7/16/2022 1:00,61.71308032
7/16/2022 1:15,61.7530166
7/16/2022 1:30,61.81671098
7/16/2022 1:45,61.89692396
7/16/2022 2:00,61.89692396
7/16/2022 2:15,61.8880073
7/16/2022 2:30,62.06066667
7/16/2022 2:45,62.08374728
7/16/2022 3:00,62.08374728
7/16/2022 3:15,62.08374728
7/16/2022 3:30,62.08374728
7/16/2022 3:45,62.08374728
7/16/2022 4:00,62.08374728
7/16/2022 4:15,62.08374728
7/16/2022 4:30,62.25695875
7/16/2022 4:45,62.25695875
7/16/2022 5:00,62.25695875
7/16/2022 5:15,62.08374728
7/16/2022 5:30,61.98462824
7/16/2022 5:45,61.98851387
7/16/2022 6:00,61.98851387
7/16/2022 6:15,61.98462824
7/16/2022 6:30,61.90720229
7/16/2022 6:45,61.76397241
7/16/2022 7:00,61.68206392
7/16/2022 7:15,61.65905773
7/16/2022 7:30,61.62387492
7/16/2022 7:45,61.58038496
7/16/2022 8:00,61.58038496
7/16/2022 8:15,61.55727625
7/16/2022 8:30,61.55023207
7/16/2022 8:45,61.55023207
7/16/2022 9:00,61.4731135
7/16/2022 9:15,61.37788009
7/16/2022 9:30,61.20152489
7/16/2022 9:45,61.13432072
7/16/2022 10:00,61.03520168
7/16/2022 10:15,60.85719474
7/16/2022 10:30,60.85719474
7/16/2022 10:45,60.85719474
7/16/2022 11:00,60.85719474
7/16/2022 11:15,60.85719474
7/16/2022 11:30,60.85719474
7/16/2022 11:45,60.85719474
7/16/2022 12:00,61.03520168
7/16/2022 12:15,61.09537276
7/16/2022 12:30,61.41867867
7/16/2022 12:45,62.05083151
7/16/2022 13:00,65.37517686
7/16/2022 13:15,62.51314491
7/16/2022 13:30,62.70688136
7/16/2022 13:45,62.70688136
7/16/2022 14:00,62.70688136
7/16/2022 14:15,62.70688136
7/16/2022 14:30,62.70688136
7/16/2022 14:45,62.70688136
7/16/2022 15:00,62.70688136
7/16/2022 15:15,62.70688136
7/16/2022 15:30,62.67895604
7/16/2022 15:45,62.47579561
7/16/2022 16:00,62.46258456
7/16/2022 16:15,62.42387065
7/16/2022 16:30,62.42765772
7/16/2022 16:45,62.34732049
7/16/2022 17:00,62.26983763
7/16/2022 17:15,62.26983763
7/16/2022 17:30,62.26983763
7/16/2022 17:45,62.23328054
7/16/2022 18:00,62.22726431
7/16/2022 18:15,62.21913704
7/16/2022 18:30,62.14808486
7/16/2022 18:45,62.06367816
7/16/2022 19:00,62.06122837
7/16/2022 19:15,61.99027484
7/16/2022 19:30,61.7274186
7/16/2022 19:45,61.83645814
7/16/2022 20:00,61.83645814
7/16/2022 20:15,61.69464261
7/16/2022 20:30,61.69464261
7/16/2022 20:45,61.58573936
7/16/2022 21:00,61.58573936
7/16/2022 21:15,61.4623351
7/16/2022 21:30,61.4623351
7/16/2022 21:45,61.38310207
7/16/2022 22:00,61.38310207
7/16/2022 22:15,61.38310207
7/16/2022 22:30,61.38310207
7/16/2022 22:45,61.4623351
7/16/2022 23:00,61.4623351
7/16/2022 23:15,61.44284213
7/16/2022 23:30,61.53174329
7/16/2022 23:45,61.57173227
7/17/2022 0:00,61.53174329
7/17/2022 0:15,61.44284213
7/17/2022 0:30,61.43035611
7/17/2022 0:45,61.33127243
7/17/2022 1:00,61.31271903
7/17/2022 1:15,61.31271903
7/17/2022 1:30,61.33127243
7/17/2022 1:45,61.44002424
7/17/2022 2:00,61.44002424
7/17/2022 2:15,61.50705532
7/17/2022 2:30,61.50705532
7/17/2022 2:45,61.50705532
7/17/2022 3:00,61.50705532
7/17/2022 3:15,61.50705532
7/17/2022 3:30,61.50705532
7/17/2022 3:45,61.60759752
7/17/2022 4:00,61.59061023
7/17/2022 4:15,61.72550853
7/17/2022 4:30,61.72550853
7/17/2022 4:45,61.69330049
7/17/2022 5:00,61.72420145
7/17/2022 5:15,61.74118874
7/17/2022 5:30,61.79401787
7/17/2022 5:45,61.79401787
7/17/2022 6:00,61.79401787
7/17/2022 6:15,61.74118874
7/17/2022 6:30,61.72420145
7/17/2022 6:45,61.72420145
7/17/2022 7:00,61.72420145
7/17/2022 7:15,61.72420145
7/17/2022 7:30,61.69330049
7/17/2022 7:45,61.69330049
7/17/2022 8:00,61.69330049
7/17/2022 8:15,61.45561366
7/17/2022 8:30,61.16967259
7/17/2022 8:45,61.08163575
7/17/2022 9:00,61.05113239
7/17/2022 9:15,61.04405638
7/17/2022 9:30,61.04292188
7/17/2022 9:45,61.02734134
7/17/2022 10:00,60.87797658
7/17/2022 10:15,60.73172616
7/17/2022 10:30,60.63632859
7/17/2022 10:45,60.55339722
7/17/2022 11:00,60.55339722
7/17/2022 11:15,60.55339722
7/17/2022 11:30,60.534141
7/17/2022 11:45,60.50690804
7/17/2022 12:00,60.40838535
7/17/2022 12:15,60.30111878
7/17/2022 12:30,60.27810335
7/17/2022 12:45,60.25866074
7/17/2022 13:00,60.20889916
7/17/2022 13:15,60.19019417
7/17/2022 13:30,60.19019417
7/17/2022 13:45,60.19019417
7/17/2022 14:00,60.19019417
7/17/2022 14:15,60.22680797
7/17/2022 14:30,60.22680797
7/17/2022 14:45,60.26495557
7/17/2022 15:00,60.22680797
7/17/2022 15:15,60.19809782
7/17/2022 15:30,60.18018901
7/17/2022 15:45,60.18018901
7/17/2022 16:00,60.16761209
7/17/2022 16:15,60.16761209
7/17/2022 16:30,60.14516111
7/17/2022 16:45,60.14516111
7/17/2022 17:00,60.16761209
7/17/2022 17:15,60.16761209
7/17/2022 17:30,60.18626521
7/17/2022 17:45,60.18626521
7/17/2022 18:00,60.18809266
7/17/2022 18:15,60.18809266
7/17/2022 18:30,60.18809266
7/17/2022 18:45,60.18809266
7/17/2022 19:00,60.18626521
7/17/2022 19:15,60.18626521
7/17/2022 19:30,60.18809266
7/17/2022 19:45,60.18809266
7/17/2022 20:00,60.23991304
7/17/2022 20:15,60.29433533
7/17/2022 20:30,60.29433533
7/17/2022 20:45,60.29433533
7/17/2022 21:00,60.29840465
7/17/2022 21:15,60.34501106
7/17/2022 21:30,60.3817706
7/17/2022 21:45,60.39524419
7/17/2022 22:00,60.39524419
7/17/2022 22:15,60.43134379
7/17/2022 22:30,60.49323611
7/17/2022 22:45,60.54550042
7/17/2022 23:00,60.54550042
7/17/2022 23:15,60.56996279
7/17/2022 23:30,60.60393458
7/17/2022 23:45,60.60393458
7/18/2022 0:00,60.63482146
7/18/2022 0:15,60.63633566
7/18/2022 0:30,60.6793005
7/18/2022 0:45,60.6793005
7/18/2022 1:00,60.79273636
7/18/2022 1:15,60.86169319
7/18/2022 1:30,60.86174203
7/18/2022 1:45,60.88144473
7/18/2022 2:00,60.88144473
7/18/2022 2:15,60.86174203
7/18/2022 2:30,60.87014069
7/18/2022 2:45,60.86174203
7/18/2022 3:00,60.86174203
7/18/2022 3:15,60.87014069
7/18/2022 3:30,60.88979455
7/18/2022 3:45,60.91069771
7/18/2022 4:00,60.9616081
7/18/2022 4:15,60.9616081
7/18/2022 4:30,60.9616081
7/18/2022 4:45,61.06428743
7/18/2022 5:00,61.06428743
7/18/2022 5:15,61.12617482
7/18/2022 5:30,61.06428743
7/18/2022 5:45,61.08011072
7/18/2022 6:00,61.08011072
7/18/2022 6:15,61.08011072
7/18/2022 6:30,61.01874268
7/18/2022 6:45,60.98944086
7/18/2022 7:00,60.98944086
7/18/2022 7:15,60.98944086
7/18/2022 7:30,61.01874268
7/18/2022 7:45,61.01874268
7/18/2022 8:00,61.01874268
7/18/2022 8:15,60.98944086
7/18/2022 8:30,60.94071908
7/18/2022 8:45,60.88358451
7/18/2022 9:00,60.86874036
7/18/2022 9:15,60.83130849
7/18/2022 9:30,60.76796002
7/18/2022 9:45,60.76796002
7/18/2022 10:00,60.76261509
7/18/2022 10:15,60.76261509
7/18/2022 10:30,60.71572023
7/18/2022 10:45,60.71572023
7/18/2022 11:00,60.71572023
7/18/2022 11:15,60.71572023
7/18/2022 11:30,60.71572023
7/18/2022 11:45,60.71572023
7/18/2022 12:00,60.65214811
7/18/2022 12:15,60.65214811
7/18/2022 12:30,60.62883786
7/18/2022 12:45,60.62883786
7/18/2022 13:00,60.62883786
7/18/2022 13:15,60.62883786
7/18/2022 13:30,60.65214811
7/18/2022 13:45,60.65214811
7/18/2022 14:00,60.62883786
7/18/2022 14:15,60.62883786
7/18/2022 14:30,60.66349963
7/18/2022 14:45,60.62883786
7/18/2022 15:00,60.62883786
7/18/2022 15:15,60.62883786
7/18/2022 15:30,60.5493425
7/18/2022 15:45,60.47505231
7/18/2022 16:00,60.47505231
7/18/2022 16:15,60.54423643
7/18/2022 16:30,60.54423643
7/18/2022 16:45,60.60357431
7/18/2022 17:00,60.63823609
7/18/2022 17:15,60.69915261
7/18/2022 17:30,60.73931572
7/18/2022 17:45,60.76039854
7/18/2022 18:00,60.80744834
7/18/2022 18:15,60.86544225
7/18/2022 18:30,60.86544225
7/18/2022 18:45,60.89068945
7/18/2022 19:00,60.90756624
7/18/2022 19:15,60.95328003
7/18/2022 19:30,61.01897501
7/18/2022 19:45,61.04583326
7/18/2022 20:00,61.0544523
7/18/2022 20:15,61.10170901
7/18/2022 20:30,61.10170901
7/18/2022 20:45,61.14896572
7/18/2022 21:00,61.1677364
7/18/2022 21:15,61.14896572
7/18/2022 21:30,61.11517349
7/18/2022 21:45,61.07662778
7/18/2022 22:00,61.11517349
7/18/2022 22:15,61.11517349
7/18/2022 22:30,61.14896572
7/18/2022 22:45,61.12155756
7/18/2022 23:00,61.15534979
7/18/2022 23:15,61.17118165
7/18/2022 23:30,61.19132721
7/18/2022 23:45,61.19132721
7/19/2022 0:00,61.19132721
7/19/2022 0:15,61.17118165
7/19/2022 0:30,61.16261302
7/19/2022 0:45,61.16261302
7/19/2022 1:00,61.16261302
7/19/2022 1:15,61.17194439
7/19/2022 1:30,61.17194439
7/19/2022 1:45,61.16261302
7/19/2022 2:00,61.12155756
7/19/2022 2:15,61.12155756
7/19/2022 2:30,61.11042001
7/19/2022 2:45,61.10774326
7/19/2022 3:00,61.054682
7/19/2022 3:15,60.99732212
7/19/2022 3:30,60.94657806
7/19/2022 3:45,60.94657806
7/19/2022 4:00,60.94657806
7/19/2022 4:15,60.94246872
7/19/2022 4:30,60.94246872
7/19/2022 4:45,60.92221698
7/19/2022 5:00,60.94246872
7/19/2022 5:15,60.94657806
7/19/2022 5:30,60.94657806
7/19/2022 5:45,60.97010237
7/19/2022 6:00,60.97010237
7/19/2022 6:15,60.97010237
7/19/2022 6:30,60.99747567
7/19/2022 6:45,61.02585652
7/19/2022 7:00,61.05256356
7/19/2022 7:15,61.05256356
7/19/2022 7:30,61.05589984
7/19/2022 7:45,61.05589984
7/19/2022 8:00,61.05589984
7/19/2022 8:15,61.09623342
7/19/2022 8:30,61.15333595
7/19/2022 8:45,61.22129996
7/19/2022 9:00,61.22129996
7/19/2022 9:15,61.31587333
7/19/2022 9:30,61.35925165
7/19/2022 9:45,61.35925165
7/19/2022 10:00,61.35925165
7/19/2022 10:15,61.35925165
7/19/2022 10:30,61.38615409
7/19/2022 10:45,61.43771696
7/19/2022 11:00,61.43771696
7/19/2022 11:15,61.43771696
7/19/2022 11:30,61.43771696
7/19/2022 11:45,61.38615409
7/19/2022 12:00,61.38615409
7/19/2022 12:15,61.35925165
7/19/2022 12:30,61.35925165
7/19/2022 12:45,61.35925165
7/19/2022 13:00,61.35925165
7/19/2022 13:15,61.32700495
7/19/2022 13:30,61.28851087
7/19/2022 13:45,61.26285326
7/19/2022 14:00,61.2422547
7/19/2022 14:15,61.22491124
7/19/2022 14:30,61.06188368
7/19/2022 14:45,60.63025993
7/19/2022 15:00,60.30987461
7/19/2022 15:15,60.30987461
7/19/2022 15:30,60.24154824
7/19/2022 15:45,60.19157347
7/19/2022 16:00,60.19157347
7/19/2022 16:15,60.18281227
7/19/2022 16:30,60.18281227
7/19/2022 16:45,60.20009467
7/19/2022 17:00,60.20009467
7/19/2022 17:15,60.24154824
7/19/2022 17:30,60.24154824
7/19/2022 17:45,60.37005914
7/19/2022 18:00,60.27309783
7/19/2022 18:15,60.36891635
7/19/2022 18:30,60.32595296
7/19/2022 18:45,60.42291426
7/19/2022 19:00,60.53720374
7/19/2022 19:15,60.67859912
7/19/2022 19:30,60.67859912
7/19/2022 19:45,60.77636288
7/19/2022 20:00,60.81515655
7/19/2022 20:15,60.85212729
7/19/2022 20:30,60.87799884
7/19/2022 20:45,60.88113789
7/19/2022 21:00,60.92296102
7/19/2022 21:15,61.01393467
7/19/2022 21:30,61.15971243
7/19/2022 21:45,61.32472217
7/19/2022 22:00,61.32472217
7/19/2022 22:15,61.4073602
7/19/2022 22:30,61.32472217
7/19/2022 22:45,61.42106417
7/19/2022 23:00,61.4789223
7/19/2022 23:15,61.51247943
7/19/2022 23:30,61.55265946
7/19/2022 23:45,61.51247943
7/20/2022 0:00,61.55265946
7/20/2022 0:15,61.55265946
7/20/2022 0:30,61.5650728
7/20/2022 0:45,61.58671485
7/20/2022 1:00,61.60417791
7/20/2022 1:15,61.58671485
7/20/2022 1:30,61.60350499
7/20/2022 1:45,61.5650728
7/20/2022 2:00,61.60350499
7/20/2022 2:15,61.5650728
7/20/2022 2:30,61.53169034
7/20/2022 2:45,61.51761106
7/20/2022 3:00,61.53169034
7/20/2022 3:15,61.5300244
7/20/2022 3:30,61.5300244
7/20/2022 3:45,61.54534133
7/20/2022 4:00,61.54534133
7/20/2022 4:15,61.5300244
7/20/2022 4:30,61.50560438
7/20/2022 4:45,61.50560438
7/20/2022 5:00,61.48147735
7/20/2022 5:15,61.50560438
7/20/2022 5:30,61.49907077
7/20/2022 5:45,61.48147735
7/20/2022 6:00,61.48147735
7/20/2022 6:15,61.49907077
7/20/2022 6:30,61.49907077
7/20/2022 6:45,61.49907077
7/20/2022 7:00,61.49907077
7/20/2022 7:15,61.48147735
7/20/2022 7:30,61.45416008
7/20/2022 7:45,61.45416008
7/20/2022 8:00,61.45416008
7/20/2022 8:15,61.45416008
7/20/2022 8:30,61.40800245
7/20/2022 8:45,61.40800245
7/20/2022 9:00,61.3918509
7/20/2022 9:15,61.3918509
7/20/2022 9:30,61.37565147
7/20/2022 9:45,61.323043
7/20/2022 10:00,61.323043
7/20/2022 10:15,61.26533257
7/20/2022 10:30,61.22513331
7/20/2022 10:45,61.22513331
7/20/2022 11:00,61.14919122
7/20/2022 11:15,61.03285184
7/20/2022 11:30,60.94062915
7/20/2022 11:45,60.91192702
7/20/2022 12:00,60.83642649
7/20/2022 12:15,60.83642649
7/20/2022 12:30,60.76546121
7/20/2022 12:45,60.76546121
7/20/2022 13:00,60.75292044
7/20/2022 13:15,60.7314786
7/20/2022 13:30,60.68126626
7/20/2022 13:45,60.6053895
7/20/2022 14:00,60.53007922
7/20/2022 14:15,60.47000213
7/20/2022 14:30,60.47000213
7/20/2022 14:45,60.53007922
7/20/2022 15:00,60.47000213
7/20/2022 15:15,60.53007922
7/20/2022 15:30,60.52848281
7/20/2022 15:45,60.52848281
7/20/2022 16:00,60.47000213
7/20/2022 16:15,60.49660975
7/20/2022 16:30,60.49660975
7/20/2022 16:45,60.46030496
7/20/2022 17:00,60.43343326
7/20/2022 17:15,60.43343326
7/20/2022 17:30,60.43343326
7/20/2022 17:45,60.43343326
7/20/2022 18:00,60.43343326
7/20/2022 18:15,60.43343326
7/20/2022 18:30,60.46030496
7/20/2022 18:45,60.46030496
7/20/2022 19:00,60.46030496
7/20/2022 19:15,60.49229568
7/20/2022 19:30,60.52860047
7/20/2022 19:45,60.52860047
7/20/2022 20:00,60.57698625
7/20/2022 20:15,60.59971604
7/20/2022 20:30,60.6521386
7/20/2022 20:45,60.57322607
7/20/2022 21:00,60.6521386
7/20/2022 21:15,60.63748725
7/20/2022 21:30,60.6521386
7/20/2022 21:45,60.66769598
7/20/2022 22:00,60.68703435
7/20/2022 22:15,60.7667584
7/20/2022 22:30,60.70607343
7/20/2022 22:45,60.70607343
7/20/2022 23:00,60.70607343
7/20/2022 23:15,60.77057423
7/20/2022 23:30,60.70607343
7/20/2022 23:45,60.77057423
7/21/2022 0:00,60.7778521
7/21/2022 0:15,60.72081243
7/21/2022 0:30,60.72081243
7/21/2022 0:45,60.72081243
7/21/2022 1:00,60.72081243
7/21/2022 1:15,60.72081243
7/21/2022 1:30,60.67208371
7/21/2022 1:45,60.72081243
7/21/2022 2:00,60.72081243
7/21/2022 2:15,60.72081243
7/21/2022 2:30,60.69271765
7/21/2022 2:45,60.69271765
7/21/2022 3:00,60.69271765
7/21/2022 3:15,60.674762
7/21/2022 3:30,60.674762
7/21/2022 3:45,60.70285679
7/21/2022 4:00,60.7394534
7/21/2022 4:15,60.70285679
7/21/2022 4:30,60.7394534
7/21/2022 4:45,60.7394534
7/21/2022 5:00,60.83118135
7/21/2022 5:15,60.91161353
7/21/2022 5:30,60.91161353
7/21/2022 5:45,60.91161353
7/21/2022 6:00,60.91517023
7/21/2022 6:15,60.91517023
7/21/2022 6:30,60.94532258
7/21/2022 6:45,60.91517023
7/21/2022 7:00,60.91517023
7/21/2022 7:15,60.91517023
7/21/2022 7:30,60.91517023
7/21/2022 7:45,60.91161353
7/21/2022 8:00,60.88774774
7/21/2022 8:15,60.91161353
7/21/2022 8:30,60.88774774
7/21/2022 8:45,60.88774774
7/21/2022 9:00,60.82284974
7/21/2022 9:15,60.82284974
7/21/2022 9:30,60.77929583
7/21/2022 9:45,60.77560903
7/21/2022 10:00,60.77560903
7/21/2022 10:15,60.7477183
7/21/2022 10:30,60.63400375
7/21/2022 10:45,60.51505345
7/21/2022 11:00,60.51505345
7/21/2022 11:15,60.44708944
7/21/2022 11:30,60.361429
7/21/2022 11:45,60.361429
7/21/2022 12:00,60.3025034
7/21/2022 12:15,60.26117653
7/21/2022 12:30,60.34994788
7/21/2022 12:45,60.39953839
7/21/2022 13:00,60.39953839
7/21/2022 13:15,60.39953839
7/21/2022 13:30,60.43560833
7/21/2022 13:45,60.34994788
7/21/2022 14:00,60.43560833
7/21/2022 14:15,60.41272808
7/21/2022 14:30,60.34994788
7/21/2022 14:45,60.34994788
7/21/2022 15:00,60.34994788
7/21/2022 15:15,60.34994788
7/21/2022 15:30,60.32618138
7/21/2022 15:45,60.41272808
7/21/2022 16:00,60.40215573
7/21/2022 16:15,60.42682654
7/21/2022 16:30,60.42682654
7/21/2022 16:45,60.40215573
7/21/2022 17:00,60.42682654
7/21/2022 17:15,60.42682654
7/21/2022 17:30,60.42682654
7/21/2022 17:45,60.39940779
7/21/2022 18:00,60.39940779
7/21/2022 18:15,60.39191427
7/21/2022 18:30,60.35137928
7/21/2022 18:45,60.35137928
7/21/2022 19:00,60.35137928
7/21/2022 19:15,60.35137928
7/21/2022 19:30,60.39191427
7/21/2022 19:45,60.40876066
7/21/2022 20:00,60.40876066
7/21/2022 20:15,60.44444334
7/21/2022 20:30,60.48680046
7/21/2022 20:45,60.48680046
7/21/2022 21:00,60.50850969
7/21/2022 21:15,60.50850969
7/21/2022 21:30,60.50850969
7/21/2022 21:45,60.50850969
7/21/2022 22:00,60.48680046
7/21/2022 22:15,60.48680046
7/21/2022 22:30,60.50850969
7/21/2022 22:45,60.51605096
7/21/2022 23:00,60.51951918
7/21/2022 23:15,60.52499857
7/21/2022 23:30,60.53454283
7/21/2022 23:45,60.53454283
7/22/2022 0:00,60.53454283
7/22/2022 0:15,60.57027208
7/22/2022 0:30,60.61087549
7/22/2022 0:45,60.61087549
7/22/2022 1:00,60.62971949
7/22/2022 1:15,60.62971949
7/22/2022 1:30,60.62971949
7/22/2022 1:45,60.64456044
7/22/2022 2:00,60.62971949
7/22/2022 2:15,60.62971949
7/22/2022 2:30,60.62971949
7/22/2022 2:45,60.64456044
7/22/2022 3:00,60.69090125
7/22/2022 3:15,60.82241392
7/22/2022 3:30,60.93887833
7/22/2022 3:45,60.97805922
7/22/2022 4:00,61.00909373
7/22/2022 4:15,61.04517659
7/22/2022 4:30,61.04517659
7/22/2022 4:45,61.04517659
7/22/2022 5:00,61.00399744
7/22/2022 5:15,61.04517659
7/22/2022 5:30,61.04517659
7/22/2022 5:45,61.04517659
7/22/2022 6:00,61.02533832
7/22/2022 6:15,61.02533832
7/22/2022 6:30,60.95007456
7/22/2022 6:45,60.84482461
7/22/2022 7:00,60.84482461
7/22/2022 7:15,60.69794444
7/22/2022 7:30,60.69794444
7/22/2022 7:45,60.61603274
7/22/2022 8:00,60.60273203
7/22/2022 8:15,60.54281642
7/22/2022 8:30,60.47585671
7/22/2022 8:45,60.42181253
7/22/2022 9:00,60.37496733
7/22/2022 9:15,60.37496733
7/22/2022 9:30,60.37496733
7/22/2022 9:45,60.37496733
7/22/2022 10:00,60.37280181
7/22/2022 10:15,60.37280181
7/22/2022 10:30,60.37280181
7/22/2022 10:45,60.37975074
7/22/2022 11:00,60.38252825
7/22/2022 11:15,60.40107558
7/22/2022 11:30,60.40107558
7/22/2022 11:45,60.43819433
7/22/2022 12:00,60.44510065
7/22/2022 12:15,60.48276303
7/22/2022 12:30,60.49051252
7/22/2022 12:45,60.52945574
7/22/2022 13:00,60.59598102
7/22/2022 13:15,60.65979234
7/22/2022 13:30,60.75203227
7/22/2022 13:45,60.86004852
7/22/2022 14:00,60.86004852
7/22/2022 14:15,60.93224167
7/22/2022 14:30,60.95919848
7/22/2022 14:45,60.98135956
7/22/2022 15:00,60.9981308
7/22/2022 15:15,61.00298516
7/22/2022 15:30,61.03937644
7/22/2022 15:45,61.11651721
7/22/2022 16:00,61.17425266
7/22/2022 16:15,61.17425266
7/22/2022 16:30,61.19018063
7/22/2022 16:45,61.19018063
7/22/2022 17:00,61.19018063
7/22/2022 17:15,61.17425266
7/22/2022 17:30,61.12701842
7/22/2022 17:45,61.15647385
7/22/2022 18:00,61.12224268
7/22/2022 18:15,61.08228604
7/22/2022 18:30,61.12224268
7/22/2022 18:45,61.12224268
7/22/2022 19:00,61.15647385
7/22/2022 19:15,61.15647385
7/22/2022 19:30,61.12224268
7/22/2022 19:45,61.08228604
7/22/2022 20:00,61.07443107
7/22/2022 20:15,61.07443107
7/22/2022 20:30,61.04621914
7/22/2022 20:45,61.04621914
7/22/2022 21:00,61.04621914
7/22/2022 21:15,61.04621914
7/22/2022 21:30,61.01390599
7/22/2022 21:45,61.01390599
7/22/2022 22:00,61.01390599
7/22/2022 22:15,60.98780388
7/22/2022 22:30,61.01390599
7/22/2022 22:45,60.98780388
7/22/2022 23:00,60.98780388
7/22/2022 23:15,60.96077303
7/22/2022 23:30,60.96077303
7/22/2022 23:45,60.96077303
7/23/2022 0:00,60.96077303
7/23/2022 0:15,61.01026128
7/23/2022 0:30,60.96077303
7/23/2022 0:45,61.01026128
7/23/2022 1:00,61.02533832
7/23/2022 1:15,61.02533832
7/23/2022 1:30,61.04795496
7/23/2022 1:45,61.02533832
7/23/2022 2:00,60.97366837
7/23/2022 2:15,60.97366837
7/23/2022 2:30,61.02533832
7/23/2022 2:45,61.04795496
7/23/2022 3:00,61.12847505
7/23/2022 3:15,61.20384033
7/23/2022 3:30,61.25366362
7/23/2022 3:45,61.28615694
7/23/2022 4:00,61.28615694
7/23/2022 4:15,61.28615694
7/23/2022 4:30,61.28615694
7/23/2022 4:45,61.29705015
7/23/2022 5:00,61.28615694
7/23/2022 5:15,61.26268645
7/23/2022 5:30,61.26268645
7/23/2022 5:45,61.22375637
7/23/2022 6:00,61.22375637
7/23/2022 6:15,61.15579236
7/23/2022 6:30,61.15579236
7/23/2022 6:45,61.15579236
7/23/2022 7:00,61.15579236
7/23/2022 7:15,61.04597108
7/23/2022 7:30,60.94525992
7/23/2022 7:45,60.91222459
7/23/2022 8:00,60.90969767
7/23/2022 8:15,60.90969767
7/23/2022 8:30,60.89547629
7/23/2022 8:45,60.89547629
7/23/2022 9:00,60.89746896
7/23/2022 9:15,60.837822
7/23/2022 9:30,60.76514088
7/23/2022 9:45,60.72372803
7/23/2022 10:00,60.72372803
7/23/2022 10:15,60.68074113
7/23/2022 10:30,60.6099013
7/23/2022 10:45,60.6099013
7/23/2022 11:00,60.56504195
7/23/2022 11:15,60.50300664
7/23/2022 11:30,60.35171019
7/23/2022 11:45,60.20956747
7/23/2022 12:00,60.12863098
7/23/2022 12:15,60.12863098
7/23/2022 12:30,59.96436972
7/23/2022 12:45,59.96436972
7/23/2022 13:00,59.82650474
7/23/2022 13:15,59.76385049
7/23/2022 13:30,59.76385049
7/23/2022 13:45,59.76385049
7/23/2022 14:00,59.76385049
7/23/2022 14:15,59.82650474
7/23/2022 14:30,59.82650474
7/23/2022 14:45,59.76385049
7/23/2022 15:00,59.76385049
7/23/2022 15:15,59.76385049
7/23/2022 15:30,59.83434052
7/23/2022 15:45,59.70570401
7/23/2022 16:00,59.83434052
7/23/2022 16:15,59.85839233
7/23/2022 16:30,60.00502212
7/23/2022 16:45,60.00502212
7/23/2022 17:00,60.06519475
7/23/2022 17:15,60.0052657
7/23/2022 17:30,60.06519475
7/23/2022 17:45,60.0052657
7/23/2022 18:00,60.06519475
7/23/2022 18:15,60.11360133
7/23/2022 18:30,60.20062761
7/23/2022 18:45,60.20062761
7/23/2022 19:00,60.31214418
7/23/2022 19:15,60.23262369
7/23/2022 19:30,60.23262369
7/23/2022 19:45,60.32886029
7/23/2022 20:00,60.4030538
7/23/2022 20:15,60.32886029
7/23/2022 20:30,60.32886029
7/23/2022 20:45,60.32886029
7/23/2022 21:00,60.38114411
7/23/2022 21:15,60.4030538
7/23/2022 21:30,60.4030538
7/23/2022 21:45,60.4030538
7/23/2022 22:00,60.38114411
7/23/2022 22:15,60.38114411
7/23/2022 22:30,60.30965865
7/23/2022 22:45,60.38114411
7/23/2022 23:00,60.4030538
7/23/2022 23:15,60.42465441
7/23/2022 23:30,60.42465441
7/23/2022 23:45,60.38385217
7/24/2022 0:00,60.38385217
7/24/2022 0:15,60.42465441
7/24/2022 0:30,60.44674815
7/24/2022 0:45,60.46251959
7/24/2022 1:00,60.51853767
7/24/2022 1:15,60.61321038
7/24/2022 1:30,60.61321038
7/24/2022 1:45,60.61321038
7/24/2022 2:00,60.61757764
7/24/2022 2:15,60.68166288
7/24/2022 2:30,60.76745812
7/24/2022 2:45,60.76745812
7/24/2022 3:00,60.82882006
7/24/2022 3:15,60.86657402
7/24/2022 3:30,60.8935405
7/24/2022 3:45,60.86657402
7/24/2022 4:00,60.86657402
7/24/2022 4:15,60.83038488
7/24/2022 4:30,60.83038488
7/24/2022 4:45,60.83038488
7/24/2022 5:00,60.83038488
7/24/2022 5:15,60.77437661
7/24/2022 5:30,60.83038488
7/24/2022 5:45,60.77437661
7/24/2022 6:00,60.77437661
7/24/2022 6:15,60.83038488
7/24/2022 6:30,60.83038488
7/24/2022 6:45,60.83038488
7/24/2022 7:00,60.89452464
7/24/2022 7:15,60.89452464
7/24/2022 7:30,60.90286356
7/24/2022 7:45,60.90715997
7/24/2022 8:00,60.90715997
7/24/2022 8:15,60.88615393
7/24/2022 8:30,60.88615393
7/24/2022 8:45,60.91066161
7/24/2022 9:00,60.91066161
7/24/2022 9:15,60.91066161
7/24/2022 9:30,60.88615393
7/24/2022 9:45,60.88615393
7/24/2022 10:00,60.88615393
7/24/2022 10:15,60.88615393
7/24/2022 10:30,60.86413491
7/24/2022 10:45,60.86413491
7/24/2022 11:00,60.83873824
7/24/2022 11:15,60.75096403
7/24/2022 11:30,60.75096403
7/24/2022 11:45,60.75096403
7/24/2022 12:00,60.64187084
7/24/2022 12:15,60.64187084
7/24/2022 12:30,60.57803962
7/24/2022 12:45,60.57803962
7/24/2022 13:00,60.57803962
7/24/2022 13:15,60.57803962
7/24/2022 13:30,60.53867962
7/24/2022 13:45,60.53867962
7/24/2022 14:00,60.57803962
7/24/2022 14:15,60.57803962
7/24/2022 14:30,60.59471352
7/24/2022 14:45,60.59471352
7/24/2022 15:00,60.59471352
7/24/2022 15:15,60.61855247
7/24/2022 15:30,60.59471352
7/24/2022 15:45,60.61855247
7/24/2022 16:00,60.63684782
7/24/2022 16:15,60.63684782
7/24/2022 16:30,60.68416247
7/24/2022 16:45,60.68416247
7/24/2022 17:00,60.68416247
7/24/2022 17:15,60.63684782
7/24/2022 17:30,60.63684782
7/24/2022 17:45,60.61300887
7/24/2022 18:00,60.61300887
7/24/2022 18:15,60.60217246
7/24/2022 18:30,60.60217246
7/24/2022 18:45,60.55709107
7/24/2022 19:00,60.52077918
7/24/2022 19:15,60.50182494
7/24/2022 19:30,60.50182494
7/24/2022 19:45,60.50182494
7/24/2022 20:00,60.43545816
7/24/2022 20:15,60.43545816
7/24/2022 20:30,60.37517572
7/24/2022 20:45,60.37517572
7/24/2022 21:00,60.37517572
7/24/2022 21:15,60.37517572
7/24/2022 21:30,60.36208389
7/24/2022 21:45,60.37517572
7/24/2022 22:00,60.37072076
7/24/2022 22:15,60.45441241
7/24/2022 22:30,60.57009361
7/24/2022 22:45,60.64332614
7/24/2022 23:00,60.57009361
7/24/2022 23:15,60.59824474
7/24/2022 23:30,60.68883754
7/24/2022 23:45,60.73855122
7/25/2022 0:00,60.7802108
7/25/2022 0:15,60.7802108
7/25/2022 0:30,60.79519026
7/25/2022 0:45,60.79662999
7/25/2022 1:00,60.79662999
7/25/2022 1:15,60.79662999
7/25/2022 1:30,60.79662999
7/25/2022 1:45,60.79662999
7/25/2022 2:00,60.81104585
7/25/2022 2:15,60.81104585
7/25/2022 2:30,60.85647143
7/25/2022 2:45,60.85647143
7/25/2022 3:00,60.88661905
7/25/2022 3:15,60.88661905
7/25/2022 3:30,60.89884776
7/25/2022 3:45,60.89884776
7/25/2022 4:00,60.89884776
7/25/2022 4:15,60.9366883
7/25/2022 4:30,60.99760927
7/25/2022 4:45,60.99760927
7/25/2022 5:00,61.10742943
7/25/2022 5:15,61.18531193
7/25/2022 5:30,61.18531193
7/25/2022 5:45,61.18531193
7/25/2022 6:00,61.18531193
7/25/2022 6:15,61.18531193
7/25/2022 6:30,61.18531193
7/25/2022 6:45,61.18531193
7/25/2022 7:00,61.18531193
7/25/2022 7:15,61.18531193
7/25/2022 7:30,61.11624265
7/25/2022 7:45,61.11624265
7/25/2022 8:00,61.11624265
7/25/2022 8:15,61.18531193
7/25/2022 8:30,61.11624265
7/25/2022 8:45,61.03169616
7/25/2022 9:00,61.03169616
7/25/2022 9:15,61.03169616
7/25/2022 9:30,61.0055311
7/25/2022 9:45,60.97324882
7/25/2022 10:00,60.94920551
7/25/2022 10:15,60.88415639
7/25/2022 10:30,60.82139288
7/25/2022 10:45,60.82139288
7/25/2022 11:00,60.82139288
7/25/2022 11:15,60.82122965
7/25/2022 11:30,60.82122965
7/25/2022 11:45,60.82122965
7/25/2022 12:00,60.82122965
7/25/2022 12:15,60.76371373
7/25/2022 12:30,60.76371373
7/25/2022 12:45,60.68460335
7/25/2022 13:00,60.64162149
7/25/2022 13:15,60.50382116
7/25/2022 13:30,60.37509397
7/25/2022 13:45,60.32750568
7/25/2022 14:00,60.2785368
7/25/2022 14:15,60.22184919
7/25/2022 14:30,60.14811027
7/25/2022 14:45,60.11320715
7/25/2022 15:00,59.99468747
7/25/2022 15:15,59.85240985
7/25/2022 15:30,59.96677258
7/25/2022 15:45,60.11320715
7/25/2022 16:00,60.11320715
7/25/2022 16:15,59.96677258
7/25/2022 16:30,59.81957559
7/25/2022 16:45,59.81372266
7/25/2022 17:00,59.78307816
7/25/2022 17:15,59.78307816
7/25/2022 17:30,59.81372266
7/25/2022 17:45,59.81372266
7/25/2022 18:00,59.81372266
7/25/2022 18:15,59.81372266
7/25/2022 18:30,59.81372266
7/25/2022 18:45,59.97426019
7/25/2022 19:00,60.1956195
7/25/2022 19:15,60.25894435
7/25/2022 19:30,60.32500758
7/25/2022 19:45,60.39729606
7/25/2022 20:00,60.45495679
7/25/2022 20:15,60.53178768
7/25/2022 20:30,60.53178768
7/25/2022 20:45,60.55875262
7/25/2022 21:00,60.58138494
7/25/2022 21:15,60.62050444
7/25/2022 21:30,60.68928509
7/25/2022 21:45,60.84323977
7/25/2022 22:00,60.99868834
7/25/2022 22:15,61.0945342
7/25/2022 22:30,61.24770208
7/25/2022 22:45,61.50341128
7/25/2022 23:00,61.69815211
7/25/2022 23:15,61.7678077
7/25/2022 23:30,61.7944803
7/25/2022 23:45,61.82552874
7/26/2022 0:00,61.82552874
7/26/2022 0:15,61.82552874
7/26/2022 0:30,61.82552874
7/26/2022 0:45,61.86805117
7/26/2022 1:00,61.86805117
7/26/2022 1:15,61.86805117
7/26/2022 1:30,61.82552874
7/26/2022 1:45,61.82552874
7/26/2022 2:00,61.82552874
7/26/2022 2:15,61.82552874
7/26/2022 2:30,61.71825874
7/26/2022 2:45,61.58921226
7/26/2022 3:00,61.49390631
7/26/2022 3:15,61.39138048
7/26/2022 3:30,61.39138048
7/26/2022 3:45,61.34039349
7/26/2022 4:00,61.27065397
7/26/2022 4:15,61.27065397
7/26/2022 4:30,61.27065397
7/26/2022 4:45,61.27065397
7/26/2022 5:00,61.22501104
7/26/2022 5:15,61.22501104
7/26/2022 5:30,61.22501104
7/26/2022 5:45,61.1468677
7/26/2022 6:00,61.22501104
7/26/2022 6:15,61.22501104
7/26/2022 6:30,61.14465704
7/26/2022 6:45,61.14465704
7/26/2022 7:00,61.14465704
7/26/2022 7:15,61.14465704
7/26/2022 7:30,61.14465704
7/26/2022 7:45,61.22501104
7/26/2022 8:00,61.22501104
7/26/2022 8:15,61.16685383
7/26/2022 8:30,61.00565077
7/26/2022 8:45,60.91058927
7/26/2022 9:00,60.91058927
7/26/2022 9:15,60.91058927
7/26/2022 9:30,60.89005512
7/26/2022 9:45,60.85450277
7/26/2022 10:00,60.85450277
7/26/2022 10:15,60.85450277
7/26/2022 10:30,60.82325089
7/26/2022 10:45,60.78977277
7/26/2022 11:00,60.78977277
7/26/2022 11:15,60.74017856
7/26/2022 11:30,60.74017856
7/26/2022 11:45,60.78977277
7/26/2022 12:00,60.78977277
7/26/2022 12:15,60.78977277
7/26/2022 12:30,60.77163545
7/26/2022 12:45,60.73270699
7/26/2022 13:00,60.73270699
7/26/2022 13:15,60.73270699
7/26/2022 13:30,60.70580625
7/26/2022 13:45,60.70580625
7/26/2022 14:00,60.70580625
7/26/2022 14:15,60.70580625
7/26/2022 14:30,60.70580625
7/26/2022 14:45,60.66622614
7/26/2022 15:00,60.54664763
7/26/2022 15:15,60.54664763
7/26/2022 15:30,60.52727204
7/26/2022 15:45,60.56970396
7/26/2022 16:00,60.51807751
7/26/2022 16:15,60.47940893
7/26/2022 16:30,60.47940893
7/26/2022 16:45,60.47940893
7/26/2022 17:00,60.47940893
7/26/2022 17:15,60.51807751
7/26/2022 17:30,60.52489843
7/26/2022 17:45,60.49264756
7/26/2022 18:00,60.49264756
7/26/2022 18:15,60.47940893
7/26/2022 18:30,60.47940893
7/26/2022 18:45,60.47940893
7/26/2022 19:00,60.4538751
7/26/2022 19:15,60.42218372
7/26/2022 19:30,60.38841578
7/26/2022 19:45,60.38841578
7/26/2022 20:00,60.32115597
7/26/2022 20:15,60.32115597
7/26/2022 20:30,60.26436813
7/26/2022 20:45,60.23257286
7/26/2022 21:00,60.23257286
7/26/2022 21:15,60.26436813
7/26/2022 21:30,60.25548977
7/26/2022 21:45,60.25548977
7/26/2022 22:00,60.26621049
7/26/2022 22:15,60.26621049
7/26/2022 22:30,60.26621049
7/26/2022 22:45,60.26621049
7/26/2022 23:00,60.26621049
7/26/2022 23:15,60.34234866
7/26/2022 23:30,60.45679419
7/26/2022 23:45,60.50729802
7/27/2022 0:00,60.561605
7/27/2022 0:15,60.61259386
7/27/2022 0:30,60.61259386
7/27/2022 0:45,60.61259386
7/27/2022 1:00,60.61849097
7/27/2022 1:15,60.61849097
7/27/2022 1:30,60.63981603
7/27/2022 1:45,60.67674896
7/27/2022 2:00,60.67674896
7/27/2022 2:15,60.67674896
7/27/2022 2:30,60.67674896
7/27/2022 2:45,60.67674896
7/27/2022 3:00,60.71754606
7/27/2022 3:15,60.67263696
7/27/2022 3:30,60.71754606
7/27/2022 3:45,60.71754606
7/27/2022 4:00,60.67263696
7/27/2022 4:15,60.67263696
7/27/2022 4:30,60.64701998
7/27/2022 4:45,60.63570403
7/27/2022 5:00,60.64701998
7/27/2022 5:15,60.63570403
7/27/2022 5:30,60.63570403
7/27/2022 5:45,60.63570403
7/27/2022 6:00,60.62178001
7/27/2022 6:15,60.62178001
7/27/2022 6:30,60.59403789
7/27/2022 6:45,60.55516992
7/27/2022 7:00,60.55516992
7/27/2022 7:15,60.53763381
7/27/2022 7:30,60.53763381
7/27/2022 7:45,60.53171257
7/27/2022 8:00,60.52010483
7/27/2022 8:15,60.43425617
7/27/2022 8:30,60.22828296
7/27/2022 8:45,60.03053194
7/27/2022 9:00,59.94062176
7/27/2022 9:15,59.84739425
7/27/2022 9:30,59.73729226
7/27/2022 9:45,59.60749731
7/27/2022 10:00,59.46108709
7/27/2022 10:15,59.33173243
7/27/2022 10:30,59.1691327
7/27/2022 10:45,59.07896393
7/27/2022 11:00,59.06061527
7/27/2022 11:15,59.06061527
7/27/2022 11:30,58.81725078
7/27/2022 11:45,58.65647566
7/27/2022 12:00,58.57612473
7/27/2022 12:15,58.57612473
7/27/2022 12:30,58.57612473
7/27/2022 12:45,58.57612473
7/27/2022 13:00,58.64202698
7/27/2022 13:15,58.7223779
7/27/2022 13:30,58.64202698
7/27/2022 13:45,58.7223779
7/27/2022 14:00,58.7223779
7/27/2022 14:15,58.80746751
7/27/2022 14:30,58.96595803
7/27/2022 14:45,59.04164354
7/27/2022 15:00,59.04164354
7/27/2022 15:15,59.10395545
7/27/2022 15:30,59.19741784
7/27/2022 15:45,59.30221933
7/27/2022 16:00,59.50067694
7/27/2022 16:15,59.79203371
7/27/2022 16:30,59.97239819
7/27/2022 16:45,60.01359517
7/27/2022 17:00,60.06931736
7/27/2022 17:15,60.10593201
7/27/2022 17:30,60.17860852
7/27/2022 17:45,60.42383283
7/27/2022 18:00,60.60261697
7/27/2022 18:15,60.60261697
7/27/2022 18:30,60.60286279
7/27/2022 18:45,60.61263247
7/27/2022 19:00,60.67721164
7/27/2022 19:15,60.74102484
7/27/2022 19:30,60.76628988
7/27/2022 19:45,60.76628988
7/27/2022 20:00,60.76628988
7/27/2022 20:15,60.74102484
7/27/2022 20:30,60.74102484
7/27/2022 20:45,60.6995466
7/27/2022 21:00,60.74102484
7/27/2022 21:15,60.76628988
7/27/2022 21:30,60.76628988
7/27/2022 21:45,60.76628988
7/27/2022 22:00,60.78255122
7/27/2022 22:15,60.76628988
7/27/2022 22:30,60.76628988
7/27/2022 22:45,60.70855031
7/27/2022 23:00,60.76969832
7/27/2022 23:15,60.80088036
7/27/2022 23:30,60.76969832
7/27/2022 23:45,60.73898847
7/28/2022 0:00,60.73898847
7/28/2022 0:15,60.69751023
7/28/2022 0:30,60.65978392
7/28/2022 0:45,60.69751023
7/28/2022 1:00,60.69751023
7/28/2022 1:15,60.76625721
7/28/2022 1:30,60.67600968
7/28/2022 1:45,60.60613996
7/28/2022 2:00,60.60613996
7/28/2022 2:15,60.60613996
7/28/2022 2:30,60.69190848
7/28/2022 2:45,60.69190848
7/28/2022 3:00,60.69190848
7/28/2022 3:15,60.75548286
7/28/2022 3:30,60.78816721
7/28/2022 3:45,60.79894155
7/28/2022 4:00,60.78816721
7/28/2022 4:15,60.78816721
7/28/2022 4:30,60.79894155
7/28/2022 4:45,60.79894155
7/28/2022 5:00,60.86256608
7/28/2022 5:15,60.96332918
7/28/2022 5:30,61.01253365
7/28/2022 5:45,60.96332918
7/28/2022 6:00,60.96332918
7/28/2022 6:15,60.96332918
7/28/2022 6:30,60.98736299
7/28/2022 6:45,60.98736299
7/28/2022 7:00,60.97588211
7/28/2022 7:15,60.97588211
7/28/2022 7:30,60.97588211
7/28/2022 7:45,60.97588211
7/28/2022 8:00,60.97588211
7/28/2022 8:15,60.95692118
7/28/2022 8:30,60.95692118
7/28/2022 8:45,60.95692118
7/28/2022 9:00,60.95692118
7/28/2022 9:15,60.93286049
7/28/2022 9:30,60.87518134
7/28/2022 9:45,60.87518134
7/28/2022 10:00,60.79127484
7/28/2022 10:15,60.75594712
7/28/2022 10:30,60.65257264
7/28/2022 10:45,60.65257264
7/28/2022 11:00,60.54896227
7/28/2022 11:15,60.51325429
7/28/2022 11:30,60.45894776
7/28/2022 11:45,60.4166385
7/28/2022 12:00,60.36134609
7/28/2022 12:15,60.36134609
7/28/2022 12:30,60.30693268
7/28/2022 12:45,60.30693268
7/28/2022 13:00,60.16631211
7/28/2022 13:15,60.0755882
7/28/2022 13:30,60.0755882
7/28/2022 13:45,60.0755882
7/28/2022 14:00,59.98141306
7/28/2022 14:15,59.98141306
7/28/2022 14:30,59.92267434
7/28/2022 14:45,59.90415426
7/28/2022 15:00,59.90415426
7/28/2022 15:15,59.92267434
7/28/2022 15:30,59.90415426
7/28/2022 15:45,59.90415426
7/28/2022 16:00,59.92267434
7/28/2022 16:15,59.92267434
7/28/2022 16:30,59.93893788
7/28/2022 16:45,60.0117154
7/28/2022 17:00,60.0905249
7/28/2022 17:15,60.14866406
7/28/2022 17:30,60.27803447
7/28/2022 17:45,60.27803447
7/28/2022 18:00,60.40592206
7/28/2022 18:15,60.47159931
7/28/2022 18:30,60.48557047
7/28/2022 18:45,60.53939764
7/28/2022 19:00,60.56888148
7/28/2022 19:15,60.64708046
7/28/2022 19:30,60.75881286
7/28/2022 19:45,60.8333569
7/28/2022 20:00,60.86436219
7/28/2022 20:15,60.90371335
7/28/2022 20:30,60.90371335
7/28/2022 20:45,60.90371335
7/28/2022 21:00,60.90371335
7/28/2022 21:15,60.97349562
7/28/2022 21:30,61.01334152
7/28/2022 21:45,61.03695694
7/28/2022 22:00,61.03695694
7/28/2022 22:15,61.06594342
7/28/2022 22:30,61.03695694
7/28/2022 22:45,61.03695694
7/28/2022 23:00,61.01334152
7/28/2022 23:15,61.03695694
7/28/2022 23:30,61.03695694
7/28/2022 23:45,61.01334152
7/29/2022 0:00,60.9820588
7/29/2022 0:15,60.9820588
7/29/2022 0:30,60.9820588
7/29/2022 0:45,60.87948103
7/29/2022 1:00,60.79691759
7/29/2022 1:15,60.77786379
7/29/2022 1:30,60.75352116
7/29/2022 1:45,60.78850593
7/29/2022 2:00,60.78850593
7/29/2022 2:15,60.78850593
7/29/2022 2:30,60.78850593
7/29/2022 2:45,60.75352116
7/29/2022 3:00,60.78850593
7/29/2022 3:15,60.77087602
7/29/2022 3:30,60.77087602
7/29/2022 3:45,60.78992982
7/29/2022 4:00,60.80997618
7/29/2022 4:15,60.78992982
7/29/2022 4:30,60.78992982
7/29/2022 4:45,60.78992982
7/29/2022 5:00,60.79234627
7/29/2022 5:15,60.83845852
7/29/2022 5:30,60.79234627
7/29/2022 5:45,60.79234627
7/29/2022 6:00,60.83845852
7/29/2022 6:15,60.83845852
7/29/2022 6:30,60.91203971
7/29/2022 6:45,60.83845852
7/29/2022 7:00,60.80014683
7/29/2022 7:15,60.78010047
7/29/2022 7:30,60.75216007
7/29/2022 7:45,60.78010047
7/29/2022 8:00,60.75216007
7/29/2022 8:15,60.71733196
7/29/2022 8:30,60.69852551
7/29/2022 8:45,60.69440734
7/29/2022 9:00,60.69440734
7/29/2022 9:15,60.69440734
7/29/2022 9:30,60.67966706
7/29/2022 9:45,60.64103733
7/29/2022 10:00,60.59302587
7/29/2022 10:15,60.48776156
7/29/2022 10:30,60.40017439
7/29/2022 10:45,60.38936047
7/29/2022 11:00,60.36021661
7/29/2022 11:15,60.33544179
7/29/2022 11:30,60.30082232
7/29/2022 11:45,60.30082232
7/29/2022 12:00,60.26487837
7/29/2022 12:15,60.25314819
7/29/2022 12:30,60.25314819
7/29/2022 12:45,60.13967371
7/29/2022 13:00,59.76583511
7/29/2022 13:15,59.76583511
7/29/2022 13:30,59.48259378
7/29/2022 13:45,59.38746201
7/29/2022 14:00,59.38746201
7/29/2022 14:15,59.28666565
7/29/2022 14:30,59.28666565
7/29/2022 14:45,59.28666565
7/29/2022 15:00,59.28666565
7/29/2022 15:15,59.28666565
7/29/2022 15:30,59.28666565
7/29/2022 15:45,59.38746201
7/29/2022 16:00,59.38746201
7/29/2022 16:15,59.51843039
7/29/2022 16:30,59.90351927
7/29/2022 16:45,60.24489941
7/29/2022 17:00,60.34316993
7/29/2022 17:15,60.52182184
7/29/2022 17:30,60.72957102
7/29/2022 17:45,60.86607245
7/29/2022 18:00,60.9315461
7/29/2022 18:15,61.10340129
7/29/2022 18:30,61.40316187
7/29/2022 18:45,61.79777209
7/29/2022 19:00,62.07166973
7/29/2022 19:15,62.18307168
7/29/2022 19:30,62.18307168
7/29/2022 19:45,62.18307168
7/29/2022 20:00,62.27540173
7/29/2022 20:15,62.27540173
7/29/2022 20:30,62.27540173
7/29/2022 20:45,62.27540173
7/29/2022 21:00,62.27540173
7/29/2022 21:15,62.27540173
7/29/2022 21:30,62.27540173
7/29/2022 21:45,62.27540173
7/29/2022 22:00,62.17700328
7/29/2022 22:15,61.91374344
7/29/2022 22:30,61.91374344
7/29/2022 22:45,61.82158517
7/29/2022 23:00,61.75841511
7/29/2022 23:15,61.70584654
7/29/2022 23:30,61.67857066
7/29/2022 23:45,61.6291269
7/30/2022 0:00,61.57772908
7/30/2022 0:15,61.55149459
7/30/2022 0:30,61.52068232
7/30/2022 0:45,61.47210272
7/30/2022 1:00,61.4364011
7/30/2022 1:15,61.39038233
7/30/2022 1:30,61.32532371
7/30/2022 1:45,61.28588391
7/30/2022 2:00,61.19288145
7/30/2022 2:15,61.09389403
7/30/2022 2:30,60.99133722
7/30/2022 2:45,60.89257804
7/30/2022 3:00,60.86878037
7/30/2022 3:15,60.8611757
7/30/2022 3:30,60.84734602
7/30/2022 3:45,60.79146879
7/30/2022 4:00,60.73618174
7/30/2022 4:15,60.7171002
7/30/2022 4:30,60.61226323
7/30/2022 4:45,60.51559435
7/30/2022 5:00,60.51559435
7/30/2022 5:15,60.50174485
7/30/2022 5:30,60.49062504
7/30/2022 5:45,60.47639804
7/30/2022 6:00,60.47639804
7/30/2022 6:15,60.49062504
7/30/2022 6:30,60.50174485
7/30/2022 6:45,60.49062504
7/30/2022 7:00,60.46636825
7/30/2022 7:15,60.46636825
7/30/2022 7:30,60.4087598
7/30/2022 7:45,60.3610964
7/30/2022 8:00,60.28698701
7/30/2022 8:15,60.24994613
7/30/2022 8:30,60.24994613
7/30/2022 8:45,60.26717116
7/30/2022 9:00,60.26717116
7/30/2022 9:15,60.26717116
7/30/2022 9:30,60.35740718
7/30/2022 9:45,60.38166396
7/30/2022 10:00,60.38166396
7/30/2022 10:15,60.26717116
7/30/2022 10:30,60.24195724
7/30/2022 10:45,60.24195724
7/30/2022 11:00,60.17161526
7/30/2022 11:15,60.17161526
7/30/2022 11:30,60.17161526
7/30/2022 11:45,60.2011343
7/30/2022 12:00,60.22081648
7/30/2022 12:15,60.26717116
7/30/2022 12:30,60.39897613
7/30/2022 12:45,60.39897613
7/30/2022 13:00,60.39897613
7/30/2022 13:15,60.52524937
7/30/2022 13:30,60.52524937
7/30/2022 13:45,60.52524937
7/30/2022 14:00,60.35262145
7/30/2022 14:15,60.52524937
7/30/2022 14:30,60.35262145
7/30/2022 14:45,60.1589678
7/30/2022 15:00,60.1589678
7/30/2022 15:15,60.1589678
7/30/2022 15:30,60.19985891
7/30/2022 15:45,60.37248683
7/30/2022 16:00,60.5079372
7/30/2022 16:15,60.35517466
7/30/2022 16:30,60.26567147
7/30/2022 16:45,60.40112185
7/30/2022 17:00,60.40112185
7/30/2022 17:15,60.26567147
7/30/2022 17:30,60.17883317
7/30/2022 17:45,60.20990834
7/30/2022 18:00,60.20990834
7/30/2022 18:15,60.15914572
7/30/2022 18:30,60.15914572
7/30/2022 18:45,60.20990834
7/30/2022 19:00,60.26567147
7/30/2022 19:15,60.26567147
7/30/2022 19:30,60.40112185
7/30/2022 19:45,60.49816588
7/30/2022 20:00,60.48420764
7/30/2022 20:15,60.48420764
7/30/2022 20:30,60.48420764
7/30/2022 20:45,60.48420764
7/30/2022 21:00,60.44336209
7/30/2022 21:15,60.49174847
7/30/2022 21:30,60.51586692
7/30/2022 21:45,60.51586692
7/30/2022 22:00,60.51586692
7/30/2022 22:15,60.51586692
7/30/2022 22:30,60.51586692
7/30/2022 22:45,60.55576632
7/30/2022 23:00,60.55576632
7/30/2022 23:15,60.588675
7/30/2022 23:30,60.588675
7/30/2022 23:45,60.588675
7/31/2022 0:00,60.61418977
7/31/2022 0:15,60.61418977
7/31/2022 0:30,60.55893579
7/31/2022 0:45,60.50190868
7/31/2022 1:00,60.58128109
7/31/2022 1:15,60.66547219
7/31/2022 1:30,60.70427567
7/31/2022 1:45,60.66547219
7/31/2022 2:00,60.70427567
7/31/2022 2:15,60.70427567
7/31/2022 2:30,60.75225386
7/31/2022 2:45,60.75225386
7/31/2022 3:00,60.80555442
7/31/2022 3:15,60.89240591
7/31/2022 3:30,60.89240591
7/31/2022 3:45,60.80555442
7/31/2022 4:00,60.80555442
7/31/2022 4:15,60.75225386
7/31/2022 4:30,60.74619322
7/31/2022 4:45,60.78430504
7/31/2022 5:00,60.80555442
7/31/2022 5:15,60.78430504
7/31/2022 5:30,60.80555442
7/31/2022 5:45,60.80555442
7/31/2022 6:00,60.80947014
7/31/2022 6:15,60.80947014
7/31/2022 6:30,60.78430504
7/31/2022 6:45,60.78430504
7/31/2022 7:00,60.78430504
7/31/2022 7:15,60.72651912
7/31/2022 7:30,60.65735569
7/31/2022 7:45,60.65395856
7/31/2022 8:00,60.61766141
7/31/2022 8:15,60.59176836
7/31/2022 8:30,60.58056912
7/31/2022 8:45,60.58056912
7/31/2022 9:00,60.58056912
7/31/2022 9:15,60.58056912
7/31/2022 9:30,60.52579135
7/31/2022 9:45,60.48724043
7/31/2022 10:00,60.40730654
7/31/2022 10:15,60.22974563
7/31/2022 10:30,60.07276753
7/31/2022 10:45,60.07276753
7/31/2022 11:00,60.07276753
7/31/2022 11:15,59.91201594
7/31/2022 11:30,59.80159899
7/31/2022 11:45,59.78011943
7/31/2022 12:00,59.78011943
7/31/2022 12:15,59.78011943
7/31/2022 12:30,59.76763226
7/31/2022 12:45,59.68880846
7/31/2022 13:00,59.61502524
7/31/2022 13:15,59.60906927
7/31/2022 13:30,59.59686174
7/31/2022 13:45,59.58877313
7/31/2022 14:00,59.58201117
7/31/2022 14:15,59.58877313
7/31/2022 14:30,59.58201117
7/31/2022 14:45,59.56413582
7/31/2022 15:00,59.47725772
7/31/2022 15:15,59.56413582
7/31/2022 15:30,59.54884993
7/31/2022 15:45,59.54884993
7/31/2022 16:00,59.54884993
7/31/2022 16:15,59.54884993
7/31/2022 16:30,59.47725772
7/31/2022 16:45,59.47725772
7/31/2022 17:00,59.40977511
7/31/2022 17:15,59.38815272
7/31/2022 17:30,59.29162299
7/31/2022 17:45,59.247738
7/31/2022 18:00,59.247738
7/31/2022 18:15,59.247738
7/31/2022 18:30,59.247738
7/31/2022 18:45,59.247738
7/31/2022 19:00,59.13102073
7/31/2022 19:15,59.13102073
7/31/2022 19:30,59.27143546
7/31/2022 19:45,59.40977511
7/31/2022 20:00,59.46072133
7/31/2022 20:15,59.46072133
7/31/2022 20:30,59.46072133
7/31/2022 20:45,59.52648296
7/31/2022 21:00,59.52648296
7/31/2022 21:15,59.65656519
7/31/2022 21:30,59.89076142
7/31/2022 21:45,60.02672954
7/31/2022 22:00,60.10663359
7/31/2022 22:15,60.12812452
7/31/2022 22:30,60.18092415
7/31/2022 22:45,60.25084797
7/31/2022 23:00,60.33367946
7/31/2022 23:15,60.40909972
7/31/2022 23:30,60.47029388
7/31/2022 23:45,60.52250985
8/1/2022 0:00,60.52250985
8/1/2022 0:15,60.52250985
8/1/2022 0:30,60.50432899
8/1/2022 0:45,60.50432899
8/1/2022 1:00,60.50432899
8/1/2022 1:15,60.47029388
8/1/2022 1:30,60.50432899
8/1/2022 1:45,60.47029388
8/1/2022 2:00,60.47029388
8/1/2022 2:15,60.47029388
8/1/2022 2:30,60.47029388
8/1/2022 2:45,60.34666877
8/1/2022 3:00,60.23281339
8/1/2022 3:15,60.34666877
8/1/2022 3:30,60.23281339
8/1/2022 3:45,60.23281339
8/1/2022 4:00,60.23281339
8/1/2022 4:15,60.23281339
8/1/2022 4:30,60.23281339
8/1/2022 4:45,60.23281339
8/1/2022 5:00,60.27196993
8/1/2022 5:15,60.36278211
8/1/2022 5:30,60.36278211
8/1/2022 5:45,60.27196993
8/1/2022 6:00,60.36278211
8/1/2022 6:15,60.36278211
8/1/2022 6:30,60.33415673
8/1/2022 6:45,60.33415673
8/1/2022 7:00,60.33415673
8/1/2022 7:15,60.33415673
8/1/2022 7:30,60.33415673
8/1/2022 7:45,60.33415673
8/1/2022 8:00,60.37691308
8/1/2022 8:15,60.33415673
8/1/2022 8:30,60.33415673
8/1/2022 8:45,60.30704566
8/1/2022 9:00,60.27241265
8/1/2022 9:15,60.14207797
8/1/2022 9:30,60.03196098
8/1/2022 9:45,60.03196098
8/1/2022 10:00,59.99727192
8/1/2022 10:15,59.99727192
8/1/2022 10:30,59.97699818
8/1/2022 10:45,59.97699818
8/1/2022 11:00,59.97699818
8/1/2022 11:15,59.94621231
8/1/2022 11:30,59.94621231
8/1/2022 11:45,59.87527276
8/1/2022 12:00,59.87527276
8/1/2022 12:15,59.87527276
8/1/2022 12:30,59.87527276
8/1/2022 12:45,59.95241091
8/1/2022 13:00,59.95241091
8/1/2022 13:15,59.95241091
8/1/2022 13:30,60.07816935
8/1/2022 13:45,59.98877036
8/1/2022 14:00,60.07816935
8/1/2022 14:15,60.18278705
8/1/2022 14:30,60.20103064
8/1/2022 14:45,60.22016237
8/1/2022 15:00,60.24437583
8/1/2022 15:15,60.24437583
8/1/2022 15:30,60.24437583
8/1/2022 15:45,60.24437583
8/1/2022 16:00,60.28540668
8/1/2022 16:15,60.28540668
8/1/2022 16:30,60.32282982
8/1/2022 16:45,60.33246731
8/1/2022 17:00,60.34806355
8/1/2022 17:15,60.36432716
8/1/2022 17:30,60.36432716
8/1/2022 17:45,60.34806355
8/1/2022 18:00,60.33246731
8/1/2022 18:15,60.34806355
8/1/2022 18:30,60.34806355
8/1/2022 18:45,60.36432716
8/1/2022 19:00,60.34806355
8/1/2022 19:15,60.36432716
8/1/2022 19:30,60.40326514
8/1/2022 19:45,60.39347102
8/1/2022 20:00,60.42597805
8/1/2022 20:15,60.46491603
8/1/2022 20:30,60.50849023
8/1/2022 20:45,60.50849023
8/1/2022 21:00,60.50849023
8/1/2022 21:15,60.50849023
8/1/2022 21:30,60.50849023
8/1/2022 21:45,60.53299774
8/1/2022 22:00,60.57796238
8/1/2022 22:15,60.61452679
8/1/2022 22:30,60.61104466
8/1/2022 22:45,60.61104466
8/1/2022 23:00,60.61452679
8/1/2022 23:15,60.61452679
8/1/2022 23:30,60.6165801
8/1/2022 23:45,60.64572396
8/2/2022 0:00,60.64572396
8/2/2022 0:15,60.66862403
8/2/2022 0:30,60.66862403
8/2/2022 0:45,60.66862403
8/2/2022 1:00,60.61309797
8/2/2022 1:15,60.61309797
8/2/2022 1:30,60.66862403
8/2/2022 1:45,60.76032268
8/2/2022 2:00,60.82834235
8/2/2022 2:15,60.82834235
8/2/2022 2:30,60.78661865
8/2/2022 2:45,60.78661865
8/2/2022 3:00,60.78661865
8/2/2022 3:15,60.78661865
8/2/2022 3:30,60.84137349
8/2/2022 3:45,60.84137349
8/2/2022 4:00,60.84137349
8/2/2022 4:15,60.78661865
8/2/2022 4:30,60.8036955
8/2/2022 4:45,60.8036955
8/2/2022 5:00,60.8036955
8/2/2022 5:15,60.78661865
8/2/2022 5:30,60.78661865
8/2/2022 5:45,60.78661865
8/2/2022 6:00,60.8036955
8/2/2022 6:15,60.83281286
8/2/2022 6:30,60.78996037
8/2/2022 6:45,60.75349259
8/2/2022 7:00,60.72276657
8/2/2022 7:15,60.72276657
8/2/2022 7:30,60.72276657
8/2/2022 7:45,60.72276657
8/2/2022 8:00,60.72276657
8/2/2022 8:15,60.72276657
8/2/2022 8:30,60.66319655
8/2/2022 8:45,60.66319655
8/2/2022 9:00,60.61390573
8/2/2022 9:15,60.61284986
8/2/2022 9:30,60.59854984
8/2/2022 9:45,60.5835895
8/2/2022 10:00,60.54430428
8/2/2022 10:15,60.47273584
8/2/2022 10:30,60.40256221
8/2/2022 10:45,60.32579992
8/2/2022 11:00,60.19230638
8/2/2022 11:15,59.84112142
8/2/2022 11:30,59.5719053
8/2/2022 11:45,59.5225658
8/2/2022 12:00,59.47683764
8/2/2022 12:15,59.45867024
8/2/2022 12:30,59.301938
8/2/2022 12:45,59.11805377
8/2/2022 13:00,59.02332114
8/2/2022 13:15,58.95254165
8/2/2022 13:30,58.81532154
8/2/2022 13:45,58.62733029
8/2/2022 14:00,58.50971088
8/2/2022 14:15,58.45549809
8/2/2022 14:30,58.40624848
8/2/2022 14:45,58.35712348
8/2/2022 15:00,58.34806742
8/2/2022 15:15,58.33063974
8/2/2022 15:30,58.13924426
8/2/2022 15:45,57.98303729
8/2/2022 16:00,58.16583619
8/2/2022 16:15,58.14868527
8/2/2022 16:30,57.98303729
8/2/2022 16:45,57.98303729
8/2/2022 17:00,57.97356615
8/2/2022 17:15,57.97356615
8/2/2022 17:30,58.00015808
8/2/2022 17:45,58.00015808
8/2/2022 18:00,58.00015808
8/2/2022 18:15,58.00015808
8/2/2022 18:30,58.14868527
8/2/2022 18:45,58.30489224
8/2/2022 19:00,58.43015708
8/2/2022 19:15,58.58036267
8/2/2022 19:30,58.58036267
8/2/2022 19:45,58.73555688
8/2/2022 20:00,58.92146404
8/2/2022 20:15,59.0212875
8/2/2022 20:30,59.13921117
8/2/2022 20:45,59.1980508
8/2/2022 21:00,59.1980508
8/2/2022 21:15,59.2123368
8/2/2022 21:30,59.26567286
8/2/2022 21:45,59.26567286
8/2/2022 22:00,59.31293761
8/2/2022 22:15,59.34330665
8/2/2022 22:30,59.37374255
8/2/2022 22:45,59.45713144
8/2/2022 23:00,59.58728413
8/2/2022 23:15,59.74137023
8/2/2022 23:30,59.87098349
8/2/2022 23:45,59.87
8/3/2022 0:00,59.87
8/3/2022 0:15,59.87
8/3/2022 0:30,59.87
8/3/2022 0:45,59.91
8/3/2022 1:00,59.93
8/3/2022 1:15,59.99
8/3/2022 1:30,59.91
8/3/2022 1:45,59.99
8/3/2022 2:00,60.09
8/3/2022 2:15,60.3
8/3/2022 2:30,60.41
8/3/2022 2:45,60.46
8/3/2022 3:00,60.46
8/3/2022 3:15,60.49
8/3/2022 3:30,60.49
8/3/2022 3:45,60.49
8/3/2022 4:00,60.49
8/3/2022 4:15,60.58
8/3/2022 4:30,60.71
8/3/2022 4:45,60.71
8/3/2022 5:00,60.75
8/3/2022 5:15,60.75
8/3/2022 5:30,60.75
8/3/2022 5:45,60.75
8/3/2022 6:00,60.85
8/3/2022 6:15,60.85
8/3/2022 6:30,60.97
8/3/2022 6:45,60.97
8/3/2022 7:00,60.97
8/3/2022 7:15,60.84
8/3/2022 7:30,60.84
8/3/2022 7:45,60.7
8/3/2022 8:00,60.65
8/3/2022 8:15,60.65
8/3/2022 8:30,60.63
8/3/2022 8:45,60.54
8/3/2022 9:00,60.45
8/3/2022 9:15,60.44
8/3/2022 9:30,60.39
8/3/2022 9:45,60.35
8/3/2022 10:00,60.11
8/3/2022 10:15,59.52
8/3/2022 10:30,59.16
8/3/2022 10:45,59.1
8/3/2022 11:00,59.05
8/3/2022 11:15,59
8/3/2022 11:30,58.95
8/3/2022 11:45,58.94
8/3/2022 12:00,58.94
8/3/2022 12:15,58.92
8/3/2022 12:30,58.92
8/3/2022 12:45,58.92
8/3/2022 13:00,58.92
8/3/2022 13:15,58.92
8/3/2022 13:30,58.92
8/3/2022 13:45,58.94
8/3/2022 14:00,58.95
8/3/2022 14:15,59.01
8/3/2022 14:30,59.09
8/3/2022 14:45,60.45
8/3/2022 15:00,70.2
8/3/2022 15:15,70.03
8/3/2022 15:30,69.9
8/3/2022 15:45,67.91
8/3/2022 16:00,68.55
8/3/2022 16:15,71.12
8/3/2022 16:30,69.32
8/3/2022 16:45,69.09
8/3/2022 17:00,68.55
8/3/2022 17:15,68.57
8/3/2022 17:30,67.54
8/3/2022 17:45,67.32
8/3/2022 18:00,66.61
8/3/2022 18:15,66.15
8/3/2022 18:30,65.78
8/3/2022 18:45,65.1
8/3/2022 19:00,64.23
8/3/2022 19:15,63.98
8/3/2022 19:30,63.74
8/3/2022 19:45,63.5
8/3/2022 20:00,63.4
8/3/2022 20:15,63.37
8/3/2022 20:30,63.14
8/3/2022 20:45,63.07
8/3/2022 21:00,62.85
8/3/2022 21:15,62.66
8/3/2022 21:30,62.48
8/3/2022 21:45,62.4
8/3/2022 22:00,62.34
8/3/2022 22:15,62.34
8/3/2022 22:30,62.32
8/3/2022 22:45,62.27
8/3/2022 23:00,62.22
8/3/2022 23:15,62.18
8/3/2022 23:30,62.08
8/3/2022 23:45,62.18
8/4/2022 0:00,62.18
8/4/2022 0:15,62.08
8/4/2022 0:30,62.17
8/4/2022 0:45,62.2
8/4/2022 1:00,62.2
8/4/2022 1:15,62.2
8/4/2022 1:30,62.24
8/4/2022 1:45,62.24
8/4/2022 2:00,62.31
8/4/2022 2:15,62.38
8/4/2022 2:30,62.39
8/4/2022 2:45,62.44
8/4/2022 3:00,62.5
8/4/2022 3:15,62.54
8/4/2022 3:30,62.59
8/4/2022 3:45,62.85
8/4/2022 4:00,63.12
8/4/2022 4:15,63.2
8/4/2022 4:30,63.21
8/4/2022 4:45,63.21
8/4/2022 5:00,63.21
8/4/2022 5:15,63.21
8/4/2022 5:30,63.21
8/4/2022 5:45,63.2
8/4/2022 6:00,63.2
8/4/2022 6:15,63.12
8/4/2022 6:30,63.05
8/4/2022 6:45,63.05
8/4/2022 7:00,63.03
8/4/2022 7:15,62.99
8/4/2022 7:30,62.8
8/4/2022 7:45,62.59
8/4/2022 8:00,62.35
8/4/2022 8:15,61.85
8/4/2022 8:30,61.5
8/4/2022 8:45,61.42
8/4/2022 9:00,61.4
8/4/2022 9:15,61.37
8/4/2022 9:30,61.2
8/4/2022 9:45,60.91
8/4/2022 10:00,60.91
8/4/2022 10:15,60.74
8/4/2022 10:30,60.74
8/4/2022 10:45,60.67
8/4/2022 11:00,60.67
8/4/2022 11:15,60.61
8/4/2022 11:30,60.61
8/4/2022 11:45,60.61
8/4/2022 12:00,60.53
8/4/2022 12:15,60.65
8/4/2022 12:30,60.74
8/4/2022 12:45,60.78
8/4/2022 13:00,60.83
8/4/2022 13:15,60.83
8/4/2022 13:30,60.83
8/4/2022 13:45,60.83
8/4/2022 14:00,60.83
8/4/2022 14:15,60.78
8/4/2022 14:30,60.75
8/4/2022 14:45,60.74
8/4/2022 15:00,60.69
8/4/2022 15:15,60.69
8/4/2022 15:30,60.69
8/4/2022 15:45,60.69
8/4/2022 16:00,60.69
8/4/2022 16:15,60.69
8/4/2022 16:30,60.69
8/4/2022 16:45,60.69
8/4/2022 17:00,60.7
8/4/2022 17:15,60.7
8/4/2022 17:30,60.69
8/4/2022 17:45,60.69
8/4/2022 18:00,60.69
8/4/2022 18:15,60.7
8/4/2022 18:30,60.72
8/4/2022 18:45,60.76
8/4/2022 19:00,60.76
8/4/2022 19:15,60.83
8/4/2022 19:30,60.83
8/4/2022 19:45,60.91
8/4/2022 20:00,60.99
8/4/2022 20:15,61.01
8/4/2022 20:30,60.99
8/4/2022 20:45,61.01
8/4/2022 21:00,61.01
8/4/2022 21:15,61.04
8/4/2022 21:30,61.01
8/4/2022 21:45,61.01
8/4/2022 22:00,61.01
8/4/2022 22:15,61.01
8/4/2022 22:30,61.04
8/4/2022 22:45,61.04
8/4/2022 23:00,61.04
8/4/2022 23:15,61.06
8/4/2022 23:30,61.06
8/4/2022 23:45,61.08
8/5/2022 0:00,61.15
8/5/2022 0:15,61.1
8/5/2022 0:30,61.15
8/5/2022 0:45,61.14
8/5/2022 1:00,61.14
8/5/2022 1:15,61.19
8/5/2022 1:30,61.19
8/5/2022 1:45,61.22
8/5/2022 2:00,61.28
8/5/2022 2:15,61.32
8/5/2022 2:30,61.33
8/5/2022 2:45,61.36
8/5/2022 3:00,61.38
8/5/2022 3:15,61.43
8/5/2022 3:30,61.43
8/5/2022 3:45,61.46
8/5/2022 4:00,61.6
8/5/2022 4:15,61.6
8/5/2022 4:30,61.6
8/5/2022 4:45,61.7
8/5/2022 5:00,61.7
8/5/2022 5:15,61.7
8/5/2022 5:30,61.6
8/5/2022 5:45,61.6
8/5/2022 6:00,61.61
8/5/2022 6:15,61.54
8/5/2022 6:30,61.54
8/5/2022 6:45,61.54
8/5/2022 7:00,61.53
8/5/2022 7:15,61.49
8/5/2022 7:30,61.46
8/5/2022 7:45,61.45
8/5/2022 8:00,61.45
8/5/2022 8:15,61.43
8/5/2022 8:30,61.41
8/5/2022 8:45,61.37
8/5/2022 9:00,61.31
8/5/2022 9:15,61.27
8/5/2022 9:30,61.22
8/5/2022 9:45,61.16
8/5/2022 10:00,61.11
8/5/2022 10:15,61.06
8/5/2022 10:30,61.02
8/5/2022 10:45,60.92
8/5/2022 11:00,60.85
8/5/2022 11:15,60.82
8/5/2022 11:30,60.76
8/5/2022 11:45,60.7
8/5/2022 12:00,60.62
8/5/2022 12:15,60.52
8/5/2022 12:30,60.45
8/5/2022 12:45,60.44
8/5/2022 13:00,60.43
8/5/2022 13:15,60.4
8/5/2022 13:30,60.36
8/5/2022 13:45,60.32
8/5/2022 14:00,60.23
8/5/2022 14:15,60.23
8/5/2022 14:30,60.12
8/5/2022 14:45,59.9
8/5/2022 15:00,59.9
8/5/2022 15:15,59.72
8/5/2022 15:30,59.9
8/5/2022 15:45,59.72
8/5/2022 16:00,59.9
8/5/2022 16:15,59.7
8/5/2022 16:30,59.7
8/5/2022 16:45,59.7
8/5/2022 17:00,59.7
8/5/2022 17:15,59.7
8/5/2022 17:30,59.7
8/5/2022 17:45,59.82
8/5/2022 18:00,59.82
8/5/2022 18:15,59.98
8/5/2022 18:30,60.06
8/5/2022 18:45,60.08
8/5/2022 19:00,60.1
8/5/2022 19:15,60.1
8/5/2022 19:30,60.12
8/5/2022 19:45,60.16
8/5/2022 20:00,60.2
8/5/2022 20:15,60.21
8/5/2022 20:30,60.21
8/5/2022 20:45,60.22
8/5/2022 21:00,60.22
8/5/2022 21:15,60.26
8/5/2022 21:30,60.35
8/5/2022 21:45,60.4
8/5/2022 22:00,60.4
8/5/2022 22:15,60.54
8/5/2022 22:30,60.54
8/5/2022 22:45,60.54
8/5/2022 23:00,60.72
8/5/2022 23:15,60.77
8/5/2022 23:30,60.88
8/5/2022 23:45,60.83
8/6/2022 0:00,60.83
8/6/2022 0:15,60.83
8/6/2022 0:30,60.89
8/6/2022 0:45,60.93
8/6/2022 1:00,60.89
8/6/2022 1:15,60.89
8/6/2022 1:30,60.89
8/6/2022 1:45,60.83
8/6/2022 2:00,60.83
8/6/2022 2:15,60.86
8/6/2022 2:30,60.93
8/6/2022 2:45,60.93
8/6/2022 3:00,60.93
8/6/2022 3:15,60.91
8/6/2022 3:30,60.94
8/6/2022 3:45,60.94
8/6/2022 4:00,60.88
8/6/2022 4:15,60.88
8/6/2022 4:30,60.88
8/6/2022 4:45,60.88
8/6/2022 5:00,60.94
8/6/2022 5:15,60.95
8/6/2022 5:30,60.91
8/6/2022 5:45,60.91
8/6/2022 6:00,60.92
8/6/2022 6:15,60.92
8/6/2022 6:30,60.92
8/6/2022 6:45,60.92
8/6/2022 7:00,60.92
8/6/2022 7:15,60.92
8/6/2022 7:30,60.92
8/6/2022 7:45,60.92
8/6/2022 8:00,60.92
8/6/2022 8:15,60.92
8/6/2022 8:30,60.89
8/6/2022 8:45,60.88
8/6/2022 9:00,60.88
8/6/2022 9:15,60.7
8/6/2022 9:30,60.65
8/6/2022 9:45,60.52
8/6/2022 10:00,60.52
8/6/2022 10:15,60.44
8/6/2022 10:30,60.44
8/6/2022 10:45,60.4
8/6/2022 11:00,60.4
8/6/2022 11:15,60.38
8/6/2022 11:30,60.44
8/6/2022 11:45,60.44
8/6/2022 12:00,60.38
8/6/2022 12:15,60.34
8/6/2022 12:30,60.31
8/6/2022 12:45,60.31
8/6/2022 13:00,60.34
8/6/2022 13:15,60.38
8/6/2022 13:30,60.38
8/6/2022 13:45,60.38
8/6/2022 14:00,60.44
8/6/2022 14:15,60.38
8/6/2022 14:30,60.36
8/6/2022 14:45,60.36
8/6/2022 15:00,60.32
8/6/2022 15:15,60.27
8/6/2022 15:30,60.27
8/6/2022 15:45,60.27
8/6/2022 16:00,60.27
8/6/2022 16:15,60.33
8/6/2022 16:30,60.33
8/6/2022 16:45,60.44
8/6/2022 17:00,60.44
8/6/2022 17:15,60.55
8/6/2022 17:30,60.65
8/6/2022 17:45,60.72
8/6/2022 18:00,60.72
8/6/2022 18:15,60.72
8/6/2022 18:30,60.77
8/6/2022 18:45,60.83
8/6/2022 19:00,60.83
8/6/2022 19:15,60.83
8/6/2022 19:30,60.86
8/6/2022 19:45,60.89
8/6/2022 20:00,60.93
8/6/2022 20:15,60.93
8/6/2022 20:30,60.93
8/6/2022 20:45,60.89
8/6/2022 21:00,60.89
8/6/2022 21:15,60.89
8/6/2022 21:30,60.86
8/6/2022 21:45,60.89
8/6/2022 22:00,60.93
8/6/2022 22:15,60.93
8/6/2022 22:30,60.96
8/6/2022 22:45,60.96
8/6/2022 23:00,61
8/6/2022 23:15,61
8/6/2022 23:30,61
8/6/2022 23:45,61
8/7/2022 0:00,61
8/7/2022 0:15,61.05
8/7/2022 0:30,61.09
8/7/2022 0:45,61.09
8/7/2022 1:00,61.09
8/7/2022 1:15,61.09
8/7/2022 1:30,61.16
8/7/2022 1:45,61.16
8/7/2022 2:00,61.16
8/7/2022 2:15,61.16
8/7/2022 2:30,61.24
8/7/2022 2:45,61.2
8/7/2022 3:00,61.2
8/7/2022 3:15,61.13
8/7/2022 3:30,61.13
8/7/2022 3:45,61.13
8/7/2022 4:00,61.18
8/7/2022 4:15,61.18
8/7/2022 4:30,61.13
8/7/2022 4:45,61.11
8/7/2022 5:00,61.11
8/7/2022 5:15,61.07
8/7/2022 5:30,61.07
8/7/2022 5:45,61.07
8/7/2022 6:00,61.11
8/7/2022 6:15,61.16
8/7/2022 6:30,61.11
8/7/2022 6:45,61.09
8/7/2022 7:00,61.09
8/7/2022 7:15,61.05
8/7/2022 7:30,60.99
8/7/2022 7:45,60.96
8/7/2022 8:00,60.94
8/7/2022 8:15,60.9
8/7/2022 8:30,60.83
8/7/2022 8:45,60.79
8/7/2022 9:00,60.75
8/7/2022 9:15,60.67
8/7/2022 9:30,60.62
8/7/2022 9:45,60.62
8/7/2022 10:00,60.62
8/7/2022 10:15,60.62
8/7/2022 10:30,60.61
8/7/2022 10:45,60.62
8/7/2022 11:00,60.61
8/7/2022 11:15,60.6
8/7/2022 11:30,60.6
8/7/2022 11:45,60.58
8/7/2022 12:00,60.54
8/7/2022 12:15,60.54
8/7/2022 12:30,60.58
8/7/2022 12:45,60.58
8/7/2022 13:00,60.58
8/7/2022 13:15,60.61
8/7/2022 13:30,60.64
8/7/2022 13:45,60.7
8/7/2022 14:00,60.73
8/7/2022 14:15,60.8
8/7/2022 14:30,60.87
8/7/2022 14:45,60.89
8/7/2022 15:00,60.89
8/7/2022 15:15,60.94
8/7/2022 15:30,61
8/7/2022 15:45,61.08
8/7/2022 16:00,61.17
8/7/2022 16:15,61.17
8/7/2022 16:30,61.12
8/7/2022 16:45,61.12
8/7/2022 17:00,61.22
8/7/2022 17:15,61.22
8/7/2022 17:30,61.22
8/7/2022 17:45,61.23
8/7/2022 18:00,61.23
8/7/2022 18:15,61.22
8/7/2022 18:30,61.16
8/7/2022 18:45,61.16
8/7/2022 19:00,61.16
8/7/2022 19:15,61.16
8/7/2022 19:30,61.1
8/7/2022 19:45,61.1
8/7/2022 20:00,61.11
8/7/2022 20:15,61.11
8/7/2022 20:30,61.09
8/7/2022 20:45,61.09
8/7/2022 21:00,61.09
8/7/2022 21:15,61.11
8/7/2022 21:30,61.16
8/7/2022 21:45,61.22
8/7/2022 22:00,61.23
8/7/2022 22:15,61.34
8/7/2022 22:30,61.45
8/7/2022 22:45,61.45
8/7/2022 23:00,61.48
8/7/2022 23:15,61.49
8/7/2022 23:30,61.51
8/7/2022 23:45,61.5
8/8/2022 0:00,61.53
8/8/2022 0:15,61.53
8/8/2022 0:30,61.54
8/8/2022 0:45,61.58
8/8/2022 1:00,61.64
8/8/2022 1:15,61.7
8/8/2022 1:30,61.7
8/8/2022 1:45,61.7
8/8/2022 2:00,61.64
8/8/2022 2:15,61.64
8/8/2022 2:30,61.6
8/8/2022 2:45,61.54
8/8/2022 3:00,61.51
8/8/2022 3:15,61.51
8/8/2022 3:30,61.51
8/8/2022 3:45,61.54
8/8/2022 4:00,61.51
8/8/2022 4:15,61.48
8/8/2022 4:30,61.42
8/8/2022 4:45,61.42
8/8/2022 5:00,61.42
8/8/2022 5:15,61.42
8/8/2022 5:30,61.36
8/8/2022 5:45,61.35
8/8/2022 6:00,61.35
8/8/2022 6:15,61.29
8/8/2022 6:30,61.22
8/8/2022 6:45,61.2
8/8/2022 7:00,61.2
8/8/2022 7:15,61.18
8/8/2022 7:30,61.15
8/8/2022 7:45,61.15
8/8/2022 8:00,61.15
8/8/2022 8:15,61.14
8/8/2022 8:30,61.12
8/8/2022 8:45,61.1
8/8/2022 9:00,61.04
8/8/2022 9:15,60.97
8/8/2022 9:30,60.97
8/8/2022 9:45,60.97
8/8/2022 10:00,60.95
8/8/2022 10:15,60.91
8/8/2022 10:30,60.95
8/8/2022 10:45,60.98
8/8/2022 11:00,60.98
8/8/2022 11:15,61.05
8/8/2022 11:30,61.05
8/8/2022 11:45,61.05
8/8/2022 12:00,61.05
8/8/2022 12:15,61.05
8/8/2022 12:30,61.12
8/8/2022 12:45,61.23
8/8/2022 13:00,61.44
8/8/2022 13:15,62.1
8/8/2022 13:30,63.2
8/8/2022 13:45,64.15
8/8/2022 14:00,65.79
8/8/2022 14:15,70.85
8/8/2022 14:30,73.39
8/8/2022 14:45,74.73
8/8/2022 15:00,74.29
8/8/2022 15:15,73.49
8/8/2022 15:30,73.79
8/8/2022 15:45,73.06
8/8/2022 16:00,71.61
8/8/2022 16:15,70.26
8/8/2022 16:30,69.61
8/8/2022 16:45,69.07
8/8/2022 17:00,67.75
8/8/2022 17:15,66.93
8/8/2022 17:30,67.45
8/8/2022 17:45,66.56
8/8/2022 18:00,66.34
8/8/2022 18:15,66.99
8/8/2022 18:30,67.06
8/8/2022 18:45,66.45
8/8/2022 19:00,66.93
8/8/2022 19:15,65.97
8/8/2022 19:30,66.7
8/8/2022 19:45,66.44
8/8/2022 20:00,65.78
8/8/2022 20:15,65.61
8/8/2022 20:30,65.13
8/8/2022 20:45,65.21
8/8/2022 21:00,65.1
8/8/2022 21:15,65.29
8/8/2022 21:30,65.04
8/8/2022 21:45,65.05
8/8/2022 22:00,65.04
8/8/2022 22:15,64.89
8/8/2022 22:30,64.83
8/8/2022 22:45,64.75
8/8/2022 23:00,64.71
8/8/2022 23:15,65.08
8/8/2022 23:30,64.6
8/8/2022 23:45,64.58
8/9/2022 0:00,64.39
8/9/2022 0:15,64.2
8/9/2022 0:30,64.2
8/9/2022 0:45,64.2
8/9/2022 1:00,64.2
8/9/2022 1:15,64.15
8/9/2022 1:30,64.15
8/9/2022 1:45,64.09
8/9/2022 2:00,64.02
8/9/2022 2:15,63.96
8/9/2022 2:30,63.87
8/9/2022 2:45,65.32
8/9/2022 3:00,63.94
8/9/2022 3:15,63.85
8/9/2022 3:30,63.82
8/9/2022 3:45,63.85
8/9/2022 4:00,63.85
8/9/2022 4:15,63.87
8/9/2022 4:30,63.87
8/9/2022 4:45,63.87
8/9/2022 5:00,63.95
8/9/2022 5:15,64.03
8/9/2022 5:30,64.03
8/9/2022 5:45,64.03
8/9/2022 6:00,64.03
8/9/2022 6:15,64.03
8/9/2022 6:30,64.09
8/9/2022 6:45,64.09
8/9/2022 7:00,64.12
8/9/2022 7:15,65.01
8/9/2022 7:30,64.12
8/9/2022 7:45,64.06
8/9/2022 8:00,64.12
8/9/2022 8:15,64.12
8/9/2022 8:30,64.12
8/9/2022 8:45,64.12
8/9/2022 9:00,64.06
8/9/2022 9:15,63.92
8/9/2022 9:30,63.69
8/9/2022 9:45,63.45
8/9/2022 10:00,63.28
8/9/2022 10:15,63.14
8/9/2022 10:30,63.05
8/9/2022 10:45,63.03
8/9/2022 11:00,63.03
8/9/2022 11:15,62.89
8/9/2022 11:30,62.73
8/9/2022 11:45,62.66
8/9/2022 12:00,62.38
8/9/2022 12:15,62.13
8/9/2022 12:30,62.1
8/9/2022 12:45,62.09
8/9/2022 13:00,61.98
8/9/2022 13:15,61.89
8/9/2022 13:30,61.82
8/9/2022 13:45,61.8
8/9/2022 14:00,61.76
8/9/2022 14:15,61.75
8/9/2022 14:30,61.75
8/9/2022 14:45,61.7
8/9/2022 15:00,61.7
8/9/2022 15:15,61.61
8/9/2022 15:30,61.53
8/9/2022 15:45,61.53
8/9/2022 16:00,61.53
8/9/2022 16:15,61.53
8/9/2022 16:30,61.53
8/9/2022 16:45,61.55
8/9/2022 17:00,61.61
8/9/2022 17:15,61.69
8/9/2022 17:30,61.69
8/9/2022 17:45,61.69
8/9/2022 18:00,61.71
8/9/2022 18:15,61.73
8/9/2022 18:30,61.74
8/9/2022 18:45,61.74
8/9/2022 19:00,61.73
8/9/2022 19:15,61.77
8/9/2022 19:30,61.77
8/9/2022 19:45,61.83
8/9/2022 20:00,61.83
8/9/2022 20:15,61.86
8/9/2022 20:30,61.86
8/9/2022 20:45,61.87
8/9/2022 21:00,61.9
8/9/2022 21:15,61.96
8/9/2022 21:30,62.02
8/9/2022 21:45,62.06
8/9/2022 22:00,62.09
8/9/2022 22:15,62.09
8/9/2022 22:30,62.09
8/9/2022 22:45,62.12
8/9/2022 23:00,62.12
8/9/2022 23:15,62.12
8/9/2022 23:30,62.12
8/9/2022 23:45,62.18
8/10/2022 0:00,62.18
8/10/2022 0:15,62.22
8/10/2022 0:30,62.24
8/10/2022 0:45,62.3
8/10/2022 1:00,62.3
8/10/2022 1:15,62.3
8/10/2022 1:30,62.3
8/10/2022 1:45,62.24
8/10/2022 2:00,62.31
8/10/2022 2:15,62.24
8/10/2022 2:30,62.24
8/10/2022 2:45,62.24
8/10/2022 3:00,62.24
8/10/2022 3:15,62.29
8/10/2022 3:30,62.29
8/10/2022 3:45,62.29
8/10/2022 4:00,62.24
8/10/2022 4:15,62.29
8/10/2022 4:30,62.27
8/10/2022 4:45,62.27
8/10/2022 5:00,62.27
8/10/2022 5:15,62.37
8/10/2022 5:30,62.37
8/10/2022 5:45,62.26
8/10/2022 6:00,62.37
8/10/2022 6:15,62.41
8/10/2022 6:30,62.43
8/10/2022 6:45,62.43
8/10/2022 7:00,62.43
8/10/2022 7:15,62.43
8/10/2022 7:30,62.43
8/10/2022 7:45,62.41
8/10/2022 8:00,62.41
8/10/2022 8:15,62.39
8/10/2022 8:30,62.39
8/10/2022 8:45,62.39
8/10/2022 9:00,62.39
8/10/2022 9:15,62.36
8/10/2022 9:30,62.36
8/10/2022 9:45,62.29
8/10/2022 10:00,62.29
8/10/2022 10:15,62.24
8/10/2022 10:30,62.13
8/10/2022 10:45,62.13
8/10/2022 11:00,61.97
8/10/2022 11:15,61.91
8/10/2022 11:30,61.76
8/10/2022 11:45,61.62
8/10/2022 12:00,61.48
8/10/2022 12:15,61.36
8/10/2022 12:30,61.43
8/10/2022 12:45,61.43
8/10/2022 13:00,61.43
8/10/2022 13:15,61.43
8/10/2022 13:30,61.43
8/10/2022 13:45,61.43
8/10/2022 14:00,61.4
8/10/2022 14:15,61.47
8/10/2022 14:30,61.54
8/10/2022 14:45,61.52
8/10/2022 15:00,61.52
8/10/2022 15:15,61.56
8/10/2022 15:30,61.54
8/10/2022 15:45,61.54
8/10/2022 16:00,61.56
8/10/2022 16:15,61.54
8/10/2022 16:30,61.55
8/10/2022 16:45,61.56
8/10/2022 17:00,61.6
8/10/2022 17:15,61.6
8/10/2022 17:30,61.64
8/10/2022 17:45,61.64
8/10/2022 18:00,61.64
8/10/2022 18:15,61.67
8/10/2022 18:30,61.7
8/10/2022 18:45,61.7
8/10/2022 19:00,61.77
8/10/2022 19:15,61.86
8/10/2022 19:30,61.94
8/10/2022 19:45,61.97
8/10/2022 20:00,62.02
8/10/2022 20:15,62.07
8/10/2022 20:30,62.07
8/10/2022 20:45,62.07
8/10/2022 21:00,62.11
8/10/2022 21:15,62.17
8/10/2022 21:30,62.19
8/10/2022 21:45,62.21
8/10/2022 22:00,62.23
8/10/2022 22:15,62.23
8/10/2022 22:30,62.3
8/10/2022 22:45,62.34
8/10/2022 23:00,62.34
8/10/2022 23:15,62.36
8/10/2022 23:30,62.39
8/10/2022 23:45,62.45
8/11/2022 0:00,62.52
8/11/2022 0:15,62.58
8/11/2022 0:30,62.54
8/11/2022 0:45,62.54
8/11/2022 1:00,62.58
8/11/2022 1:15,62.58
8/11/2022 1:30,62.59
8/11/2022 1:45,62.63
8/11/2022 2:00,62.66
8/11/2022 2:15,62.76
8/11/2022 2:30,62.76
8/11/2022 2:45,62.76
8/11/2022 3:00,62.85
8/11/2022 3:15,62.89
8/11/2022 3:30,62.91
8/11/2022 3:45,62.95
8/11/2022 4:00,62.98
8/11/2022 4:15,63
8/11/2022 4:30,63
8/11/2022 4:45,63
8/11/2022 5:00,63.03
8/11/2022 5:15,63.03
8/11/2022 5:30,63.09
8/11/2022 5:45,63.09
8/11/2022 6:00,63.09
8/11/2022 6:15,63.03
8/11/2022 6:30,63.08
8/11/2022 6:45,63.03
8/11/2022 7:00,63.01
8/11/2022 7:15,63.01
8/11/2022 7:30,63.01
8/11/2022 7:45,63.01
8/11/2022 8:00,63.01
8/11/2022 8:15,62.91
8/11/2022 8:30,62.75
8/11/2022 8:45,62.6
8/11/2022 9:00,62.56
8/11/2022 9:15,62.53
8/11/2022 9:30,62.47
8/11/2022 9:45,62.4
8/11/2022 10:00,62.34
8/11/2022 10:15,62.29
8/11/2022 10:30,62.16
8/11/2022 10:45,61.93
8/11/2022 11:00,61.58
8/11/2022 11:15,61.3
8/11/2022 11:30,61.19
8/11/2022 11:45,61.14
8/11/2022 12:00,61.1
8/11/2022 12:15,61.02
8/11/2022 12:30,60.93
8/11/2022 12:45,60.93
8/11/2022 13:00,60.83
8/11/2022 13:15,60.83
8/11/2022 13:30,60.75
8/11/2022 13:45,60.71
8/11/2022 14:00,60.71
8/11/2022 14:15,60.67
8/11/2022 14:30,60.69
8/11/2022 14:45,60.69
8/11/2022 15:00,60.69
8/11/2022 15:15,60.69
8/11/2022 15:30,60.75
8/11/2022 15:45,60.83
8/11/2022 16:00,60.83
8/11/2022 16:15,61.05
8/11/2022 16:30,61.22
8/11/2022 16:45,61.45
8/11/2022 17:00,61.84
8/11/2022 17:15,62.07
8/11/2022 17:30,62.12
8/11/2022 17:45,62.12
8/11/2022 18:00,62.18
8/11/2022 18:15,62.22
8/11/2022 18:30,62.28
8/11/2022 18:45,62.34
8/11/2022 19:00,62.36
8/11/2022 19:15,62.38
8/11/2022 19:30,62.43
8/11/2022 19:45,62.43
8/11/2022 20:00,62.5
8/11/2022 20:15,62.56
8/11/2022 20:30,62.59
8/11/2022 20:45,62.66
8/11/2022 21:00,62.71
8/11/2022 21:15,62.71
8/11/2022 21:30,62.71
8/11/2022 21:45,62.71
8/11/2022 22:00,62.73
8/11/2022 22:15,62.72
8/11/2022 22:30,62.72
8/11/2022 22:45,62.72
8/11/2022 23:00,62.72
8/11/2022 23:15,62.73
8/11/2022 23:30,62.73
8/11/2022 23:45,62.73
8/12/2022 0:00,62.77
8/12/2022 0:15,62.76
8/12/2022 0:30,62.76
8/12/2022 0:45,62.76
8/12/2022 1:00,62.9
8/12/2022 1:15,63.02
8/12/2022 1:30,62.96
8/12/2022 1:45,62.96
8/12/2022 2:00,63.02
8/12/2022 2:15,63.02
8/12/2022 2:30,63.02
8/12/2022 2:45,63.02
8/12/2022 3:00,63.02
8/12/2022 3:15,63.02
8/12/2022 3:30,63.02
8/12/2022 3:45,63.02
8/12/2022 4:00,63.02
8/12/2022 4:15,63.02
8/12/2022 4:30,63.02
8/12/2022 4:45,62.97
8/12/2022 5:00,62.89
8/12/2022 5:15,62.97
8/12/2022 5:30,62.89
8/12/2022 5:45,62.87
8/12/2022 6:00,62.86
8/12/2022 6:15,62.85
8/12/2022 6:30,62.78
8/12/2022 6:45,62.7
8/12/2022 7:00,62.66
8/12/2022 7:15,62.64
8/12/2022 7:30,62.64
8/12/2022 7:45,62.64
8/12/2022 8:00,62.64
8/12/2022 8:15,62.64
8/12/2022 8:30,62.48
8/12/2022 8:45,62.29
8/12/2022 9:00,62.16
8/12/2022 9:15,62.1
8/12/2022 9:30,61.98
8/12/2022 9:45,61.87
8/12/2022 10:00,61.86
8/12/2022 10:15,61.81
8/12/2022 10:30,61.75
8/12/2022 10:45,61.62
8/12/2022 11:00,61.48
8/12/2022 11:15,61.46
8/12/2022 11:30,61.43
8/12/2022 11:45,61.41
8/12/2022 12:00,61.25
8/12/2022 12:15,61.17
8/12/2022 12:30,61.12
8/12/2022 12:45,60.93
8/12/2022 13:00,60.77
8/12/2022 13:15,60.77
8/12/2022 13:30,60.76
8/12/2022 13:45,60.75
8/12/2022 14:00,60.75
8/12/2022 14:15,60.68
8/12/2022 14:30,60.68
8/12/2022 14:45,60.59
8/12/2022 15:00,60.59
8/12/2022 15:15,60.56
8/12/2022 15:30,60.53
8/12/2022 15:45,60.53
8/12/2022 16:00,60.51
8/12/2022 16:15,60.48
8/12/2022 16:30,60.44
8/12/2022 16:45,60.44
8/12/2022 17:00,60.44
8/12/2022 17:15,60.4
8/12/2022 17:30,60.4
8/12/2022 17:45,60.4
8/12/2022 18:00,60.4
8/12/2022 18:15,60.44
8/12/2022 18:30,60.47
8/12/2022 18:45,60.5
8/12/2022 19:00,60.5
8/12/2022 19:15,60.51
8/12/2022 19:30,60.54
8/12/2022 19:45,60.54
8/12/2022 20:00,60.52
8/12/2022 20:15,60.52
8/12/2022 20:30,60.55
8/12/2022 20:45,60.58
8/12/2022 21:00,60.6
8/12/2022 21:15,60.64
8/12/2022 21:30,60.69
8/12/2022 21:45,60.74
8/12/2022 22:00,60.75
8/12/2022 22:15,60.82
8/12/2022 22:30,60.93
8/12/2022 22:45,61.02
8/12/2022 23:00,61.08
8/12/2022 23:15,61.13
8/12/2022 23:30,61.18
8/12/2022 23:45,61.23
8/13/2022 0:00,61.28
8/13/2022 0:15,61.31
8/13/2022 0:30,61.31
8/13/2022 0:45,61.35
8/13/2022 1:00,61.4
8/13/2022 1:15,61.49
8/13/2022 1:30,61.49
8/13/2022 1:45,61.61
8/13/2022 2:00,61.61
8/13/2022 2:15,61.67
8/13/2022 2:30,61.67
8/13/2022 2:45,61.67
8/13/2022 3:00,61.67
8/13/2022 3:15,61.67
8/13/2022 3:30,61.69
8/13/2022 3:45,61.75
8/13/2022 4:00,61.81
8/13/2022 4:15,61.77
8/13/2022 4:30,61.77
8/13/2022 4:45,61.78
8/13/2022 5:00,61.83
8/13/2022 5:15,61.83
8/13/2022 5:30,61.83
8/13/2022 5:45,61.91
8/13/2022 6:00,61.91
8/13/2022 6:15,61.91
8/13/2022 6:30,61.91
8/13/2022 6:45,61.89
8/13/2022 7:00,61.77
8/13/2022 7:15,61.66
8/13/2022 7:30,61.66
8/13/2022 7:45,61.77
8/13/2022 8:00,61.77
8/13/2022 8:15,61.68
8/13/2022 8:30,61.6
8/13/2022 8:45,61.53
8/13/2022 9:00,61.47
8/13/2022 9:15,61.45
8/13/2022 9:30,61.42
8/13/2022 9:45,61.38
8/13/2022 10:00,61.34
8/13/2022 10:15,61.31
8/13/2022 10:30,61.26
8/13/2022 10:45,61.21
8/13/2022 11:00,61.11
8/13/2022 11:15,61.01
8/13/2022 11:30,60.91
8/13/2022 11:45,60.8
8/13/2022 12:00,60.73
8/13/2022 12:15,60.6
8/13/2022 12:30,60.41
8/13/2022 12:45,60.41
8/13/2022 13:00,60.29
8/13/2022 13:15,60.27
8/13/2022 13:30,60.27
8/13/2022 13:45,60.24
8/13/2022 14:00,60.24
8/13/2022 14:15,60.24
8/13/2022 14:30,60.24
8/13/2022 14:45,60.24
8/13/2022 15:00,60.27
8/13/2022 15:15,60.27
8/13/2022 15:30,60.3
8/13/2022 15:45,60.32
8/13/2022 16:00,60.4
8/13/2022 16:15,60.49
8/13/2022 16:30,60.54
8/13/2022 16:45,60.56
8/13/2022 17:00,60.58
8/13/2022 17:15,60.59
8/13/2022 17:30,60.63
8/13/2022 17:45,60.63
8/13/2022 18:00,60.63
8/13/2022 18:15,60.72
8/13/2022 18:30,60.72
8/13/2022 18:45,60.76
8/13/2022 19:00,60.72
8/13/2022 19:15,60.76
8/13/2022 19:30,60.67
8/13/2022 19:45,60.67
8/13/2022 20:00,60.67
8/13/2022 20:15,60.59
8/13/2022 20:30,60.67
8/13/2022 20:45,60.67
8/13/2022 21:00,60.67
8/13/2022 21:15,60.75
8/13/2022 21:30,60.75
8/13/2022 21:45,60.75
8/13/2022 22:00,60.75
8/13/2022 22:15,60.76
8/13/2022 22:30,60.75
8/13/2022 22:45,60.65
8/13/2022 23:00,60.65
8/13/2022 23:15,60.53
8/13/2022 23:30,60.65
8/13/2022 23:45,60.65
8/14/2022 0:00,60.65
8/14/2022 0:15,60.65
8/14/2022 0:30,60.75
8/14/2022 0:45,60.75
8/14/2022 1:00,60.79
8/14/2022 1:15,60.85
8/14/2022 1:30,60.85
8/14/2022 1:45,60.94
8/14/2022 2:00,61.09
8/14/2022 2:15,61.22
8/14/2022 2:30,61.24
8/14/2022 2:45,61.24
8/14/2022 3:00,61.33
8/14/2022 3:15,61.31
8/14/2022 3:30,61.42
8/14/2022 3:45,61.42
8/14/2022 4:00,61.48
8/14/2022 4:15,61.48
8/14/2022 4:30,61.48
8/14/2022 4:45,61.54
8/14/2022 5:00,61.54
8/14/2022 5:15,61.54
8/14/2022 5:30,61.48
8/14/2022 5:45,61.54
8/14/2022 6:00,61.54
8/14/2022 6:15,61.48
8/14/2022 6:30,61.43
8/14/2022 6:45,61.38
8/14/2022 7:00,61.34
8/14/2022 7:15,61.34
8/14/2022 7:30,61.34
8/14/2022 7:45,61.34
8/14/2022 8:00,61.21
8/14/2022 8:15,61.34
8/14/2022 8:30,61.32
8/14/2022 8:45,61.24
8/14/2022 9:00,61.12
8/14/2022 9:15,61.06
8/14/2022 9:30,60.99
8/14/2022 9:45,60.95
8/14/2022 10:00,60.87
8/14/2022 10:15,60.81
8/14/2022 10:30,60.75
8/14/2022 10:45,60.68
8/14/2022 11:00,60.64
8/14/2022 11:15,60.58
8/14/2022 11:30,60.49
8/14/2022 11:45,60.58
8/14/2022 12:00,60.58
8/14/2022 12:15,60.49
8/14/2022 12:30,60.49
8/14/2022 12:45,60.49
8/14/2022 13:00,60.58
8/14/2022 13:15,60.53
8/14/2022 13:30,60.53
8/14/2022 13:45,60.48
8/14/2022 14:00,60.48
8/14/2022 14:15,60.53
8/14/2022 14:30,60.58
8/14/2022 14:45,60.68
8/14/2022 15:00,60.69
8/14/2022 15:15,60.62
8/14/2022 15:30,60.59
8/14/2022 15:45,60.69
8/14/2022 16:00,60.77
8/14/2022 16:15,60.78
8/14/2022 16:30,60.8
8/14/2022 16:45,60.78
8/14/2022 17:00,60.8
8/14/2022 17:15,60.8
8/14/2022 17:30,60.8
8/14/2022 17:45,60.9
8/14/2022 18:00,60.78
8/14/2022 18:15,60.9
8/14/2022 18:30,60.9
8/14/2022 18:45,61.04
8/14/2022 19:00,61.04
8/14/2022 19:15,61.04
8/14/2022 19:30,61.04
8/14/2022 19:45,61.1
8/14/2022 20:00,61.17
8/14/2022 20:15,61.17
8/14/2022 20:30,61.18
8/14/2022 20:45,61.18
8/14/2022 21:00,61.18
8/14/2022 21:15,61.18
8/14/2022 21:30,61.16
8/14/2022 21:45,61.16
8/14/2022 22:00,61.1
8/14/2022 22:15,61.16
8/14/2022 22:30,61.16
8/14/2022 22:45,61.03
8/14/2022 23:00,61.18
8/14/2022 23:15,61.18
8/14/2022 23:30,61.18
8/14/2022 23:45,61.18
8/15/2022 0:00,61.11
8/15/2022 0:15,60.97
8/15/2022 0:30,60.97
8/15/2022 0:45,60.97
8/15/2022 1:00,60.97
8/15/2022 1:15,61.05
8/15/2022 1:30,61.05
8/15/2022 1:45,61.05
8/15/2022 2:00,61.05
8/15/2022 2:15,61.05
8/15/2022 2:30,61.05
8/15/2022 2:45,61.08
8/15/2022 3:00,61.08
8/15/2022 3:15,61.05
8/15/2022 3:30,61.05
8/15/2022 3:45,61.08
8/15/2022 4:00,61.08
8/15/2022 4:15,61.08
8/15/2022 4:30,61.08
8/15/2022 4:45,61.05
8/15/2022 5:00,61.08
8/15/2022 5:15,61.11
8/15/2022 5:30,61.11
8/15/2022 5:45,61.07
8/15/2022 6:00,61.01
8/15/2022 6:15,61.01
8/15/2022 6:30,60.98
8/15/2022 6:45,60.98
8/15/2022 7:00,60.98
8/15/2022 7:15,60.96
8/15/2022 7:30,60.96
8/15/2022 7:45,60.89
8/15/2022 8:00,60.81
8/15/2022 8:15,60.89
8/15/2022 8:30,60.96
8/15/2022 8:45,60.89
8/15/2022 9:00,60.89
8/15/2022 9:15,60.89
8/15/2022 9:30,60.89
8/15/2022 9:45,60.89
8/15/2022 10:00,60.89
8/15/2022 10:15,60.82
8/15/2022 10:30,60.89
8/15/2022 10:45,60.82
8/15/2022 11:00,60.95
8/15/2022 11:15,60.95
8/15/2022 11:30,61
8/15/2022 11:45,61.09
8/15/2022 12:00,61.09
8/15/2022 12:15,61.09
8/15/2022 12:30,61.18
8/15/2022 12:45,61.18
8/15/2022 13:00,61.18
8/15/2022 13:15,61.09
8/15/2022 13:30,61.04
8/15/2022 13:45,61.04
8/15/2022 14:00,61.04
8/15/2022 14:15,61.04
8/15/2022 14:30,61.04
8/15/2022 14:45,61.07
8/15/2022 15:00,61.07
8/15/2022 15:15,61.07
8/15/2022 15:30,61.07
8/15/2022 15:45,61.16
8/15/2022 16:00,61.16
8/15/2022 16:15,61.16
8/15/2022 16:30,61.25
8/15/2022 16:45,61.19
8/15/2022 17:00,61.19
8/15/2022 17:15,61.19
8/15/2022 17:30,61.13
8/15/2022 17:45,61.19
8/15/2022 18:00,61.19
8/15/2022 18:15,61.23
8/15/2022 18:30,61.23
8/15/2022 18:45,61.26
8/15/2022 19:00,61.29
8/15/2022 19:15,61.29
8/15/2022 19:30,61.29
8/15/2022 19:45,61.27
8/15/2022 20:00,61.26
8/15/2022 20:15,61.26
8/15/2022 20:30,61.26
8/15/2022 20:45,61.25
8/15/2022 21:00,61.24
8/15/2022 21:15,61.22
8/15/2022 21:30,61.19
8/15/2022 21:45,61.21
8/15/2022 22:00,61.21
8/15/2022 22:15,61.21
8/15/2022 22:30,61.21
8/15/2022 22:45,61.14
8/15/2022 23:00,61.14
8/15/2022 23:15,61.05
8/15/2022 23:30,61.14
8/15/2022 23:45,61.14
8/16/2022 0:00,61.14
8/16/2022 0:15,61.14
8/16/2022 0:30,61.21
8/16/2022 0:45,61.21
8/16/2022 1:00,61.21
8/16/2022 1:15,61.23
8/16/2022 1:30,61.23
8/16/2022 1:45,61.23
8/16/2022 2:00,61.3
8/16/2022 2:15,61.48
8/16/2022 2:30,61.61
8/16/2022 2:45,61.62
8/16/2022 3:00,61.64
8/16/2022 3:15,61.7
8/16/2022 3:30,61.89
8/16/2022 3:45,62.06
8/16/2022 4:00,62.06
8/16/2022 4:15,62.1
8/16/2022 4:30,62.1
8/16/2022 4:45,62.1
8/16/2022 5:00,62.1
8/16/2022 5:15,62.1
8/16/2022 5:30,62.1
8/16/2022 5:45,62.1
8/16/2022 6:00,62.1
8/16/2022 6:15,62.06
8/16/2022 6:30,61.86
8/16/2022 6:45,61.66
8/16/2022 7:00,61.62
8/16/2022 7:15,61.58
8/16/2022 7:30,61.56
8/16/2022 7:45,61.56
8/16/2022 8:00,61.52
8/16/2022 8:15,61.49
8/16/2022 8:30,61.47
8/16/2022 8:45,61.37
8/16/2022 9:00,61.29
8/16/2022 9:15,61.26
8/16/2022 9:30,61.21
8/16/2022 9:45,61.18
8/16/2022 10:00,61.15
8/16/2022 10:15,61.08
8/16/2022 10:30,60.98
8/16/2022 10:45,60.98
8/16/2022 11:00,61.11
8/16/2022 11:15,60.98
8/16/2022 11:30,60.98
8/16/2022 11:45,60.98
8/16/2022 12:00,60.91
8/16/2022 12:15,60.85
8/16/2022 12:30,60.79
8/16/2022 12:45,60.79
8/16/2022 13:00,60.77
8/16/2022 13:15,60.74
8/16/2022 13:30,60.77
8/16/2022 13:45,60.77
8/16/2022 14:00,60.77
8/16/2022 14:15,60.74
8/16/2022 14:30,60.77
8/16/2022 14:45,60.77
8/16/2022 15:00,60.8
8/16/2022 15:15,60.8
8/16/2022 15:30,60.8
8/16/2022 15:45,60.77
8/16/2022 16:00,60.77
8/16/2022 16:15,60.8
8/16/2022 16:30,60.8
8/16/2022 16:45,60.83
8/16/2022 17:00,60.83
8/16/2022 17:15,60.86
8/16/2022 17:30,60.86
8/16/2022 17:45,60.92
8/16/2022 18:00,60.97
8/16/2022 18:15,60.97
8/16/2022 18:30,60.94
8/16/2022 18:45,60.94
8/16/2022 19:00,60.97
8/16/2022 19:15,60.97
8/16/2022 19:30,60.97
8/16/2022 19:45,60.97
8/16/2022 20:00,60.97
8/16/2022 20:15,60.94
8/16/2022 20:30,60.94
8/16/2022 20:45,60.98
8/16/2022 21:00,60.98
8/16/2022 21:15,60.98
8/16/2022 21:30,61.02
8/16/2022 21:45,61.07
8/16/2022 22:00,61.11
8/16/2022 22:15,61.19
8/16/2022 22:30,61.22
8/16/2022 22:45,61.22
8/16/2022 23:00,61.23
8/16/2022 23:15,61.27
8/16/2022 23:30,61.36
8/16/2022 23:45,61.36
8/17/2022 0:00,61.36
8/17/2022 0:15,61.36
8/17/2022 0:30,61.36
8/17/2022 0:45,61.31
8/17/2022 1:00,61.31
8/17/2022 1:15,61.31
8/17/2022 1:30,61.33
8/17/2022 1:45,61.31
8/17/2022 2:00,61.31
8/17/2022 2:15,61.31
8/17/2022 2:30,61.3
8/17/2022 2:45,61.27
8/17/2022 3:00,61.22
8/17/2022 3:15,61.22
8/17/2022 3:30,61.19
8/17/2022 3:45,61.15
8/17/2022 4:00,61.15
8/17/2022 4:15,61.14
8/17/2022 4:30,61.13
8/17/2022 4:45,61.11
8/17/2022 5:00,61.04
8/17/2022 5:15,61.04
8/17/2022 5:30,61.04
8/17/2022 5:45,60.97
8/17/2022 6:00,60.87
8/17/2022 6:15,60.79
8/17/2022 6:30,60.76
8/17/2022 6:45,60.76
8/17/2022 7:00,60.7
8/17/2022 7:15,60.7
8/17/2022 7:30,60.68
8/17/2022 7:45,60.66
8/17/2022 8:00,60.63
8/17/2022 8:15,60.58
8/17/2022 8:30,60.54
8/17/2022 8:45,60.52
8/17/2022 9:00,60.51
8/17/2022 9:15,60.51
8/17/2022 9:30,60.51
8/17/2022 9:45,60.48
8/17/2022 10:00,60.48
8/17/2022 10:15,60.43
8/17/2022 10:30,60.41
8/17/2022 10:45,60.39
8/17/2022 11:00,60.34
8/17/2022 11:15,60.34
8/17/2022 11:30,60.34
8/17/2022 11:45,60.34
8/17/2022 12:00,60.25
8/17/2022 12:15,60.25
8/17/2022 12:30,60.25
8/17/2022 12:45,60.17
8/17/2022 13:00,60.17
8/17/2022 13:15,60.25
8/17/2022 13:30,60.25
8/17/2022 13:45,60.17
8/17/2022 14:00,60.24
8/17/2022 14:15,60.25
8/17/2022 14:30,60.25
8/17/2022 14:45,60.2
8/17/2022 15:00,60.17
8/17/2022 15:15,60.17
8/17/2022 15:30,60.17
8/17/2022 15:45,60.17
8/17/2022 16:00,60.2
8/17/2022 16:15,60.2
8/17/2022 16:30,60.25
8/17/2022 16:45,60.29
8/17/2022 17:00,60.32
8/17/2022 17:15,60.39
8/17/2022 17:30,60.39
8/17/2022 17:45,60.43
8/17/2022 18:00,60.43
8/17/2022 18:15,60.47
8/17/2022 18:30,60.47
8/17/2022 18:45,60.6
8/17/2022 19:00,60.79
8/17/2022 19:15,61.14
8/17/2022 19:30,61.42
8/17/2022 19:45,61.62
8/17/2022 20:00,61.83
8/17/2022 20:15,61.85
8/17/2022 20:30,61.85
8/17/2022 20:45,61.85
8/17/2022 21:00,61.85
8/17/2022 21:15,61.85
8/17/2022 21:30,61.85
8/17/2022 21:45,61.85
8/17/2022 22:00,61.85
8/17/2022 22:15,61.85
8/17/2022 22:30,61.85
8/17/2022 22:45,61.82
8/17/2022 23:00,61.67
8/17/2022 23:15,61.51
8/17/2022 23:30,61.46
8/17/2022 23:45,61.34
8/18/2022 0:00,61.23
8/18/2022 0:15,61.19
8/18/2022 0:30,61.12
8/18/2022 0:45,61.09
8/18/2022 1:00,61.05
8/18/2022 1:15,60.97
8/18/2022 1:30,60.87
8/18/2022 1:45,60.81
8/18/2022 2:00,60.79
8/18/2022 2:15,60.75
8/18/2022 2:30,60.75
8/18/2022 2:45,60.75
8/18/2022 3:00,60.64
8/18/2022 3:15,60.53
8/18/2022 3:30,60.53
8/18/2022 3:45,60.53
8/18/2022 4:00,60.53
8/18/2022 4:15,60.53
8/18/2022 4:30,60.48
8/18/2022 4:45,60.53
8/18/2022 5:00,60.48
8/18/2022 5:15,60.62
8/18/2022 5:30,60.62
8/18/2022 5:45,60.6
8/18/2022 6:00,60.6
8/18/2022 6:15,60.56
8/18/2022 6:30,60.71
8/18/2022 6:45,60.71
8/18/2022 7:00,60.71
8/18/2022 7:15,60.74
8/18/2022 7:30,60.71
8/18/2022 7:45,60.59
8/18/2022 8:00,60.59
8/18/2022 8:15,60.69
8/18/2022 8:30,60.59
8/18/2022 8:45,60.47
8/18/2022 9:00,60.45
8/18/2022 9:15,60.44
8/18/2022 9:30,60.45
8/18/2022 9:45,60.43
8/18/2022 10:00,60.43
8/18/2022 10:15,60.41
8/18/2022 10:30,60.42
8/18/2022 10:45,60.41
8/18/2022 11:00,60.41
8/18/2022 11:15,60.41
8/18/2022 11:30,60.41
8/18/2022 11:45,60.4
8/18/2022 12:00,60.4
8/18/2022 12:15,60.4
8/18/2022 12:30,60.41
8/18/2022 12:45,60.4
8/18/2022 13:00,60.41
8/18/2022 13:15,60.41
8/18/2022 13:30,60.42
8/18/2022 13:45,60.46
8/18/2022 14:00,60.46
8/18/2022 14:15,60.5
8/18/2022 14:30,60.47
8/18/2022 14:45,60.5
8/18/2022 15:00,60.5
8/18/2022 15:15,60.5
8/18/2022 15:30,60.5
8/18/2022 15:45,60.5
8/18/2022 16:00,60.48
8/18/2022 16:15,60.48
8/18/2022 16:30,60.47
8/18/2022 16:45,60.55
8/18/2022 17:00,60.47
8/18/2022 17:15,60.47
8/18/2022 17:30,60.45
8/18/2022 17:45,60.45
8/18/2022 18:00,60.42
8/18/2022 18:15,60.42
8/18/2022 18:30,60.4
8/18/2022 18:45,60.4
8/18/2022 19:00,60.4
8/18/2022 19:15,60.4
8/18/2022 19:30,60.32
8/18/2022 19:45,60.32
8/18/2022 20:00,60.4
8/18/2022 20:15,60.32
8/18/2022 20:30,60.31
8/18/2022 20:45,60.41
8/18/2022 21:00,60.33
8/18/2022 21:15,60.33
8/18/2022 21:30,60.25
8/18/2022 21:45,60.19
8/18/2022 22:00,60.19
8/18/2022 22:15,60.19
8/18/2022 22:30,60.25
8/18/2022 22:45,60.25
8/18/2022 23:00,60.25
8/18/2022 23:15,60.22
8/18/2022 23:30,60.25
8/18/2022 23:45,60.25
8/19/2022 0:00,60.33
8/19/2022 0:15,60.23
8/19/2022 0:30,60.23
8/19/2022 0:45,60.23
8/19/2022 1:00,60.14
8/19/2022 1:15,60.14
8/19/2022 1:30,60.23
8/19/2022 1:45,60.14
8/19/2022 2:00,60.14
8/19/2022 2:15,60.19
8/19/2022 2:30,60.19
8/19/2022 2:45,60.3
8/19/2022 3:00,60.42
8/19/2022 3:15,60.3
8/19/2022 3:30,60.3
8/19/2022 3:45,60.19
8/19/2022 4:00,60.13
8/19/2022 4:15,60.27
8/19/2022 4:30,60.27
8/19/2022 4:45,60.27
8/19/2022 5:00,60.27
8/19/2022 5:15,60.27
8/19/2022 5:30,60.27
8/19/2022 5:45,60.18
8/19/2022 6:00,60.27
8/19/2022 6:15,60.27
8/19/2022 6:30,60.18
8/19/2022 6:45,60.18
8/19/2022 7:00,60.13
8/19/2022 7:15,60.08
8/19/2022 7:30,60.13
8/19/2022 7:45,60.08
8/19/2022 8:00,60.08
8/19/2022 8:15,60.13
8/19/2022 8:30,60.13
8/19/2022 8:45,60.21
8/19/2022 9:00,60.21
8/19/2022 9:15,60.13
8/19/2022 9:30,60.08
8/19/2022 9:45,60.06
8/19/2022 10:00,60.06
8/19/2022 10:15,60.05
8/19/2022 10:30,60.05
8/19/2022 10:45,60.04
8/19/2022 11:00,60.04
8/19/2022 11:15,60.05
8/19/2022 11:30,60.05
8/19/2022 11:45,60.06
8/19/2022 12:00,60.06
8/19/2022 12:15,60.07
8/19/2022 12:30,60.07
8/19/2022 12:45,60.09
8/19/2022 13:00,60.07
8/19/2022 13:15,60.07
8/19/2022 13:30,60.07
8/19/2022 13:45,60.06
8/19/2022 14:00,60.07
8/19/2022 14:15,60.09
8/19/2022 14:30,60.12
8/19/2022 14:45,60.16
8/19/2022 15:00,60.19
8/19/2022 15:15,60.22
8/19/2022 15:30,60.22
8/19/2022 15:45,60.27
8/19/2022 16:00,60.24
8/19/2022 16:15,60.24
8/19/2022 16:30,60.41
8/19/2022 16:45,60.58
8/19/2022 17:00,60.58
8/19/2022 17:15,60.65
8/19/2022 17:30,60.66
8/19/2022 17:45,60.68
8/19/2022 18:00,60.71
8/19/2022 18:15,60.77
8/19/2022 18:30,60.79
8/19/2022 18:45,60.79
8/19/2022 19:00,60.79
8/19/2022 19:15,60.79
8/19/2022 19:30,60.79
8/19/2022 19:45,60.79
8/19/2022 20:00,60.79
8/19/2022 20:15,60.79
8/19/2022 20:30,60.79
8/19/2022 20:45,60.79
8/19/2022 21:00,60.79
8/19/2022 21:15,60.79
8/19/2022 21:30,60.75
8/19/2022 21:45,60.68
8/19/2022 22:00,60.75
8/19/2022 22:15,60.68
8/19/2022 22:30,60.68
8/19/2022 22:45,60.62
8/19/2022 23:00,60.54
8/19/2022 23:15,60.48
8/19/2022 23:30,60.42
8/19/2022 23:45,60.36
8/20/2022 0:00,60.35
8/20/2022 0:15,60.34
8/20/2022 0:30,60.32
8/20/2022 0:45,60.29
8/20/2022 1:00,60.29
8/20/2022 1:15,60.29
8/20/2022 1:30,60.29
8/20/2022 1:45,60.25
8/20/2022 2:00,60.29
8/20/2022 2:15,60.29
8/20/2022 2:30,60.32
8/20/2022 2:45,60.29
8/20/2022 3:00,60.29
8/20/2022 3:15,60.29
8/20/2022 3:30,60.29
8/20/2022 3:45,60.29
8/20/2022 4:00,60.25
8/20/2022 4:15,60.29
8/20/2022 4:30,60.33
8/20/2022 4:45,60.37
8/20/2022 5:00,60.45
8/20/2022 5:15,60.57
8/20/2022 5:30,60.65
8/20/2022 5:45,60.72
8/20/2022 6:00,60.73
8/20/2022 6:15,60.77
8/20/2022 6:30,60.77
8/20/2022 6:45,60.78
8/20/2022 7:00,60.78
8/20/2022 7:15,60.83
8/20/2022 7:30,60.91
8/20/2022 7:45,60.95
8/20/2022 8:00,60.96
8/20/2022 8:15,61
8/20/2022 8:30,61.12
8/20/2022 8:45,61.34
8/20/2022 9:00,61.51
8/20/2022 9:15,61.61
8/20/2022 9:30,61.8
8/20/2022 9:45,62
8/20/2022 10:00,62.14
8/20/2022 10:15,62.24
8/20/2022 10:30,62.26
8/20/2022 10:45,62.25
8/20/2022 11:00,62.32
8/20/2022 11:15,62.38
8/20/2022 11:30,62.39
8/20/2022 11:45,62.39
8/20/2022 12:00,62.38
8/20/2022 12:15,62.38
8/20/2022 12:30,62.38
8/20/2022 12:45,62.38
8/20/2022 13:00,62.39
8/20/2022 13:15,62.4
8/20/2022 13:30,62.4
8/20/2022 13:45,62.39
8/20/2022 14:00,62.38
8/20/2022 14:15,62.37
8/20/2022 14:30,62.34
8/20/2022 14:45,62.26
8/20/2022 15:00,62.23
8/20/2022 15:15,62.21
8/20/2022 15:30,62.21
8/20/2022 15:45,62.21
8/20/2022 16:00,62.19
8/20/2022 16:15,62.14
8/20/2022 16:30,62.09
8/20/2022 16:45,62.07
8/20/2022 17:00,61.87
8/20/2022 17:15,61.65
8/20/2022 17:30,61.56
8/20/2022 17:45,61.43
8/20/2022 18:00,61.3
8/20/2022 18:15,61.2
8/20/2022 18:30,61.12
8/20/2022 18:45,61.1
8/20/2022 19:00,61.03
8/20/2022 19:15,60.95
8/20/2022 19:30,60.94
8/20/2022 19:45,60.94
8/20/2022 20:00,60.91
8/20/2022 20:15,60.91
8/20/2022 20:30,60.91
8/20/2022 20:45,60.85
8/20/2022 21:00,60.79
8/20/2022 21:15,60.76
8/20/2022 21:30,60.76
8/20/2022 21:45,60.76
8/20/2022 22:00,60.73
8/20/2022 22:15,60.7
8/20/2022 22:30,60.7
8/20/2022 22:45,60.65
8/20/2022 23:00,60.65
8/20/2022 23:15,60.65
8/20/2022 23:30,60.59
8/20/2022 23:45,60.59
8/21/2022 0:00,60.59
8/21/2022 0:15,60.59
8/21/2022 0:30,60.59
8/21/2022 0:45,60.59
8/21/2022 1:00,60.67
8/21/2022 1:15,60.64
8/21/2022 1:30,60.69
8/21/2022 1:45,60.75
8/21/2022 2:00,60.83
8/21/2022 2:15,60.83
8/21/2022 2:30,60.83
8/21/2022 2:45,60.83
8/21/2022 3:00,60.83
8/21/2022 3:15,60.83
8/21/2022 3:30,60.83
8/21/2022 3:45,60.83
8/21/2022 4:00,60.76
8/21/2022 4:15,60.86
8/21/2022 4:30,60.93
8/21/2022 4:45,60.93
8/21/2022 5:00,60.82
8/21/2022 5:15,60.75
8/21/2022 5:30,60.75
8/21/2022 5:45,60.75
8/21/2022 6:00,60.73
8/21/2022 6:15,60.73
8/21/2022 6:30,60.71
8/21/2022 6:45,60.67
8/21/2022 7:00,60.59
8/21/2022 7:15,60.59
8/21/2022 7:30,60.64
8/21/2022 7:45,60.64
8/21/2022 8:00,60.64
8/21/2022 8:15,60.63
8/21/2022 8:30,60.64
8/21/2022 8:45,60.67
8/21/2022 9:00,60.67
8/21/2022 9:15,60.67
8/21/2022 9:30,60.67
8/21/2022 9:45,60.67
8/21/2022 10:00,60.67
8/21/2022 10:15,60.7
8/21/2022 10:30,60.7
8/21/2022 10:45,60.7
8/21/2022 11:00,60.72
8/21/2022 11:15,60.77
8/21/2022 11:30,60.77
8/21/2022 11:45,60.77
8/21/2022 12:00,60.8
8/21/2022 12:15,60.8
8/21/2022 12:30,60.8
8/21/2022 12:45,60.8
8/21/2022 13:00,60.8
8/21/2022 13:15,60.87
8/21/2022 13:30,60.87
8/21/2022 13:45,60.8
8/21/2022 14:00,60.85
8/21/2022 14:15,60.85
8/21/2022 14:30,60.8
8/21/2022 14:45,60.83
8/21/2022 15:00,60.83
8/21/2022 15:15,60.78
8/21/2022 15:30,60.73
8/21/2022 15:45,60.73
8/21/2022 16:00,60.73
8/21/2022 16:15,60.73
8/21/2022 16:30,60.78
8/21/2022 16:45,60.83
8/21/2022 17:00,60.83
8/21/2022 17:15,60.83
8/21/2022 17:30,60.83
8/21/2022 17:45,60.9
8/21/2022 18:00,60.94
8/21/2022 18:15,60.9
8/21/2022 18:30,60.94
8/21/2022 18:45,61
8/21/2022 19:00,61.07
8/21/2022 19:15,61.1
8/21/2022 19:30,61.1
8/21/2022 19:45,61.1
8/21/2022 20:00,61.11
8/21/2022 20:15,61.11
8/21/2022 20:30,61.12
8/21/2022 20:45,61.12
8/21/2022 21:00,61.15
8/21/2022 21:15,61.25
8/21/2022 21:30,61.25
8/21/2022 21:45,61.35
8/21/2022 22:00,61.4
8/21/2022 22:15,61.48
8/21/2022 22:30,61.59
8/21/2022 22:45,61.71
8/21/2022 23:00,61.77
8/21/2022 23:15,61.86
8/21/2022 23:30,61.93
8/21/2022 23:45,62.03
8/22/2022 0:00,62.14
8/22/2022 0:15,62.24
8/22/2022 0:30,62.24
8/22/2022 0:45,62.3
8/22/2022 1:00,62.3
8/22/2022 1:15,62.34
8/22/2022 1:30,62.34
8/22/2022 1:45,62.34
8/22/2022 2:00,62.38
8/22/2022 2:15,62.34
8/22/2022 2:30,62.3
8/22/2022 2:45,62.3
8/22/2022 3:00,62.31
8/22/2022 3:15,62.31
8/22/2022 3:30,62.31
8/22/2022 3:45,62.29
8/22/2022 4:00,62.29
8/22/2022 4:15,62.27
8/22/2022 4:30,62.27
8/22/2022 4:45,62.24
8/22/2022 5:00,62.23
8/22/2022 5:15,62.19
8/22/2022 5:30,62.19
8/22/2022 5:45,62.19
8/22/2022 6:00,62.19
8/22/2022 6:15,62.14
8/22/2022 6:30,62.13
8/22/2022 6:45,62.1
8/22/2022 7:00,62.06
8/22/2022 7:15,62.02
8/22/2022 7:30,61.99
8/22/2022 7:45,61.85
8/22/2022 8:00,61.74
8/22/2022 8:15,61.74
8/22/2022 8:30,61.74
8/22/2022 8:45,61.71
8/22/2022 9:00,61.71
8/22/2022 9:15,61.66
8/22/2022 9:30,61.66
8/22/2022 9:45,61.66
8/22/2022 10:00,61.71
8/22/2022 10:15,61.71
8/22/2022 10:30,61.71
8/22/2022 10:45,61.71
8/22/2022 11:00,61.76
8/22/2022 11:15,61.9
8/22/2022 11:30,62.02
8/22/2022 11:45,62.05
8/22/2022 12:00,62.11
8/22/2022 12:15,62.16
8/22/2022 12:30,62.16
8/22/2022 12:45,62.18
8/22/2022 13:00,62.18
8/22/2022 13:15,62.21
8/22/2022 13:30,62.21
8/22/2022 13:45,62.21
8/22/2022 14:00,62.21
8/22/2022 14:15,62.21
8/22/2022 14:30,62.21
8/22/2022 14:45,62.21
8/22/2022 15:00,62.21
8/22/2022 15:15,62.32
8/22/2022 15:30,62.32
8/22/2022 15:45,62.38
8/22/2022 16:00,62.38
8/22/2022 16:15,62.38
8/22/2022 16:30,62.26
8/22/2022 16:45,62.26
8/22/2022 17:00,62.18
8/22/2022 17:15,62.16
8/22/2022 17:30,62.13
8/22/2022 17:45,62.05
8/22/2022 18:00,62.05
8/22/2022 18:15,62.02
8/22/2022 18:30,62
8/22/2022 18:45,61.91
8/22/2022 19:00,61.85
8/22/2022 19:15,61.87
8/22/2022 19:30,61.87
8/22/2022 19:45,61.87
8/22/2022 20:00,61.85
8/22/2022 20:15,61.81
8/22/2022 20:30,61.74
8/22/2022 20:45,61.7
8/22/2022 21:00,61.67
8/22/2022 21:15,61.67
8/22/2022 21:30,61.67
8/22/2022 21:45,61.63
8/22/2022 22:00,61.67
8/22/2022 22:15,61.63
8/22/2022 22:30,61.68
8/22/2022 22:45,61.68
8/22/2022 23:00,61.66
8/22/2022 23:15,61.65
8/22/2022 23:30,61.57
8/22/2022 23:45,61.48
8/23/2022 0:00,61.48
8/23/2022 0:15,61.39
8/23/2022 0:30,61.32
8/23/2022 0:45,61.32
8/23/2022 1:00,61.32
8/23/2022 1:15,61.39
8/23/2022 1:30,61.32
8/23/2022 1:45,61.32
8/23/2022 2:00,61.39
8/23/2022 2:15,61.39
8/23/2022 2:30,61.39
8/23/2022 2:45,61.39
8/23/2022 3:00,61.39
8/23/2022 3:15,61.43
8/23/2022 3:30,61.43
8/23/2022 3:45,61.48
8/23/2022 4:00,61.58
8/23/2022 4:15,61.69
8/23/2022 4:30,61.73
8/23/2022 4:45,61.78
8/23/2022 5:00,61.91
8/23/2022 5:15,62
8/23/2022 5:30,62
8/23/2022 5:45,62
8/23/2022 6:00,61.92
8/23/2022 6:15,61.93
8/23/2022 6:30,61.93
8/23/2022 6:45,61.93
8/23/2022 7:00,61.84
8/23/2022 7:15,61.84
8/23/2022 7:30,61.8
8/23/2022 7:45,61.8
8/23/2022 8:00,61.8
8/23/2022 8:15,61.8
8/23/2022 8:30,61.8
8/23/2022 8:45,61.71
8/23/2022 9:00,61.62
8/23/2022 9:15,61.6
8/23/2022 9:30,61.5
8/23/2022 9:45,61.34
8/23/2022 10:00,61.27
8/23/2022 10:15,61.23
8/23/2022 10:30,61.23
8/23/2022 10:45,61.23
8/23/2022 11:00,61.27
8/23/2022 11:15,61.27
8/23/2022 11:30,61.34
8/23/2022 11:45,61.5
8/23/2022 12:00,61.6
8/23/2022 12:15,61.62
8/23/2022 12:30,61.51
8/23/2022 12:45,61.67
8/23/2022 13:00,61.67
8/23/2022 13:15,61.75
8/23/2022 13:30,61.8
8/23/2022 13:45,62
8/23/2022 14:00,62.19
8/23/2022 14:15,62.19
8/23/2022 14:30,62.25
8/23/2022 14:45,62.29
8/23/2022 15:00,62.31
8/23/2022 15:15,62.34
8/23/2022 15:30,62.34
8/23/2022 15:45,62.39
8/23/2022 16:00,62.47
8/23/2022 16:15,62.52
8/23/2022 16:30,62.52
8/23/2022 16:45,62.55
8/23/2022 17:00,62.61
8/23/2022 17:15,62.72
8/23/2022 17:30,62.88
8/23/2022 17:45,63.03
8/23/2022 18:00,63.21
8/23/2022 18:15,63.48
8/23/2022 18:30,63.68
8/23/2022 18:45,63.68
8/23/2022 19:00,63.68
8/23/2022 19:15,63.74
8/23/2022 19:30,63.74
8/23/2022 19:45,63.74
8/23/2022 20:00,63.74
8/23/2022 20:15,63.74
8/23/2022 20:30,63.68
8/23/2022 20:45,63.65
8/23/2022 21:00,63.65
8/23/2022 21:15,63.65
8/23/2022 21:30,63.6
8/23/2022 21:45,63.47
8/23/2022 22:00,63.35
8/23/2022 22:15,63.35
8/23/2022 22:30,63.3
8/23/2022 22:45,63.27
8/23/2022 23:00,63.15
8/23/2022 23:15,62.97
8/23/2022 23:30,62.87
8/23/2022 23:45,62.83
8/24/2022 0:00,62.72
8/24/2022 0:15,62.72
8/24/2022 0:30,62.7
8/24/2022 0:45,62.7
8/24/2022 1:00,62.65
8/24/2022 1:15,62.65
8/24/2022 1:30,62.6
8/24/2022 1:45,62.65
8/24/2022 2:00,62.65
8/24/2022 2:15,62.65
8/24/2022 2:30,62.71
8/24/2022 2:45,62.77
8/24/2022 3:00,62.77
8/24/2022 3:15,62.77
8/24/2022 3:30,62.79
8/24/2022 3:45,62.79
8/24/2022 4:00,62.79
8/24/2022 4:15,62.81
8/24/2022 4:30,62.81
8/24/2022 4:45,62.81
8/24/2022 5:00,62.81
8/24/2022 5:15,62.79
8/24/2022 5:30,62.78
8/24/2022 5:45,62.74
8/24/2022 6:00,62.78
8/24/2022 6:15,62.76
8/24/2022 6:30,62.76
8/24/2022 6:45,62.7
8/24/2022 7:00,62.7
8/24/2022 7:15,62.66
8/24/2022 7:30,62.58
8/24/2022 7:45,62.51
8/24/2022 8:00,62.51
8/24/2022 8:15,62.49
8/24/2022 8:30,62.47
8/24/2022 8:45,62.47
8/24/2022 9:00,62.47
8/24/2022 9:15,62.47
8/24/2022 9:30,62.47
8/24/2022 9:45,62.42
8/24/2022 10:00,62.42
8/24/2022 10:15,62.45
8/24/2022 10:30,62.41
8/24/2022 10:45,62.45
8/24/2022 11:00,62.42
8/24/2022 11:15,62.45
8/24/2022 11:30,62.55
8/24/2022 11:45,62.45
8/24/2022 12:00,62.42
8/24/2022 12:15,62.42
8/24/2022 12:30,62.5
8/24/2022 12:45,62.5
8/24/2022 13:00,62.42
8/24/2022 13:15,62.5
8/24/2022 13:30,62.5
8/24/2022 13:45,62.42
8/24/2022 14:00,62.42
8/24/2022 14:15,62.4
8/24/2022 14:30,62.39
8/24/2022 14:45,62.39
8/24/2022 15:00,62.4
8/24/2022 15:15,62.4
8/24/2022 15:30,62.4
8/24/2022 15:45,62.4
8/24/2022 16:00,62.4
8/24/2022 16:15,62.38
8/24/2022 16:30,62.36
8/24/2022 16:45,62.37
8/24/2022 17:00,62.37
8/24/2022 17:15,62.27
8/24/2022 17:30,62.18
8/24/2022 17:45,62.17
8/24/2022 18:00,62.13
8/24/2022 18:15,62.09
8/24/2022 18:30,62.09
8/24/2022 18:45,62.08
8/24/2022 19:00,62.08
8/24/2022 19:15,62.08
8/24/2022 19:30,62.11
8/24/2022 19:45,62.11
8/24/2022 20:00,62.11
8/24/2022 20:15,62.11
8/24/2022 20:30,62.16
8/24/2022 20:45,62.16
8/24/2022 21:00,62.16
8/24/2022 21:15,62.29
8/24/2022 21:30,62.29
8/24/2022 21:45,62.25
8/24/2022 22:00,62.32
8/24/2022 22:15,62.32
8/24/2022 22:30,62.32
8/24/2022 22:45,62.35
8/24/2022 23:00,62.35
8/24/2022 23:15,62.36
8/24/2022 23:30,62.36
8/24/2022 23:45,62.37
8/25/2022 0:00,62.36
8/25/2022 0:15,62.38
8/25/2022 0:30,62.36
8/25/2022 0:45,62.35
8/25/2022 1:00,62.35
8/25/2022 1:15,62.32
8/25/2022 1:30,62.28
8/25/2022 1:45,62.26
8/25/2022 2:00,62.28
8/25/2022 2:15,62.28
8/25/2022 2:30,62.28
8/25/2022 2:45,62.31
8/25/2022 3:00,62.29
8/25/2022 3:15,62.34
8/25/2022 3:30,62.39
8/25/2022 3:45,62.36
8/25/2022 4:00,62.39
8/25/2022 4:15,62.36
8/25/2022 4:30,62.35
8/25/2022 4:45,62.32
8/25/2022 5:00,62.35
8/25/2022 5:15,62.32
8/25/2022 5:30,62.32
8/25/2022 5:45,62.35
8/25/2022 6:00,62.35
8/25/2022 6:15,62.35
8/25/2022 6:30,62.35
8/25/2022 6:45,62.35
8/25/2022 7:00,62.32
8/25/2022 7:15,62.28
8/25/2022 7:30,62.26
8/25/2022 7:45,62.23
8/25/2022 8:00,62.22
8/25/2022 8:15,62.22
8/25/2022 8:30,62.22
8/25/2022 8:45,62.22
8/25/2022 9:00,62.17
8/25/2022 9:15,62.17
8/25/2022 9:30,62.13
8/25/2022 9:45,62.13
8/25/2022 10:00,62.08
8/25/2022 10:15,62.08
8/25/2022 10:30,62.03
8/25/2022 10:45,61.99
8/25/2022 11:00,61.96
8/25/2022 11:15,61.92
8/25/2022 11:30,61.88
8/25/2022 11:45,61.88
8/25/2022 12:00,61.84
8/25/2022 12:15,61.8
8/25/2022 12:30,61.8
8/25/2022 12:45,61.79
8/25/2022 13:00,61.73
8/25/2022 13:15,61.65
8/25/2022 13:30,61.63
8/25/2022 13:45,61.63
8/25/2022 14:00,61.63
8/25/2022 14:15,61.63
8/25/2022 14:30,61.63
8/25/2022 14:45,61.63
8/25/2022 15:00,61.63
8/25/2022 15:15,61.63
8/25/2022 15:30,61.63
8/25/2022 15:45,61.63
8/25/2022 16:00,61.63
8/25/2022 16:15,61.63
8/25/2022 16:30,61.64
8/25/2022 16:45,61.64
8/25/2022 17:00,61.65
8/25/2022 17:15,61.65
8/25/2022 17:30,61.65
8/25/2022 17:45,61.66
8/25/2022 18:00,61.66
8/25/2022 18:15,61.67
8/25/2022 18:30,61.67
8/25/2022 18:45,61.67
8/25/2022 19:00,61.68
8/25/2022 19:15,61.68
8/25/2022 19:30,61.69
8/25/2022 19:45,61.69
8/25/2022 20:00,61.69
8/25/2022 20:15,61.7
8/25/2022 20:30,61.7
8/25/2022 20:45,61.71
8/25/2022 21:00,61.71
8/25/2022 21:15,61.71
8/25/2022 21:30,61.72
8/25/2022 21:45,61.72
8/25/2022 22:00,61.73
8/25/2022 22:15,61.73
8/25/2022 22:30,61.73
8/25/2022 22:45,61.74
8/25/2022 23:00,61.74
8/25/2022 23:15,61.75
8/25/2022 23:30,61.75
8/25/2022 23:45,61.76
8/26/2022 0:00,61.76
8/26/2022 0:15,61.76
8/26/2022 0:30,61.77
8/26/2022 0:45,61.77
8/26/2022 1:00,61.78
8/26/2022 1:15,61.78
8/26/2022 1:30,61.78
8/26/2022 1:45,61.79
8/26/2022 2:00,61.79
8/26/2022 2:15,61.8
8/26/2022 2:30,61.8
8/26/2022 2:45,61.8
8/26/2022 3:00,61.81
8/26/2022 3:15,61.81
8/26/2022 3:30,61.82
8/26/2022 3:45,61.82
8/26/2022 4:00,61.82
8/26/2022 4:15,61.83
8/26/2022 4:30,61.83
8/26/2022 4:45,61.84
8/26/2022 5:00,61.84
8/26/2022 5:15,61.84
8/26/2022 5:30,61.85
8/26/2022 5:45,61.85
8/26/2022 6:00,61.86
8/26/2022 6:15,61.86
8/26/2022 6:30,61.86
8/26/2022 6:45,61.87
8/26/2022 7:00,61.87
8/26/2022 7:15,61.88
8/26/2022 7:30,61.88
8/26/2022 7:45,61.88
8/26/2022 8:00,61.89
8/26/2022 8:15,61.89
8/26/2022 8:30,61.9
8/26/2022 8:45,61.9
8/26/2022 9:00,61.9
8/26/2022 9:15,61.91
8/26/2022 9:30,61.91
8/26/2022 9:45,61.92
8/26/2022 10:00,61.92
8/26/2022 10:15,61.92
8/26/2022 10:30,61.92
8/26/2022 10:45,61.92
8/26/2022 11:00,61.92
8/26/2022 11:15,61.92
8/26/2022 11:30,61.92
8/26/2022 11:45,61.92
8/26/2022 12:00,61.92
8/26/2022 12:15,61.92
8/26/2022 12:30,61.92
8/26/2022 12:45,61.93
8/26/2022 13:00,61.93
8/26/2022 13:15,61.94
8/26/2022 13:30,61.94
8/26/2022 13:45,61.94
8/26/2022 14:00,61.93
8/26/2022 14:15,61.9
8/26/2022 14:30,61.88
8/26/2022 14:45,61.88
8/26/2022 15:00,61.84
8/26/2022 15:15,61.76
8/26/2022 15:30,61.69
8/26/2022 15:45,61.69
8/26/2022 16:00,61.73
8/26/2022 16:15,61.83
8/26/2022 16:30,61.9
8/26/2022 16:45,61.9
8/26/2022 17:00,61.94
8/26/2022 17:15,61.94
8/26/2022 17:30,62.03
8/26/2022 17:45,62.03
8/26/2022 18:00,62.03
8/26/2022 18:15,62.03
8/26/2022 18:30,62.03
8/26/2022 18:45,62.03
8/26/2022 19:00,62.11
8/26/2022 19:15,62.24
8/26/2022 19:30,62.48
8/26/2022 19:45,62.74
8/26/2022 20:00,62.91
8/26/2022 20:15,63.03
8/26/2022 20:30,63.17
8/26/2022 20:45,63.22
8/26/2022 21:00,63.28
8/26/2022 21:15,63.43
8/26/2022 21:30,63.54
8/26/2022 21:45,63.6
8/26/2022 22:00,63.63
8/26/2022 22:15,63.66
8/26/2022 22:30,63.83
8/26/2022 22:45,63.9
8/26/2022 23:00,63.9
8/26/2022 23:15,63.98
8/26/2022 23:30,64
8/26/2022 23:45,64.02
8/27/2022 0:00,64.06
8/27/2022 0:15,64.11
8/27/2022 0:30,64.16
8/27/2022 0:45,64.18
8/27/2022 1:00,64.18
8/27/2022 1:15,64.21
8/27/2022 1:30,64.21
8/27/2022 1:45,64.21
8/27/2022 2:00,64.28
8/27/2022 2:15,64.31
8/27/2022 2:30,64.33
8/27/2022 2:45,64.39
8/27/2022 3:00,64.33
8/27/2022 3:15,64.33
8/27/2022 3:30,65.2
8/27/2022 3:45,64.41
8/27/2022 4:00,64.41
8/27/2022 4:15,65.05
8/27/2022 4:30,64.5
8/27/2022 4:45,64.5
8/27/2022 5:00,65.55
8/27/2022 5:15,64.58
8/27/2022 5:30,65.91
8/27/2022 5:45,64.58
8/27/2022 6:00,64.58
8/27/2022 6:15,64.54
8/27/2022 6:30,64.58
8/27/2022 6:45,64.58
8/27/2022 7:00,66.02
8/27/2022 7:15,64.55
8/27/2022 7:30,64.55
8/27/2022 7:45,64.53
8/27/2022 8:00,64.53
8/27/2022 8:15,64.53
8/27/2022 8:30,64.55
8/27/2022 8:45,64.53
8/27/2022 9:00,64.53
8/27/2022 9:15,64.51
8/27/2022 9:30,64.32
8/27/2022 9:45,64.13
8/27/2022 10:00,64.1
8/27/2022 10:15,64
8/27/2022 10:30,63.9
8/27/2022 10:45,65.14
8/27/2022 11:00,63.84
8/27/2022 11:15,63.84
8/27/2022 11:30,63.64
8/27/2022 11:45,63.47
8/27/2022 12:00,63.47
8/27/2022 12:15,63.47
8/27/2022 12:30,63.45
8/27/2022 12:45,63.44
8/27/2022 13:00,63.44
8/27/2022 13:15,63.44
8/27/2022 13:30,63.37
8/27/2022 13:45,63.33
8/27/2022 14:00,63.25
8/27/2022 14:15,63.25
8/27/2022 14:30,63.23
8/27/2022 14:45,63.11
8/27/2022 15:00,62.94
8/27/2022 15:15,63.09
8/27/2022 15:30,62.94
8/27/2022 15:45,62.94
8/27/2022 16:00,62.94
8/27/2022 16:15,62.94
8/27/2022 16:30,63.07
8/27/2022 16:45,63.12
8/27/2022 17:00,63.12
8/27/2022 17:15,63.12
8/27/2022 17:30,63.21
8/27/2022 17:45,63.21
8/27/2022 18:00,63.33
8/27/2022 18:15,63.33
8/27/2022 18:30,63.4
8/27/2022 18:45,63.46
8/27/2022 19:00,63.49
8/27/2022 19:15,63.52
8/27/2022 19:30,63.59
8/27/2022 19:45,63.61
8/27/2022 20:00,63.68
8/27/2022 20:15,63.76
8/27/2022 20:30,63.79
8/27/2022 20:45,63.84
8/27/2022 21:00,63.91
8/27/2022 21:15,63.94
8/27/2022 21:30,63.95
8/27/2022 21:45,63.97
8/27/2022 22:00,64.06
8/27/2022 22:15,64.06
8/27/2022 22:30,64.28
8/27/2022 22:45,64.28
8/27/2022 23:00,65.09
8/27/2022 23:15,64.43
8/27/2022 23:30,64.44
8/27/2022 23:45,64.46
8/28/2022 0:00,64.51
8/28/2022 0:15,64.51
8/28/2022 0:30,64.51
8/28/2022 0:45,64.51
8/28/2022 1:00,64.51
8/28/2022 1:15,64.51
8/28/2022 1:30,64.6
8/28/2022 1:45,65.01
8/28/2022 2:00,65.28
8/28/2022 2:15,64.57
8/28/2022 2:30,65.1
8/28/2022 2:45,64.57
8/28/2022 3:00,64.67
8/28/2022 3:15,64.75
8/28/2022 3:30,64.75
8/28/2022 3:45,64.8
8/28/2022 4:00,64.82
8/28/2022 4:15,64.84
8/28/2022 4:30,64.82
8/28/2022 4:45,65.43
8/28/2022 5:00,64.82
8/28/2022 5:15,65.06
8/28/2022 5:30,64.77
8/28/2022 5:45,65.04
8/28/2022 6:00,65.03
8/28/2022 6:15,65.04
8/28/2022 6:30,65.51
8/28/2022 6:45,64.6
8/28/2022 7:00,65.48
8/28/2022 7:15,64.6
8/28/2022 7:30,64.56
8/28/2022 7:45,64.56
8/28/2022 8:00,64.53
8/28/2022 8:15,64.46
8/28/2022 8:30,64.4
8/28/2022 8:45,64.34
8/28/2022 9:00,64.29
8/28/2022 9:15,64.19
8/28/2022 9:30,64.08
8/28/2022 9:45,63.97
8/28/2022 10:00,63.81
8/28/2022 10:15,63.74
8/28/2022 10:30,63.63
8/28/2022 10:45,63.43
8/28/2022 11:00,63.3
8/28/2022 11:15,63.22
8/28/2022 11:30,63.15
8/28/2022 11:45,63.08
8/28/2022 12:00,63
8/28/2022 12:15,62.98
8/28/2022 12:30,62.91
8/28/2022 12:45,62.84
8/28/2022 13:00,62.7
8/28/2022 13:15,62.56
8/28/2022 13:30,62.48
8/28/2022 13:45,62.39
8/28/2022 14:00,62.35
8/28/2022 14:15,62.34
8/28/2022 14:30,62.3
8/28/2022 14:45,62.3
8/28/2022 15:00,62.3
8/28/2022 15:15,62.3
8/28/2022 15:30,62.3
8/28/2022 15:45,62.3
8/28/2022 16:00,62.3
8/28/2022 16:15,62.34
8/28/2022 16:30,62.37
8/28/2022 16:45,62.41
8/28/2022 17:00,62.41
8/28/2022 17:15,62.48
8/28/2022 17:30,62.48
8/28/2022 17:45,62.55
8/28/2022 18:00,62.57
8/28/2022 18:15,62.67
8/28/2022 18:30,62.75
8/28/2022 18:45,62.82
8/28/2022 19:00,62.89
8/28/2022 19:15,62.89
8/28/2022 19:30,62.89
8/28/2022 19:45,62.94
8/28/2022 20:00,62.94
8/28/2022 20:15,62.97
8/28/2022 20:30,62.99
8/28/2022 20:45,63.02
8/28/2022 21:00,63.02
8/28/2022 21:15,63.02
8/28/2022 21:30,63.04
8/28/2022 21:45,63.05
8/28/2022 22:00,63.06
8/28/2022 22:15,63.11
8/28/2022 22:30,63.21
8/28/2022 22:45,63.3
8/28/2022 23:00,63.33
8/28/2022 23:15,63.33
8/28/2022 23:30,63.4
8/28/2022 23:45,63.46
8/29/2022 0:00,63.53
8/29/2022 0:15,63.61
8/29/2022 0:30,63.61
8/29/2022 0:45,63.61
8/29/2022 1:00,63.69
8/29/2022 1:15,63.78
8/29/2022 1:30,63.87
8/29/2022 1:45,64.01
8/29/2022 2:00,64.17
8/29/2022 2:15,64.17
8/29/2022 2:30,65.21
8/29/2022 2:45,64.31
8/29/2022 3:00,64.32
8/29/2022 3:15,64.41
8/29/2022 3:30,64.41
8/29/2022 3:45,65.24
8/29/2022 4:00,64.44
8/29/2022 4:15,65.15
8/29/2022 4:30,64.66
8/29/2022 4:45,65.05
8/29/2022 5:00,64.66
8/29/2022 5:15,64.52
8/29/2022 5:30,65.86
8/29/2022 5:45,64.52
8/29/2022 6:00,64.54
8/29/2022 6:15,65.17
8/29/2022 6:30,64.43
8/29/2022 6:45,65.41
8/29/2022 7:00,64.3
8/29/2022 7:15,64.3
8/29/2022 7:30,64.21
8/29/2022 7:45,64.12
8/29/2022 8:00,64.06
8/29/2022 8:15,64.06
8/29/2022 8:30,64.01
8/29/2022 8:45,63.99
8/29/2022 9:00,63.97
8/29/2022 9:15,63.79
8/29/2022 9:30,63.61
8/29/2022 9:45,63.52
8/29/2022 10:00,63.41
8/29/2022 10:15,63.38
8/29/2022 10:30,63.34
8/29/2022 10:45,63.32
8/29/2022 11:00,63.3
8/29/2022 11:15,63.18
8/29/2022 11:30,63.02
8/29/2022 11:45,62.97
8/29/2022 12:00,62.88
8/29/2022 12:15,62.7
8/29/2022 12:30,62.47
8/29/2022 12:45,62.36
8/29/2022 13:00,62.31
8/29/2022 13:15,62.31
8/29/2022 13:30,62.26
8/29/2022 13:45,62.19
8/29/2022 14:00,62.19
8/29/2022 14:15,62.19
8/29/2022 14:30,62.19
8/29/2022 14:45,62.19
8/29/2022 15:00,62.26
8/29/2022 15:15,62.25
8/29/2022 15:30,62.25
8/29/2022 15:45,62.19
8/29/2022 16:00,62.11
8/29/2022 16:15,62.11
8/29/2022 16:30,62.1
8/29/2022 16:45,62.11
8/29/2022 17:00,62.17
8/29/2022 17:15,62.24
8/29/2022 17:30,62.24
8/29/2022 17:45,62.24
8/29/2022 18:00,62.24
8/29/2022 18:15,62.24
8/29/2022 18:30,62.32
8/29/2022 18:45,62.43
8/29/2022 19:00,62.47
8/29/2022 19:15,62.47
8/29/2022 19:30,62.49
8/29/2022 19:45,62.49
8/29/2022 20:00,62.49
8/29/2022 20:15,62.51
8/29/2022 20:30,62.52
8/29/2022 20:45,62.53
8/29/2022 21:00,62.53
8/29/2022 21:15,62.55
8/29/2022 21:30,62.68
8/29/2022 21:45,62.68
8/29/2022 22:00,62.86
8/29/2022 22:15,63.02
8/29/2022 22:30,63.13
8/29/2022 22:45,63.16
8/29/2022 23:00,63.18
8/29/2022 23:15,63.28
8/29/2022 23:30,63.28
8/29/2022 23:45,63.39
8/30/2022 0:00,63.44
8/30/2022 0:15,63.47
8/30/2022 0:30,63.47
8/30/2022 0:45,63.47
8/30/2022 1:00,63.51
8/30/2022 1:15,63.51
8/30/2022 1:30,63.56
8/30/2022 1:45,63.61
8/30/2022 2:00,63.61
8/30/2022 2:15,63.66
8/30/2022 2:30,63.72
8/30/2022 2:45,63.82
8/30/2022 3:00,63.82
8/30/2022 3:15,63.91
8/30/2022 3:30,63.91
8/30/2022 3:45,63.98
8/30/2022 4:00,63.98
8/30/2022 4:15,63.98
8/30/2022 4:30,64.05
8/30/2022 4:45,64.05
8/30/2022 5:00,64.08
8/30/2022 5:15,64.08
8/30/2022 5:30,64.11
8/30/2022 5:45,64.11
8/30/2022 6:00,64.08
8/30/2022 6:15,64.11
8/30/2022 6:30,64.11
8/30/2022 6:45,64.14
8/30/2022 7:00,64.14
8/30/2022 7:15,64.11
8/30/2022 7:30,64.11
8/30/2022 7:45,64.11
8/30/2022 8:00,64.08
8/30/2022 8:15,64.01
8/30/2022 8:30,64.01
8/30/2022 8:45,63.96
8/30/2022 9:00,63.9
8/30/2022 9:15,63.83
8/30/2022 9:30,63.8
8/30/2022 9:45,63.7
8/30/2022 10:00,63.51
8/30/2022 10:15,63.34
8/30/2022 10:30,63.26
8/30/2022 10:45,63.22
8/30/2022 11:00,63.13
8/30/2022 11:15,62.94
8/30/2022 11:30,62.77
8/30/2022 11:45,62.71
8/30/2022 12:00,62.67
8/30/2022 12:15,62.59
8/30/2022 12:30,62.47
8/30/2022 12:45,62.41
8/30/2022 13:00,62.38
8/30/2022 13:15,62.17
8/30/2022 13:30,62.09
8/30/2022 13:45,61.88
8/30/2022 14:00,61.76
8/30/2022 14:15,61.76
8/30/2022 14:30,61.76
8/30/2022 14:45,61.76
8/30/2022 15:00,61.76
8/30/2022 15:15,61.74
8/30/2022 15:30,61.77
8/30/2022 15:45,61.77
8/30/2022 16:00,61.82
8/30/2022 16:15,61.82
8/30/2022 16:30,61.82
8/30/2022 16:45,61.85
8/30/2022 17:00,61.88
8/30/2022 17:15,61.93
8/30/2022 17:30,61.99
8/30/2022 17:45,62.05
8/30/2022 18:00,62.09
8/30/2022 18:15,62.16
8/30/2022 18:30,62.16
8/30/2022 18:45,62.23
8/30/2022 19:00,62.27
8/30/2022 19:15,62.28
8/30/2022 19:30,62.3
8/30/2022 19:45,62.38
8/30/2022 20:00,62.44
8/30/2022 20:15,62.44
8/30/2022 20:30,62.45
8/30/2022 20:45,62.5
8/30/2022 21:00,62.55
8/30/2022 21:15,62.57
8/30/2022 21:30,62.59
8/30/2022 21:45,62.72
8/30/2022 22:00,62.84
8/30/2022 22:15,62.84
8/30/2022 22:30,62.9
8/30/2022 22:45,62.96
8/30/2022 23:00,62.99
8/30/2022 23:15,62.99
8/30/2022 23:30,62.99
8/30/2022 23:45,63.02
8/31/2022 0:00,63.02
8/31/2022 0:15,63.07
8/31/2022 0:30,63.13
8/31/2022 0:45,63.14
8/31/2022 1:00,63.14
8/31/2022 1:15,63.14
8/31/2022 1:30,63.18
8/31/2022 1:45,63.21
8/31/2022 2:00,63.18
8/31/2022 2:15,63.21
8/31/2022 2:30,63.21
8/31/2022 2:45,63.21
8/31/2022 3:00,63.25
8/31/2022 3:15,63.3
8/31/2022 3:30,63.3
8/31/2022 3:45,63.3
8/31/2022 4:00,63.32
8/31/2022 4:15,63.3
8/31/2022 4:30,63.32
8/31/2022 4:45,63.34
8/31/2022 5:00,63.41
8/31/2022 5:15,63.41
8/31/2022 5:30,63.47
8/31/2022 5:45,63.49
8/31/2022 6:00,63.54
8/31/2022 6:15,63.54
8/31/2022 6:30,63.54
8/31/2022 6:45,63.53
8/31/2022 7:00,63.58
8/31/2022 7:15,63.58
8/31/2022 7:30,63.58
8/31/2022 7:45,63.59
8/31/2022 8:00,63.59
8/31/2022 8:15,63.58
8/31/2022 8:30,63.58
8/31/2022 8:45,63.58
8/31/2022 9:00,63.56
8/31/2022 9:15,63.58
8/31/2022 9:30,63.58
8/31/2022 9:45,63.56
8/31/2022 10:00,63.47
8/31/2022 10:15,63.36
8/31/2022 10:30,63.28
8/31/2022 10:45,63.2
8/31/2022 11:00,63.02
8/31/2022 11:15,62.84
8/31/2022 11:30,62.71
8/31/2022 11:45,62.51
8/31/2022 12:00,62.51
8/31/2022 12:15,62.38
8/31/2022 12:30,62.38
8/31/2022 12:45,62.31
8/31/2022 13:00,62.23
8/31/2022 13:15,62.16
8/31/2022 13:30,62.16
8/31/2022 13:45,62.16
8/31/2022 14:00,62.12
8/31/2022 14:15,62.07
8/31/2022 14:30,62.03
8/31/2022 14:45,62.03
8/31/2022 15:00,62.07
8/31/2022 15:15,62.15
8/31/2022 15:30,62.15
8/31/2022 15:45,62.17
8/31/2022 16:00,62.14
8/31/2022 16:15,62.2
8/31/2022 16:30,62.24
8/31/2022 16:45,62.26
8/31/2022 17:00,62.24
8/31/2022 17:15,62.26
8/31/2022 17:30,62.26
8/31/2022 17:45,62.27
8/31/2022 18:00,62.29
8/31/2022 18:15,62.31
8/31/2022 18:30,62.33
8/31/2022 18:45,62.37
8/31/2022 19:00,62.42
8/31/2022 19:15,62.45
8/31/2022 19:30,62.48
8/31/2022 19:45,62.51
8/31/2022 20:00,62.56
8/31/2022 20:15,63.1
8/31/2022 20:30,66.51
8/31/2022 20:45,68.91
8/31/2022 21:00,66.67
8/31/2022 21:15,67.85
8/31/2022 21:30,72.25
8/31/2022 21:45,76.43
8/31/2022 22:00,80.2
8/31/2022 22:15,80.76
8/31/2022 22:30,79.39
8/31/2022 22:45,76.84
8/31/2022 23:00,75.49
8/31/2022 23:15,74.86
8/31/2022 23:30,74.02
8/31/2022 23:45,73.86
9/1/2022 0:00,72.84
9/1/2022 0:15,71.24
9/1/2022 0:30,71.51
9/1/2022 0:45,69.01
9/1/2022 1:00,69.57
9/1/2022 1:15,70
9/1/2022 1:30,70.09
9/1/2022 1:45,69.06
9/1/2022 2:00,69.7
9/1/2022 2:15,69.21
9/1/2022 2:30,68.57
9/1/2022 2:45,68.91
9/1/2022 3:00,68.7
9/1/2022 3:15,68.74
9/1/2022 3:30,69.57
9/1/2022 3:45,69.09
9/1/2022 4:00,67.47
9/1/2022 4:15,66.78
9/1/2022 4:30,68.44
9/1/2022 4:45,68.44
9/1/2022 5:00,67.58
9/1/2022 5:15,68.17
9/1/2022 5:30,67.07
9/1/2022 5:45,66.97
9/1/2022 6:00,65.95
9/1/2022 6:15,67.36
9/1/2022 6:30,66.25
9/1/2022 6:45,67.48
9/1/2022 7:00,66.99
9/1/2022 7:15,67.71
9/1/2022 7:30,66.46
9/1/2022 7:45,65.47
9/1/2022 8:00,64.97
9/1/2022 8:15,64.11
9/1/2022 8:30,63.5
9/1/2022 8:45,63.18
9/1/2022 9:00,63.15
9/1/2022 9:15,63.15
9/1/2022 9:30,63.15
9/1/2022 9:45,63.15
9/1/2022 10:00,63.15
9/1/2022 10:15,63.15
9/1/2022 10:30,63.15
9/1/2022 10:45,63.1
9/1/2022 11:00,63.1
9/1/2022 11:15,63.1
9/1/2022 11:30,63.15
9/1/2022 11:45,63.15
9/1/2022 12:00,63.37
9/1/2022 12:15,63.55
9/1/2022 12:30,63.64
9/1/2022 12:45,63.79
9/1/2022 13:00,63.79
9/1/2022 13:15,63.79
9/1/2022 13:30,63.79
9/1/2022 13:45,63.79
9/1/2022 14:00,63.79
9/1/2022 14:15,63.71
9/1/2022 14:30,63.67
9/1/2022 14:45,63.62
9/1/2022 15:00,63.62
9/1/2022 15:15,63.62
9/1/2022 15:30,63.58
9/1/2022 15:45,63.58
9/1/2022 16:00,63.53
9/1/2022 16:15,63.51
9/1/2022 16:30,63.51
9/1/2022 16:45,63.51
9/1/2022 17:00,63.51
9/1/2022 17:15,63.48
9/1/2022 17:30,63.4
9/1/2022 17:45,63.28
9/1/2022 18:00,63.28
9/1/2022 18:15,63.28
9/1/2022 18:30,63.28
9/1/2022 18:45,63.31
9/1/2022 19:00,63.42
9/1/2022 19:15,63.42
9/1/2022 19:30,63.48
9/1/2022 19:45,63.51
9/1/2022 20:00,63.56
9/1/2022 20:15,63.51
9/1/2022 20:30,63.56
9/1/2022 20:45,63.61
9/1/2022 21:00,63.66
9/1/2022 21:15,63.72
9/1/2022 21:30,63.76
9/1/2022 21:45,63.78
9/1/2022 22:00,63.78
9/1/2022 22:15,63.79
9/1/2022 22:30,63.81
9/1/2022 22:45,63.83
9/1/2022 23:00,63.85
9/1/2022 23:15,63.87
9/1/2022 23:30,63.85
9/1/2022 23:45,63.87
9/2/2022 0:00,63.87
9/2/2022 0:15,63.87
9/2/2022 0:30,63.95
9/2/2022 0:45,63.95
9/2/2022 1:00,64.04
9/2/2022 1:15,64.04
9/2/2022 1:30,64.04
9/2/2022 1:45,64.11
9/2/2022 2:00,64.09
9/2/2022 2:15,64.2
9/2/2022 2:30,64.09
9/2/2022 2:45,64.2
9/2/2022 3:00,64.25
9/2/2022 3:15,64.31
9/2/2022 3:30,64.31
9/2/2022 3:45,64.4
9/2/2022 4:00,64.4
9/2/2022 4:15,64.31
9/2/2022 4:30,64.4
9/2/2022 4:45,64.43
9/2/2022 5:00,64.43
9/2/2022 5:15,64.43
9/2/2022 5:30,65.15
9/2/2022 5:45,64.43
9/2/2022 6:00,64.32
9/2/2022 6:15,64.43
9/2/2022 6:30,64.43
9/2/2022 6:45,65.29
9/2/2022 7:00,64.32
9/2/2022 7:15,64.14
9/2/2022 7:30,64.14
9/2/2022 7:45,64.05
9/2/2022 8:00,65.01
9/2/2022 8:15,63.92
9/2/2022 8:30,63.84
9/2/2022 8:45,63.77
9/2/2022 9:00,63.73
9/2/2022 9:15,63.61
9/2/2022 9:30,63.42
9/2/2022 9:45,63.27
9/2/2022 10:00,63.21
9/2/2022 10:15,63.16
9/2/2022 10:30,63.11
9/2/2022 10:45,62.93
9/2/2022 11:00,62.75
9/2/2022 11:15,62.68
9/2/2022 11:30,62.61
9/2/2022 11:45,62.51
9/2/2022 12:00,62.51
9/2/2022 12:15,62.38
9/2/2022 12:30,62.29
9/2/2022 12:45,62.29
9/2/2022 13:00,62.29
9/2/2022 13:15,62.29
9/2/2022 13:30,62.29
9/2/2022 13:45,62.35
9/2/2022 14:00,62.35
9/2/2022 14:15,62.35
9/2/2022 14:30,62.35
9/2/2022 14:45,62.28
9/2/2022 15:00,62.28
9/2/2022 15:15,62.29
9/2/2022 15:30,62.29
9/2/2022 15:45,62.35
9/2/2022 16:00,62.4
9/2/2022 16:15,62.46
9/2/2022 16:30,62.46
9/2/2022 16:45,62.5
9/2/2022 17:00,62.5
9/2/2022 17:15,62.54
9/2/2022 17:30,62.54
9/2/2022 17:45,62.54
9/2/2022 18:00,62.54
9/2/2022 18:15,62.54
9/2/2022 18:30,62.54
9/2/2022 18:45,62.56
9/2/2022 19:00,62.56
9/2/2022 19:15,62.56
9/2/2022 19:30,62.56
9/2/2022 19:45,62.6
9/2/2022 20:00,62.61
9/2/2022 20:15,62.64
9/2/2022 20:30,62.66
9/2/2022 20:45,62.68
9/2/2022 21:00,62.7
9/2/2022 21:15,62.92
9/2/2022 21:30,63.2
9/2/2022 21:45,63.27
9/2/2022 22:00,63.27
9/2/2022 22:15,63.28
9/2/2022 22:30,63.3
9/2/2022 22:45,63.39
9/2/2022 23:00,63.48
9/2/2022 23:15,63.48
9/2/2022 23:30,63.48
9/2/2022 23:45,63.49
9/3/2022 0:00,63.49
9/3/2022 0:15,63.49
9/3/2022 0:30,63.49
9/3/2022 0:45,63.53
9/3/2022 1:00,63.59
9/3/2022 1:15,63.59
9/3/2022 1:30,63.62
9/3/2022 1:45,63.62
9/3/2022 2:00,63.62
9/3/2022 2:15,63.6
9/3/2022 2:30,63.6
9/3/2022 2:45,63.61
9/3/2022 3:00,63.63
9/3/2022 3:15,63.59
9/3/2022 3:30,63.59
9/3/2022 3:45,63.63
9/3/2022 4:00,63.59
9/3/2022 4:15,63.63
9/3/2022 4:30,63.66
9/3/2022 4:45,63.67
9/3/2022 5:00,63.67
9/3/2022 5:15,63.71
9/3/2022 5:30,63.77
9/3/2022 5:45,63.77
9/3/2022 6:00,63.77
9/3/2022 6:15,63.77
9/3/2022 6:30,63.85
9/3/2022 6:45,63.85
9/3/2022 7:00,63.92
9/3/2022 7:15,63.93
9/3/2022 7:30,63.94
9/3/2022 7:45,63.94
9/3/2022 8:00,63.86
9/3/2022 8:15,63.86
9/3/2022 8:30,63.86
9/3/2022 8:45,63.85
9/3/2022 9:00,63.85
9/3/2022 9:15,63.81
9/3/2022 9:30,63.67
9/3/2022 9:45,63.59
9/3/2022 10:00,63.4
9/3/2022 10:15,63.18
9/3/2022 10:30,63.09
9/3/2022 10:45,63.06
9/3/2022 11:00,62.99
9/3/2022 11:15,62.72
9/3/2022 11:30,62.72
9/3/2022 11:45,62.7
9/3/2022 12:00,62.53
9/3/2022 12:15,62.53
9/3/2022 12:30,62.45
9/3/2022 12:45,62.45
9/3/2022 13:00,62.45
9/3/2022 13:15,62.45
9/3/2022 13:30,62.45
9/3/2022 13:45,62.45
9/3/2022 14:00,62.45
9/3/2022 14:15,62.51
9/3/2022 14:30,62.51
9/3/2022 14:45,62.51
9/3/2022 15:00,62.54
9/3/2022 15:15,62.63
9/3/2022 15:30,62.72
9/3/2022 15:45,62.78
9/3/2022 16:00,62.84
9/3/2022 16:15,62.84
9/3/2022 16:30,62.84
9/3/2022 16:45,62.83
9/3/2022 17:00,62.83
9/3/2022 17:15,62.78
9/3/2022 17:30,62.83
9/3/2022 17:45,62.83
9/3/2022 18:00,62.88
9/3/2022 18:15,62.83
9/3/2022 18:30,62.83
9/3/2022 18:45,62.88
9/3/2022 19:00,62.88
9/3/2022 19:15,62.88
9/3/2022 19:30,62.96
9/3/2022 19:45,63.02
9/3/2022 20:00,63.04
9/3/2022 20:15,63.02
9/3/2022 20:30,63.04
9/3/2022 20:45,63.02
9/3/2022 21:00,63.02
9/3/2022 21:15,63.06
9/3/2022 21:30,63.1
9/3/2022 21:45,63.29
9/3/2022 22:00,63.5
9/3/2022 22:15,63.5
9/3/2022 22:30,63.55
9/3/2022 22:45,63.5
9/3/2022 23:00,63.43
9/3/2022 23:15,63.43
9/3/2022 23:30,63.5
9/3/2022 23:45,63.55
9/4/2022 0:00,63.55
9/4/2022 0:15,63.56
9/4/2022 0:30,63.58
9/4/2022 0:45,63.6
9/4/2022 1:00,63.6
9/4/2022 1:15,63.65
9/4/2022 1:30,63.65
9/4/2022 1:45,63.67
9/4/2022 2:00,63.67
9/4/2022 2:15,63.67
9/4/2022 2:30,63.72
9/4/2022 2:45,63.77
9/4/2022 3:00,63.77
9/4/2022 3:15,63.86
9/4/2022 3:30,64.07
9/4/2022 3:45,64.07
9/4/2022 4:00,64.07
9/4/2022 4:15,64.07
9/4/2022 4:30,64.19
9/4/2022 4:45,64.19
9/4/2022 5:00,64.19
9/4/2022 5:15,64.19
9/4/2022 5:30,64.07
9/4/2022 5:45,64.07
9/4/2022 6:00,64.23
9/4/2022 6:15,64.07
9/4/2022 6:30,63.94
9/4/2022 6:45,63.94
9/4/2022 7:00,63.93
9/4/2022 7:15,63.92
9/4/2022 7:30,63.92
9/4/2022 7:45,63.85
9/4/2022 8:00,63.85
9/4/2022 8:15,63.68
9/4/2022 8:30,63.57
9/4/2022 8:45,63.54
9/4/2022 9:00,63.46
9/4/2022 9:15,63.4
9/4/2022 9:30,63.36
9/4/2022 9:45,63.35
9/4/2022 10:00,63.23
9/4/2022 10:15,63.06
9/4/2022 10:30,63
9/4/2022 10:45,62.98
9/4/2022 11:00,62.9
9/4/2022 11:15,62.8
9/4/2022 11:30,62.72
9/4/2022 11:45,62.52
9/4/2022 12:00,62.36
9/4/2022 12:15,62.36
9/4/2022 12:30,62.35
9/4/2022 12:45,62.34
9/4/2022 13:00,62.34
9/4/2022 13:15,62.34
9/4/2022 13:30,62.34
9/4/2022 13:45,62.34
9/4/2022 14:00,62.3
9/4/2022 14:15,62.27
9/4/2022 14:30,62.25
9/4/2022 14:45,62.22
9/4/2022 15:00,62.18
9/4/2022 15:15,62.17
9/4/2022 15:30,62.02
9/4/2022 15:45,62.17
9/4/2022 16:00,62.17
9/4/2022 16:15,62.08
9/4/2022 16:30,62.08
9/4/2022 16:45,62.08
9/4/2022 17:00,62.18
9/4/2022 17:15,62.18
9/4/2022 17:30,62.18
9/4/2022 17:45,62.32
9/4/2022 18:00,62.32
9/4/2022 18:15,62.32
9/4/2022 18:30,62.32
9/4/2022 18:45,62.51
9/4/2022 19:00,62.51
9/4/2022 19:15,62.57
9/4/2022 19:30,62.58
9/4/2022 19:45,62.62
9/4/2022 20:00,62.67
9/4/2022 20:15,62.68
9/4/2022 20:30,62.71
9/4/2022 20:45,62.68
9/4/2022 21:00,62.68
9/4/2022 21:15,62.71
9/4/2022 21:30,62.76
9/4/2022 21:45,62.76
9/4/2022 22:00,62.81
9/4/2022 22:15,62.85
9/4/2022 22:30,62.96
9/4/2022 22:45,62.96
9/4/2022 23:00,62.96
9/4/2022 23:15,63.08
9/4/2022 23:30,63.16
9/4/2022 23:45,63.23
9/5/2022 0:00,63.29
9/5/2022 0:15,63.4
9/5/2022 0:30,63.4
9/5/2022 0:45,63.43
9/5/2022 1:00,63.43
9/5/2022 1:15,63.43
9/5/2022 1:30,63.41
9/5/2022 1:45,63.41
9/5/2022 2:00,63.48
9/5/2022 2:15,63.48
9/5/2022 2:30,63.48
9/5/2022 2:45,63.49
9/5/2022 3:00,63.49
9/5/2022 3:15,63.49
9/5/2022 3:30,63.51
9/5/2022 3:45,63.51
9/5/2022 4:00,63.51
9/5/2022 4:15,63.58
9/5/2022 4:30,63.58
9/5/2022 4:45,63.7
9/5/2022 5:00,63.76
9/5/2022 5:15,63.76
9/5/2022 5:30,63.76
9/5/2022 5:45,63.76
9/5/2022 6:00,63.75
9/5/2022 6:15,63.75
9/5/2022 6:30,63.76
9/5/2022 6:45,63.76
9/5/2022 7:00,63.76
9/5/2022 7:15,63.75
9/5/2022 7:30,63.69
9/5/2022 7:45,63.58
9/5/2022 8:00,63.51
9/5/2022 8:15,63.5
9/5/2022 8:30,63.48
9/5/2022 8:45,63.47
9/5/2022 9:00,63.44
9/5/2022 9:15,63.32
9/5/2022 9:30,63.21
9/5/2022 9:45,63.19
9/5/2022 10:00,63.09
9/5/2022 10:15,62.8
9/5/2022 10:30,62.57
9/5/2022 10:45,62.46
9/5/2022 11:00,62.35
9/5/2022 11:15,62.3
9/5/2022 11:30,62.21
9/5/2022 11:45,62.13
9/5/2022 12:00,62.07
9/5/2022 12:15,61.89
9/5/2022 12:30,61.75
9/5/2022 12:45,61.74
9/5/2022 13:00,61.73
9/5/2022 13:15,61.64
9/5/2022 13:30,61.46
9/5/2022 13:45,61.43
9/5/2022 14:00,61.32
9/5/2022 14:15,61.28
9/5/2022 14:30,61.26
9/5/2022 14:45,61.26
9/5/2022 15:00,61.26
9/5/2022 15:15,61.25
9/5/2022 15:30,61.26
9/5/2022 15:45,61.28
9/5/2022 16:00,61.28
9/5/2022 16:15,61.28
9/5/2022 16:30,61.28
9/5/2022 16:45,61.4
9/5/2022 17:00,61.53
9/5/2022 17:15,61.53
9/5/2022 17:30,61.57
9/5/2022 17:45,61.63
9/5/2022 18:00,61.77
9/5/2022 18:15,61.9
9/5/2022 18:30,61.95
9/5/2022 18:45,62.02
9/5/2022 19:00,62.07
9/5/2022 19:15,62.09
9/5/2022 19:30,62.18
9/5/2022 19:45,62.25
9/5/2022 20:00,62.28
9/5/2022 20:15,62.28
9/5/2022 20:30,62.3
9/5/2022 20:45,62.32
9/5/2022 21:00,62.37
9/5/2022 21:15,62.42
9/5/2022 21:30,62.42
9/5/2022 21:45,62.44
9/5/2022 22:00,62.46
9/5/2022 22:15,62.46
9/5/2022 22:30,62.46
9/5/2022 22:45,62.46
9/5/2022 23:00,62.46
9/5/2022 23:15,62.46
9/5/2022 23:30,62.46
9/5/2022 23:45,62.46
9/6/2022 0:00,62.51
9/6/2022 0:15,62.51
9/6/2022 0:30,62.51
9/6/2022 0:45,62.51
9/6/2022 1:00,62.51
9/6/2022 1:15,62.54
9/6/2022 1:30,62.57
9/6/2022 1:45,62.57
9/6/2022 2:00,62.62
9/6/2022 2:15,62.75
9/6/2022 2:30,62.8
9/6/2022 2:45,62.92
9/6/2022 3:00,62.98
9/6/2022 3:15,63.02
9/6/2022 3:30,63.02
9/6/2022 3:45,63.01
9/6/2022 4:00,62.98
9/6/2022 4:15,63.01
9/6/2022 4:30,62.98
9/6/2022 4:45,63.01
9/6/2022 5:00,63.06
9/6/2022 5:15,63.06
9/6/2022 5:30,63.04
9/6/2022 5:45,63.04
9/6/2022 6:00,63.04
9/6/2022 6:15,63.06
9/6/2022 6:30,63.04
9/6/2022 6:45,63.11
9/6/2022 7:00,63.04
9/6/2022 7:15,63.04
9/6/2022 7:30,63.04
9/6/2022 7:45,63.02
9/6/2022 8:00,63
9/6/2022 8:15,62.95
9/6/2022 8:30,62.95
9/6/2022 8:45,62.89
9/6/2022 9:00,62.83
9/6/2022 9:15,62.66
9/6/2022 9:30,62.66
9/6/2022 9:45,62.51
9/6/2022 10:00,62.46
9/6/2022 10:15,62.32
9/6/2022 10:30,62.21
9/6/2022 10:45,62.12
9/6/2022 11:00,62.04
9/6/2022 11:15,61.97
9/6/2022 11:30,61.87
9/6/2022 11:45,61.77
9/6/2022 12:00,61.77
9/6/2022 12:15,61.72
9/6/2022 12:30,61.69
9/6/2022 12:45,61.64
9/6/2022 13:00,61.6
9/6/2022 13:15,61.57
9/6/2022 13:30,61.57
9/6/2022 13:45,61.49
9/6/2022 14:00,61.38
9/6/2022 14:15,61.38
9/6/2022 14:30,61.38
9/6/2022 14:45,61.38
9/6/2022 15:00,61.21
9/6/2022 15:15,61.21
9/6/2022 15:30,61.21
9/6/2022 15:45,61.21
9/6/2022 16:00,61.36
9/6/2022 16:15,61.36
9/6/2022 16:30,61.36
9/6/2022 16:45,61.36
9/6/2022 17:00,61.36
9/6/2022 17:15,61.36
9/6/2022 17:30,61.41
9/6/2022 17:45,61.36
9/6/2022 18:00,61.34
9/6/2022 18:15,61.34
9/6/2022 18:30,61.36
9/6/2022 18:45,61.41
9/6/2022 19:00,61.43
9/6/2022 19:15,61.43
9/6/2022 19:30,61.44
9/6/2022 19:45,61.44
9/6/2022 20:00,61.49
9/6/2022 20:15,61.49
9/6/2022 20:30,61.51
9/6/2022 20:45,61.55
9/6/2022 21:00,61.55
9/6/2022 21:15,61.63
9/6/2022 21:30,61.73
9/6/2022 21:45,61.8
9/6/2022 22:00,61.82
9/6/2022 22:15,61.85
9/6/2022 22:30,61.88
9/6/2022 22:45,61.89
9/6/2022 23:00,61.91
9/6/2022 23:15,61.97
9/6/2022 23:30,62.06
9/6/2022 23:45,62.17
9/7/2022 0:00,62.18
9/7/2022 0:15,62.34
9/7/2022 0:30,62.39
9/7/2022 0:45,62.39
9/7/2022 1:00,62.39
9/7/2022 1:15,62.39
9/7/2022 1:30,62.42
9/7/2022 1:45,62.42
9/7/2022 2:00,62.42
9/7/2022 2:15,62.43
9/7/2022 2:30,62.43
9/7/2022 2:45,62.43
9/7/2022 3:00,62.45
9/7/2022 3:15,62.43
9/7/2022 3:30,62.39
9/7/2022 3:45,62.43
9/7/2022 4:00,62.44
9/7/2022 4:15,62.44
9/7/2022 4:30,62.45
9/7/2022 4:45,62.45
9/7/2022 5:00,62.49
9/7/2022 5:15,62.49
9/7/2022 5:30,62.45
9/7/2022 5:45,62.45
9/7/2022 6:00,62.4
9/7/2022 6:15,62.37
9/7/2022 6:30,62.28
9/7/2022 6:45,62.28
9/7/2022 7:00,62.28
9/7/2022 7:15,62.25
9/7/2022 7:30,62.2
9/7/2022 7:45,62.17
9/7/2022 8:00,62.1
9/7/2022 8:15,62.06
9/7/2022 8:30,62.06
9/7/2022 8:45,62.01
9/7/2022 9:00,61.98
9/7/2022 9:15,61.85
9/7/2022 9:30,61.71
9/7/2022 9:45,61.62
9/7/2022 10:00,61.54
9/7/2022 10:15,61.46
9/7/2022 10:30,61.46
9/7/2022 10:45,61.4
9/7/2022 11:00,61.39
9/7/2022 11:15,61.39
9/7/2022 11:30,61.39
9/7/2022 11:45,61.33
9/7/2022 12:00,61.33
9/7/2022 12:15,61.23
9/7/2022 12:30,61.15
9/7/2022 12:45,61.08
9/7/2022 13:00,60.99
9/7/2022 13:15,60.89
9/7/2022 13:30,60.89
9/7/2022 13:45,60.89
9/7/2022 14:00,60.89
9/7/2022 14:15,60.89
9/7/2022 14:30,60.89
9/7/2022 14:45,60.89
9/7/2022 15:00,60.89
9/7/2022 15:15,60.92
9/7/2022 15:30,60.92
9/7/2022 15:45,60.99
9/7/2022 16:00,61
9/7/2022 16:15,61
9/7/2022 16:30,61
9/7/2022 16:45,61.12
9/7/2022 17:00,61.12
9/7/2022 17:15,61.12
9/7/2022 17:30,61.2
9/7/2022 17:45,61.2
9/7/2022 18:00,61.23
9/7/2022 18:15,61.25
9/7/2022 18:30,61.25
9/7/2022 18:45,61.27
9/7/2022 19:00,61.28
9/7/2022 19:15,61.28
9/7/2022 19:30,61.28
9/7/2022 19:45,61.3
9/7/2022 20:00,61.33
9/7/2022 20:15,61.33
9/7/2022 20:30,61.33
9/7/2022 20:45,61.36
9/7/2022 21:00,61.37
9/7/2022 21:15,61.38
9/7/2022 21:30,61.48
9/7/2022 21:45,61.48
9/7/2022 22:00,61.48
9/7/2022 22:15,61.48
9/7/2022 22:30,61.41
9/7/2022 22:45,61.41
9/7/2022 23:00,61.41
9/7/2022 23:15,61.41
9/7/2022 23:30,61.41
9/7/2022 23:45,61.42
9/8/2022 0:00,61.49
9/8/2022 0:15,61.6
9/8/2022 0:30,61.66
9/8/2022 0:45,61.68
9/8/2022 1:00,61.69
9/8/2022 1:15,61.76
9/8/2022 1:30,61.82
9/8/2022 1:45,61.76
9/8/2022 2:00,61.82
9/8/2022 2:15,61.82
9/8/2022 2:30,61.82
9/8/2022 2:45,61.86
9/8/2022 3:00,61.88
9/8/2022 3:15,61.88
9/8/2022 3:30,61.88
9/8/2022 3:45,61.88
9/8/2022 4:00,61.91
9/8/2022 4:15,61.91
9/8/2022 4:30,61.91
9/8/2022 4:45,61.91
9/8/2022 5:00,61.91
9/8/2022 5:15,61.91
9/8/2022 5:30,61.97
9/8/2022 5:45,61.91
9/8/2022 6:00,61.88
9/8/2022 6:15,61.84
9/8/2022 6:30,61.74
9/8/2022 6:45,61.74
9/8/2022 7:00,61.66
9/8/2022 7:15,61.66
9/8/2022 7:30,61.61
9/8/2022 7:45,61.48
9/8/2022 8:00,61.48
9/8/2022 8:15,61.48
9/8/2022 8:30,61.48
9/8/2022 8:45,61.37
9/8/2022 9:00,61.25
9/8/2022 9:15,61.08
9/8/2022 9:30,60.94
9/8/2022 9:45,60.9
9/8/2022 10:00,60.9
9/8/2022 10:15,60.87
9/8/2022 10:30,60.86
9/8/2022 10:45,60.83
9/8/2022 11:00,60.77
9/8/2022 11:15,60.75
9/8/2022 11:30,60.75
9/8/2022 11:45,60.74
9/8/2022 12:00,60.74
9/8/2022 12:15,60.75
9/8/2022 12:30,60.75
9/8/2022 12:45,60.72
9/8/2022 13:00,60.72
9/8/2022 13:15,60.72
9/8/2022 13:30,60.72
9/8/2022 13:45,60.69
9/8/2022 14:00,60.73
9/8/2022 14:15,60.77
9/8/2022 14:30,60.79
9/8/2022 14:45,60.79
9/8/2022 15:00,60.79
9/8/2022 15:15,60.8
9/8/2022 15:30,60.84
9/8/2022 15:45,60.85
9/8/2022 16:00,60.85
9/8/2022 16:15,60.86
9/8/2022 16:30,60.92
9/8/2022 16:45,60.92
9/8/2022 17:00,60.92
9/8/2022 17:15,60.99
9/8/2022 17:30,60.99
9/8/2022 17:45,61.14
9/8/2022 18:00,61.19
9/8/2022 18:15,61.19
9/8/2022 18:30,61.19
9/8/2022 18:45,61.25
9/8/2022 19:00,61.25
9/8/2022 19:15,61.25
9/8/2022 19:30,61.19
9/8/2022 19:45,61.25
9/8/2022 20:00,61.25
9/8/2022 20:15,61.31
9/8/2022 20:30,61.34
9/8/2022 20:45,61.31
9/8/2022 21:00,61.34
9/8/2022 21:15,61.36
9/8/2022 21:30,61.39
9/8/2022 21:45,61.39
9/8/2022 22:00,61.43
9/8/2022 22:15,61.39
9/8/2022 22:30,61.37
9/8/2022 22:45,61.39
9/8/2022 23:00,61.37
9/8/2022 23:15,61.43
9/8/2022 23:30,61.48
9/8/2022 23:45,61.5
9/9/2022 0:00,61.5
9/9/2022 0:15,61.5
9/9/2022 0:30,61.5
9/9/2022 0:45,61.53
9/9/2022 1:00,61.53
9/9/2022 1:15,61.54
9/9/2022 1:30,61.54
9/9/2022 1:45,61.56
9/9/2022 2:00,61.56
9/9/2022 2:15,61.54
9/9/2022 2:30,61.54
9/9/2022 2:45,61.56
9/9/2022 3:00,61.56
9/9/2022 3:15,61.56
9/9/2022 3:30,61.57
9/9/2022 3:45,61.56
9/9/2022 4:00,61.57
9/9/2022 4:15,61.61
9/9/2022 4:30,61.61
9/9/2022 4:45,61.64
9/9/2022 5:00,61.64
9/9/2022 5:15,61.64
9/9/2022 5:30,61.68
9/9/2022 5:45,61.68
9/9/2022 6:00,61.65
9/9/2022 6:15,61.69
9/9/2022 6:30,61.62
9/9/2022 6:45,61.58
9/9/2022 7:00,61.57
9/9/2022 7:15,61.57
9/9/2022 7:30,61.57
9/9/2022 7:45,61.56
9/9/2022 8:00,61.56
9/9/2022 8:15,61.56
9/9/2022 8:30,61.56
9/9/2022 8:45,61.56
9/9/2022 9:00,61.56
9/9/2022 9:15,61.52
9/9/2022 9:30,61.52
9/9/2022 9:45,61.43
9/9/2022 10:00,61.43
9/9/2022 10:15,61.43
9/9/2022 10:30,61.35
9/9/2022 10:45,61.35
9/9/2022 11:00,61.35
9/9/2022 11:15,61.27
9/9/2022 11:30,61.18
9/9/2022 11:45,61.11
9/9/2022 12:00,61.07
9/9/2022 12:15,61.04
9/9/2022 12:30,61
9/9/2022 12:45,60.97
9/9/2022 13:00,60.97
9/9/2022 13:15,60.97
9/9/2022 13:30,60.93
9/9/2022 13:45,60.89
9/9/2022 14:00,60.89
9/9/2022 14:15,60.92
9/9/2022 14:30,60.99
9/9/2022 14:45,60.99
9/9/2022 15:00,61.04
9/9/2022 15:15,61.06
9/9/2022 15:30,61.04
9/9/2022 15:45,61.04
9/9/2022 16:00,61.04
9/9/2022 16:15,61.06
9/9/2022 16:30,61.06
9/9/2022 16:45,61.07
9/9/2022 17:00,61.12
9/9/2022 17:15,61.23
9/9/2022 17:30,61.3
9/9/2022 17:45,61.42
9/9/2022 18:00,61.53
9/9/2022 18:15,61.56
9/9/2022 18:30,61.63
9/9/2022 18:45,61.68
9/9/2022 19:00,61.72
9/9/2022 19:15,62.23
9/9/2022 19:30,62.79
9/9/2022 19:45,62.89
9/9/2022 20:00,63.03
9/9/2022 20:15,63.15
9/9/2022 20:30,63.23
9/9/2022 20:45,63.34
9/9/2022 21:00,63.46
9/9/2022 21:15,63.62
9/9/2022 21:30,63.63
9/9/2022 21:45,63.63
9/9/2022 22:00,63.63
9/9/2022 22:15,63.63
9/9/2022 22:30,65.61
9/9/2022 22:45,63.63
9/9/2022 23:00,63.63
9/9/2022 23:15,63.63
9/9/2022 23:30,63.63
9/9/2022 23:45,63.63
9/10/2022 0:00,63.52
9/10/2022 0:15,63.3
9/10/2022 0:30,63.07
9/10/2022 0:45,62.99
9/10/2022 1:00,62.97
9/10/2022 1:15,62.95
9/10/2022 1:30,62.81
9/10/2022 1:45,62.68
9/10/2022 2:00,62.57
9/10/2022 2:15,62.4
9/10/2022 2:30,62.4
9/10/2022 2:45,62.36
9/10/2022 3:00,62.36
9/10/2022 3:15,62.31
9/10/2022 3:30,62.27
9/10/2022 3:45,62.13
9/10/2022 4:00,62.13
9/10/2022 4:15,62.13
9/10/2022 4:30,61.99
9/10/2022 4:45,61.96
9/10/2022 5:00,61.96
9/10/2022 5:15,61.99
9/10/2022 5:30,62.04
9/10/2022 5:45,62.1
9/10/2022 6:00,62.12
9/10/2022 6:15,62.1
9/10/2022 6:30,62.1
9/10/2022 6:45,62.1
9/10/2022 7:00,62.1
9/10/2022 7:15,62.05
9/10/2022 7:30,62.01
9/10/2022 7:45,61.97
9/10/2022 8:00,61.93
9/10/2022 8:15,61.93
9/10/2022 8:30,61.86
9/10/2022 8:45,61.75
9/10/2022 9:00,61.7
9/10/2022 9:15,61.65
9/10/2022 9:30,61.62
9/10/2022 9:45,61.51
9/10/2022 10:00,61.44
9/10/2022 10:15,61.37
9/10/2022 10:30,61.29
9/10/2022 10:45,61.22
9/10/2022 11:00,61.16
9/10/2022 11:15,61.04
9/10/2022 11:30,60.97
9/10/2022 11:45,60.94
9/10/2022 12:00,60.94
9/10/2022 12:15,60.85
9/10/2022 12:30,60.69
9/10/2022 12:45,60.69
9/10/2022 13:00,60.69
9/10/2022 13:15,60.69
9/10/2022 13:30,60.79
9/10/2022 13:45,60.79
9/10/2022 14:00,60.69
9/10/2022 14:15,60.6
9/10/2022 14:30,60.54
9/10/2022 14:45,60.6
9/10/2022 15:00,60.65
9/10/2022 15:15,60.74
9/10/2022 15:30,60.65
9/10/2022 15:45,60.65
9/10/2022 16:00,60.74
9/10/2022 16:15,60.79
9/10/2022 16:30,60.85
9/10/2022 16:45,60.91
9/10/2022 17:00,60.94
9/10/2022 17:15,60.94
9/10/2022 17:30,61.14
9/10/2022 17:45,61.32
9/10/2022 18:00,61.34
9/10/2022 18:15,61.33
9/10/2022 18:30,61.32
9/10/2022 18:45,61.32
9/10/2022 19:00,61.32
9/10/2022 19:15,61.33
9/10/2022 19:30,61.33
9/10/2022 19:45,61.33
9/10/2022 20:00,61.34
9/10/2022 20:15,61.34
9/10/2022 20:30,61.34
9/10/2022 20:45,61.34
9/10/2022 21:00,61.33
9/10/2022 21:15,61.25
9/10/2022 21:30,61.25
9/10/2022 21:45,61.18
9/10/2022 22:00,61.16
9/10/2022 22:15,61.16
9/10/2022 22:30,61.05
9/10/2022 22:45,60.94
9/10/2022 23:00,60.94
9/10/2022 23:15,60.94
9/10/2022 23:30,60.97
9/10/2022 23:45,60.94
9/11/2022 0:00,60.94
9/11/2022 0:15,60.94
9/11/2022 0:30,60.95
9/11/2022 0:45,60.95
9/11/2022 1:00,60.95
9/11/2022 1:15,60.95
9/11/2022 1:30,60.96
9/11/2022 1:45,60.98
9/11/2022 2:00,60.98
9/11/2022 2:15,61.09
9/11/2022 2:30,61.08
9/11/2022 2:45,61.08
9/11/2022 3:00,61.11
9/11/2022 3:15,61.19
9/11/2022 3:30,61.27
9/11/2022 3:45,61.38
9/11/2022 4:00,61.42
9/11/2022 4:15,61.44
9/11/2022 4:30,61.42
9/11/2022 4:45,61.44
9/11/2022 5:00,61.44
9/11/2022 5:15,61.44
9/11/2022 5:30,61.6
9/11/2022 5:45,61.73
9/11/2022 6:00,61.73
9/11/2022 6:15,61.73
9/11/2022 6:30,61.6
9/11/2022 6:45,61.45
9/11/2022 7:00,61.46
9/11/2022 7:15,61.43
9/11/2022 7:30,61.43
9/11/2022 7:45,61.43
9/11/2022 8:00,61.43
9/11/2022 8:15,61.4
9/11/2022 8:30,61.27
9/11/2022 8:45,61.13
9/11/2022 9:00,61.1
9/11/2022 9:15,61.06
9/11/2022 9:30,60.99
9/11/2022 9:45,60.93
9/11/2022 10:00,60.89
9/11/2022 10:15,60.93
9/11/2022 10:30,60.93
9/11/2022 10:45,60.89
9/11/2022 11:00,60.86
9/11/2022 11:15,60.82
9/11/2022 11:30,60.81
9/11/2022 11:45,60.78
9/11/2022 12:00,60.77
9/11/2022 12:15,60.77
9/11/2022 12:30,60.78
9/11/2022 12:45,60.81
9/11/2022 13:00,60.81
9/11/2022 13:15,60.83
9/11/2022 13:30,60.83
9/11/2022 13:45,60.82
9/11/2022 14:00,60.81
9/11/2022 14:15,60.81
9/11/2022 14:30,60.8
9/11/2022 14:45,60.77
9/11/2022 15:00,60.81
9/11/2022 15:15,60.77
9/11/2022 15:30,60.77
9/11/2022 15:45,60.77
9/11/2022 16:00,60.81
9/11/2022 16:15,60.82
9/11/2022 16:30,60.84
9/11/2022 16:45,60.88
9/11/2022 17:00,60.93
9/11/2022 17:15,60.93
9/11/2022 17:30,60.93
9/11/2022 17:45,60.93
9/11/2022 18:00,60.95
9/11/2022 18:15,61.02
9/11/2022 18:30,61.12
9/11/2022 18:45,61.27
9/11/2022 19:00,61.41
9/11/2022 19:15,61.5
9/11/2022 19:30,61.5
9/11/2022 19:45,61.6
9/11/2022 20:00,61.84
9/11/2022 20:15,62.01
9/11/2022 20:30,62.03
9/11/2022 20:45,62.05
9/11/2022 21:00,62.15
9/11/2022 21:15,62.26
9/11/2022 21:30,62.38
9/11/2022 21:45,62.38
9/11/2022 22:00,62.4
9/11/2022 22:15,62.54
9/11/2022 22:30,62.56
9/11/2022 22:45,62.56
9/11/2022 23:00,62.56
9/11/2022 23:15,62.64
9/11/2022 23:30,62.56
9/11/2022 23:45,62.56
9/12/2022 0:00,62.56
9/12/2022 0:15,62.43
9/12/2022 0:30,62.43
9/12/2022 0:45,62.59
9/12/2022 1:00,62.43
9/12/2022 1:15,62.43
9/12/2022 1:30,62.32
9/12/2022 1:45,62.32
9/12/2022 2:00,62.32
9/12/2022 2:15,62.32
9/12/2022 2:30,62.3
9/12/2022 2:45,62.28
9/12/2022 3:00,62.28
9/12/2022 3:15,62.28
9/12/2022 3:30,62.26
9/12/2022 3:45,62.26
9/12/2022 4:00,62.26
9/12/2022 4:15,62.26
9/12/2022 4:30,62.32
9/12/2022 4:45,62.42
9/12/2022 5:00,62.52
9/12/2022 5:15,62.52
9/12/2022 5:30,62.52
9/12/2022 5:45,62.42
9/12/2022 6:00,62.42
9/12/2022 6:15,62.42
9/12/2022 6:30,62.42
9/12/2022 6:45,62.32
9/12/2022 7:00,62.25
9/12/2022 7:15,62.2
9/12/2022 7:30,62.2
9/12/2022 7:45,62.14
9/12/2022 8:00,62.06
9/12/2022 8:15,61.95
9/12/2022 8:30,61.79
9/12/2022 8:45,61.54
9/12/2022 9:00,61.36
9/12/2022 9:15,61.25
9/12/2022 9:30,61.25
9/12/2022 9:45,61.21
9/12/2022 10:00,61.21
9/12/2022 10:15,61.14
9/12/2022 10:30,61.06
9/12/2022 10:45,61.06
9/12/2022 11:00,60.97
9/12/2022 11:15,60.97
9/12/2022 11:30,60.97
9/12/2022 11:45,60.98
9/12/2022 12:00,60.99
9/12/2022 12:15,60.99
9/12/2022 12:30,60.95
9/12/2022 12:45,60.95
9/12/2022 13:00,60.99
9/12/2022 13:15,60.99
9/12/2022 13:30,61.04
9/12/2022 13:45,61.04
9/12/2022 14:00,61.04
9/12/2022 14:15,61.04
9/12/2022 14:30,61.01
9/12/2022 14:45,60.98
9/12/2022 15:00,60.89
9/12/2022 15:15,60.89
9/12/2022 15:30,60.98
9/12/2022 15:45,60.98
9/12/2022 16:00,60.98
9/12/2022 16:15,60.98
9/12/2022 16:30,60.98
9/12/2022 16:45,60.98
9/12/2022 17:00,61.02
9/12/2022 17:15,61.02
9/12/2022 17:30,61.07
9/12/2022 17:45,61.11
9/12/2022 18:00,61.11
9/12/2022 18:15,61.11
9/12/2022 18:30,61.11
9/12/2022 18:45,61.17
9/12/2022 19:00,61.26
9/12/2022 19:15,61.26
9/12/2022 19:30,61.35
9/12/2022 19:45,61.35
9/12/2022 20:00,61.37
9/12/2022 20:15,61.41
9/12/2022 20:30,61.43
9/12/2022 20:45,61.41
9/12/2022 21:00,61.43
9/12/2022 21:15,61.45
9/12/2022 21:30,61.45
9/12/2022 21:45,61.41
9/12/2022 22:00,61.41
9/12/2022 22:15,61.41
9/12/2022 22:30,61.41
9/12/2022 22:45,61.41
9/12/2022 23:00,61.41
9/12/2022 23:15,61.41
9/12/2022 23:30,61.41
9/12/2022 23:45,61.37
9/13/2022 0:00,61.37
9/13/2022 0:15,61.41
9/13/2022 0:30,61.45
9/13/2022 0:45,61.5
9/13/2022 1:00,61.5
9/13/2022 1:15,61.45
9/13/2022 1:30,61.33
9/13/2022 1:45,61.33
9/13/2022 2:00,61.33
9/13/2022 2:15,61.33
9/13/2022 2:30,61.46
9/13/2022 2:45,61.52
9/13/2022 3:00,61.52
9/13/2022 3:15,61.53
9/13/2022 3:30,61.56
9/13/2022 3:45,61.56
9/13/2022 4:00,61.57
9/13/2022 4:15,61.53
9/13/2022 4:30,61.53
9/13/2022 4:45,61.53
9/13/2022 5:00,61.52
9/13/2022 5:15,61.51
9/13/2022 5:30,61.46
9/13/2022 5:45,61.38
9/13/2022 6:00,61.38
9/13/2022 6:15,61.38
9/13/2022 6:30,61.38
9/13/2022 6:45,61.38
9/13/2022 7:00,61.33
9/13/2022 7:15,61.33
9/13/2022 7:30,61.31
9/13/2022 7:45,61.3
9/13/2022 8:00,61.3
9/13/2022 8:15,61.3
9/13/2022 8:30,61.27
9/13/2022 8:45,61.24
9/13/2022 9:00,61.18
9/13/2022 9:15,61.11
9/13/2022 9:30,61.06
9/13/2022 9:45,61.04
9/13/2022 10:00,61.08
9/13/2022 10:15,61.04
9/13/2022 10:30,61.02
9/13/2022 10:45,60.99
9/13/2022 11:00,60.94
9/13/2022 11:15,60.84
9/13/2022 11:30,60.7
9/13/2022 11:45,60.7
9/13/2022 12:00,60.7
9/13/2022 12:15,60.7
9/13/2022 12:30,60.67
9/13/2022 12:45,60.67
9/13/2022 13:00,60.67
9/13/2022 13:15,60.67
9/13/2022 13:30,60.67
9/13/2022 13:45,60.67
9/13/2022 14:00,60.69
9/13/2022 14:15,60.69
9/13/2022 14:30,60.71
9/13/2022 14:45,60.71
9/13/2022 15:00,60.71
9/13/2022 15:15,60.78
9/13/2022 15:30,60.93
9/13/2022 15:45,61.04
9/13/2022 16:00,61.08
9/13/2022 16:15,61.12
9/13/2022 16:30,61.15
9/13/2022 16:45,61.12
9/13/2022 17:00,61.12
9/13/2022 17:15,61.1
9/13/2022 17:30,61.15
9/13/2022 17:45,61.1
9/13/2022 18:00,61.15
9/13/2022 18:15,61.22
9/13/2022 18:30,61.28
9/13/2022 18:45,61.28
9/13/2022 19:00,61.29
9/13/2022 19:15,61.29
9/13/2022 19:30,61.31
9/13/2022 19:45,61.33
9/13/2022 20:00,61.36
9/13/2022 20:15,61.45
9/13/2022 20:30,61.36
9/13/2022 20:45,61.45
9/13/2022 21:00,61.45
9/13/2022 21:15,61.45
9/13/2022 21:30,61.45
9/13/2022 21:45,61.5
9/13/2022 22:00,61.54
9/13/2022 22:15,61.79
9/13/2022 22:30,62.01
9/13/2022 22:45,62.01
9/13/2022 23:00,62.09
9/13/2022 23:15,62.2
9/13/2022 23:30,62.2
9/13/2022 23:45,62.2
9/14/2022 0:00,62.2
9/14/2022 0:15,62.2
9/14/2022 0:30,62.2
9/14/2022 0:45,62.2
9/14/2022 1:00,62.2
9/14/2022 1:15,62.01
9/14/2022 1:30,62.01
9/14/2022 1:45,62.01
9/14/2022 2:00,61.83
9/14/2022 2:15,61.8
9/14/2022 2:30,61.78
9/14/2022 2:45,61.76
9/14/2022 3:00,61.76
9/14/2022 3:15,61.7
9/14/2022 3:30,61.7
9/14/2022 3:45,61.7
9/14/2022 4:00,61.7
9/14/2022 4:15,61.6
9/14/2022 4:30,61.7
9/14/2022 4:45,61.76
9/14/2022 5:00,61.7
9/14/2022 5:15,61.7
9/14/2022 5:30,61.7
9/14/2022 5:45,61.76
9/14/2022 6:00,61.7
9/14/2022 6:15,61.7
9/14/2022 6:30,61.7
9/14/2022 6:45,61.59
9/14/2022 7:00,61.52
9/14/2022 7:15,61.52
9/14/2022 7:30,61.52
9/14/2022 7:45,61.52
9/14/2022 8:00,61.42
9/14/2022 8:15,61.27
9/14/2022 8:30,61.18
9/14/2022 8:45,61.09
9/14/2022 9:00,60.98
9/14/2022 9:15,60.85
9/14/2022 9:30,60.77
9/14/2022 9:45,60.72
9/14/2022 10:00,60.72
9/14/2022 10:15,60.72
9/14/2022 10:30,60.67
9/14/2022 10:45,60.63
9/14/2022 11:00,60.59
9/14/2022 11:15,60.58
9/14/2022 11:30,60.48
9/14/2022 11:45,60.39
9/14/2022 12:00,60.38
9/14/2022 12:15,60.38
9/14/2022 12:30,60.39
9/14/2022 12:45,60.39
9/14/2022 13:00,60.44
9/14/2022 13:15,60.44
9/14/2022 13:30,60.44
9/14/2022 13:45,60.54
9/14/2022 14:00,60.44
9/14/2022 14:15,60.44
9/14/2022 14:30,60.58
9/14/2022 14:45,60.55
9/14/2022 15:00,60.55
9/14/2022 15:15,60.55
9/14/2022 15:30,60.65
9/14/2022 15:45,60.65
9/14/2022 16:00,60.68
9/14/2022 16:15,60.75
9/14/2022 16:30,60.8
9/14/2022 16:45,60.8
9/14/2022 17:00,60.82
9/14/2022 17:15,60.82
9/14/2022 17:30,60.8
9/14/2022 17:45,60.77
9/14/2022 18:00,60.77
9/14/2022 18:15,60.77
9/14/2022 18:30,60.72
9/14/2022 18:45,60.72
9/14/2022 19:00,60.72
9/14/2022 19:15,60.72
9/14/2022 19:30,60.69
9/14/2022 19:45,60.69
9/14/2022 20:00,60.69
9/14/2022 20:15,60.69
9/14/2022 20:30,60.67
9/14/2022 20:45,60.67
9/14/2022 21:00,60.67
9/14/2022 21:15,60.67
9/14/2022 21:30,60.67
9/14/2022 21:45,60.67
9/14/2022 22:00,60.67
9/14/2022 22:15,60.73
9/14/2022 22:30,60.84
9/14/2022 22:45,60.92
9/14/2022 23:00,60.92
9/14/2022 23:15,60.93
9/14/2022 23:30,60.99
9/14/2022 23:45,60.99
9/15/2022 0:00,61.04
9/15/2022 0:15,61.08
9/15/2022 0:30,61.13
9/15/2022 0:45,61.17
9/15/2022 1:00,61.21
9/15/2022 1:15,61.21
9/15/2022 1:30,61.23
9/15/2022 1:45,61.3
9/15/2022 2:00,61.38
9/15/2022 2:15,61.43
9/15/2022 2:30,61.43
9/15/2022 2:45,61.43
9/15/2022 3:00,61.47
9/15/2022 3:15,61.49
9/15/2022 3:30,61.51
9/15/2022 3:45,61.51
9/15/2022 4:00,61.51
9/15/2022 4:15,61.51
9/15/2022 4:30,61.51
9/15/2022 4:45,61.51
9/15/2022 5:00,61.51
9/15/2022 5:15,61.52
9/15/2022 5:30,61.52
9/15/2022 5:45,61.5
9/15/2022 6:00,61.5
9/15/2022 6:15,61.5
9/15/2022 6:30,61.49
9/15/2022 6:45,61.49
9/15/2022 7:00,61.48
9/15/2022 7:15,61.46
9/15/2022 7:30,61.43
9/15/2022 7:45,61.39
9/15/2022 8:00,61.35
9/15/2022 8:15,61.32
9/15/2022 8:30,61.31
9/15/2022 8:45,61.26
9/15/2022 9:00,61.2
9/15/2022 9:15,61.15
9/15/2022 9:30,61.05
9/15/2022 9:45,60.91
9/15/2022 10:00,60.84
9/15/2022 10:15,60.84
9/15/2022 10:30,60.84
9/15/2022 10:45,60.79
9/15/2022 11:00,60.75
9/15/2022 11:15,60.73
9/15/2022 11:30,60.67
9/15/2022 11:45,60.64
9/15/2022 12:00,60.64
9/15/2022 12:15,60.64
9/15/2022 12:30,60.64
9/15/2022 12:45,60.63
9/15/2022 13:00,60.63
9/15/2022 13:15,60.59
9/15/2022 13:30,60.59
9/15/2022 13:45,60.59
9/15/2022 14:00,60.48
9/15/2022 14:15,60.48
9/15/2022 14:30,60.48
9/15/2022 14:45,60.48
9/15/2022 15:00,60.42
9/15/2022 15:15,60.42
9/15/2022 15:30,60.42
9/15/2022 15:45,60.45
9/15/2022 16:00,60.45
9/15/2022 16:15,60.45
9/15/2022 16:30,60.45
9/15/2022 16:45,60.45
9/15/2022 17:00,60.45
9/15/2022 17:15,60.45
9/15/2022 17:30,60.52
9/15/2022 17:45,60.52
9/15/2022 18:00,60.52
9/15/2022 18:15,60.57
9/15/2022 18:30,60.57
9/15/2022 18:45,60.65
9/15/2022 19:00,60.77
9/15/2022 19:15,60.77
9/15/2022 19:30,60.77
9/15/2022 19:45,60.87
9/15/2022 20:00,60.87
9/15/2022 20:15,60.87
9/15/2022 20:30,60.87
9/15/2022 20:45,60.87
9/15/2022 21:00,60.89
9/15/2022 21:15,60.93
9/15/2022 21:30,60.93
9/15/2022 21:45,60.93
9/15/2022 22:00,60.93
9/15/2022 22:15,60.92
9/15/2022 22:30,60.92
9/15/2022 22:45,60.92
9/15/2022 23:00,60.89
9/15/2022 23:15,60.87
9/15/2022 23:30,60.85
9/15/2022 23:45,60.83
9/16/2022 0:00,60.83
9/16/2022 0:15,60.83
9/16/2022 0:30,60.76
9/16/2022 0:45,60.76
9/16/2022 1:00,60.76
9/16/2022 1:15,60.76
9/16/2022 1:30,60.76
9/16/2022 1:45,60.76
9/16/2022 2:00,60.68
9/16/2022 2:15,60.62
9/16/2022 2:30,60.59
9/16/2022 2:45,60.59
9/16/2022 3:00,60.59
9/16/2022 3:15,60.59
9/16/2022 3:30,60.61
9/16/2022 3:45,60.61
9/16/2022 4:00,60.67
9/16/2022 4:15,60.76
9/16/2022 4:30,60.84
9/16/2022 4:45,60.88
9/16/2022 5:00,60.88
9/16/2022 5:15,60.89
9/16/2022 5:30,60.9
9/16/2022 5:45,60.9
9/16/2022 6:00,60.9
9/16/2022 6:15,61.01
9/16/2022 6:30,61.01
9/16/2022 6:45,61.01
9/16/2022 7:00,61.01
9/16/2022 7:15,61.01
9/16/2022 7:30,61.01
9/16/2022 7:45,61.01
9/16/2022 8:00,61.01
9/16/2022 8:15,61.01
9/16/2022 8:30,60.93
9/16/2022 8:45,60.88
9/16/2022 9:00,60.79
9/16/2022 9:15,60.68
9/16/2022 9:30,60.63
9/16/2022 9:45,60.52
9/16/2022 10:00,60.29
9/16/2022 10:15,60.17
9/16/2022 10:30,60.17
9/16/2022 10:45,60.07
9/16/2022 11:00,60.07
9/16/2022 11:15,60.01
9/16/2022 11:30,60.01
9/16/2022 11:45,59.9
9/16/2022 12:00,59.9
9/16/2022 12:15,59.9
9/16/2022 12:30,59.9
9/16/2022 12:45,59.9
9/16/2022 13:00,59.9
9/16/2022 13:15,59.9
9/16/2022 13:30,59.9
9/16/2022 13:45,60.04
9/16/2022 14:00,60.06
9/16/2022 14:15,60.06
9/16/2022 14:30,60.13
9/16/2022 14:45,60.13
9/16/2022 15:00,60.13
9/16/2022 15:15,60.13
9/16/2022 15:30,60.13
9/16/2022 15:45,60.13
9/16/2022 16:00,60.13
9/16/2022 16:15,60.13
9/16/2022 16:30,60.13
9/16/2022 16:45,60.13
9/16/2022 17:00,60.13
9/16/2022 17:15,60.13
9/16/2022 17:30,60.17
9/16/2022 17:45,60.17
9/16/2022 18:00,60.17
9/16/2022 18:15,60.17
9/16/2022 18:30,60.17
9/16/2022 18:45,60.17
9/16/2022 19:00,60.17
9/16/2022 19:15,60.17
9/16/2022 19:30,60.26
9/16/2022 19:45,60.44
9/16/2022 20:00,60.55
9/16/2022 20:15,60.55
9/16/2022 20:30,60.63
9/16/2022 20:45,60.76
9/16/2022 21:00,60.81
9/16/2022 21:15,60.94
9/16/2022 21:30,60.94
9/16/2022 21:45,60.94
9/16/2022 22:00,60.94
9/16/2022 22:15,60.94
9/16/2022 22:30,60.94
9/16/2022 22:45,60.94
9/16/2022 23:00,60.77
9/16/2022 23:15,60.77
9/16/2022 23:30,60.77
9/16/2022 23:45,60.77
9/17/2022 0:00,60.77
9/17/2022 0:15,60.57
9/17/2022 0:30,60.53
9/17/2022 0:45,60.5
9/17/2022 1:00,60.48
9/17/2022 1:15,60.45
9/17/2022 1:30,60.45
9/17/2022 1:45,60.45
9/17/2022 2:00,60.45
9/17/2022 2:15,60.45
9/17/2022 2:30,60.45
9/17/2022 2:45,60.44
9/17/2022 3:00,60.44
9/17/2022 3:15,60.44
9/17/2022 3:30,60.44
9/17/2022 3:45,60.43
9/17/2022 4:00,60.42
9/17/2022 4:15,60.42
9/17/2022 4:30,60.42
9/17/2022 4:45,60.42
9/17/2022 5:00,60.42
9/17/2022 5:15,60.42
9/17/2022 5:30,60.42
9/17/2022 5:45,60.42
9/17/2022 6:00,60.42
9/17/2022 6:15,60.4
9/17/2022 6:30,60.39
9/17/2022 6:45,60.38
9/17/2022 7:00,60.38
9/17/2022 7:15,60.38
9/17/2022 7:30,60.38
9/17/2022 7:45,60.37
9/17/2022 8:00,60.37
9/17/2022 8:15,60.37
9/17/2022 8:30,60.37
9/17/2022 8:45,60.37
9/17/2022 9:00,60.37
9/17/2022 9:15,60.37
9/17/2022 9:30,60.37
9/17/2022 9:45,60.37
9/17/2022 10:00,60.37
9/17/2022 10:15,60.37
9/17/2022 10:30,60.37
9/17/2022 10:45,60.39
9/17/2022 11:00,60.39
9/17/2022 11:15,60.39
9/17/2022 11:30,60.39
9/17/2022 11:45,60.39
9/17/2022 12:00,60.4
9/17/2022 12:15,60.4
9/17/2022 12:30,60.4
9/17/2022 12:45,60.41
9/17/2022 13:00,60.42
9/17/2022 13:15,60.42
9/17/2022 13:30,60.42
9/17/2022 13:45,60.43
9/17/2022 14:00,60.43
9/17/2022 14:15,60.43
9/17/2022 14:30,60.44
9/17/2022 14:45,60.44
9/17/2022 15:00,60.44
9/17/2022 15:15,60.44
9/17/2022 15:30,60.44
9/17/2022 15:45,60.45
9/17/2022 16:00,60.46
9/17/2022 16:15,60.46
9/17/2022 16:30,60.47
9/17/2022 16:45,60.47
9/17/2022 17:00,60.48
9/17/2022 17:15,60.48
9/17/2022 17:30,60.48
9/17/2022 17:45,60.48
9/17/2022 18:00,60.48
9/17/2022 18:15,60.48
9/17/2022 18:30,60.48
9/17/2022 18:45,60.48
9/17/2022 19:00,60.48
9/17/2022 19:15,60.48
9/17/2022 19:30,60.48
9/17/2022 19:45,60.48
9/17/2022 20:00,60.49
9/17/2022 20:15,60.51
9/17/2022 20:30,60.51
9/17/2022 20:45,60.52
9/17/2022 21:00,60.53
9/17/2022 21:15,60.53
9/17/2022 21:30,60.53
9/17/2022 21:45,60.53
9/17/2022 22:00,60.53
9/17/2022 22:15,60.53
9/17/2022 22:30,60.53
9/17/2022 22:45,60.53
9/17/2022 23:00,60.53
9/17/2022 23:15,60.52
9/17/2022 23:30,60.52
9/17/2022 23:45,60.52
9/18/2022 0:00,60.5
9/18/2022 0:15,60.5
9/18/2022 0:30,60.5
9/18/2022 0:45,60.5
9/18/2022 1:00,60.5
9/18/2022 1:15,60.5
9/18/2022 1:30,60.5
9/18/2022 1:45,60.49
9/18/2022 2:00,60.48
9/18/2022 2:15,60.48
9/18/2022 2:30,60.48
9/18/2022 2:45,60.48
9/18/2022 3:00,60.48
9/18/2022 3:15,60.49
9/18/2022 3:30,60.49
9/18/2022 3:45,60.49
9/18/2022 4:00,60.49
9/18/2022 4:15,60.49
9/18/2022 4:30,60.49
9/18/2022 4:45,60.49
9/18/2022 5:00,60.49
9/18/2022 5:15,60.49
9/18/2022 5:30,60.49
9/18/2022 5:45,60.49
9/18/2022 6:00,60.48
9/18/2022 6:15,60.48
9/18/2022 6:30,60.47
9/18/2022 6:45,60.47
9/18/2022 7:00,60.47
9/18/2022 7:15,60.47
9/18/2022 7:30,60.47
9/18/2022 7:45,60.47
9/18/2022 8:00,60.47
9/18/2022 8:15,60.46
9/18/2022 8:30,60.45
9/18/2022 8:45,60.43
9/18/2022 9:00,60.43
9/18/2022 9:15,60.43
9/18/2022 9:30,60.43
9/18/2022 9:45,60.43
9/18/2022 10:00,60.43
9/18/2022 10:15,60.43
9/18/2022 10:30,60.43
9/18/2022 10:45,60.43
9/18/2022 11:00,60.43
9/18/2022 11:15,60.44
9/18/2022 11:30,60.44
9/18/2022 11:45,60.44
9/18/2022 12:00,60.44
9/18/2022 12:15,60.44
9/18/2022 12:30,60.44
9/18/2022 12:45,60.44
9/18/2022 13:00,60.44
9/18/2022 13:15,60.46
9/18/2022 13:30,60.47
9/18/2022 13:45,60.49
9/18/2022 14:00,60.49
9/18/2022 14:15,60.5
9/18/2022 14:30,60.51
9/18/2022 14:45,60.53
9/18/2022 15:00,60.53
9/18/2022 15:15,60.53
9/18/2022 15:30,60.55
9/18/2022 15:45,60.55
9/18/2022 16:00,60.55
9/18/2022 16:15,60.55
9/18/2022 16:30,60.55
9/18/2022 16:45,60.54
9/18/2022 17:00,60.54
9/18/2022 17:15,60.54
9/18/2022 17:30,60.53
9/18/2022 17:45,60.52
9/18/2022 18:00,60.52
9/18/2022 18:15,60.52
9/18/2022 18:30,60.52
9/18/2022 18:45,60.51
9/18/2022 19:00,60.51
9/18/2022 19:15,60.51
9/18/2022 19:30,60.5
9/18/2022 19:45,60.5
9/18/2022 20:00,60.49
9/18/2022 20:15,60.48
9/18/2022 20:30,60.48
9/18/2022 20:45,60.47
9/18/2022 21:00,60.47
9/18/2022 21:15,60.47
9/18/2022 21:30,60.47
9/18/2022 21:45,60.47
9/18/2022 22:00,60.47
9/18/2022 22:15,60.47
9/18/2022 22:30,60.47
9/18/2022 22:45,60.47
9/18/2022 23:00,60.47
9/18/2022 23:15,60.47
9/18/2022 23:30,60.48
9/18/2022 23:45,60.48
9/19/2022 0:00,60.48
9/19/2022 0:15,60.48
9/19/2022 0:30,60.49
9/19/2022 0:45,60.49
9/19/2022 1:00,60.49
9/19/2022 1:15,60.49
9/19/2022 1:30,60.49
9/19/2022 1:45,60.48
9/19/2022 2:00,60.48
9/19/2022 2:15,60.48
9/19/2022 2:30,60.48
9/19/2022 2:45,60.48
9/19/2022 3:00,60.48
9/19/2022 3:15,60.48
9/19/2022 3:30,60.48
9/19/2022 3:45,60.48
9/19/2022 4:00,60.48
9/19/2022 4:15,60.48
9/19/2022 4:30,60.48
9/19/2022 4:45,60.48
9/19/2022 5:00,60.48
9/19/2022 5:15,60.48
9/19/2022 5:30,60.48
9/19/2022 5:45,60.48
9/19/2022 6:00,60.48
9/19/2022 6:15,60.48
9/19/2022 6:30,60.49
9/19/2022 6:45,60.49
9/19/2022 7:00,60.5
9/19/2022 7:15,60.51
9/19/2022 7:30,60.53
9/19/2022 7:45,60.53
9/19/2022 8:00,60.53
9/19/2022 8:15,60.53
9/19/2022 8:30,60.53
9/19/2022 8:45,60.53
9/19/2022 9:00,60.53
9/19/2022 9:15,60.54
9/19/2022 9:30,60.54
9/19/2022 9:45,60.54
9/19/2022 10:00,60.54
9/19/2022 10:15,60.57
9/19/2022 10:30,60.57
9/19/2022 10:45,60.57
9/19/2022 11:00,60.57
9/19/2022 11:15,60.58
9/19/2022 11:30,60.59
9/19/2022 11:45,60.59
9/19/2022 12:00,60.59
9/19/2022 12:15,60.6
9/19/2022 12:30,60.6
9/19/2022 12:45,60.6
9/19/2022 13:00,60.6
9/19/2022 13:15,60.6
9/19/2022 13:30,60.61
9/19/2022 13:45,60.62
9/19/2022 14:00,60.63
9/19/2022 14:15,60.64
9/19/2022 14:30,60.68
9/19/2022 14:45,60.72
9/19/2022 15:00,60.75
9/19/2022 15:15,60.75
9/19/2022 15:30,60.78
9/19/2022 15:45,60.79
9/19/2022 16:00,60.79
9/19/2022 16:15,60.79
9/19/2022 16:30,60.79
9/19/2022 16:45,60.79
9/19/2022 17:00,60.79
9/19/2022 17:15,60.79
9/19/2022 17:30,60.78
9/19/2022 17:45,60.78
9/19/2022 18:00,60.76
9/19/2022 18:15,60.74
9/19/2022 18:30,60.74
9/19/2022 18:45,60.73
9/19/2022 19:00,60.73
9/19/2022 19:15,60.73
9/19/2022 19:30,60.73
9/19/2022 19:45,60.72
9/19/2022 20:00,60.71
9/19/2022 20:15,60.68
9/19/2022 20:30,60.66
9/19/2022 20:45,60.65
9/19/2022 21:00,60.64
9/19/2022 21:15,60.64
9/19/2022 21:30,60.63
9/19/2022 21:45,60.63
9/19/2022 22:00,60.61
9/19/2022 22:15,60.6
9/19/2022 22:30,60.57
9/19/2022 22:45,60.54
9/19/2022 23:00,60.53
9/19/2022 23:15,60.53
9/19/2022 23:30,60.53
9/19/2022 23:45,60.53
9/20/2022 0:00,60.52
9/20/2022 0:15,60.51
9/20/2022 0:30,60.5
9/20/2022 0:45,60.49
9/20/2022 1:00,60.49
9/20/2022 1:15,60.48
9/20/2022 1:30,60.48
9/20/2022 1:45,60.47
9/20/2022 2:00,60.46
9/20/2022 2:15,60.46
9/20/2022 2:30,60.46
9/20/2022 2:45,60.46
9/20/2022 3:00,60.46
9/20/2022 3:15,60.46
9/20/2022 3:30,60.45
9/20/2022 3:45,60.44
9/20/2022 4:00,60.44
9/20/2022 4:15,60.44
9/20/2022 4:30,60.44
9/20/2022 4:45,60.44
9/20/2022 5:00,60.43
9/20/2022 5:15,60.41
9/20/2022 5:30,60.41
9/20/2022 5:45,60.41
9/20/2022 6:00,60.4
9/20/2022 6:15,60.4
9/20/2022 6:30,60.39
9/20/2022 6:45,60.39
9/20/2022 7:00,60.39
9/20/2022 7:15,60.39
9/20/2022 7:30,60.39
9/20/2022 7:45,60.39
9/20/2022 8:00,60.39
9/20/2022 8:15,60.39
9/20/2022 8:30,60.39
9/20/2022 8:45,60.39
9/20/2022 9:00,60.39
9/20/2022 9:15,60.39
9/20/2022 9:30,60.39
9/20/2022 9:45,60.39
9/20/2022 10:00,60.39
9/20/2022 10:15,60.4
9/20/2022 10:30,60.4
9/20/2022 10:45,60.4
9/20/2022 11:00,60.41
9/20/2022 11:15,60.41
9/20/2022 11:30,60.41
9/20/2022 11:45,60.41
9/20/2022 12:00,60.42
9/20/2022 12:15,60.42
9/20/2022 12:30,60.42
9/20/2022 12:45,60.42
9/20/2022 13:00,60.42
9/20/2022 13:15,60.43
9/20/2022 13:30,60.43
9/20/2022 13:45,60.44
9/20/2022 14:00,60.44
9/20/2022 14:15,60.45
9/20/2022 14:30,60.46
9/20/2022 14:45,60.46
9/20/2022 15:00,60.46
9/20/2022 15:15,60.47
9/20/2022 15:30,60.47
9/20/2022 15:45,60.47
9/20/2022 16:00,60.47
9/20/2022 16:15,60.48
9/20/2022 16:30,60.49
9/20/2022 16:45,60.49
9/20/2022 17:00,60.49
9/20/2022 17:15,60.49
9/20/2022 17:30,60.5
9/20/2022 17:45,60.51
9/20/2022 18:00,60.52
9/20/2022 18:15,60.52
9/20/2022 18:30,60.53
9/20/2022 18:45,60.53
9/20/2022 19:00,60.53
9/20/2022 19:15,60.54
9/20/2022 19:30,60.54
9/20/2022 19:45,60.54
9/20/2022 20:00,60.54
9/20/2022 20:15,60.54
9/20/2022 20:30,60.54
9/20/2022 20:45,60.54
9/20/2022 21:00,60.54
9/20/2022 21:15,60.54
9/20/2022 21:30,60.54
9/20/2022 21:45,60.54
9/20/2022 22:00,60.54
9/20/2022 22:15,60.54
9/20/2022 22:30,60.54
9/20/2022 22:45,60.54
9/20/2022 23:00,60.54
9/20/2022 23:15,60.53
9/20/2022 23:30,60.53
9/20/2022 23:45,60.52
9/21/2022 0:00,60.52
9/21/2022 0:15,60.52
9/21/2022 0:30,60.52
9/21/2022 0:45,60.52
9/21/2022 1:00,60.52
9/21/2022 1:15,60.52
9/21/2022 1:30,60.52
9/21/2022 1:45,60.52
9/21/2022 2:00,60.52
9/21/2022 2:15,60.52
9/21/2022 2:30,60.52
9/21/2022 2:45,60.53
9/21/2022 3:00,60.53
9/21/2022 3:15,60.53
9/21/2022 3:30,60.53
9/21/2022 3:45,60.53
9/21/2022 4:00,60.53
9/21/2022 4:15,60.53
9/21/2022 4:30,60.53
9/21/2022 4:45,60.52
9/21/2022 5:00,60.52
9/21/2022 5:15,60.51
9/21/2022 5:30,60.51
9/21/2022 5:45,60.51
9/21/2022 6:00,60.51
9/21/2022 6:15,60.51
9/21/2022 6:30,60.51
9/21/2022 6:45,60.5
9/21/2022 7:00,60.5
9/21/2022 7:15,60.5
9/21/2022 7:30,60.5
9/21/2022 7:45,60.49
9/21/2022 8:00,60.47
9/21/2022 8:15,60.47
9/21/2022 8:30,60.46
9/21/2022 8:45,60.45
9/21/2022 9:00,60.44
9/21/2022 9:15,60.44
9/21/2022 9:30,60.42
9/21/2022 9:45,60.42
9/21/2022 10:00,60.41
9/21/2022 10:15,60.41
9/21/2022 10:30,60.41
9/21/2022 10:45,60.41
9/21/2022 11:00,60.41
9/21/2022 11:15,60.41
9/21/2022 11:30,60.41
9/21/2022 11:45,60.41
9/21/2022 12:00,60.41
9/21/2022 12:15,60.41
9/21/2022 12:30,60.41
9/21/2022 12:45,60.41
9/21/2022 13:00,60.41
9/21/2022 13:15,60.41
9/21/2022 13:30,60.41
9/21/2022 13:45,60.41
9/21/2022 14:00,60.41
9/21/2022 14:15,60.41
9/21/2022 14:30,60.41
9/21/2022 14:45,60.41
9/21/2022 15:00,60.42
9/21/2022 15:15,60.42
9/21/2022 15:30,60.42
9/21/2022 15:45,60.42
9/21/2022 16:00,60.42
9/21/2022 16:15,60.43
9/21/2022 16:30,60.43
9/21/2022 16:45,60.43
9/21/2022 17:00,60.44
9/21/2022 17:15,60.44
9/21/2022 17:30,60.44
9/21/2022 17:45,60.46
9/21/2022 18:00,60.46
9/21/2022 18:15,60.46
9/21/2022 18:30,60.47
9/21/2022 18:45,60.47
9/21/2022 19:00,60.47
9/21/2022 19:15,60.48
9/21/2022 19:30,60.48
9/21/2022 19:45,60.49
9/21/2022 20:00,60.49
9/21/2022 20:15,60.49
9/21/2022 20:30,60.49
9/21/2022 20:45,60.5
9/21/2022 21:00,60.5
9/21/2022 21:15,60.5
9/21/2022 21:30,60.5
9/21/2022 21:45,60.5
9/21/2022 22:00,60.5
9/21/2022 22:15,60.5
9/21/2022 22:30,60.5
9/21/2022 22:45,60.5
9/21/2022 23:00,60.5
9/21/2022 23:15,60.5
9/21/2022 23:30,60.5
9/21/2022 23:45,60.5
9/22/2022 0:00,60.5
9/22/2022 0:15,60.5
9/22/2022 0:30,60.5
9/22/2022 0:45,60.5
9/22/2022 1:00,60.5
9/22/2022 1:15,60.5
9/22/2022 1:30,60.5
9/22/2022 1:45,60.51
9/22/2022 2:00,60.51
9/22/2022 2:15,60.51
9/22/2022 2:30,60.5
9/22/2022 2:45,60.5
9/22/2022 3:00,60.5
9/22/2022 3:15,60.5
9/22/2022 3:30,60.49
9/22/2022 3:45,60.49
9/22/2022 4:00,60.49
9/22/2022 4:15,60.49
9/22/2022 4:30,60.49
9/22/2022 4:45,60.49
9/22/2022 5:00,60.49
9/22/2022 5:15,60.49
9/22/2022 5:30,60.49
9/22/2022 5:45,60.49
9/22/2022 6:00,60.49
9/22/2022 6:15,60.48
9/22/2022 6:30,60.48
9/22/2022 6:45,60.47
9/22/2022 7:00,60.45
9/22/2022 7:15,60.44
9/22/2022 7:30,60.44
9/22/2022 7:45,60.43
9/22/2022 8:00,60.43
9/22/2022 8:15,60.43
9/22/2022 8:30,60.42
9/22/2022 8:45,60.42
9/22/2022 9:00,60.42
9/22/2022 9:15,60.42
9/22/2022 9:30,60.42
9/22/2022 9:45,60.42
9/22/2022 10:00,60.41
9/22/2022 10:15,60.41
9/22/2022 10:30,60.41
9/22/2022 10:45,60.4
9/22/2022 11:00,60.4
9/22/2022 11:15,60.4
9/22/2022 11:30,60.4
9/22/2022 11:45,60.4
9/22/2022 12:00,60.42
9/22/2022 12:15,60.42
9/22/2022 12:30,60.42
9/22/2022 12:45,60.43
9/22/2022 13:00,60.44
9/22/2022 13:15,60.45
9/22/2022 13:30,60.48
9/22/2022 13:45,60.49
9/22/2022 14:00,60.51
9/22/2022 14:15,60.54
9/22/2022 14:30,60.55
9/22/2022 14:45,60.56
9/22/2022 15:00,60.57
9/22/2022 15:15,61.88
9/22/2022 15:30,66.22
9/22/2022 15:45,68.12
9/22/2022 16:00,68.29
9/22/2022 16:15,68.29
9/22/2022 16:30,68.29
9/22/2022 16:45,68.29
9/22/2022 17:00,67.45
9/22/2022 17:15,66.61
9/22/2022 17:30,65.51
9/22/2022 17:45,65.08
9/22/2022 18:00,64.79
9/22/2022 18:15,64.2
9/22/2022 18:30,63.58
9/22/2022 18:45,63.02
9/22/2022 19:00,62.57
9/22/2022 19:15,62.21
9/22/2022 19:30,62.01
9/22/2022 19:45,61.7
9/22/2022 20:00,61.39
9/22/2022 20:15,61.24
9/22/2022 20:30,61.11
9/22/2022 20:45,61
9/22/2022 21:00,60.95
9/22/2022 21:15,60.85
9/22/2022 21:30,60.74
9/22/2022 21:45,60.74
9/22/2022 22:00,60.73
9/22/2022 22:15,60.71
9/22/2022 22:30,60.68
9/22/2022 22:45,60.68
9/22/2022 23:00,60.67
9/22/2022 23:15,60.66
9/22/2022 23:30,60.66
9/22/2022 23:45,60.66
9/23/2022 0:00,60.65
9/23/2022 0:15,60.65
9/23/2022 0:30,60.64
9/23/2022 0:45,60.64
9/23/2022 1:00,60.64
9/23/2022 1:15,60.64
9/23/2022 1:30,60.64
9/23/2022 1:45,60.64
9/23/2022 2:00,60.64
9/23/2022 2:15,60.64
9/23/2022 2:30,60.64
9/23/2022 2:45,60.64
9/23/2022 3:00,60.64
9/23/2022 3:15,60.63
9/23/2022 3:30,60.62
9/23/2022 3:45,60.61
9/23/2022 4:00,60.61
9/23/2022 4:15,60.61
9/23/2022 4:30,60.61
9/23/2022 4:45,60.61
9/23/2022 5:00,60.61
9/23/2022 5:15,60.61
9/23/2022 5:30,60.61
9/23/2022 5:45,60.61
9/23/2022 6:00,60.61
9/23/2022 6:15,60.61
9/23/2022 6:30,60.61
9/23/2022 6:45,60.61
9/23/2022 7:00,60.61
9/23/2022 7:15,60.61
9/23/2022 7:30,60.61
9/23/2022 7:45,60.61
9/23/2022 8:00,60.61
9/23/2022 8:15,60.61
9/23/2022 8:30,60.61
9/23/2022 8:45,60.61
9/23/2022 9:00,60.61
9/23/2022 9:15,60.62
9/23/2022 9:30,60.62
9/23/2022 9:45,60.63
9/23/2022 10:00,60.63
9/23/2022 10:15,60.63
9/23/2022 10:30,60.63
9/23/2022 10:45,60.63
9/23/2022 11:00,60.63
9/23/2022 11:15,60.63
9/23/2022 11:30,60.63
9/23/2022 11:45,60.63
9/23/2022 12:00,60.63
9/23/2022 12:15,60.64
9/23/2022 12:30,60.66
9/23/2022 12:45,60.67
9/23/2022 13:00,60.69
9/23/2022 13:15,60.7
9/23/2022 13:30,60.71
9/23/2022 13:45,60.72
9/23/2022 14:00,60.74
9/23/2022 14:15,60.76
9/23/2022 14:30,60.77
9/23/2022 14:45,60.78
9/23/2022 15:00,60.8
9/23/2022 15:15,60.83
9/23/2022 15:30,60.89
9/23/2022 15:45,60.93
9/23/2022 16:00,60.95
9/23/2022 16:15,60.97
9/23/2022 16:30,60.98
9/23/2022 16:45,61
9/23/2022 17:00,61
9/23/2022 17:15,61
9/23/2022 17:30,61
9/23/2022 17:45,61.01
9/23/2022 18:00,61.02
9/23/2022 18:15,61.02
9/23/2022 18:30,61.02
9/23/2022 18:45,61.03
9/23/2022 19:00,61.04
9/23/2022 19:15,61.04
9/23/2022 19:30,61.06
9/23/2022 19:45,61.07
9/23/2022 20:00,61.07
9/23/2022 20:15,61.07
9/23/2022 20:30,61.07
9/23/2022 20:45,61.08
9/23/2022 21:00,61.08
9/23/2022 21:15,61.08
9/23/2022 21:30,61.08
9/23/2022 21:45,61.08
9/23/2022 22:00,61.08
9/23/2022 22:15,61.07
9/23/2022 22:30,61.07
9/23/2022 22:45,61.05
9/23/2022 23:00,61.05
9/23/2022 23:15,61.05
9/23/2022 23:30,61.05
9/23/2022 23:45,61.05
9/24/2022 0:00,61.03
9/24/2022 0:15,61.03
9/24/2022 0:30,61.03
9/24/2022 0:45,61.03
9/24/2022 1:00,61.03
9/24/2022 1:15,61.03
9/24/2022 1:30,61.02
9/24/2022 1:45,61.02
9/24/2022 2:00,61.02
9/24/2022 2:15,61.02
9/24/2022 2:30,61.02
9/24/2022 2:45,61.02
9/24/2022 3:00,61.03
9/24/2022 3:15,61.04
9/24/2022 3:30,61.04
9/24/2022 3:45,61.04
9/24/2022 4:00,61.04
9/24/2022 4:15,61.05
9/24/2022 4:30,61.05
9/24/2022 4:45,61.07
9/24/2022 5:00,61.08
9/24/2022 5:15,61.08
9/24/2022 5:30,61.08
9/24/2022 5:45,61.08
9/24/2022 6:00,61.08
9/24/2022 6:15,61.07
9/24/2022 6:30,61.07
9/24/2022 6:45,61.07
9/24/2022 7:00,61.05
9/24/2022 7:15,61.03
9/24/2022 7:30,61.01
9/24/2022 7:45,61.01
9/24/2022 8:00,60.99
9/24/2022 8:15,60.98
9/24/2022 8:30,60.97
9/24/2022 8:45,60.97
9/24/2022 9:00,60.97
9/24/2022 9:15,60.96
9/24/2022 9:30,60.95
9/24/2022 9:45,60.94
9/24/2022 10:00,60.94
9/24/2022 10:15,60.94
9/24/2022 10:30,60.93
9/24/2022 10:45,60.93
9/24/2022 11:00,60.93
9/24/2022 11:15,60.92
9/24/2022 11:30,60.92
9/24/2022 11:45,60.92
9/24/2022 12:00,60.91
9/24/2022 12:15,60.91
9/24/2022 12:30,60.87
9/24/2022 12:45,60.66
9/24/2022 13:00,60.48
9/24/2022 13:15,60.46
9/24/2022 13:30,60.44
9/24/2022 13:45,60.44
9/24/2022 14:00,60.43
9/24/2022 14:15,60.43
9/24/2022 14:30,60.42
9/24/2022 14:45,60.41
9/24/2022 15:00,60.41
9/24/2022 15:15,60.41
9/24/2022 15:30,60.41
9/24/2022 15:45,60.41
9/24/2022 16:00,60.43
9/24/2022 16:15,60.43
9/24/2022 16:30,60.43
9/24/2022 16:45,60.43
9/24/2022 17:00,60.44
9/24/2022 17:15,60.44
9/24/2022 17:30,60.44
9/24/2022 17:45,60.44
9/24/2022 18:00,60.43
9/24/2022 18:15,60.43
9/24/2022 18:30,60.43
9/24/2022 18:45,60.42
9/24/2022 19:00,60.42
9/24/2022 19:15,60.41
9/24/2022 19:30,60.41
9/24/2022 19:45,60.4
9/24/2022 20:00,60.39
9/24/2022 20:15,60.39
9/24/2022 20:30,60.39
9/24/2022 20:45,60.39
9/24/2022 21:00,60.39
9/24/2022 21:15,60.39
9/24/2022 21:30,60.38
9/24/2022 21:45,60.38
9/24/2022 22:00,60.38
9/24/2022 22:15,60.36
9/24/2022 22:30,60.35
9/24/2022 22:45,60.35
9/24/2022 23:00,60.34
9/24/2022 23:15,60.34
9/24/2022 23:30,60.34
9/24/2022 23:45,60.34
9/25/2022 0:00,60.34
9/25/2022 0:15,60.34
9/25/2022 0:30,60.34
9/25/2022 0:45,60.35
9/25/2022 1:00,60.35
9/25/2022 1:15,60.35
9/25/2022 1:30,60.35
9/25/2022 1:45,60.34
9/25/2022 2:00,60.33
9/25/2022 2:15,60.33
9/25/2022 2:30,60.32
9/25/2022 2:45,60.32
9/25/2022 3:00,60.3
9/25/2022 3:15,60.3
9/25/2022 3:30,60.29
9/25/2022 3:45,60.28
9/25/2022 4:00,60.27
9/25/2022 4:15,60.26
9/25/2022 4:30,60.25
9/25/2022 4:45,60.25
9/25/2022 5:00,60.25
9/25/2022 5:15,60.25
9/25/2022 5:30,60.25
9/25/2022 5:45,60.25
9/25/2022 6:00,60.25
9/25/2022 6:15,60.26
9/25/2022 6:30,60.26
9/25/2022 6:45,60.26
9/25/2022 7:00,60.26
9/25/2022 7:15,60.26
9/25/2022 7:30,60.26
9/25/2022 7:45,60.26
9/25/2022 8:00,60.26
9/25/2022 8:15,60.27
9/25/2022 8:30,60.27
9/25/2022 8:45,60.27
9/25/2022 9:00,60.28
9/25/2022 9:15,60.28
9/25/2022 9:30,60.29
9/25/2022 9:45,60.29
9/25/2022 10:00,60.29
9/25/2022 10:15,60.29
9/25/2022 10:30,60.3
9/25/2022 10:45,60.3
9/25/2022 11:00,60.31
9/25/2022 11:15,60.31
9/25/2022 11:30,60.31
9/25/2022 11:45,60.31
9/25/2022 12:00,60.31
9/25/2022 12:15,60.31
9/25/2022 12:30,60.32
9/25/2022 12:45,60.32
9/25/2022 13:00,60.32
9/25/2022 13:15,60.33
9/25/2022 13:30,60.34
9/25/2022 13:45,60.34
9/25/2022 14:00,60.34
9/25/2022 14:15,60.35
9/25/2022 14:30,60.35
9/25/2022 14:45,60.36
9/25/2022 15:00,60.36
9/25/2022 15:15,60.36
9/25/2022 15:30,60.36
9/25/2022 15:45,60.36
9/25/2022 16:00,60.36
9/25/2022 16:15,60.36
9/25/2022 16:30,60.36
9/25/2022 16:45,60.36
9/25/2022 17:00,60.36
9/25/2022 17:15,60.36
9/25/2022 17:30,60.36
9/25/2022 17:45,60.36
9/25/2022 18:00,60.36
9/25/2022 18:15,60.36
9/25/2022 18:30,60.36
9/25/2022 18:45,60.36
9/25/2022 19:00,60.36
9/25/2022 19:15,60.36
9/25/2022 19:30,60.36
9/25/2022 19:45,60.36
9/25/2022 20:00,60.36
9/25/2022 20:15,60.34
9/25/2022 20:30,60.34
9/25/2022 20:45,60.34
9/25/2022 21:00,60.34
9/25/2022 21:15,60.34
9/25/2022 21:30,60.34
9/25/2022 21:45,60.34
9/25/2022 22:00,60.33
9/25/2022 22:15,60.33
9/25/2022 22:30,60.33
9/25/2022 22:45,60.33
9/25/2022 23:00,60.33
9/25/2022 23:15,60.32
9/25/2022 23:30,60.32
9/25/2022 23:45,60.32
9/26/2022 0:00,60.32
9/26/2022 0:15,60.31
9/26/2022 0:30,60.3
9/26/2022 0:45,60.3
9/26/2022 1:00,60.3
9/26/2022 1:15,60.3
9/26/2022 1:30,60.3
9/26/2022 1:45,60.3
9/26/2022 2:00,60.3
9/26/2022 2:15,60.3
9/26/2022 2:30,60.29
9/26/2022 2:45,60.28
9/26/2022 3:00,60.28
9/26/2022 3:15,60.28
9/26/2022 3:30,60.28
9/26/2022 3:45,60.28
9/26/2022 4:00,60.28
9/26/2022 4:15,60.28
9/26/2022 4:30,60.28
9/26/2022 4:45,60.28
9/26/2022 5:00,60.28
9/26/2022 5:15,60.28
9/26/2022 5:30,60.28
9/26/2022 5:45,60.28
9/26/2022 6:00,60.28
9/26/2022 6:15,60.28
9/26/2022 6:30,60.29
9/26/2022 6:45,60.29
9/26/2022 7:00,60.29
9/26/2022 7:15,60.29
9/26/2022 7:30,60.29
9/26/2022 7:45,60.3
9/26/2022 8:00,60.3
9/26/2022 8:15,60.3
9/26/2022 8:30,60.31
9/26/2022 8:45,60.31
9/26/2022 9:00,60.31
9/26/2022 9:15,60.31
9/26/2022 9:30,60.31
9/26/2022 9:45,60.31
9/26/2022 10:00,60.31
9/26/2022 10:15,60.31
9/26/2022 10:30,60.31
9/26/2022 10:45,60.33
9/26/2022 11:00,60.34
9/26/2022 11:15,60.34
9/26/2022 11:30,60.34
9/26/2022 11:45,60.35
9/26/2022 12:00,60.35
9/26/2022 12:15,60.35
9/26/2022 12:30,60.35
9/26/2022 12:45,60.35
9/26/2022 13:00,60.35
9/26/2022 13:15,60.35
9/26/2022 13:30,60.36
9/26/2022 13:45,60.36
9/26/2022 14:00,60.36
9/26/2022 14:15,60.36
9/26/2022 14:30,60.36
9/26/2022 14:45,60.36
9/26/2022 15:00,60.36
9/26/2022 15:15,60.36
9/26/2022 15:30,60.36
9/26/2022 15:45,60.36
9/26/2022 16:00,60.36
9/26/2022 16:15,60.36
9/26/2022 16:30,60.36
9/26/2022 16:45,60.37
9/26/2022 17:00,60.37
9/26/2022 17:15,60.37
9/26/2022 17:30,60.37
9/26/2022 17:45,60.37
9/26/2022 18:00,60.37
9/26/2022 18:15,60.36
9/26/2022 18:30,60.36
9/26/2022 18:45,60.36
9/26/2022 19:00,60.36
9/26/2022 19:15,60.36
9/26/2022 19:30,60.36
9/26/2022 19:45,60.36
9/26/2022 20:00,60.36
9/26/2022 20:15,60.36
9/26/2022 20:30,60.35
9/26/2022 20:45,60.35
9/26/2022 21:00,60.34
9/26/2022 21:15,60.34
9/26/2022 21:30,60.34
9/26/2022 21:45,60.34
9/26/2022 22:00,60.34
9/26/2022 22:15,60.34
9/26/2022 22:30,60.34
9/26/2022 22:45,60.34
9/26/2022 23:00,60.34
9/26/2022 23:15,60.34
9/26/2022 23:30,60.34
9/26/2022 23:45,60.34
9/27/2022 0:00,60.35
9/27/2022 0:15,60.35
9/27/2022 0:30,60.35
9/27/2022 0:45,60.35
9/27/2022 1:00,60.34
9/27/2022 1:15,60.34
9/27/2022 1:30,60.34
9/27/2022 1:45,60.34
9/27/2022 2:00,60.34
9/27/2022 2:15,60.34
9/27/2022 2:30,60.33
9/27/2022 2:45,60.33
9/27/2022 3:00,60.33
9/27/2022 3:15,60.32
9/27/2022 3:30,60.32
9/27/2022 3:45,60.32
9/27/2022 4:00,60.32
9/27/2022 4:15,60.32
9/27/2022 4:30,60.32
9/27/2022 4:45,60.32
9/27/2022 5:00,60.32
9/27/2022 5:15,60.32
9/27/2022 5:30,60.31
9/27/2022 5:45,60.3
9/27/2022 6:00,60.29
9/27/2022 6:15,60.29
9/27/2022 6:30,60.29
9/27/2022 6:45,60.28
9/27/2022 7:00,60.28
9/27/2022 7:15,60.28
9/27/2022 7:30,60.28
9/27/2022 7:45,60.28
9/27/2022 8:00,60.28
9/27/2022 8:15,60.28
9/27/2022 8:30,60.28
9/27/2022 8:45,60.28
9/27/2022 9:00,60.28
9/27/2022 9:15,60.28
9/27/2022 9:30,60.28
9/27/2022 9:45,60.28
9/27/2022 10:00,60.28
9/27/2022 10:15,60.28
9/27/2022 10:30,60.28
9/27/2022 10:45,60.28
9/27/2022 11:00,60.28
9/27/2022 11:15,60.28
9/27/2022 11:30,60.28
9/27/2022 11:45,60.28
9/27/2022 12:00,60.28
9/27/2022 12:15,60.28
9/27/2022 12:30,60.28
9/27/2022 12:45,60.28
9/27/2022 13:00,60.28
9/27/2022 13:15,60.28
9/27/2022 13:30,60.28
9/27/2022 13:45,60.28
9/27/2022 14:00,60.28
9/27/2022 14:15,60.28
9/27/2022 14:30,60.28
9/27/2022 14:45,60.28
9/27/2022 15:00,60.28
9/27/2022 15:15,60.29
9/27/2022 15:30,60.29
9/27/2022 15:45,60.29
9/27/2022 16:00,60.3
9/27/2022 16:15,60.3
9/27/2022 16:30,60.3
9/27/2022 16:45,60.3
9/27/2022 17:00,60.31
9/27/2022 17:15,60.31
9/27/2022 17:30,60.31
9/27/2022 17:45,60.31
9/27/2022 18:00,60.31
9/27/2022 18:15,60.31
9/27/2022 18:30,60.31
9/27/2022 18:45,60.31
9/27/2022 19:00,60.31
9/27/2022 19:15,60.31
9/27/2022 19:30,60.31
9/27/2022 19:45,60.31
9/27/2022 20:00,60.31
9/27/2022 20:15,60.31
9/27/2022 20:30,60.3
9/27/2022 20:45,60.3
9/27/2022 21:00,60.3
9/27/2022 21:15,60.3
9/27/2022 21:30,60.29
9/27/2022 21:45,60.29
9/27/2022 22:00,60.28
9/27/2022 22:15,60.28
9/27/2022 22:30,60.28
9/27/2022 22:45,60.28
9/27/2022 23:00,60.28
9/27/2022 23:15,60.28
9/27/2022 23:30,60.28
9/27/2022 23:45,60.28
9/28/2022 0:00,60.28
9/28/2022 0:15,60.28
9/28/2022 0:30,60.29
9/28/2022 0:45,60.29
9/28/2022 1:00,60.29
9/28/2022 1:15,60.29
9/28/2022 1:30,60.29
9/28/2022 1:45,60.29
9/28/2022 2:00,60.3
9/28/2022 2:15,60.3
9/28/2022 2:30,60.3
9/28/2022 2:45,60.3
9/28/2022 3:00,60.3
9/28/2022 3:15,60.3
9/28/2022 3:30,60.3
9/28/2022 3:45,60.3
9/28/2022 4:00,60.3
9/28/2022 4:15,60.3
9/28/2022 4:30,60.3
9/28/2022 4:45,60.3
9/28/2022 5:00,60.3
9/28/2022 5:15,60.3
9/28/2022 5:30,60.29
9/28/2022 5:45,60.29
9/28/2022 6:00,60.28
9/28/2022 6:15,60.28
9/28/2022 6:30,60.27
9/28/2022 6:45,60.27
9/28/2022 7:00,60.27
9/28/2022 7:15,60.27
9/28/2022 7:30,60.27
9/28/2022 7:45,60.27
9/28/2022 8:00,60.28
9/28/2022 8:15,60.28
9/28/2022 8:30,60.29
9/28/2022 8:45,60.29
9/28/2022 9:00,60.29
9/28/2022 9:15,60.29
9/28/2022 9:30,60.29
9/28/2022 9:45,60.29
9/28/2022 10:00,60.29
9/28/2022 10:15,60.29
9/28/2022 10:30,60.29
9/28/2022 10:45,60.29
9/28/2022 11:00,60.3
9/28/2022 11:15,60.3
9/28/2022 11:30,60.3
9/28/2022 11:45,60.3
9/28/2022 12:00,60.3
9/28/2022 12:15,60.32
9/28/2022 12:30,60.32
9/28/2022 12:45,60.32
9/28/2022 13:00,60.33
9/28/2022 13:15,60.33
9/28/2022 13:30,60.33
9/28/2022 13:45,60.33
9/28/2022 14:00,60.33
9/28/2022 14:15,60.35
9/28/2022 14:30,60.36
9/28/2022 14:45,60.36
9/28/2022 15:00,60.37
9/28/2022 15:15,60.37
9/28/2022 15:30,60.37
9/28/2022 15:45,60.37
9/28/2022 16:00,60.37
9/28/2022 16:15,60.38
9/28/2022 16:30,60.38
9/28/2022 16:45,60.38
9/28/2022 17:00,60.38
9/28/2022 17:15,60.37
9/28/2022 17:30,60.37
9/28/2022 17:45,60.37
9/28/2022 18:00,60.37
9/28/2022 18:15,60.37
9/28/2022 18:30,60.36
9/28/2022 18:45,60.35
9/28/2022 19:00,60.34
9/28/2022 19:15,60.34
9/28/2022 19:30,60.33
9/28/2022 19:45,60.32
9/28/2022 20:00,60.31
9/28/2022 20:15,60.3
9/28/2022 20:30,60.29
9/28/2022 20:45,60.27
9/28/2022 21:00,60.27
9/28/2022 21:15,60.27
9/28/2022 21:30,60.27
9/28/2022 21:45,60.27
9/28/2022 22:00,60.27
9/28/2022 22:15,60.27
9/28/2022 22:30,60.26
9/28/2022 22:45,60.26
9/28/2022 23:00,60.26
9/28/2022 23:15,60.26
9/28/2022 23:30,60.26
9/28/2022 23:45,60.26
9/29/2022 0:00,60.26
9/29/2022 0:15,60.26
9/29/2022 0:30,60.26
9/29/2022 0:45,60.26
9/29/2022 1:00,60.26
9/29/2022 1:15,60.26
9/29/2022 1:30,60.26
9/29/2022 1:45,60.26
9/29/2022 2:00,60.26
9/29/2022 2:15,60.26
9/29/2022 2:30,60.26
9/29/2022 2:45,60.26
9/29/2022 3:00,60.26
9/29/2022 3:15,60.26
9/29/2022 3:30,60.26
9/29/2022 3:45,60.26
9/29/2022 4:00,60.26
9/29/2022 4:15,60.26
9/29/2022 4:30,60.26
9/29/2022 4:45,60.25
9/29/2022 5:00,60.25
9/29/2022 5:15,60.25
9/29/2022 5:30,60.25
9/29/2022 5:45,60.25
9/29/2022 6:00,60.25
9/29/2022 6:15,60.25
9/29/2022 6:30,60.25
9/29/2022 6:45,60.25
9/29/2022 7:00,60.25
9/29/2022 7:15,60.25
9/29/2022 7:30,60.25
9/29/2022 7:45,60.25
9/29/2022 8:00,60.25
9/29/2022 8:15,60.25
9/29/2022 8:30,60.25
9/29/2022 8:45,60.25
9/29/2022 9:00,60.25
9/29/2022 9:15,60.24
9/29/2022 9:30,60.24
9/29/2022 9:45,60.24
9/29/2022 10:00,60.24
9/29/2022 10:15,60.24
9/29/2022 10:30,60.25
9/29/2022 10:45,60.25
9/29/2022 11:00,60.25
9/29/2022 11:15,60.26
9/29/2022 11:30,60.26
9/29/2022 11:45,60.26
9/29/2022 12:00,60.27
9/29/2022 12:15,60.27
9/29/2022 12:30,60.27
9/29/2022 12:45,60.27
9/29/2022 13:00,60.28
9/29/2022 13:15,60.31
9/29/2022 13:30,60.33
9/29/2022 13:45,60.34
9/29/2022 14:00,60.34
9/29/2022 14:15,60.34
9/29/2022 14:30,60.34
9/29/2022 14:45,60.35
9/29/2022 15:00,60.35
9/29/2022 15:15,60.36
9/29/2022 15:30,60.37
9/29/2022 15:45,60.37
9/29/2022 16:00,60.37
9/29/2022 16:15,60.37
9/29/2022 16:30,60.37
9/29/2022 16:45,60.38
9/29/2022 17:00,60.38
9/29/2022 17:15,60.38
9/29/2022 17:30,60.38
9/29/2022 17:45,60.37
9/29/2022 18:00,60.37
9/29/2022 18:15,60.37
9/29/2022 18:30,60.37
9/29/2022 18:45,60.37
9/29/2022 19:00,60.37
9/29/2022 19:15,60.37
9/29/2022 19:30,60.37
9/29/2022 19:45,60.37
9/29/2022 20:00,60.36
9/29/2022 20:15,60.34
9/29/2022 20:30,60.33
9/29/2022 20:45,60.32
9/29/2022 21:00,60.32
9/29/2022 21:15,60.32
9/29/2022 21:30,60.32
9/29/2022 21:45,60.32
9/29/2022 22:00,60.32
9/29/2022 22:15,60.31
9/29/2022 22:30,60.31
9/29/2022 22:45,60.31
9/29/2022 23:00,60.31
9/29/2022 23:15,60.31
9/29/2022 23:30,60.31
9/29/2022 23:45,60.31
9/30/2022 0:00,60.31
9/30/2022 0:15,60.29
9/30/2022 0:30,60.28
9/30/2022 0:45,60.27
9/30/2022 1:00,60.27
9/30/2022 1:15,60.27
9/30/2022 1:30,60.27
9/30/2022 1:45,60.27
9/30/2022 2:00,60.27
9/30/2022 2:15,60.27
9/30/2022 2:30,60.27
9/30/2022 2:45,60.27
9/30/2022 3:00,60.27
9/30/2022 3:15,60.27
9/30/2022 3:30,60.27
9/30/2022 3:45,60.27
9/30/2022 4:00,60.27
9/30/2022 4:15,60.27
9/30/2022 4:30,60.27
9/30/2022 4:45,60.27
9/30/2022 5:00,60.28
9/30/2022 5:15,60.28
9/30/2022 5:30,60.28
9/30/2022 5:45,60.28
9/30/2022 6:00,60.26
9/30/2022 6:15,60.26
9/30/2022 6:30,60.25
9/30/2022 6:45,60.25
9/30/2022 7:00,60.25
9/30/2022 7:15,60.25
9/30/2022 7:30,60.26
9/30/2022 7:45,60.26
9/30/2022 8:00,60.27
9/30/2022 8:15,60.27
9/30/2022 8:30,60.27
9/30/2022 8:45,60.27
9/30/2022 9:00,60.27
9/30/2022 9:15,60.27
9/30/2022 9:30,60.29
9/30/2022 9:45,60.3
9/30/2022 10:00,60.3
9/30/2022 10:15,60.32
9/30/2022 10:30,60.33
9/30/2022 10:45,60.34
9/30/2022 11:00,60.35
9/30/2022 11:15,60.35
9/30/2022 11:30,60.35
9/30/2022 11:45,60.37
9/30/2022 12:00,60.39
9/30/2022 12:15,60.41
9/30/2022 12:30,60.41
9/30/2022 12:45,60.42
9/30/2022 13:00,60.44
9/30/2022 13:15,60.45
9/30/2022 13:30,60.45
9/30/2022 13:45,60.46
9/30/2022 14:00,60.46
9/30/2022 14:15,60.47
9/30/2022 14:30,60.48
9/30/2022 14:45,60.48
9/30/2022 15:00,60.49
9/30/2022 15:15,60.49
9/30/2022 15:30,60.49
9/30/2022 15:45,60.49
9/30/2022 16:00,60.49
9/30/2022 16:15,60.49
9/30/2022 16:30,60.49
9/30/2022 16:45,60.49
9/30/2022 17:00,60.49
9/30/2022 17:15,60.49
9/30/2022 17:30,60.49
9/30/2022 17:45,60.48
9/30/2022 18:00,60.48
9/30/2022 18:15,60.47
9/30/2022 18:30,60.47
9/30/2022 18:45,60.46
9/30/2022 19:00,60.46
9/30/2022 19:15,60.45
9/30/2022 19:30,60.44
9/30/2022 19:45,60.43
9/30/2022 20:00,60.43
9/30/2022 20:15,60.43
9/30/2022 20:30,60.42
9/30/2022 20:45,60.42
9/30/2022 21:00,60.42
9/30/2022 21:15,60.42
9/30/2022 21:30,60.42
9/30/2022 21:45,60.41
9/30/2022 22:00,60.39
9/30/2022 22:15,60.38
9/30/2022 22:30,60.37
9/30/2022 22:45,60.36
9/30/2022 23:00,60.35
9/30/2022 23:15,60.35
9/30/2022 23:30,60.35
9/30/2022 23:45,60.35
10/1/2022 0:00,60.35
10/1/2022 0:15,60.35
10/1/2022 0:30,60.35
10/1/2022 0:45,60.34
10/1/2022 1:00,60.34
10/1/2022 1:15,60.34
10/1/2022 1:30,60.34
10/1/2022 1:45,60.34
10/1/2022 2:00,60.34
10/1/2022 2:15,60.34
10/1/2022 2:30,60.34
10/1/2022 2:45,60.34
10/1/2022 3:00,60.34
10/1/2022 3:15,60.33
10/1/2022 3:30,60.33
10/1/2022 3:45,60.32
10/1/2022 4:00,60.32
10/1/2022 4:15,60.32
10/1/2022 4:30,60.32
10/1/2022 4:45,60.32
10/1/2022 5:00,60.31
10/1/2022 5:15,60.31
10/1/2022 5:30,60.31
10/1/2022 5:45,60.31
10/1/2022 6:00,60.31
10/1/2022 6:15,60.31
10/1/2022 6:30,60.3
10/1/2022 6:45,60.3
10/1/2022 7:00,60.3
10/1/2022 7:15,60.3
10/1/2022 7:30,60.29
10/1/2022 7:45,60.29
10/1/2022 8:00,60.29
10/1/2022 8:15,60.29
10/1/2022 8:30,60.3
10/1/2022 8:45,60.3
10/1/2022 9:00,60.3
10/1/2022 9:15,60.32
10/1/2022 9:30,60.33
10/1/2022 9:45,60.34
10/1/2022 10:00,60.34
10/1/2022 10:15,60.34
10/1/2022 10:30,60.35
10/1/2022 10:45,60.35
10/1/2022 11:00,60.35
10/1/2022 11:15,60.35
10/1/2022 11:30,60.35
10/1/2022 11:45,60.35
10/1/2022 12:00,60.37
10/1/2022 12:15,60.38
10/1/2022 12:30,60.4
10/1/2022 12:45,60.42
10/1/2022 13:00,60.42
10/1/2022 13:15,60.42
10/1/2022 13:30,60.42
10/1/2022 13:45,60.42
10/1/2022 14:00,60.43
10/1/2022 14:15,60.44
10/1/2022 14:30,60.44
10/1/2022 14:45,60.44
10/1/2022 15:00,60.44
10/1/2022 15:15,60.45
10/1/2022 15:30,60.46
10/1/2022 15:45,60.46
10/1/2022 16:00,60.46
10/1/2022 16:15,60.46
10/1/2022 16:30,60.47
10/1/2022 16:45,60.47
10/1/2022 17:00,60.48
10/1/2022 17:15,60.48
10/1/2022 17:30,60.48
10/1/2022 17:45,60.48
10/1/2022 18:00,60.48
10/1/2022 18:15,60.48
10/1/2022 18:30,60.48
10/1/2022 18:45,60.48
10/1/2022 19:00,60.47
10/1/2022 19:15,60.47
10/1/2022 19:30,60.47
10/1/2022 19:45,60.47
10/1/2022 20:00,60.47
10/1/2022 20:15,60.46
10/1/2022 20:30,60.46
10/1/2022 20:45,60.46
10/1/2022 21:00,60.46
10/1/2022 21:15,60.46
10/1/2022 21:30,60.46
10/1/2022 21:45,60.46
10/1/2022 22:00,60.45
10/1/2022 22:15,60.45
10/1/2022 22:30,60.44
10/1/2022 22:45,60.44
10/1/2022 23:00,60.43
10/1/2022 23:15,60.42
10/1/2022 23:30,60.42
10/1/2022 23:45,60.42
10/2/2022 0:00,60.41
10/2/2022 0:15,60.41
10/2/2022 0:30,60.4
10/2/2022 0:45,60.4
10/2/2022 1:00,60.4
10/2/2022 1:15,60.4
10/2/2022 1:30,60.4
10/2/2022 1:45,60.4
10/2/2022 2:00,60.4
10/2/2022 2:15,60.39
10/2/2022 2:30,60.39
10/2/2022 2:45,60.38
10/2/2022 3:00,60.37
10/2/2022 3:15,60.36
10/2/2022 3:30,60.36
10/2/2022 3:45,60.35
10/2/2022 4:00,60.33
10/2/2022 4:15,60.33
10/2/2022 4:30,60.33
10/2/2022 4:45,60.32
10/2/2022 5:00,60.32
10/2/2022 5:15,60.31
10/2/2022 5:30,60.3
10/2/2022 5:45,60.3
10/2/2022 6:00,60.29
10/2/2022 6:15,60.29
10/2/2022 6:30,60.29
10/2/2022 6:45,60.29
10/2/2022 7:00,60.29
10/2/2022 7:15,60.29
10/2/2022 7:30,60.29
10/2/2022 7:45,60.3
10/2/2022 8:00,60.31
10/2/2022 8:15,60.32
10/2/2022 8:30,60.32
10/2/2022 8:45,60.32
10/2/2022 9:00,60.33
10/2/2022 9:15,60.33
10/2/2022 9:30,60.34
10/2/2022 9:45,60.35
10/2/2022 10:00,60.35
10/2/2022 10:15,60.35
10/2/2022 10:30,60.35
10/2/2022 10:45,60.35
10/2/2022 11:00,60.36
10/2/2022 11:15,60.36
10/2/2022 11:30,60.37
10/2/2022 11:45,60.39
10/2/2022 12:00,60.39
10/2/2022 12:15,60.4
10/2/2022 12:30,60.4
10/2/2022 12:45,60.4
10/2/2022 13:00,60.41
10/2/2022 13:15,60.41
10/2/2022 13:30,60.42
10/2/2022 13:45,60.43
10/2/2022 14:00,60.44
10/2/2022 14:15,60.45
10/2/2022 14:30,60.46
10/2/2022 14:45,60.46
10/2/2022 15:00,60.48
10/2/2022 15:15,60.49
10/2/2022 15:30,60.49
10/2/2022 15:45,60.49
10/2/2022 16:00,60.49
10/2/2022 16:15,60.49
10/2/2022 16:30,60.5
10/2/2022 16:45,60.51
10/2/2022 17:00,60.53
10/2/2022 17:15,60.53
10/2/2022 17:30,60.53
10/2/2022 17:45,60.54
10/2/2022 18:00,60.54
10/2/2022 18:15,60.55
10/2/2022 18:30,60.56
10/2/2022 18:45,60.58
10/2/2022 19:00,60.6
10/2/2022 19:15,60.61
10/2/2022 19:30,60.61
10/2/2022 19:45,60.61
10/2/2022 20:00,60.62
10/2/2022 20:15,60.62
10/2/2022 20:30,60.63
10/2/2022 20:45,60.63
10/2/2022 21:00,60.63
10/2/2022 21:15,60.63
10/2/2022 21:30,60.63
10/2/2022 21:45,60.63
10/2/2022 22:00,60.63
10/2/2022 22:15,60.63
10/2/2022 22:30,60.63
10/2/2022 22:45,60.62
10/2/2022 23:00,60.62
10/2/2022 23:15,60.62
10/2/2022 23:30,60.61
10/2/2022 23:45,60.6
10/3/2022 0:00,60.59
10/3/2022 0:15,60.59
10/3/2022 0:30,60.59
10/3/2022 0:45,60.59
10/3/2022 1:00,60.59
10/3/2022 1:15,60.59
10/3/2022 1:30,60.59
10/3/2022 1:45,60.59
10/3/2022 2:00,60.59
10/3/2022 2:15,60.59
10/3/2022 2:30,60.59
10/3/2022 2:45,60.59
10/3/2022 3:00,60.6
10/3/2022 3:15,60.62
10/3/2022 3:30,60.63
10/3/2022 3:45,60.63
10/3/2022 4:00,60.63
10/3/2022 4:15,60.63
10/3/2022 4:30,60.63
10/3/2022 4:45,60.63
10/3/2022 5:00,60.63
10/3/2022 5:15,60.63
10/3/2022 5:30,60.63
10/3/2022 5:45,60.62
10/3/2022 6:00,60.62
10/3/2022 6:15,60.62
10/3/2022 6:30,60.62
10/3/2022 6:45,60.62
10/3/2022 7:00,60.62
10/3/2022 7:15,60.61
10/3/2022 7:30,60.6
10/3/2022 7:45,60.6
10/3/2022 8:00,60.59
10/3/2022 8:15,60.57
10/3/2022 8:30,60.54
10/3/2022 8:45,60.54
10/3/2022 9:00,60.54
10/3/2022 9:15,60.53
10/3/2022 9:30,60.53
10/3/2022 9:45,60.53
10/3/2022 10:00,60.52
10/3/2022 10:15,60.51
10/3/2022 10:30,60.51
10/3/2022 10:45,60.51
10/3/2022 11:00,60.51
10/3/2022 11:15,60.51
10/3/2022 11:30,60.51
10/3/2022 11:45,60.51
10/3/2022 12:00,60.51
10/3/2022 12:15,60.52
10/3/2022 12:30,60.52
10/3/2022 12:45,60.55
10/3/2022 13:00,60.57
10/3/2022 13:15,60.58
10/3/2022 13:30,60.59
10/3/2022 13:45,60.6
10/3/2022 14:00,60.61
10/3/2022 14:15,60.62
10/3/2022 14:30,60.63
10/3/2022 14:45,60.65
10/3/2022 15:00,60.74
10/3/2022 15:15,62.33
10/3/2022 15:30,67.38
10/3/2022 15:45,69.84
10/3/2022 16:00,70.01
10/3/2022 16:15,70.01
10/3/2022 16:30,70.01
10/3/2022 16:45,70.01
10/3/2022 17:00,69.04
10/3/2022 17:15,67.96
10/3/2022 17:30,66.91
10/3/2022 17:45,65.79
10/3/2022 18:00,65.02
10/3/2022 18:15,64.61
10/3/2022 18:30,63.91
10/3/2022 18:45,63.31
10/3/2022 19:00,62.82
10/3/2022 19:15,62.48
10/3/2022 19:30,62.14
10/3/2022 19:45,61.84
10/3/2022 20:00,61.54
10/3/2022 20:15,61.28
10/3/2022 20:30,61.1
10/3/2022 20:45,60.93
10/3/2022 21:00,60.85
10/3/2022 21:15,60.79
10/3/2022 21:30,60.75
10/3/2022 21:45,60.73
10/3/2022 22:00,60.69
10/3/2022 22:15,60.62
10/3/2022 22:30,60.58
10/3/2022 22:45,60.56
10/3/2022 23:00,60.51
10/3/2022 23:15,60.49
10/3/2022 23:30,60.48
10/3/2022 23:45,60.48
10/4/2022 0:00,60.48
10/4/2022 0:15,60.48
10/4/2022 0:30,60.48
10/4/2022 0:45,60.48
10/4/2022 1:00,60.48
10/4/2022 1:15,60.49
10/4/2022 1:30,60.5
10/4/2022 1:45,60.51
10/4/2022 2:00,60.52
10/4/2022 2:15,60.52
10/4/2022 2:30,60.52
10/4/2022 2:45,60.55
10/4/2022 3:00,60.58
10/4/2022 3:15,60.59
10/4/2022 3:30,60.59
10/4/2022 3:45,60.6
10/4/2022 4:00,60.6
10/4/2022 4:15,60.6
10/4/2022 4:30,60.6
10/4/2022 4:45,60.6
10/4/2022 5:00,60.6
10/4/2022 5:15,60.6
10/4/2022 5:30,60.59
10/4/2022 5:45,60.59
10/4/2022 6:00,60.59
10/4/2022 6:15,60.58
10/4/2022 6:30,60.57
10/4/2022 6:45,60.56
10/4/2022 7:00,60.55
10/4/2022 7:15,60.55
10/4/2022 7:30,60.54
10/4/2022 7:45,60.53
10/4/2022 8:00,60.52
10/4/2022 8:15,60.52
10/4/2022 8:30,60.52
10/4/2022 8:45,60.51
10/4/2022 9:00,60.5
10/4/2022 9:15,60.5
10/4/2022 9:30,60.5
10/4/2022 9:45,60.5
10/4/2022 10:00,60.5
10/4/2022 10:15,60.5
10/4/2022 10:30,60.5
10/4/2022 10:45,60.5
10/4/2022 11:00,60.52
10/4/2022 11:15,60.52
10/4/2022 11:30,60.52
10/4/2022 11:45,60.53
10/4/2022 12:00,60.53
10/4/2022 12:15,60.53
10/4/2022 12:30,60.53
10/4/2022 12:45,60.54
10/4/2022 13:00,60.54
10/4/2022 13:15,60.54
10/4/2022 13:30,60.54
10/4/2022 13:45,60.54
10/4/2022 14:00,60.54
10/4/2022 14:15,60.54
10/4/2022 14:30,60.53
10/4/2022 14:45,60.53
10/4/2022 15:00,60.53
10/4/2022 15:15,60.52
10/4/2022 15:30,60.52
10/4/2022 15:45,60.52
10/4/2022 16:00,60.52
10/4/2022 16:15,60.52
10/4/2022 16:30,60.52
10/4/2022 16:45,60.52
10/4/2022 17:00,60.52
10/4/2022 17:15,60.52
10/4/2022 17:30,60.52
10/4/2022 17:45,60.52
10/4/2022 18:00,60.52
10/4/2022 18:15,60.52
10/4/2022 18:30,60.52
10/4/2022 18:45,60.53
10/4/2022 19:00,60.53
10/4/2022 19:15,60.53
10/4/2022 19:30,60.54
10/4/2022 19:45,60.56
10/4/2022 20:00,60.58
10/4/2022 20:15,60.59
10/4/2022 20:30,60.59
10/4/2022 20:45,60.59
10/4/2022 21:00,60.59
10/4/2022 21:15,60.6
10/4/2022 21:30,60.6
10/4/2022 21:45,60.6
10/4/2022 22:00,60.6
10/4/2022 22:15,60.62
10/4/2022 22:30,60.62
10/4/2022 22:45,60.62
10/4/2022 23:00,60.63
10/4/2022 23:15,60.63
10/4/2022 23:30,60.63
10/4/2022 23:45,60.63
10/5/2022 0:00,60.63
10/5/2022 0:15,60.63
10/5/2022 0:30,60.63
10/5/2022 0:45,60.63
10/5/2022 1:00,60.63
10/5/2022 1:15,60.63
10/5/2022 1:30,60.63
10/5/2022 1:45,60.63
10/5/2022 2:00,60.63
10/5/2022 2:15,60.63
10/5/2022 2:30,60.63
10/5/2022 2:45,60.64
10/5/2022 3:00,60.64
10/5/2022 3:15,60.64
10/5/2022 3:30,60.64
10/5/2022 3:45,60.64
10/5/2022 4:00,60.64
10/5/2022 4:15,60.64
10/5/2022 4:30,60.64
10/5/2022 4:45,60.64
10/5/2022 5:00,60.64
10/5/2022 5:15,60.65
10/5/2022 5:30,60.65
10/5/2022 5:45,60.65
10/5/2022 6:00,60.65
10/5/2022 6:15,60.65
10/5/2022 6:30,60.65
10/5/2022 6:45,60.66
10/5/2022 7:00,60.66
10/5/2022 7:15,60.66
10/5/2022 7:30,60.66
10/5/2022 7:45,60.68
10/5/2022 8:00,60.69
10/5/2022 8:15,60.69
10/5/2022 8:30,60.7
10/5/2022 8:45,60.7
10/5/2022 9:00,60.7
10/5/2022 9:15,60.7
10/5/2022 9:30,60.72
10/5/2022 9:45,60.74
10/5/2022 10:00,60.74
10/5/2022 10:15,60.75
10/5/2022 10:30,60.75
10/5/2022 10:45,60.75
10/5/2022 11:00,60.75
10/5/2022 11:15,60.75
10/5/2022 11:30,60.75
10/5/2022 11:45,60.75
10/5/2022 12:00,60.75
10/5/2022 12:15,60.75
10/5/2022 12:30,60.76
10/5/2022 12:45,60.76
10/5/2022 13:00,60.76
10/5/2022 13:15,60.77
10/5/2022 13:30,60.78
10/5/2022 13:45,60.78
10/5/2022 14:00,60.78
10/5/2022 14:15,60.78
10/5/2022 14:30,60.79
10/5/2022 14:45,60.8
10/5/2022 15:00,60.82
10/5/2022 15:15,60.83
10/5/2022 15:30,60.83
10/5/2022 15:45,60.83
10/5/2022 16:00,60.84
10/5/2022 16:15,60.85
10/5/2022 16:30,60.86
10/5/2022 16:45,60.87
10/5/2022 17:00,60.88
10/5/2022 17:15,60.88
10/5/2022 17:30,60.88
10/5/2022 17:45,60.88
10/5/2022 18:00,60.88
10/5/2022 18:15,60.89
10/5/2022 18:30,60.89
10/5/2022 18:45,60.9
10/5/2022 19:00,60.9
10/5/2022 19:15,60.9
10/5/2022 19:30,60.9
10/5/2022 19:45,60.9
10/5/2022 20:00,60.9
10/5/2022 20:15,60.9
10/5/2022 20:30,60.9
10/5/2022 20:45,60.9
10/5/2022 21:00,60.9
10/5/2022 21:15,60.9
10/5/2022 21:30,60.9
10/5/2022 21:45,60.9
10/5/2022 22:00,60.9
10/5/2022 22:15,60.9
10/5/2022 22:30,60.9
10/5/2022 22:45,60.9
10/5/2022 23:00,60.9
10/5/2022 23:15,60.91
10/5/2022 23:30,60.91
10/5/2022 23:45,60.91
10/6/2022 0:00,60.9
10/6/2022 0:15,60.9
10/6/2022 0:30,60.9
10/6/2022 0:45,60.9
10/6/2022 1:00,60.9
10/6/2022 1:15,60.9
10/6/2022 1:30,60.9
10/6/2022 1:45,60.89
10/6/2022 2:00,60.88
10/6/2022 2:15,60.88
10/6/2022 2:30,60.88
10/6/2022 2:45,60.88
10/6/2022 3:00,60.87
10/6/2022 3:15,60.87
10/6/2022 3:30,60.87
10/6/2022 3:45,60.87
10/6/2022 4:00,60.87
10/6/2022 4:15,60.87
10/6/2022 4:30,60.87
10/6/2022 4:45,60.87
10/6/2022 5:00,60.87
10/6/2022 5:15,60.87
10/6/2022 5:30,60.86
10/6/2022 5:45,60.86
10/6/2022 6:00,60.86
10/6/2022 6:15,60.85
10/6/2022 6:30,60.85
10/6/2022 6:45,60.85
10/6/2022 7:00,60.85
10/6/2022 7:15,60.85
10/6/2022 7:30,60.85
10/6/2022 7:45,60.85
10/6/2022 8:00,60.85
10/6/2022 8:15,60.85
10/6/2022 8:30,60.84
10/6/2022 8:45,60.83
10/6/2022 9:00,60.83
10/6/2022 9:15,60.83
10/6/2022 9:30,60.83
10/6/2022 9:45,60.82
10/6/2022 10:00,60.81
10/6/2022 10:15,60.8
10/6/2022 10:30,60.79
10/6/2022 10:45,60.78
10/6/2022 11:00,60.78
10/6/2022 11:15,60.77
10/6/2022 11:30,60.75
10/6/2022 11:45,60.75
10/6/2022 12:00,60.73
10/6/2022 12:15,60.71
10/6/2022 12:30,60.69
10/6/2022 12:45,60.69
10/6/2022 13:00,60.69
10/6/2022 13:15,60.69
10/6/2022 13:30,60.68
10/6/2022 13:45,60.67
10/6/2022 14:00,60.66
10/6/2022 14:15,60.65
10/6/2022 14:30,60.64
10/6/2022 14:45,60.64
10/6/2022 15:00,60.64
10/6/2022 15:15,60.64
10/6/2022 15:30,60.64
10/6/2022 15:45,60.64
10/6/2022 16:00,60.63
10/6/2022 16:15,60.63
10/6/2022 16:30,60.63
10/6/2022 16:45,60.63
10/6/2022 17:00,60.63
10/6/2022 17:15,60.63
10/6/2022 17:30,60.63
10/6/2022 17:45,60.63
10/6/2022 18:00,60.63
10/6/2022 18:15,60.63
10/6/2022 18:30,60.63
10/6/2022 18:45,60.63
10/6/2022 19:00,60.63
10/6/2022 19:15,60.63
10/6/2022 19:30,60.63
10/6/2022 19:45,60.63
10/6/2022 20:00,60.62
10/6/2022 20:15,60.62
10/6/2022 20:30,60.61
10/6/2022 20:45,60.61
10/6/2022 21:00,60.61
10/6/2022 21:15,60.59
10/6/2022 21:30,60.59
10/6/2022 21:45,60.59
10/6/2022 22:00,60.59
10/6/2022 22:15,60.59
10/6/2022 22:30,60.59
10/6/2022 22:45,60.59
10/6/2022 23:00,60.59
10/6/2022 23:15,60.58
10/6/2022 23:30,60.58
10/6/2022 23:45,60.58
10/7/2022 0:00,60.58
10/7/2022 0:15,60.58
10/7/2022 0:30,60.58
10/7/2022 0:45,60.58
10/7/2022 1:00,60.58
10/7/2022 1:15,60.58
10/7/2022 1:30,60.58
10/7/2022 1:45,60.57
10/7/2022 2:00,60.57
10/7/2022 2:15,60.55
10/7/2022 2:30,60.55
10/7/2022 2:45,60.54
10/7/2022 3:00,60.53
10/7/2022 3:15,60.53
10/7/2022 3:30,60.53
10/7/2022 3:45,60.53
10/7/2022 4:00,60.52
10/7/2022 4:15,60.52
10/7/2022 4:30,60.52
10/7/2022 4:45,60.52
10/7/2022 5:00,60.51
10/7/2022 5:15,60.5
10/7/2022 5:30,60.5
10/7/2022 5:45,60.5
10/7/2022 6:00,60.5
10/7/2022 6:15,60.5
10/7/2022 6:30,60.5
10/7/2022 6:45,60.49
10/7/2022 7:00,60.49
10/7/2022 7:15,60.49
10/7/2022 7:30,60.5
10/7/2022 7:45,60.5
10/7/2022 8:00,60.5
10/7/2022 8:15,60.5
10/7/2022 8:30,60.5
10/7/2022 8:45,60.5
10/7/2022 9:00,60.5
10/7/2022 9:15,60.5
10/7/2022 9:30,60.5
10/7/2022 9:45,60.51
10/7/2022 10:00,60.51
10/7/2022 10:15,60.51
10/7/2022 10:30,60.51
10/7/2022 10:45,60.51
10/7/2022 11:00,60.51
10/7/2022 11:15,60.52
10/7/2022 11:30,60.53
10/7/2022 11:45,60.53
10/7/2022 12:00,60.53
10/7/2022 12:15,60.54
10/7/2022 12:30,60.55
10/7/2022 12:45,60.55
10/7/2022 13:00,60.55
10/7/2022 13:15,60.56
10/7/2022 13:30,60.58
10/7/2022 13:45,60.6
10/7/2022 14:00,60.6
10/7/2022 14:15,60.6
10/7/2022 14:30,60.6
10/7/2022 14:45,60.6
10/7/2022 15:00,60.61
10/7/2022 15:15,60.61
10/7/2022 15:30,60.61
10/7/2022 15:45,60.61
10/7/2022 16:00,60.62
10/7/2022 16:15,60.63
10/7/2022 16:30,60.64
10/7/2022 16:45,60.65
10/7/2022 17:00,60.65
10/7/2022 17:15,60.65
10/7/2022 17:30,60.65
10/7/2022 17:45,60.65
10/7/2022 18:00,60.65
10/7/2022 18:15,60.65
10/7/2022 18:30,60.65
10/7/2022 18:45,60.65
10/7/2022 19:00,60.65
10/7/2022 19:15,60.65
10/7/2022 19:30,60.65
10/7/2022 19:45,60.64
10/7/2022 20:00,60.64
10/7/2022 20:15,60.63
10/7/2022 20:30,60.63
10/7/2022 20:45,60.61
10/7/2022 21:00,60.61
10/7/2022 21:15,60.59
10/7/2022 21:30,60.58
10/7/2022 21:45,60.58
10/7/2022 22:00,60.58
10/7/2022 22:15,60.58
10/7/2022 22:30,60.58
10/7/2022 22:45,60.58
10/7/2022 23:00,60.58
10/7/2022 23:15,60.57
10/7/2022 23:30,60.56
10/7/2022 23:45,60.56
10/8/2022 0:00,60.56
10/8/2022 0:15,60.56
10/8/2022 0:30,60.55
10/8/2022 0:45,60.55
10/8/2022 1:00,60.55
10/8/2022 1:15,60.55
10/8/2022 1:30,60.55
10/8/2022 1:45,60.55
10/8/2022 2:00,60.55
10/8/2022 2:15,60.55
10/8/2022 2:30,60.55
10/8/2022 2:45,60.55
10/8/2022 3:00,60.55
10/8/2022 3:15,60.55
10/8/2022 3:30,60.55
10/8/2022 3:45,60.55
10/8/2022 4:00,60.55
10/8/2022 4:15,60.55
10/8/2022 4:30,60.54
10/8/2022 4:45,60.54
10/8/2022 5:00,60.54
10/8/2022 5:15,60.54
10/8/2022 5:30,60.54
10/8/2022 5:45,60.54
10/8/2022 6:00,60.54
10/8/2022 6:15,60.55
10/8/2022 6:30,60.55
10/8/2022 6:45,60.55
10/8/2022 7:00,60.55
10/8/2022 7:15,60.55
10/8/2022 7:30,60.55
10/8/2022 7:45,60.55
10/8/2022 8:00,60.55
10/8/2022 8:15,60.55
10/8/2022 8:30,60.55
10/8/2022 8:45,60.55
10/8/2022 9:00,60.55
10/8/2022 9:15,60.56
10/8/2022 9:30,60.56
10/8/2022 9:45,60.56
10/8/2022 10:00,60.58
10/8/2022 10:15,60.58
10/8/2022 10:30,60.6
10/8/2022 10:45,60.61
10/8/2022 11:00,60.61
10/8/2022 11:15,60.61
10/8/2022 11:30,60.61
10/8/2022 11:45,60.61
10/8/2022 12:00,60.61
10/8/2022 12:15,60.61
10/8/2022 12:30,60.61
10/8/2022 12:45,60.62
10/8/2022 13:00,60.62
10/8/2022 13:15,60.63
10/8/2022 13:30,60.64
10/8/2022 13:45,60.64
10/8/2022 14:00,60.64
10/8/2022 14:15,60.66
10/8/2022 14:30,60.71
10/8/2022 14:45,60.75
10/8/2022 15:00,60.76
10/8/2022 15:15,60.76
10/8/2022 15:30,60.76
10/8/2022 15:45,60.76
10/8/2022 16:00,60.76
10/8/2022 16:15,60.77
10/8/2022 16:30,60.77
10/8/2022 16:45,60.77
10/8/2022 17:00,60.77
10/8/2022 17:15,60.77
10/8/2022 17:30,60.77
10/8/2022 17:45,60.77
10/8/2022 18:00,60.77
10/8/2022 18:15,60.75
10/8/2022 18:30,60.75
10/8/2022 18:45,60.75
10/8/2022 19:00,60.74
10/8/2022 19:15,60.74
10/8/2022 19:30,60.73
10/8/2022 19:45,60.73
10/8/2022 20:00,60.73
10/8/2022 20:15,60.73
10/8/2022 20:30,60.73
10/8/2022 20:45,60.73
10/8/2022 21:00,60.73
10/8/2022 21:15,60.73
10/8/2022 21:30,60.73
10/8/2022 21:45,60.73
10/8/2022 22:00,60.73
10/8/2022 22:15,60.72
10/8/2022 22:30,60.72
10/8/2022 22:45,60.72
10/8/2022 23:00,60.72
10/8/2022 23:15,60.73
10/8/2022 23:30,60.73
10/8/2022 23:45,60.73
10/9/2022 0:00,60.73
10/9/2022 0:15,60.73
10/9/2022 0:30,60.73
10/9/2022 0:45,60.73
10/9/2022 1:00,60.73
10/9/2022 1:15,60.72
10/9/2022 1:30,60.72
10/9/2022 1:45,60.71
10/9/2022 2:00,60.71
10/9/2022 2:15,60.7
10/9/2022 2:30,60.7
10/9/2022 2:45,60.7
10/9/2022 3:00,60.7
10/9/2022 3:15,60.7
10/9/2022 3:30,60.7
10/9/2022 3:45,60.7
10/9/2022 4:00,60.7
10/9/2022 4:15,60.7
10/9/2022 4:30,60.7
10/9/2022 4:45,60.7
10/9/2022 5:00,60.7
10/9/2022 5:15,60.7
10/9/2022 5:30,60.7
10/9/2022 5:45,60.71
10/9/2022 6:00,60.71
10/9/2022 6:15,60.71
10/9/2022 6:30,60.71
10/9/2022 6:45,60.71
10/9/2022 7:00,60.71
10/9/2022 7:15,60.71
10/9/2022 7:30,60.71
10/9/2022 7:45,60.71
10/9/2022 8:00,60.71
10/9/2022 8:15,60.71
10/9/2022 8:30,60.71
10/9/2022 8:45,60.71
10/9/2022 9:00,60.73
10/9/2022 9:15,60.74
10/9/2022 9:30,60.74
10/9/2022 9:45,60.74
10/9/2022 10:00,60.74
10/9/2022 10:15,60.74
10/9/2022 10:30,60.74
10/9/2022 10:45,60.74
10/9/2022 11:00,60.74
10/9/2022 11:15,60.74
10/9/2022 11:30,60.74
10/9/2022 11:45,60.74
10/9/2022 12:00,60.74
10/9/2022 12:15,60.74
10/9/2022 12:30,60.75
10/9/2022 12:45,60.75
10/9/2022 13:00,60.76
10/9/2022 13:15,60.78
10/9/2022 13:30,60.78
10/9/2022 13:45,60.78
10/9/2022 14:00,60.78
10/9/2022 14:15,60.78
10/9/2022 14:30,60.78
10/9/2022 14:45,60.78
10/9/2022 15:00,60.78
10/9/2022 15:15,60.78
10/9/2022 15:30,60.78
10/9/2022 15:45,60.78
10/9/2022 16:00,60.79
10/9/2022 16:15,60.79
10/9/2022 16:30,60.79
10/9/2022 16:45,60.79
10/9/2022 17:00,60.79
10/9/2022 17:15,60.79
10/9/2022 17:30,60.79
10/9/2022 17:45,60.79
10/9/2022 18:00,60.79
10/9/2022 18:15,60.78
10/9/2022 18:30,60.78
10/9/2022 18:45,60.78
10/9/2022 19:00,60.78
10/9/2022 19:15,60.79
10/9/2022 19:30,60.79
10/9/2022 19:45,60.79
10/9/2022 20:00,60.79
10/9/2022 20:15,60.79
10/9/2022 20:30,60.79
10/9/2022 20:45,60.79
10/9/2022 21:00,60.78
10/9/2022 21:15,60.76
10/9/2022 21:30,60.76
10/9/2022 21:45,60.76
10/9/2022 22:00,60.75
10/9/2022 22:15,60.75
10/9/2022 22:30,60.75
10/9/2022 22:45,60.74
10/9/2022 23:00,60.74
10/9/2022 23:15,60.74
10/9/2022 23:30,60.74
10/9/2022 23:45,60.73
10/10/2022 0:00,60.72
10/10/2022 0:15,60.71
10/10/2022 0:30,60.71
10/10/2022 0:45,60.71
10/10/2022 1:00,60.71
10/10/2022 1:15,60.71
10/10/2022 1:30,60.71
10/10/2022 1:45,60.71
10/10/2022 2:00,60.71
10/10/2022 2:15,60.71
10/10/2022 2:30,60.7
10/10/2022 2:45,60.69
10/10/2022 3:00,60.69
10/10/2022 3:15,60.69
10/10/2022 3:30,60.69
10/10/2022 3:45,60.69
10/10/2022 4:00,60.69
10/10/2022 4:15,60.69
10/10/2022 4:30,60.69
10/10/2022 4:45,60.69
10/10/2022 5:00,60.69
10/10/2022 5:15,60.69
10/10/2022 5:30,60.7
10/10/2022 5:45,60.7
10/10/2022 6:00,60.7
10/10/2022 6:15,60.7
10/10/2022 6:30,60.69
10/10/2022 6:45,60.68
10/10/2022 7:00,60.68
10/10/2022 7:15,60.68
10/10/2022 7:30,60.68
10/10/2022 7:45,60.68
10/10/2022 8:00,60.67
10/10/2022 8:15,60.67
10/10/2022 8:30,60.67
10/10/2022 8:45,60.67
10/10/2022 9:00,60.65
10/10/2022 9:15,60.65
10/10/2022 9:30,60.65
10/10/2022 9:45,60.65
10/10/2022 10:00,60.68
10/10/2022 10:15,60.68
10/10/2022 10:30,60.68
10/10/2022 10:45,60.68
10/10/2022 11:00,60.7
10/10/2022 11:15,60.7
10/10/2022 11:30,60.7
10/10/2022 11:45,60.7
10/10/2022 12:00,60.72
10/10/2022 12:15,60.73
10/10/2022 12:30,60.74
10/10/2022 12:45,60.75
10/10/2022 13:00,60.76
10/10/2022 13:15,60.76
10/10/2022 13:30,60.77
10/10/2022 13:45,60.77
10/10/2022 14:00,60.78
10/10/2022 14:15,60.78
10/10/2022 14:30,60.81
10/10/2022 14:45,60.84
10/10/2022 15:00,60.87
10/10/2022 15:15,60.88
10/10/2022 15:30,60.88
10/10/2022 15:45,60.91
10/10/2022 16:00,60.93
10/10/2022 16:15,60.95
10/10/2022 16:30,60.97
10/10/2022 16:45,60.98
10/10/2022 17:00,61
10/10/2022 17:15,61.02
10/10/2022 17:30,61.04
10/10/2022 17:45,61.04
10/10/2022 18:00,61.04
10/10/2022 18:15,61.05
10/10/2022 18:30,61.06
10/10/2022 18:45,61.06
10/10/2022 19:00,61.07
10/10/2022 19:15,61.08
10/10/2022 19:30,61.08
10/10/2022 19:45,61.09
10/10/2022 20:00,61.09
10/10/2022 20:15,61.1
10/10/2022 20:30,61.1
10/10/2022 20:45,61.1
10/10/2022 21:00,61.1
10/10/2022 21:15,61.1
10/10/2022 21:30,61.1
10/10/2022 21:45,61.1
10/10/2022 22:00,61.1
10/10/2022 22:15,61.1
10/10/2022 22:30,61.09
10/10/2022 22:45,61.09
10/10/2022 23:00,61.09
10/10/2022 23:15,61.09
10/10/2022 23:30,61.09
10/10/2022 23:45,61.09
10/11/2022 0:00,61.09
10/11/2022 0:15,61.09
10/11/2022 0:30,61.08
10/11/2022 0:45,61.08
10/11/2022 1:00,61.08
10/11/2022 1:15,61.08
10/11/2022 1:30,61.08
10/11/2022 1:45,61.08
10/11/2022 2:00,61.07
10/11/2022 2:15,61.05
10/11/2022 2:30,61.05
10/11/2022 2:45,61.04
10/11/2022 3:00,61.04
10/11/2022 3:15,61.04
10/11/2022 3:30,61.04
10/11/2022 3:45,61.04
10/11/2022 4:00,61.04
10/11/2022 4:15,61.04
10/11/2022 4:30,61.04
10/11/2022 4:45,61.04
10/11/2022 5:00,61.04
10/11/2022 5:15,61.04
10/11/2022 5:30,61.02
10/11/2022 5:45,61.01
10/11/2022 6:00,60.99
10/11/2022 6:15,60.99
10/11/2022 6:30,60.99
10/11/2022 6:45,60.99
10/11/2022 7:00,60.99
10/11/2022 7:15,60.99
10/11/2022 7:30,60.99
10/11/2022 7:45,60.99
10/11/2022 8:00,60.99
10/11/2022 8:15,60.98
10/11/2022 8:30,60.98
10/11/2022 8:45,60.98
10/11/2022 9:00,60.96
10/11/2022 9:15,60.95
10/11/2022 9:30,60.95
10/11/2022 9:45,60.95
10/11/2022 10:00,60.95
10/11/2022 10:15,60.95
10/11/2022 10:30,60.95
10/11/2022 10:45,60.95
10/11/2022 11:00,60.96
10/11/2022 11:15,60.97
10/11/2022 11:30,60.97
10/11/2022 11:45,60.98
10/11/2022 12:00,61
10/11/2022 12:15,61
10/11/2022 12:30,61.01
10/11/2022 12:45,61.01
10/11/2022 13:00,61.02
10/11/2022 13:15,61.02
10/11/2022 13:30,61.03
10/11/2022 13:45,61.05
10/11/2022 14:00,61.06
10/11/2022 14:15,61.08
10/11/2022 14:30,61.1
10/11/2022 14:45,61.11
10/11/2022 15:00,61.11
10/11/2022 15:15,61.12
10/11/2022 15:30,61.12
10/11/2022 15:45,61.13
10/11/2022 16:00,61.13
10/11/2022 16:15,61.14
10/11/2022 16:30,61.14
10/11/2022 16:45,61.14
10/11/2022 17:00,61.14
10/11/2022 17:15,61.13
10/11/2022 17:30,61.12
10/11/2022 17:45,61.12
10/11/2022 18:00,61.12
10/11/2022 18:15,61.12
10/11/2022 18:30,61.12
10/11/2022 18:45,61.12
10/11/2022 19:00,61.12
10/11/2022 19:15,61.11
10/11/2022 19:30,61.11
10/11/2022 19:45,61.11
10/11/2022 20:00,61.1
10/11/2022 20:15,61.07
10/11/2022 20:30,61.07
10/11/2022 20:45,61.07
10/11/2022 21:00,61.05
10/11/2022 21:15,61.04
10/11/2022 21:30,61.04
10/11/2022 21:45,61.02
10/11/2022 22:00,61.01
10/11/2022 22:15,61.01
10/11/2022 22:30,61
10/11/2022 22:45,61
10/11/2022 23:00,60.99
10/11/2022 23:15,60.99
10/11/2022 23:30,60.99
10/11/2022 23:45,60.99
10/12/2022 0:00,60.99
10/12/2022 0:15,60.99
10/12/2022 0:30,60.99
10/12/2022 0:45,60.99
10/12/2022 1:00,60.98
10/12/2022 1:15,60.98
10/12/2022 1:30,60.98
10/12/2022 1:45,60.98
10/12/2022 2:00,60.98
10/12/2022 2:15,60.98
10/12/2022 2:30,60.97
10/12/2022 2:45,60.97
10/12/2022 3:00,60.97
10/12/2022 3:15,60.95
10/12/2022 3:30,60.95
10/12/2022 3:45,60.95
10/12/2022 4:00,60.94
10/12/2022 4:15,60.94
10/12/2022 4:30,60.94
10/12/2022 4:45,60.94
10/12/2022 5:00,60.94
10/12/2022 5:15,60.94
10/12/2022 5:30,60.94
10/12/2022 5:45,60.94
10/12/2022 6:00,60.94
10/12/2022 6:15,60.94
10/12/2022 6:30,60.93
10/12/2022 6:45,60.93
10/12/2022 7:00,60.93
10/12/2022 7:15,60.93
10/12/2022 7:30,60.93
10/12/2022 7:45,60.93
10/12/2022 8:00,60.93
10/12/2022 8:15,60.93
10/12/2022 8:30,60.93
10/12/2022 8:45,60.93
10/12/2022 9:00,60.93
10/12/2022 9:15,60.93
10/12/2022 9:30,60.94
10/12/2022 9:45,60.95
10/12/2022 10:00,60.95
10/12/2022 10:15,61.03
10/12/2022 10:30,61.12
10/12/2022 10:45,61.13
10/12/2022 11:00,61.17
10/12/2022 11:15,61.17
10/12/2022 11:30,61.17
10/12/2022 11:45,61.17
10/12/2022 12:00,61.17
10/12/2022 12:15,61.17
10/12/2022 12:30,61.17
10/12/2022 12:45,61.17
10/12/2022 13:00,61.17
10/12/2022 13:15,61.17
10/12/2022 13:30,60.92
10/12/2022 13:45,60.6
10/12/2022 14:00,60.58
10/12/2022 14:15,60.58
10/12/2022 14:30,60.57
10/12/2022 14:45,60.56
10/12/2022 15:00,60.56
10/12/2022 15:15,60.56
10/12/2022 15:30,60.55
10/12/2022 15:45,60.55
10/12/2022 16:00,60.55
10/12/2022 16:15,60.55
10/12/2022 16:30,60.55
10/12/2022 16:45,60.55
10/12/2022 17:00,60.55
10/12/2022 17:15,60.55
10/12/2022 17:30,60.55
10/12/2022 17:45,60.55
10/12/2022 18:00,60.55
10/12/2022 18:15,60.55
10/12/2022 18:30,60.55
10/12/2022 18:45,60.55
10/12/2022 19:00,60.54
10/12/2022 19:15,60.52
10/12/2022 19:30,60.51
10/12/2022 19:45,60.51
10/12/2022 20:00,60.51
10/12/2022 20:15,60.51
10/12/2022 20:30,60.5
10/12/2022 20:45,60.5
10/12/2022 21:00,60.49
10/12/2022 21:15,60.49
10/12/2022 21:30,60.48
10/12/2022 21:45,60.47
10/12/2022 22:00,60.47
10/12/2022 22:15,60.46
10/12/2022 22:30,60.46
10/12/2022 22:45,60.46
10/12/2022 23:00,60.46
10/12/2022 23:15,60.46
10/12/2022 23:30,60.46
10/12/2022 23:45,60.46
10/13/2022 0:00,60.46
10/13/2022 0:15,60.45
10/13/2022 0:30,60.45
10/13/2022 0:45,60.45
10/13/2022 1:00,60.45
10/13/2022 1:15,60.45
10/13/2022 1:30,60.45
10/13/2022 1:45,60.44
10/13/2022 2:00,60.43
10/13/2022 2:15,60.43
10/13/2022 2:30,60.43
10/13/2022 2:45,60.43
10/13/2022 3:00,60.43
10/13/2022 3:15,60.43
10/13/2022 3:30,60.43
10/13/2022 3:45,60.42
10/13/2022 4:00,60.42
10/13/2022 4:15,60.41
10/13/2022 4:30,60.41
10/13/2022 4:45,60.41
10/13/2022 5:00,60.41
10/13/2022 5:15,60.41
10/13/2022 5:30,60.41
10/13/2022 5:45,60.42
10/13/2022 6:00,60.42
10/13/2022 6:15,60.42
10/13/2022 6:30,60.43
10/13/2022 6:45,60.43
10/13/2022 7:00,60.43
10/13/2022 7:15,60.43
10/13/2022 7:30,60.43
10/13/2022 7:45,60.43
10/13/2022 8:00,60.43
10/13/2022 8:15,60.43
10/13/2022 8:30,60.43
10/13/2022 8:45,60.43
10/13/2022 9:00,60.43
10/13/2022 9:15,60.44
10/13/2022 9:30,60.44
10/13/2022 9:45,60.46
10/13/2022 10:00,60.46
10/13/2022 10:15,60.46
10/13/2022 10:30,60.46
10/13/2022 10:45,60.46
10/13/2022 11:00,60.44
10/13/2022 11:15,60.44
10/13/2022 11:30,60.43
10/13/2022 11:45,60.43
10/13/2022 12:00,60.43
10/13/2022 12:15,60.43
10/13/2022 12:30,60.44
10/13/2022 12:45,60.45
10/13/2022 13:00,60.46
10/13/2022 13:15,60.47
10/13/2022 13:30,60.47
10/13/2022 13:45,60.47
10/13/2022 14:00,60.47
10/13/2022 14:15,60.44
10/13/2022 14:30,60.44
10/13/2022 14:45,60.44
10/13/2022 15:00,60.42
10/13/2022 15:15,60.42
10/13/2022 15:30,60.42
10/13/2022 15:45,60.42
10/13/2022 16:00,60.42
10/13/2022 16:15,60.42
10/13/2022 16:30,60.42
10/13/2022 16:45,60.42
10/13/2022 17:00,60.42
10/13/2022 17:15,60.42
10/13/2022 17:30,60.41
10/13/2022 17:45,60.41
10/13/2022 18:00,60.41
10/13/2022 18:15,60.41
10/13/2022 18:30,60.41
10/13/2022 18:45,60.41
10/13/2022 19:00,60.4
10/13/2022 19:15,60.4
10/13/2022 19:30,60.39
10/13/2022 19:45,60.39
10/13/2022 20:00,60.39
10/13/2022 20:15,60.39
10/13/2022 20:30,60.38
10/13/2022 20:45,60.38
10/13/2022 21:00,60.38
10/13/2022 21:15,60.38
10/13/2022 21:30,60.38
10/13/2022 21:45,60.38
10/13/2022 22:00,60.38
10/13/2022 22:15,60.38
10/13/2022 22:30,60.38
10/13/2022 22:45,60.38
10/13/2022 23:00,60.38
10/13/2022 23:15,60.38
10/13/2022 23:30,60.38
10/13/2022 23:45,60.37
10/14/2022 0:00,60.37
10/14/2022 0:15,60.37
10/14/2022 0:30,60.35
10/14/2022 0:45,60.35
10/14/2022 1:00,60.35
10/14/2022 1:15,60.34
10/14/2022 1:30,60.34
10/14/2022 1:45,60.34
10/14/2022 2:00,60.34
10/14/2022 2:15,60.32
10/14/2022 2:30,60.31
10/14/2022 2:45,60.31
10/14/2022 3:00,60.31
10/14/2022 3:15,60.31
10/14/2022 3:30,60.31
10/14/2022 3:45,60.31
10/14/2022 4:00,60.31
10/14/2022 4:15,60.31
10/14/2022 4:30,60.31
10/14/2022 4:45,60.31
10/14/2022 5:00,60.32
10/14/2022 5:15,60.32
10/14/2022 5:30,60.32
10/14/2022 5:45,60.32
10/14/2022 6:00,60.32
10/14/2022 6:15,60.32
10/14/2022 6:30,60.32
10/14/2022 6:45,60.33
10/14/2022 7:00,60.33
10/14/2022 7:15,60.33
10/14/2022 7:30,60.34
10/14/2022 7:45,60.35
10/14/2022 8:00,60.35
10/14/2022 8:15,60.35
10/14/2022 8:30,60.35
10/14/2022 8:45,60.36
10/14/2022 9:00,60.36
10/14/2022 9:15,60.37
10/14/2022 9:30,60.38
10/14/2022 9:45,60.39
10/14/2022 10:00,60.4
10/14/2022 10:15,60.4
10/14/2022 10:30,60.4
10/14/2022 10:45,60.42
10/14/2022 11:00,60.44
10/14/2022 11:15,60.44
10/14/2022 11:30,60.45
10/14/2022 11:45,60.45
10/14/2022 12:00,60.46
10/14/2022 12:15,60.47
10/14/2022 12:30,60.48
10/14/2022 12:45,60.49
10/14/2022 13:00,60.49
10/14/2022 13:15,60.49
10/14/2022 13:30,60.51
10/14/2022 13:45,60.51
10/14/2022 14:00,60.51
10/14/2022 14:15,60.51
10/14/2022 14:30,60.51
10/14/2022 14:45,60.49
10/14/2022 15:00,60.49
10/14/2022 15:15,60.49
10/14/2022 15:30,60.49
10/14/2022 15:45,60.48
10/14/2022 16:00,60.48
10/14/2022 16:15,60.48
10/14/2022 16:30,60.46
10/14/2022 16:45,60.46
10/14/2022 17:00,60.44
10/14/2022 17:15,60.44
10/14/2022 17:30,60.44
10/14/2022 17:45,60.43
10/14/2022 18:00,60.42
10/14/2022 18:15,60.41
10/14/2022 18:30,60.41
10/14/2022 18:45,60.4
10/14/2022 19:00,60.4
10/14/2022 19:15,60.4
10/14/2022 19:30,60.39
10/14/2022 19:45,60.39
10/14/2022 20:00,60.38
10/14/2022 20:15,60.37
10/14/2022 20:30,60.35
10/14/2022 20:45,60.35
10/14/2022 21:00,60.35
10/14/2022 21:15,60.34
10/14/2022 21:30,60.34
10/14/2022 21:45,60.34
10/14/2022 22:00,60.33
10/14/2022 22:15,60.33
10/14/2022 22:30,60.32
10/14/2022 22:45,60.31
10/14/2022 23:00,60.31
10/14/2022 23:15,60.31
10/14/2022 23:30,60.31
10/14/2022 23:45,60.31
10/15/2022 0:00,60.31
10/15/2022 0:15,60.31
10/15/2022 0:30,60.31
10/15/2022 0:45,60.31
10/15/2022 1:00,60.31
10/15/2022 1:15,60.31
10/15/2022 1:30,60.31
10/15/2022 1:45,60.31
10/15/2022 2:00,60.31
10/15/2022 2:15,60.31
10/15/2022 2:30,60.32
10/15/2022 2:45,60.32
10/15/2022 3:00,60.32
10/15/2022 3:15,60.32
10/15/2022 3:30,60.32
10/15/2022 3:45,60.32
10/15/2022 4:00,60.32
10/15/2022 4:15,60.32
10/15/2022 4:30,60.32
10/15/2022 4:45,60.31
10/15/2022 5:00,60.31
10/15/2022 5:15,60.31
10/15/2022 5:30,60.31
10/15/2022 5:45,60.31
10/15/2022 6:00,60.3
10/15/2022 6:15,60.3
10/15/2022 6:30,60.3
10/15/2022 6:45,60.3
10/15/2022 7:00,60.3
10/15/2022 7:15,60.3
10/15/2022 7:30,60.3
10/15/2022 7:45,60.3
10/15/2022 8:00,60.3
10/15/2022 8:15,60.3
10/15/2022 8:30,60.3
10/15/2022 8:45,60.3
10/15/2022 9:00,60.31
10/15/2022 9:15,60.31
10/15/2022 9:30,60.31
10/15/2022 9:45,60.31
10/15/2022 10:00,60.32
10/15/2022 10:15,60.34
10/15/2022 10:30,60.36
10/15/2022 10:45,60.37
10/15/2022 11:00,60.39
10/15/2022 11:15,60.41
10/15/2022 11:30,60.42
10/15/2022 11:45,60.42
10/15/2022 12:00,60.42
10/15/2022 12:15,60.42
10/15/2022 12:30,60.43
10/15/2022 12:45,60.44
10/15/2022 13:00,60.44
10/15/2022 13:15,60.44
10/15/2022 13:30,60.45
10/15/2022 13:45,60.46
10/15/2022 14:00,60.46
10/15/2022 14:15,60.46
10/15/2022 14:30,60.46
10/15/2022 14:45,60.46
10/15/2022 15:00,60.46
10/15/2022 15:15,60.46
10/15/2022 15:30,60.46
10/15/2022 15:45,60.46
10/15/2022 16:00,60.46
10/15/2022 16:15,60.46
10/15/2022 16:30,60.46
10/15/2022 16:45,60.46
10/15/2022 17:00,60.46
10/15/2022 17:15,60.45
10/15/2022 17:30,60.43
10/15/2022 17:45,60.42
10/15/2022 18:00,60.42
10/15/2022 18:15,60.42
10/15/2022 18:30,60.42
10/15/2022 18:45,60.42
10/15/2022 19:00,60.42
10/15/2022 19:15,60.42
10/15/2022 19:30,60.42
10/15/2022 19:45,60.42
10/15/2022 20:00,60.42
10/15/2022 20:15,60.42
10/15/2022 20:30,60.42
10/15/2022 20:45,60.43
10/15/2022 21:00,60.43
10/15/2022 21:15,60.43
10/15/2022 21:30,60.43
10/15/2022 21:45,60.43
10/15/2022 22:00,60.43
10/15/2022 22:15,60.43
10/15/2022 22:30,60.43
10/15/2022 22:45,60.43
10/15/2022 23:00,60.43
10/15/2022 23:15,60.44
10/15/2022 23:30,60.44
10/15/2022 23:45,60.45
10/16/2022 0:00,60.46
10/16/2022 0:15,60.47
10/16/2022 0:30,60.49
10/16/2022 0:45,60.51
10/16/2022 1:00,60.52
10/16/2022 1:15,60.53
10/16/2022 1:30,60.56
10/16/2022 1:45,60.61
10/16/2022 2:00,60.67
10/16/2022 2:15,60.67
10/16/2022 2:30,60.7
10/16/2022 2:45,60.72
10/16/2022 3:00,60.73
10/16/2022 3:15,60.75
10/16/2022 3:30,60.75
10/16/2022 3:45,60.76
10/16/2022 4:00,60.77
10/16/2022 4:15,60.78
10/16/2022 4:30,60.79
10/16/2022 4:45,60.79
10/16/2022 5:00,60.79
10/16/2022 5:15,60.79
10/16/2022 5:30,60.82
10/16/2022 5:45,60.82
10/16/2022 6:00,60.86
10/16/2022 6:15,60.86
10/16/2022 6:30,60.86
10/16/2022 6:45,60.87
10/16/2022 7:00,60.87
10/16/2022 7:15,60.88
10/16/2022 7:30,60.88
10/16/2022 7:45,60.88
10/16/2022 8:00,60.88
10/16/2022 8:15,60.88
10/16/2022 8:30,60.88
10/16/2022 8:45,60.88
10/16/2022 9:00,60.87
10/16/2022 9:15,60.87
10/16/2022 9:30,60.87
10/16/2022 9:45,60.86
10/16/2022 10:00,60.86
10/16/2022 10:15,60.85
10/16/2022 10:30,60.85
10/16/2022 10:45,60.85
10/16/2022 11:00,60.83
10/16/2022 11:15,60.83
10/16/2022 11:30,60.83
10/16/2022 11:45,60.83
10/16/2022 12:00,60.83
10/16/2022 12:15,60.83
10/16/2022 12:30,60.83
10/16/2022 12:45,60.83
10/16/2022 13:00,60.83
10/16/2022 13:15,60.83
10/16/2022 13:30,60.84
10/16/2022 13:45,60.84
10/16/2022 14:00,60.85
10/16/2022 14:15,60.85
10/16/2022 14:30,60.85
10/16/2022 14:45,60.85
10/16/2022 15:00,60.85
10/16/2022 15:15,65.23
10/16/2022 15:30,70.06
10/16/2022 15:45,73.27
10/16/2022 16:00,73.47
10/16/2022 16:15,73.47
10/16/2022 16:30,73.47
10/16/2022 16:45,73.47
10/16/2022 17:00,72.13
10/16/2022 17:15,70.7
10/16/2022 17:30,69.38
10/16/2022 17:45,67.97
10/16/2022 18:00,66.78
10/16/2022 18:15,65.7
10/16/2022 18:30,65.26
10/16/2022 18:45,64.44
10/16/2022 19:00,63.73
10/16/2022 19:15,63.14
10/16/2022 19:30,62.7
10/16/2022 19:45,62.33
10/16/2022 20:00,62.04
10/16/2022 20:15,61.81
10/16/2022 20:30,61.6
10/16/2022 20:45,61.4
10/16/2022 21:00,61.25
10/16/2022 21:15,61.18
10/16/2022 21:30,61.07
10/16/2022 21:45,60.96
10/16/2022 22:00,60.91
10/16/2022 22:15,60.88
10/16/2022 22:30,60.86
10/16/2022 22:45,60.85
10/16/2022 23:00,60.83
10/16/2022 23:15,60.83
10/16/2022 23:30,60.82
10/16/2022 23:45,60.8
10/17/2022 0:00,60.79
10/17/2022 0:15,60.78
10/17/2022 0:30,60.78
10/17/2022 0:45,60.78
10/17/2022 1:00,60.78
10/17/2022 1:15,60.76
10/17/2022 1:30,60.74
10/17/2022 1:45,60.72
10/17/2022 2:00,60.7
10/17/2022 2:15,60.7
10/17/2022 2:30,60.7
10/17/2022 2:45,60.7
10/17/2022 3:00,60.7
10/17/2022 3:15,60.7
10/17/2022 3:30,60.68
10/17/2022 3:45,60.68
10/17/2022 4:00,60.68
10/17/2022 4:15,60.68
10/17/2022 4:30,60.68
10/17/2022 4:45,60.68
10/17/2022 5:00,60.68
10/17/2022 5:15,60.7
10/17/2022 5:30,60.71
10/17/2022 5:45,60.71
10/17/2022 6:00,60.73
10/17/2022 6:15,60.77
10/17/2022 6:30,60.78
10/17/2022 6:45,60.8
10/17/2022 7:00,60.83
10/17/2022 7:15,60.85
10/17/2022 7:30,60.88
10/17/2022 7:45,60.9
10/17/2022 8:00,60.9
10/17/2022 8:15,60.91
10/17/2022 8:30,60.91
10/17/2022 8:45,60.93
10/17/2022 9:00,60.93
10/17/2022 9:15,60.93
10/17/2022 9:30,60.93
10/17/2022 9:45,60.93
10/17/2022 10:00,60.93
10/17/2022 10:15,60.94
10/17/2022 10:30,60.94
10/17/2022 10:45,60.94
10/17/2022 11:00,60.94
10/17/2022 11:15,60.95
10/17/2022 11:30,60.95
10/17/2022 11:45,60.95
10/17/2022 12:00,60.95
10/17/2022 12:15,60.95
10/17/2022 12:30,60.96
10/17/2022 12:45,60.97
10/17/2022 13:00,60.97
10/17/2022 13:15,60.98
10/17/2022 13:30,60.99
10/17/2022 13:45,61
10/17/2022 14:00,61
10/17/2022 14:15,61
10/17/2022 14:30,61.01
10/17/2022 14:45,61.01
10/17/2022 15:00,61.01
10/17/2022 15:15,61.01
10/17/2022 15:30,61.01
10/17/2022 15:45,61.01
10/17/2022 16:00,61.01
10/17/2022 16:15,61.01
10/17/2022 16:30,61.01
10/17/2022 16:45,61.01
10/17/2022 17:00,61.01
10/17/2022 17:15,61.01
10/17/2022 17:30,61.01
10/17/2022 17:45,61.01
10/17/2022 18:00,61.01
10/17/2022 18:15,61.01
10/17/2022 18:30,61.01
10/17/2022 18:45,61.01
10/17/2022 19:00,61.01
10/17/2022 19:15,61.01
10/17/2022 19:30,61.01
10/17/2022 19:45,61.02
10/17/2022 20:00,61.03
10/17/2022 20:15,61.04
10/17/2022 20:30,61.04
10/17/2022 20:45,61.04
10/17/2022 21:00,61.04
10/17/2022 21:15,61.04
10/17/2022 21:30,61.05
10/17/2022 21:45,61.05
10/17/2022 22:00,61.06
10/17/2022 22:15,61.06
10/17/2022 22:30,61.06
10/17/2022 22:45,61.06
10/17/2022 23:00,61.05
10/17/2022 23:15,61.05
10/17/2022 23:30,61.05
10/17/2022 23:45,61.04
10/18/2022 0:00,61.04
10/18/2022 0:15,61.04
10/18/2022 0:30,61.04
10/18/2022 0:45,61.05
10/18/2022 1:00,61.05
10/18/2022 1:15,61.05
10/18/2022 1:30,61.05
10/18/2022 1:45,61.05
10/18/2022 2:00,61.05
10/18/2022 2:15,61.05
10/18/2022 2:30,61.05
10/18/2022 2:45,61.05
10/18/2022 3:00,61.05
10/18/2022 3:15,61.05
10/18/2022 3:30,61.05
10/18/2022 3:45,61.05
10/18/2022 4:00,61.07
10/18/2022 4:15,61.07
10/18/2022 4:30,61.07
10/18/2022 4:45,61.07
10/18/2022 5:00,61.07
10/18/2022 5:15,61.07
10/18/2022 5:30,61.07
10/18/2022 5:45,61.06
10/18/2022 6:00,61.04
10/18/2022 6:15,61.03
10/18/2022 6:30,61.03
10/18/2022 6:45,61.03
10/18/2022 7:00,61.02
10/18/2022 7:15,61.01
10/18/2022 7:30,61.01
10/18/2022 7:45,61
10/18/2022 8:00,61
10/18/2022 8:15,61
10/18/2022 8:30,61
10/18/2022 8:45,60.98
10/18/2022 9:00,60.95
10/18/2022 9:15,60.94
10/18/2022 9:30,60.94
10/18/2022 9:45,60.93
10/18/2022 10:00,60.93
10/18/2022 10:15,60.93
10/18/2022 10:30,60.93
10/18/2022 10:45,60.91
10/18/2022 11:00,60.91
10/18/2022 11:15,60.91
10/18/2022 11:30,60.91
10/18/2022 11:45,60.91
10/18/2022 12:00,60.91
10/18/2022 12:15,60.91
10/18/2022 12:30,60.92
10/18/2022 12:45,60.92
10/18/2022 13:00,60.92
10/18/2022 13:15,60.92
10/18/2022 13:30,60.93
10/18/2022 13:45,60.93
10/18/2022 14:00,60.94
10/18/2022 14:15,60.95
10/18/2022 14:30,60.97
10/18/2022 14:45,60.98
10/18/2022 15:00,60.98
10/18/2022 15:15,61
10/18/2022 15:30,61.01
10/18/2022 15:45,61.02
10/18/2022 16:00,61.06
10/18/2022 16:15,61.11
10/18/2022 16:30,61.13
10/18/2022 16:45,61.15
10/18/2022 17:00,61.15
10/18/2022 17:15,61.16
10/18/2022 17:30,61.16
10/18/2022 17:45,61.16
10/18/2022 18:00,61.16
10/18/2022 18:15,61.18
10/18/2022 18:30,61.19
10/18/2022 18:45,61.19
10/18/2022 19:00,61.19
10/18/2022 19:15,61.19
10/18/2022 19:30,61.19
10/18/2022 19:45,61.19
10/18/2022 20:00,61.19
10/18/2022 20:15,61.18
10/18/2022 20:30,61.16
10/18/2022 20:45,61.16
10/18/2022 21:00,61.16
10/18/2022 21:15,61.16
10/18/2022 21:30,61.16
10/18/2022 21:45,61.15
10/18/2022 22:00,61.15
10/18/2022 22:15,61.15
10/18/2022 22:30,61.15
10/18/2022 22:45,61.15
10/18/2022 23:00,61.15
10/18/2022 23:15,61.15
10/18/2022 23:30,61.15
10/18/2022 23:45,61.15
10/19/2022 0:00,61.15
10/19/2022 0:15,61.16
10/19/2022 0:30,61.16
10/19/2022 0:45,61.17
10/19/2022 1:00,61.17
10/19/2022 1:15,61.17
10/19/2022 1:30,61.17
10/19/2022 1:45,61.17
10/19/2022 2:00,61.17
10/19/2022 2:15,61.17
10/19/2022 2:30,61.17
10/19/2022 2:45,61.17
10/19/2022 3:00,61.16
10/19/2022 3:15,61.16
10/19/2022 3:30,61.16
10/19/2022 3:45,61.16
10/19/2022 4:00,61.16
10/19/2022 4:15,61.15
10/19/2022 4:30,61.15
10/19/2022 4:45,61.15
10/19/2022 5:00,61.15
10/19/2022 5:15,61.15
10/19/2022 5:30,61.15
10/19/2022 5:45,61.15
10/19/2022 6:00,61.15
10/19/2022 6:15,61.14
10/19/2022 6:30,61.14
10/19/2022 6:45,61.14
10/19/2022 7:00,61.14
10/19/2022 7:15,61.14
10/19/2022 7:30,61.14
10/19/2022 7:45,61.13
10/19/2022 8:00,61.12
10/19/2022 8:15,61.11
10/19/2022 8:30,61.11
10/19/2022 8:45,61.1
10/19/2022 9:00,61.08
10/19/2022 9:15,61.06
10/19/2022 9:30,61.05
10/19/2022 9:45,61.04
10/19/2022 10:00,61.01
10/19/2022 10:15,61
10/19/2022 10:30,60.98
10/19/2022 10:45,60.93
10/19/2022 11:00,60.93
10/19/2022 11:15,60.93
10/19/2022 11:30,60.89
10/19/2022 11:45,60.89
10/19/2022 12:00,60.89
10/19/2022 12:15,60.89
10/19/2022 12:30,60.89
10/19/2022 12:45,60.89
10/19/2022 13:00,60.89
10/19/2022 13:15,60.91
10/19/2022 13:30,60.91
10/19/2022 13:45,60.94
10/19/2022 14:00,60.97
10/19/2022 14:15,61.06
10/19/2022 14:30,61.12
10/19/2022 14:45,61.14
10/19/2022 15:00,61.14
10/19/2022 15:15,61.14
10/19/2022 15:30,61.15
10/19/2022 15:45,61.15
10/19/2022 16:00,61.15
10/19/2022 16:15,61.15
10/19/2022 16:30,61.15
10/19/2022 16:45,61.15
10/19/2022 17:00,61.15
10/19/2022 17:15,61.14
10/19/2022 17:30,61.14
10/19/2022 17:45,61.14
10/19/2022 18:00,61.14
10/19/2022 18:15,61.14
10/19/2022 18:30,61.13
10/19/2022 18:45,61.13
10/19/2022 19:00,61.13
10/19/2022 19:15,61.12
10/19/2022 19:30,61.12
10/19/2022 19:45,61.12
10/19/2022 20:00,61.12
10/19/2022 20:15,61.12
10/19/2022 20:30,61.1
10/19/2022 20:45,61.1
10/19/2022 21:00,61.1
10/19/2022 21:15,61.1
10/19/2022 21:30,61.09
10/19/2022 21:45,61.09
10/19/2022 22:00,61.09
10/19/2022 22:15,61.09
10/19/2022 22:30,61.09
10/19/2022 22:45,61.09
10/19/2022 23:00,61.09
10/19/2022 23:15,61.1
10/19/2022 23:30,61.1
10/19/2022 23:45,61.1
10/20/2022 0:00,61.1
10/20/2022 0:15,61.1
10/20/2022 0:30,61.1
10/20/2022 0:45,61.09
10/20/2022 1:00,61.09
10/20/2022 1:15,61.09
10/20/2022 1:30,61.09
10/20/2022 1:45,61.09
10/20/2022 2:00,61.09
10/20/2022 2:15,61.09
10/20/2022 2:30,61.1
10/20/2022 2:45,61.1
10/20/2022 3:00,61.1
10/20/2022 3:15,61.1
10/20/2022 3:30,61.1
10/20/2022 3:45,61.09
10/20/2022 4:00,61.09
10/20/2022 4:15,61.08
10/20/2022 4:30,61.08
10/20/2022 4:45,61.08
10/20/2022 5:00,61.08
10/20/2022 5:15,61.08
10/20/2022 5:30,61.08
10/20/2022 5:45,61.08
10/20/2022 6:00,61.08
10/20/2022 6:15,61.08
10/20/2022 6:30,61.08
10/20/2022 6:45,61.08
10/20/2022 7:00,61.08
10/20/2022 7:15,61.08
10/20/2022 7:30,61.07
10/20/2022 7:45,61.06
10/20/2022 8:00,61.05
10/20/2022 8:15,61.04
10/20/2022 8:30,61.03
10/20/2022 8:45,61
10/20/2022 9:00,60.97
10/20/2022 9:15,60.94
10/20/2022 9:30,60.94
10/20/2022 9:45,60.94
10/20/2022 10:00,60.94
10/20/2022 10:15,60.94
10/20/2022 10:30,60.94
10/20/2022 10:45,60.94
10/20/2022 11:00,60.94
10/20/2022 11:15,60.94
10/20/2022 11:30,60.94
10/20/2022 11:45,60.94
10/20/2022 12:00,60.9
10/20/2022 12:15,60.9
10/20/2022 12:30,60.9
10/20/2022 12:45,60.9
10/20/2022 13:00,60.9
10/20/2022 13:15,60.9
10/20/2022 13:30,60.89
10/20/2022 13:45,60.89
10/20/2022 14:00,60.72
10/20/2022 14:15,60.53
10/20/2022 14:30,60.53
10/20/2022 14:45,60.51
10/20/2022 15:00,60.51
10/20/2022 15:15,60.49
10/20/2022 15:30,60.49
10/20/2022 15:45,60.49
10/20/2022 16:00,60.49
10/20/2022 16:15,60.48
10/20/2022 16:30,60.48
10/20/2022 16:45,60.48
10/20/2022 17:00,60.48
10/20/2022 17:15,60.48
10/20/2022 17:30,60.48
10/20/2022 17:45,60.48
10/20/2022 18:00,60.47
10/20/2022 18:15,60.47
10/20/2022 18:30,60.46
10/20/2022 18:45,60.45
10/20/2022 19:00,60.44
10/20/2022 19:15,60.43
10/20/2022 19:30,60.42
10/20/2022 19:45,60.42
10/20/2022 20:00,60.41
10/20/2022 20:15,60.41
10/20/2022 20:30,60.4
10/20/2022 20:45,60.39
10/20/2022 21:00,60.39
10/20/2022 21:15,60.39
10/20/2022 21:30,60.39
10/20/2022 21:45,60.38
10/20/2022 22:00,60.38
10/20/2022 22:15,60.38
10/20/2022 22:30,60.37
10/20/2022 22:45,60.36
10/20/2022 23:00,60.36
10/20/2022 23:15,60.36
10/20/2022 23:30,60.36
10/20/2022 23:45,60.36
10/21/2022 0:00,60.36
10/21/2022 0:15,60.35
10/21/2022 0:30,60.35
10/21/2022 0:45,60.35
10/21/2022 1:00,60.35
10/21/2022 1:15,60.35
10/21/2022 1:30,60.35
10/21/2022 1:45,60.36
10/21/2022 2:00,60.36
10/21/2022 2:15,60.36
10/21/2022 2:30,60.36
10/21/2022 2:45,60.36
10/21/2022 3:00,60.36
10/21/2022 3:15,60.36
10/21/2022 3:30,60.36
10/21/2022 3:45,60.35
10/21/2022 4:00,60.35
10/21/2022 4:15,60.35
10/21/2022 4:30,60.35
10/21/2022 4:45,60.35
10/21/2022 5:00,60.35
10/21/2022 5:15,60.35
10/21/2022 5:30,60.35
10/21/2022 5:45,60.35
10/21/2022 6:00,60.35
10/21/2022 6:15,60.35
10/21/2022 6:30,60.35
10/21/2022 6:45,60.35
10/21/2022 7:00,60.35
10/21/2022 7:15,60.35
10/21/2022 7:30,60.37
10/21/2022 7:45,60.37
10/21/2022 8:00,60.37
10/21/2022 8:15,60.37
10/21/2022 8:30,60.39
10/21/2022 8:45,60.39
10/21/2022 9:00,60.4
10/21/2022 9:15,60.4
10/21/2022 9:30,60.4
10/21/2022 9:45,60.4
10/21/2022 10:00,60.41
10/21/2022 10:15,60.41
10/21/2022 10:30,60.41
10/21/2022 10:45,60.41
10/21/2022 11:00,60.41
10/21/2022 11:15,60.41
10/21/2022 11:30,60.41
10/21/2022 11:45,60.41
10/21/2022 12:00,60.41
10/21/2022 12:15,60.42
10/21/2022 12:30,60.42
10/21/2022 12:45,60.42
10/21/2022 13:00,60.43
10/21/2022 13:15,60.43
10/21/2022 13:30,60.43
10/21/2022 13:45,60.44
10/21/2022 14:00,60.45
10/21/2022 14:15,60.47
10/21/2022 14:30,60.47
10/21/2022 14:45,60.47
10/21/2022 15:00,60.47
10/21/2022 15:15,60.47
10/21/2022 15:30,60.48
10/21/2022 15:45,60.48
10/21/2022 16:00,60.48
10/21/2022 16:15,60.48
10/21/2022 16:30,60.48
10/21/2022 16:45,60.48
10/21/2022 17:00,60.48
10/21/2022 17:15,60.48
10/21/2022 17:30,60.48
10/21/2022 17:45,60.48
10/21/2022 18:00,60.48
10/21/2022 18:15,60.48
10/21/2022 18:30,60.48
10/21/2022 18:45,60.48
10/21/2022 19:00,60.47
10/21/2022 19:15,60.46
10/21/2022 19:30,60.46
10/21/2022 19:45,60.46
10/21/2022 20:00,60.46
10/21/2022 20:15,60.46
10/21/2022 20:30,60.46
10/21/2022 20:45,60.46
10/21/2022 21:00,60.47
10/21/2022 21:15,60.48
10/21/2022 21:30,60.48
10/21/2022 21:45,60.48
10/21/2022 22:00,60.48
10/21/2022 22:15,60.48
10/21/2022 22:30,60.48
10/21/2022 22:45,60.48
10/21/2022 23:00,60.48
10/21/2022 23:15,60.48
10/21/2022 23:30,60.48
10/21/2022 23:45,60.47
10/22/2022 0:00,60.47
10/22/2022 0:15,60.47
10/22/2022 0:30,60.47
10/22/2022 0:45,60.47
10/22/2022 1:00,60.47
10/22/2022 1:15,60.47
10/22/2022 1:30,60.47
10/22/2022 1:45,60.45
10/22/2022 2:00,60.43
10/22/2022 2:15,60.42
10/22/2022 2:30,60.42
10/22/2022 2:45,60.4
10/22/2022 3:00,60.4
10/22/2022 3:15,60.4
10/22/2022 3:30,60.39
10/22/2022 3:45,60.39
10/22/2022 4:00,60.39
10/22/2022 4:15,60.39
10/22/2022 4:30,60.38
10/22/2022 4:45,60.38
10/22/2022 5:00,60.38
10/22/2022 5:15,60.38
10/22/2022 5:30,60.38
10/22/2022 5:45,60.38
10/22/2022 6:00,60.38
10/22/2022 6:15,60.38
10/22/2022 6:30,60.39
10/22/2022 6:45,60.39
10/22/2022 7:00,60.39
10/22/2022 7:15,60.39
10/22/2022 7:30,60.39
10/22/2022 7:45,60.39
10/22/2022 8:00,60.39
10/22/2022 8:15,60.39
10/22/2022 8:30,60.39
10/22/2022 8:45,60.39
10/22/2022 9:00,60.39
10/22/2022 9:15,60.39
10/22/2022 9:30,60.4
10/22/2022 9:45,60.4
10/22/2022 10:00,60.4
10/22/2022 10:15,60.4
10/22/2022 10:30,60.4
10/22/2022 10:45,60.4
10/22/2022 11:00,60.4
10/22/2022 11:15,60.39
10/22/2022 11:30,60.39
10/22/2022 11:45,60.39
10/22/2022 12:00,60.39
10/22/2022 12:15,60.4
10/22/2022 12:30,60.4
10/22/2022 12:45,60.4
10/22/2022 13:00,60.41
10/22/2022 13:15,60.42
10/22/2022 13:30,60.42
10/22/2022 13:45,60.42
10/22/2022 14:00,60.42
10/22/2022 14:15,60.42
10/22/2022 14:30,60.43
10/22/2022 14:45,60.44
10/22/2022 15:00,60.44
10/22/2022 15:15,60.44
10/22/2022 15:30,60.44
10/22/2022 15:45,60.43
10/22/2022 16:00,60.43
10/22/2022 16:15,60.43
10/22/2022 16:30,60.43
10/22/2022 16:45,60.43
10/22/2022 17:00,60.43
10/22/2022 17:15,60.43
10/22/2022 17:30,60.43
10/22/2022 17:45,60.43
10/22/2022 18:00,60.43
10/22/2022 18:15,60.42
10/22/2022 18:30,60.42
10/22/2022 18:45,60.42
10/22/2022 19:00,60.42
10/22/2022 19:15,60.42
10/22/2022 19:30,60.41
10/22/2022 19:45,60.4
10/22/2022 20:00,60.4
10/22/2022 20:15,60.4
10/22/2022 20:30,60.4
10/22/2022 20:45,60.4
10/22/2022 21:00,60.41
10/22/2022 21:15,60.41
10/22/2022 21:30,60.41
10/22/2022 21:45,60.41
10/22/2022 22:00,60.41
10/22/2022 22:15,60.42
10/22/2022 22:30,60.42
10/22/2022 22:45,60.42
10/22/2022 23:00,60.42
10/22/2022 23:15,60.42
10/22/2022 23:30,60.43
10/22/2022 23:45,60.44
10/23/2022 0:00,60.45
10/23/2022 0:15,60.46
10/23/2022 0:30,60.46
10/23/2022 0:45,60.47
10/23/2022 1:00,60.47
10/23/2022 1:15,60.47
10/23/2022 1:30,60.47
10/23/2022 1:45,60.47
10/23/2022 2:00,60.47
10/23/2022 2:15,60.47
10/23/2022 2:30,60.47
10/23/2022 2:45,60.46
10/23/2022 3:00,60.45
10/23/2022 3:15,60.45
10/23/2022 3:30,60.45
10/23/2022 3:45,60.45
10/23/2022 4:00,60.45
10/23/2022 4:15,60.45
10/23/2022 4:30,60.45
10/23/2022 4:45,60.45
10/23/2022 5:00,60.45
10/23/2022 5:15,60.45
10/23/2022 5:30,60.45
10/23/2022 5:45,60.45
10/23/2022 6:00,60.45
10/23/2022 6:15,60.45
10/23/2022 6:30,60.45
10/23/2022 6:45,60.45
10/23/2022 7:00,60.45
10/23/2022 7:15,60.45
10/23/2022 7:30,60.45
10/23/2022 7:45,60.45
10/23/2022 8:00,60.45
10/23/2022 8:15,60.45
10/23/2022 8:30,60.45
10/23/2022 8:45,60.45
10/23/2022 9:00,60.45
10/23/2022 9:15,60.45
10/23/2022 9:30,60.45
10/23/2022 9:45,60.45
10/23/2022 10:00,60.45
10/23/2022 10:15,60.45
10/23/2022 10:30,60.45
10/23/2022 10:45,60.45
10/23/2022 11:00,60.45
10/23/2022 11:15,60.45
10/23/2022 11:30,60.45
10/23/2022 11:45,60.45
10/23/2022 12:00,60.46
10/23/2022 12:15,60.46
10/23/2022 12:30,60.46
10/23/2022 12:45,60.46
10/23/2022 13:00,60.46
10/23/2022 13:15,60.46
10/23/2022 13:30,60.46
10/23/2022 13:45,60.46
10/23/2022 14:00,60.46
10/23/2022 14:15,60.45
10/23/2022 14:30,60.45
10/23/2022 14:45,60.44
10/23/2022 15:00,60.44
10/23/2022 15:15,60.44
10/23/2022 15:30,60.44
10/23/2022 15:45,60.44
10/23/2022 16:00,60.42
10/23/2022 16:15,60.42
10/23/2022 16:30,60.4
10/23/2022 16:45,60.4
10/23/2022 17:00,60.4
10/23/2022 17:15,60.39
10/23/2022 17:30,60.39
10/23/2022 17:45,60.39
10/23/2022 18:00,60.38
10/23/2022 18:15,60.37
10/23/2022 18:30,60.37
10/23/2022 18:45,60.37
10/23/2022 19:00,60.37
10/23/2022 19:15,60.37
10/23/2022 19:30,60.37
10/23/2022 19:45,60.37
10/23/2022 20:00,60.37
10/23/2022 20:15,60.37
10/23/2022 20:30,60.37
10/23/2022 20:45,60.37
10/23/2022 21:00,60.37
10/23/2022 21:15,60.37
10/23/2022 21:30,60.36
10/23/2022 21:45,60.35
10/23/2022 22:00,60.35
10/23/2022 22:15,60.35
10/23/2022 22:30,60.35
10/23/2022 22:45,60.35
10/23/2022 23:00,60.34
10/23/2022 23:15,60.34
10/23/2022 23:30,60.34
10/23/2022 23:45,60.34
10/24/2022 0:00,60.34
10/24/2022 0:15,60.34
10/24/2022 0:30,60.33
10/24/2022 0:45,60.34
10/24/2022 1:00,60.34
10/24/2022 1:15,60.34
10/24/2022 1:30,60.34
10/24/2022 1:45,60.34
10/24/2022 2:00,60.34
10/24/2022 2:15,60.34
10/24/2022 2:30,60.35
10/24/2022 2:45,60.35
10/24/2022 3:00,60.35
10/24/2022 3:15,60.35
10/24/2022 3:30,60.35
10/24/2022 3:45,60.35
10/24/2022 4:00,60.35
10/24/2022 4:15,60.35
10/24/2022 4:30,60.35
10/24/2022 4:45,60.35
10/24/2022 5:00,60.34
10/24/2022 5:15,60.33
10/24/2022 5:30,60.33
10/24/2022 5:45,60.32
10/24/2022 6:00,60.32
10/24/2022 6:15,60.32
10/24/2022 6:30,60.31
10/24/2022 6:45,60.31
10/24/2022 7:00,60.31
10/24/2022 7:15,60.3
10/24/2022 7:30,60.3
10/24/2022 7:45,60.3
10/24/2022 8:00,60.3
10/24/2022 8:15,60.3
10/24/2022 8:30,60.3
10/24/2022 8:45,60.3
10/24/2022 9:00,60.3
10/24/2022 9:15,60.3
10/24/2022 9:30,60.3
10/24/2022 9:45,60.3
10/24/2022 10:00,60.31
10/24/2022 10:15,60.31
10/24/2022 10:30,60.32
10/24/2022 10:45,60.32
10/24/2022 11:00,60.32
10/24/2022 11:15,60.33
10/24/2022 11:30,60.33
10/24/2022 11:45,60.33
10/24/2022 12:00,60.33
10/24/2022 12:15,60.33
10/24/2022 12:30,60.33
10/24/2022 12:45,60.33
10/24/2022 13:00,60.33
10/24/2022 13:15,60.34
10/24/2022 13:30,60.34
10/24/2022 13:45,60.34
10/24/2022 14:00,60.35
10/24/2022 14:15,60.35
10/24/2022 14:30,60.35
10/24/2022 14:45,60.35
10/24/2022 15:00,60.36
10/24/2022 15:15,60.36
10/24/2022 15:30,60.36
10/24/2022 15:45,60.36
10/24/2022 16:00,60.36
10/24/2022 16:15,60.36
10/24/2022 16:30,60.36
10/24/2022 16:45,60.36
10/24/2022 17:00,60.36
10/24/2022 17:15,60.36
10/24/2022 17:30,60.36
10/24/2022 17:45,60.36
10/24/2022 18:00,60.36
10/24/2022 18:15,60.35
10/24/2022 18:30,60.34
10/24/2022 18:45,60.32
10/24/2022 19:00,60.32
10/24/2022 19:15,60.31
10/24/2022 19:30,60.29
10/24/2022 19:45,60.29
10/24/2022 20:00,60.29
10/24/2022 20:15,60.29
10/24/2022 20:30,60.28
10/24/2022 20:45,60.28
10/24/2022 21:00,60.28
10/24/2022 21:15,60.28
10/24/2022 21:30,60.27
10/24/2022 21:45,60.27
10/24/2022 22:00,60.27
10/24/2022 22:15,60.27
10/24/2022 22:30,60.27
10/24/2022 22:45,60.27
10/24/2022 23:00,60.28
10/24/2022 23:15,60.28
10/24/2022 23:30,60.28
10/24/2022 23:45,60.28
10/25/2022 0:00,60.28
10/25/2022 0:15,60.28
10/25/2022 0:30,60.28
10/25/2022 0:45,60.28
10/25/2022 1:00,60.27
10/25/2022 1:15,60.27
10/25/2022 1:30,60.27
10/25/2022 1:45,60.27
10/25/2022 2:00,60.28
10/25/2022 2:15,60.28
10/25/2022 2:30,60.28
10/25/2022 2:45,60.28
10/25/2022 3:00,60.27
10/25/2022 3:15,60.27
10/25/2022 3:30,60.27
10/25/2022 3:45,60.27
10/25/2022 4:00,60.27
10/25/2022 4:15,60.27
10/25/2022 4:30,60.27
10/25/2022 4:45,60.27
10/25/2022 5:00,60.27
10/25/2022 5:15,60.26
10/25/2022 5:30,60.26
10/25/2022 5:45,60.26
10/25/2022 6:00,60.26
10/25/2022 6:15,60.26
10/25/2022 6:30,60.26
10/25/2022 6:45,60.26
10/25/2022 7:00,60.26
10/25/2022 7:15,60.27
10/25/2022 7:30,60.27
10/25/2022 7:45,60.27
10/25/2022 8:00,60.27
10/25/2022 8:15,60.27
10/25/2022 8:30,60.27
10/25/2022 8:45,60.28
10/25/2022 9:00,60.28
10/25/2022 9:15,60.28
10/25/2022 9:30,60.29
10/25/2022 9:45,60.29
10/25/2022 10:00,60.29
10/25/2022 10:15,60.3
10/25/2022 10:30,60.31
10/25/2022 10:45,60.31
10/25/2022 11:00,60.32
10/25/2022 11:15,60.35
10/25/2022 11:30,60.37
10/25/2022 11:45,60.38
10/25/2022 12:00,60.4
10/25/2022 12:15,60.41
10/25/2022 12:30,60.41
10/25/2022 12:45,60.42
10/25/2022 13:00,60.42
10/25/2022 13:15,60.42
10/25/2022 13:30,60.42
10/25/2022 13:45,60.43
10/25/2022 14:00,60.44
10/25/2022 14:15,60.45
10/25/2022 14:30,60.46
10/25/2022 14:45,60.46
10/25/2022 15:00,60.47
10/25/2022 15:15,60.47
10/25/2022 15:30,60.47
10/25/2022 15:45,60.47
10/25/2022 16:00,60.46
10/25/2022 16:15,60.46
10/25/2022 16:30,60.46
10/25/2022 16:45,60.46
10/25/2022 17:00,60.44
10/25/2022 17:15,60.42
10/25/2022 17:30,60.4
10/25/2022 17:45,60.39
10/25/2022 18:00,60.39
10/25/2022 18:15,60.38
10/25/2022 18:30,60.38
10/25/2022 18:45,60.38
10/25/2022 19:00,60.37
10/25/2022 19:15,60.37
10/25/2022 19:30,60.36
10/25/2022 19:45,60.36
10/25/2022 20:00,60.36
10/25/2022 20:15,60.36
10/25/2022 20:30,60.36
10/25/2022 20:45,60.36
10/25/2022 21:00,60.36
10/25/2022 21:15,60.36
10/25/2022 21:30,60.35
10/25/2022 21:45,60.35
10/25/2022 22:00,60.35
10/25/2022 22:15,60.35
10/25/2022 22:30,60.36
10/25/2022 22:45,60.36
10/25/2022 23:00,60.36
10/25/2022 23:15,60.36
10/25/2022 23:30,60.36
10/25/2022 23:45,60.36
10/26/2022 0:00,60.36
10/26/2022 0:15,60.36
10/26/2022 0:30,60.36
10/26/2022 0:45,60.36
10/26/2022 1:00,60.36
10/26/2022 1:15,60.36
10/26/2022 1:30,60.35
10/26/2022 1:45,60.35
10/26/2022 2:00,60.35
10/26/2022 2:15,60.35
10/26/2022 2:30,60.35
10/26/2022 2:45,60.35
10/26/2022 3:00,60.34
10/26/2022 3:15,60.34
10/26/2022 3:30,60.33
10/26/2022 3:45,60.32
10/26/2022 4:00,60.32
10/26/2022 4:15,60.32
10/26/2022 4:30,60.3
10/26/2022 4:45,60.29
10/26/2022 5:00,60.28
10/26/2022 5:15,60.28
10/26/2022 5:30,60.28
10/26/2022 5:45,60.27
10/26/2022 6:00,60.27
10/26/2022 6:15,60.27
10/26/2022 6:30,60.27
10/26/2022 6:45,60.27
10/26/2022 7:00,60.27
10/26/2022 7:15,60.27
10/26/2022 7:30,60.27
10/26/2022 7:45,60.28
10/26/2022 8:00,60.28
10/26/2022 8:15,60.29
10/26/2022 8:30,60.29
10/26/2022 8:45,60.29
10/26/2022 9:00,60.29
10/26/2022 9:15,60.29
10/26/2022 9:30,60.3
10/26/2022 9:45,60.3
10/26/2022 10:00,60.31
10/26/2022 10:15,60.32
10/26/2022 10:30,60.33
10/26/2022 10:45,60.34
10/26/2022 11:00,60.34
10/26/2022 11:15,60.35
10/26/2022 11:30,60.36
10/26/2022 11:45,60.37
10/26/2022 12:00,60.37
10/26/2022 12:15,60.38
10/26/2022 12:30,60.39
10/26/2022 12:45,60.39
10/26/2022 13:00,60.4
10/26/2022 13:15,60.4
10/26/2022 13:30,60.4
10/26/2022 13:45,60.41
10/26/2022 14:00,60.42
10/26/2022 14:15,60.42
10/26/2022 14:30,60.42
10/26/2022 14:45,60.42
10/26/2022 15:00,60.42
10/26/2022 15:15,60.42
10/26/2022 15:30,60.42
10/26/2022 15:45,60.42
10/26/2022 16:00,60.42
10/26/2022 16:15,60.42
10/26/2022 16:30,60.42
10/26/2022 16:45,60.42
10/26/2022 17:00,60.42
10/26/2022 17:15,60.42
10/26/2022 17:30,60.42
10/26/2022 17:45,60.42
10/26/2022 18:00,60.42
10/26/2022 18:15,60.42
10/26/2022 18:30,60.42
10/26/2022 18:45,60.42
10/26/2022 19:00,60.42
10/26/2022 19:15,60.42
10/26/2022 19:30,60.42
10/26/2022 19:45,60.42
10/26/2022 20:00,60.43
10/26/2022 20:15,60.43
10/26/2022 20:30,60.43
10/26/2022 20:45,60.43
10/26/2022 21:00,60.42
10/26/2022 21:15,60.42
10/26/2022 21:30,60.41
10/26/2022 21:45,60.41
10/26/2022 22:00,60.41
10/26/2022 22:15,60.41
10/26/2022 22:30,60.38
10/26/2022 22:45,60.37
10/26/2022 23:00,60.36
10/26/2022 23:15,60.36
10/26/2022 23:30,60.36
10/26/2022 23:45,60.36
10/27/2022 0:00,60.36
10/27/2022 0:15,60.36
10/27/2022 0:30,60.36
10/27/2022 0:45,60.36
10/27/2022 1:00,60.36
10/27/2022 1:15,60.36
10/27/2022 1:30,60.36
10/27/2022 1:45,60.36
10/27/2022 2:00,60.35
10/27/2022 2:15,60.35
10/27/2022 2:30,60.35
10/27/2022 2:45,60.35
10/27/2022 3:00,60.35
10/27/2022 3:15,60.35
10/27/2022 3:30,60.35
10/27/2022 3:45,60.35
10/27/2022 4:00,60.35
10/27/2022 4:15,60.35
10/27/2022 4:30,60.34
10/27/2022 4:45,60.34
10/27/2022 5:00,60.34
10/27/2022 5:15,60.33
10/27/2022 5:30,60.33
10/27/2022 5:45,60.33
10/27/2022 6:00,60.33
10/27/2022 6:15,60.33
10/27/2022 6:30,60.33
10/27/2022 6:45,60.33
10/27/2022 7:00,60.33
10/27/2022 7:15,60.33
10/27/2022 7:30,60.33
10/27/2022 7:45,60.33
10/27/2022 8:00,60.33
10/27/2022 8:15,60.33
10/27/2022 8:30,60.33
10/27/2022 8:45,60.33
10/27/2022 9:00,60.33
10/27/2022 9:15,60.33
10/27/2022 9:30,60.33
10/27/2022 9:45,60.34
10/27/2022 10:00,60.34
10/27/2022 10:15,60.34
10/27/2022 10:30,60.35
10/27/2022 10:45,60.35
10/27/2022 11:00,60.35
10/27/2022 11:15,60.35
10/27/2022 11:30,60.35
10/27/2022 11:45,60.35
10/27/2022 12:00,60.35
10/27/2022 12:15,60.35
10/27/2022 12:30,60.35
10/27/2022 12:45,60.35
10/27/2022 13:00,60.35
10/27/2022 13:15,60.35
10/27/2022 13:30,60.35
10/27/2022 13:45,60.35
10/27/2022 14:00,60.35
10/27/2022 14:15,60.35
10/27/2022 14:30,60.35
10/27/2022 14:45,60.35
10/27/2022 15:00,60.35
10/27/2022 15:15,60.35
10/27/2022 15:30,60.35
10/27/2022 15:45,60.35
10/27/2022 16:00,60.35
10/27/2022 16:15,60.35
10/27/2022 16:30,60.34
10/27/2022 16:45,60.33
10/27/2022 17:00,60.33
10/27/2022 17:15,60.33
10/27/2022 17:30,60.33
10/27/2022 17:45,60.32
10/27/2022 18:00,60.32
10/27/2022 18:15,60.32
10/27/2022 18:30,60.32
10/27/2022 18:45,60.32
10/27/2022 19:00,60.32
10/27/2022 19:15,60.32
10/27/2022 19:30,60.32
10/27/2022 19:45,60.32
10/27/2022 20:00,60.32
10/27/2022 20:15,60.32
10/27/2022 20:30,60.32
10/27/2022 20:45,60.32
10/27/2022 21:00,60.32
10/27/2022 21:15,60.33
10/27/2022 21:30,60.33
10/27/2022 21:45,60.33
10/27/2022 22:00,60.33
10/27/2022 22:15,60.33
10/27/2022 22:30,60.33
10/27/2022 22:45,60.32
10/27/2022 23:00,60.32
10/27/2022 23:15,60.32
10/27/2022 23:30,60.32
10/27/2022 23:45,60.32
10/28/2022 0:00,60.32
10/28/2022 0:15,60.32
10/28/2022 0:30,60.32
10/28/2022 0:45,60.32
10/28/2022 1:00,60.31
10/28/2022 1:15,60.3
10/28/2022 1:30,60.3
10/28/2022 1:45,60.3
10/28/2022 2:00,60.3
10/28/2022 2:15,60.3
10/28/2022 2:30,60.29
10/28/2022 2:45,60.29
10/28/2022 3:00,60.29
10/28/2022 3:15,60.29
10/28/2022 3:30,60.29
10/28/2022 3:45,60.29
10/28/2022 4:00,60.29
10/28/2022 4:15,60.29
10/28/2022 4:30,60.29
10/28/2022 4:45,60.29
10/28/2022 5:00,60.29
10/28/2022 5:15,60.29
10/28/2022 5:30,60.29
10/28/2022 5:45,60.29
10/28/2022 6:00,60.29
10/28/2022 6:15,60.29
10/28/2022 6:30,60.28
10/28/2022 6:45,60.28
10/28/2022 7:00,60.28
10/28/2022 7:15,60.27
10/28/2022 7:30,60.27
10/28/2022 7:45,60.27
10/28/2022 8:00,60.27
10/28/2022 8:15,60.27
10/28/2022 8:30,60.29
10/28/2022 8:45,60.29
10/28/2022 9:00,60.29
10/28/2022 9:15,60.29
10/28/2022 9:30,60.29
10/28/2022 9:45,60.29
10/28/2022 10:00,60.29
10/28/2022 10:15,60.29
10/28/2022 10:30,60.29
10/28/2022 10:45,60.3
10/28/2022 11:00,60.32
10/28/2022 11:15,60.33
10/28/2022 11:30,60.33
10/28/2022 11:45,60.34
10/28/2022 12:00,60.35
10/28/2022 12:15,60.37
10/28/2022 12:30,60.39
10/28/2022 12:45,60.39
10/28/2022 13:00,60.39
10/28/2022 13:15,60.39
10/28/2022 13:30,60.4
10/28/2022 13:45,60.4
10/28/2022 14:00,60.4
10/28/2022 14:15,60.4
10/28/2022 14:30,60.4
10/28/2022 14:45,60.4
10/28/2022 15:00,60.4
10/28/2022 15:15,60.4
10/28/2022 15:30,60.4
10/28/2022 15:45,60.4
10/28/2022 16:00,60.4
10/28/2022 16:15,60.39
10/28/2022 16:30,60.38
10/28/2022 16:45,60.38
10/28/2022 17:00,60.38
10/28/2022 17:15,60.36
10/28/2022 17:30,60.34
10/28/2022 17:45,60.33
10/28/2022 18:00,60.33
10/28/2022 18:15,60.33
10/28/2022 18:30,60.32
10/28/2022 18:45,60.32
10/28/2022 19:00,60.32
10/28/2022 19:15,60.32
10/28/2022 19:30,60.32
10/28/2022 19:45,60.32
10/28/2022 20:00,60.32
10/28/2022 20:15,60.32
10/28/2022 20:30,60.32
10/28/2022 20:45,60.31
10/28/2022 21:00,60.31
10/28/2022 21:15,60.31
10/28/2022 21:30,60.3
10/28/2022 21:45,60.29
10/28/2022 22:00,60.28
10/28/2022 22:15,60.28
10/28/2022 22:30,60.28
10/28/2022 22:45,60.28
10/28/2022 23:00,60.28
10/28/2022 23:15,60.27
10/28/2022 23:30,60.27
10/28/2022 23:45,60.27
10/29/2022 0:00,60.26
10/29/2022 0:15,60.26
10/29/2022 0:30,60.26
10/29/2022 0:45,60.26
10/29/2022 1:00,60.26
10/29/2022 1:15,60.25
10/29/2022 1:30,60.24
10/29/2022 1:45,60.24
10/29/2022 2:00,60.24
10/29/2022 2:15,60.24
10/29/2022 2:30,60.24
10/29/2022 2:45,60.24
10/29/2022 3:00,60.24
10/29/2022 3:15,60.24
10/29/2022 3:30,60.24
10/29/2022 3:45,60.23
10/29/2022 4:00,60.22
10/29/2022 4:15,60.22
10/29/2022 4:30,60.21
10/29/2022 4:45,60.21
10/29/2022 5:00,60.21
10/29/2022 5:15,60.21
10/29/2022 5:30,60.21
10/29/2022 5:45,60.21
10/29/2022 6:00,60.21
10/29/2022 6:15,60.21
10/29/2022 6:30,60.21
10/29/2022 6:45,60.22
10/29/2022 7:00,60.23
10/29/2022 7:15,60.23
10/29/2022 7:30,60.24
10/29/2022 7:45,60.24
10/29/2022 8:00,60.24
10/29/2022 8:15,60.24
10/29/2022 8:30,60.24
10/29/2022 8:45,60.24
10/29/2022 9:00,60.25
10/29/2022 9:15,60.25
10/29/2022 9:30,60.25
10/29/2022 9:45,60.25
10/29/2022 10:00,60.25
10/29/2022 10:15,60.26
10/29/2022 10:30,60.26
10/29/2022 10:45,60.26
10/29/2022 11:00,60.26
10/29/2022 11:15,60.27
10/29/2022 11:30,60.29
10/29/2022 11:45,60.3
10/29/2022 12:00,60.31
10/29/2022 12:15,60.31
10/29/2022 12:30,60.31
10/29/2022 12:45,60.32
10/29/2022 13:00,60.32
10/29/2022 13:15,60.33
10/29/2022 13:30,60.33
10/29/2022 13:45,60.33
10/29/2022 14:00,60.34
10/29/2022 14:15,60.36
10/29/2022 14:30,60.36
10/29/2022 14:45,60.36
10/29/2022 15:00,60.36
10/29/2022 15:15,60.36
10/29/2022 15:30,60.36
10/29/2022 15:45,60.36
10/29/2022 16:00,60.36
10/29/2022 16:15,60.36
10/29/2022 16:30,60.35
10/29/2022 16:45,60.35
10/29/2022 17:00,60.35
10/29/2022 17:15,60.35
10/29/2022 17:30,60.35
10/29/2022 17:45,60.35
10/29/2022 18:00,60.34
10/29/2022 18:15,60.33
10/29/2022 18:30,60.33
10/29/2022 18:45,60.33
10/29/2022 19:00,60.32
10/29/2022 19:15,60.32
10/29/2022 19:30,60.32
10/29/2022 19:45,60.32
10/29/2022 20:00,60.32
10/29/2022 20:15,60.32
10/29/2022 20:30,60.32
10/29/2022 20:45,60.31
10/29/2022 21:00,60.31
10/29/2022 21:15,60.31
10/29/2022 21:30,60.31
10/29/2022 21:45,60.31
10/29/2022 22:00,60.31
10/29/2022 22:15,60.31
10/29/2022 22:30,60.31
10/29/2022 22:45,60.31
10/29/2022 23:00,60.31
10/29/2022 23:15,60.31
10/29/2022 23:30,60.31
10/29/2022 23:45,60.31
10/30/2022 0:00,60.31
10/30/2022 0:15,60.31
10/30/2022 0:30,60.3
10/30/2022 0:45,60.3
10/30/2022 1:00,60.29
10/30/2022 1:15,60.29
10/30/2022 1:30,60.29
10/30/2022 1:45,60.29
10/30/2022 2:00,60.29
10/30/2022 2:15,60.29
10/30/2022 2:30,60.29
10/30/2022 2:45,60.28
10/30/2022 3:00,60.28
10/30/2022 3:15,60.28
10/30/2022 3:30,60.27
10/30/2022 3:45,60.27
10/30/2022 4:00,60.27
10/30/2022 4:15,60.27
10/30/2022 4:30,60.27
10/30/2022 4:45,60.26
10/30/2022 5:00,60.26
10/30/2022 5:15,60.25
10/30/2022 5:30,60.23
10/30/2022 5:45,60.23
10/30/2022 6:00,60.22
10/30/2022 6:15,60.22
10/30/2022 6:30,60.22
10/30/2022 6:45,60.22
10/30/2022 7:00,60.22
10/30/2022 7:15,60.22
10/30/2022 7:30,60.22
10/30/2022 7:45,60.22
10/30/2022 8:00,60.22
10/30/2022 8:15,60.22
10/30/2022 8:30,60.22
10/30/2022 8:45,60.22
10/30/2022 9:00,60.22
10/30/2022 9:15,60.23
10/30/2022 9:30,60.23
10/30/2022 9:45,60.24
10/30/2022 10:00,60.24
10/30/2022 10:15,60.24
10/30/2022 10:30,60.25
10/30/2022 10:45,60.26
10/30/2022 11:00,60.26
10/30/2022 11:15,60.26
10/30/2022 11:30,60.27
10/30/2022 11:45,60.27
10/30/2022 12:00,60.28
10/30/2022 12:15,60.28
10/30/2022 12:30,60.29
10/30/2022 12:45,60.3
10/30/2022 13:00,60.3
10/30/2022 13:15,60.3
10/30/2022 13:30,60.3
10/30/2022 13:45,60.3
10/30/2022 14:00,60.32
10/30/2022 14:15,60.34
10/30/2022 14:30,60.34
10/30/2022 14:45,60.34
10/30/2022 15:00,60.35
10/30/2022 15:15,60.35
10/30/2022 15:30,60.35
10/30/2022 15:45,60.35
10/30/2022 16:00,60.35
10/30/2022 16:15,60.35
10/30/2022 16:30,60.35
10/30/2022 16:45,60.35
10/30/2022 17:00,60.34
10/30/2022 17:15,60.34
10/30/2022 17:30,60.34
10/30/2022 17:45,60.34
10/30/2022 18:00,60.34
10/30/2022 18:15,60.34
10/30/2022 18:30,60.34
10/30/2022 18:45,60.34
10/30/2022 19:00,60.33
10/30/2022 19:15,60.33
10/30/2022 19:30,60.33
10/30/2022 19:45,60.32
10/30/2022 20:00,60.32
10/30/2022 20:15,60.32
10/30/2022 20:30,60.32
10/30/2022 20:45,60.32
10/30/2022 21:00,60.32
10/30/2022 21:15,60.32
10/30/2022 21:30,60.32
10/30/2022 21:45,60.33
10/30/2022 22:00,60.33
10/30/2022 22:15,60.33
10/30/2022 22:30,60.33
10/30/2022 22:45,60.33
10/30/2022 23:00,60.32
10/30/2022 23:15,60.32
10/30/2022 23:30,60.31
10/30/2022 23:45,60.31
10/31/2022 0:00,60.31
10/31/2022 0:15,60.31
10/31/2022 0:30,60.3
10/31/2022 0:45,60.3
10/31/2022 1:00,60.3
10/31/2022 1:15,60.3
10/31/2022 1:30,60.3
10/31/2022 1:45,60.29
10/31/2022 2:00,60.29
10/31/2022 2:15,60.29
10/31/2022 2:30,60.28
10/31/2022 2:45,60.28
10/31/2022 3:00,60.27
10/31/2022 3:15,60.27
10/31/2022 3:30,60.27
10/31/2022 3:45,60.27
10/31/2022 4:00,60.27
10/31/2022 4:15,60.27
10/31/2022 4:30,60.27
10/31/2022 4:45,60.26
10/31/2022 5:00,60.26
10/31/2022 5:15,60.26
10/31/2022 5:30,60.26
10/31/2022 5:45,60.26
10/31/2022 6:00,60.26
10/31/2022 6:15,60.26
10/31/2022 6:30,60.26
10/31/2022 6:45,60.26
10/31/2022 7:00,60.26
10/31/2022 7:15,60.26
10/31/2022 7:30,60.26
10/31/2022 7:45,60.26
10/31/2022 8:00,60.26
10/31/2022 8:15,60.26
10/31/2022 8:30,60.26
10/31/2022 8:45,60.26
10/31/2022 9:00,60.26
10/31/2022 9:15,60.26
10/31/2022 9:30,60.27
10/31/2022 9:45,60.29
10/31/2022 10:00,60.29
10/31/2022 10:15,60.29
10/31/2022 10:30,60.3
10/31/2022 10:45,60.32
10/31/2022 11:00,60.33
10/31/2022 11:15,60.33
10/31/2022 11:30,60.34
10/31/2022 11:45,60.35
10/31/2022 12:00,60.36
10/31/2022 12:15,60.36
10/31/2022 12:30,60.36
10/31/2022 12:45,60.36
10/31/2022 13:00,60.36
10/31/2022 13:15,60.36
10/31/2022 13:30,60.37
10/31/2022 13:45,60.37
10/31/2022 14:00,60.37
10/31/2022 14:15,60.37
10/31/2022 14:30,60.37
10/31/2022 14:45,60.38
10/31/2022 15:00,60.38
10/31/2022 15:15,60.38
10/31/2022 15:30,60.38
10/31/2022 15:45,60.38
10/31/2022 16:00,60.38
10/31/2022 16:15,60.37
10/31/2022 16:30,60.37
10/31/2022 16:45,60.37
10/31/2022 17:00,60.37
10/31/2022 17:15,60.37
10/31/2022 17:30,60.37
10/31/2022 17:45,60.37
10/31/2022 18:00,60.37
10/31/2022 18:15,60.37
10/31/2022 18:30,60.35
10/31/2022 18:45,60.35
10/31/2022 19:00,60.34
10/31/2022 19:15,60.32
10/31/2022 19:30,60.32
10/31/2022 19:45,60.31
10/31/2022 20:00,60.3
10/31/2022 20:15,60.29
10/31/2022 20:30,60.29
10/31/2022 20:45,60.29
10/31/2022 21:00,60.29
10/31/2022 21:15,60.29
10/31/2022 21:30,60.29
10/31/2022 21:45,60.29
10/31/2022 22:00,60.28
10/31/2022 22:15,60.27
10/31/2022 22:30,60.26
10/31/2022 22:45,60.25
10/31/2022 23:00,60.25
10/31/2022 23:15,60.25
10/31/2022 23:30,60.25
10/31/2022 23:45,60.24
11/1/2022 0:00,60.24
11/1/2022 0:15,60.24
11/1/2022 0:30,60.24
11/1/2022 0:45,60.24
11/1/2022 1:00,60.24
11/1/2022 1:15,60.24
11/1/2022 1:30,60.24
11/1/2022 1:45,60.24
11/1/2022 2:00,60.24
11/1/2022 2:15,60.23
11/1/2022 2:30,60.23
11/1/2022 2:45,60.22
11/1/2022 3:00,60.21
11/1/2022 3:15,60.21
11/1/2022 3:30,60.21
11/1/2022 3:45,60.21
11/1/2022 4:00,60.21
11/1/2022 4:15,60.2
11/1/2022 4:30,60.2
11/1/2022 4:45,60.2
11/1/2022 5:00,60.19
11/1/2022 5:15,60.19
11/1/2022 5:30,60.19
11/1/2022 5:45,60.18
11/1/2022 6:00,60.18
11/1/2022 6:15,60.18
11/1/2022 6:30,60.18
11/1/2022 6:45,60.17
11/1/2022 7:00,60.17
11/1/2022 7:15,60.17
11/1/2022 7:30,60.17
11/1/2022 7:45,60.19
11/1/2022 8:00,60.19
11/1/2022 8:15,60.19
11/1/2022 8:30,60.19
11/1/2022 8:45,60.19
11/1/2022 9:00,60.2
11/1/2022 9:15,60.21
11/1/2022 9:30,60.22
11/1/2022 9:45,60.23
11/1/2022 10:00,60.24
11/1/2022 10:15,60.25
11/1/2022 10:30,60.26
11/1/2022 10:45,60.27
11/1/2022 11:00,60.27
11/1/2022 11:15,60.27
11/1/2022 11:30,60.28
11/1/2022 11:45,60.28
11/1/2022 12:00,60.29
11/1/2022 12:15,60.29
11/1/2022 12:30,60.3
11/1/2022 12:45,60.3
11/1/2022 13:00,60.31
11/1/2022 13:15,60.31
11/1/2022 13:30,60.31
11/1/2022 13:45,60.31
11/1/2022 14:00,60.31
11/1/2022 14:15,60.31
11/1/2022 14:30,60.3
11/1/2022 14:45,60.3
11/1/2022 15:00,60.3
11/1/2022 15:15,60.3
11/1/2022 15:30,60.3
11/1/2022 15:45,60.3
11/1/2022 16:00,60.29
11/1/2022 16:15,60.27
11/1/2022 16:30,60.26
11/1/2022 16:45,60.26
11/1/2022 17:00,60.26
11/1/2022 17:15,60.26
11/1/2022 17:30,60.26
11/1/2022 17:45,60.26
11/1/2022 18:00,60.26
11/1/2022 18:15,60.26
11/1/2022 18:30,60.26
11/1/2022 18:45,60.26
11/1/2022 19:00,60.26
11/1/2022 19:15,60.26
11/1/2022 19:30,60.25
11/1/2022 19:45,60.25
11/1/2022 20:00,60.25
11/1/2022 20:15,60.25
11/1/2022 20:30,60.25
11/1/2022 20:45,60.25
11/1/2022 21:00,60.25
11/1/2022 21:15,60.25
11/1/2022 21:30,60.25
11/1/2022 21:45,60.25
11/1/2022 22:00,60.24
11/1/2022 22:15,60.23
11/1/2022 22:30,60.21
11/1/2022 22:45,60.2
11/1/2022 23:00,60.19
11/1/2022 23:15,60.19
11/1/2022 23:30,60.19
11/1/2022 23:45,60.19
11/2/2022 0:00,60.19
11/2/2022 0:15,60.19
11/2/2022 0:30,60.19
11/2/2022 0:45,60.19
11/2/2022 1:00,60.18
11/2/2022 1:15,60.18
11/2/2022 1:30,60.18
11/2/2022 1:45,60.18
11/2/2022 2:00,60.18
11/2/2022 2:15,60.18
11/2/2022 2:30,60.18
11/2/2022 2:45,60.18
11/2/2022 3:00,60.18
11/2/2022 3:15,60.17
11/2/2022 3:30,60.17
11/2/2022 3:45,60.17
11/2/2022 4:00,60.17
11/2/2022 4:15,60.18
11/2/2022 4:30,60.18
11/2/2022 4:45,60.18
11/2/2022 5:00,60.18
11/2/2022 5:15,60.18
11/2/2022 5:30,60.18
11/2/2022 5:45,60.18
11/2/2022 6:00,60.18
11/2/2022 6:15,60.18
11/2/2022 6:30,60.18
11/2/2022 6:45,60.19
11/2/2022 7:00,60.19
11/2/2022 7:15,60.2
11/2/2022 7:30,60.21
11/2/2022 7:45,60.21
11/2/2022 8:00,60.21
11/2/2022 8:15,60.21
11/2/2022 8:30,60.22
11/2/2022 8:45,60.22
11/2/2022 9:00,60.22
11/2/2022 9:15,60.22
11/2/2022 9:30,60.23
11/2/2022 9:45,60.23
11/2/2022 10:00,60.24
11/2/2022 10:15,60.24
11/2/2022 10:30,60.24
11/2/2022 10:45,60.24
11/2/2022 11:00,60.24
11/2/2022 11:15,60.25
11/2/2022 11:30,60.26
11/2/2022 11:45,60.27
11/2/2022 12:00,60.28
11/2/2022 12:15,60.28
11/2/2022 12:30,60.28
11/2/2022 12:45,60.28
11/2/2022 13:00,60.29
11/2/2022 13:15,60.29
11/2/2022 13:30,60.3
11/2/2022 13:45,60.32
11/2/2022 14:00,60.32
11/2/2022 14:15,60.32
11/2/2022 14:30,60.32
11/2/2022 14:45,60.32
11/2/2022 15:00,60.32
11/2/2022 15:15,60.32
11/2/2022 15:30,60.34
11/2/2022 15:45,60.34
11/2/2022 16:00,60.32
11/2/2022 16:15,60.32
11/2/2022 16:30,60.32
11/2/2022 16:45,60.32
11/2/2022 17:00,60.32
11/2/2022 17:15,60.32
11/2/2022 17:30,60.32
11/2/2022 17:45,60.32
11/2/2022 18:00,60.32
11/2/2022 18:15,60.32
11/2/2022 18:30,60.32
11/2/2022 18:45,60.32
11/2/2022 19:00,60.32
11/2/2022 19:15,60.32
11/2/2022 19:30,60.32
11/2/2022 19:45,60.32
11/2/2022 20:00,60.32
11/2/2022 20:15,60.32
11/2/2022 20:30,60.32
11/2/2022 20:45,60.32
11/2/2022 21:00,60.32
11/2/2022 21:15,60.32
11/2/2022 21:30,60.31
11/2/2022 21:45,60.31
11/2/2022 22:00,60.31
11/2/2022 22:15,60.31
11/2/2022 22:30,60.31
11/2/2022 22:45,60.31
11/2/2022 23:00,60.31
11/2/2022 23:15,60.31
11/2/2022 23:30,60.3
11/2/2022 23:45,60.29
11/3/2022 0:00,60.29
11/3/2022 0:15,60.29
11/3/2022 0:30,60.29
11/3/2022 0:45,60.29
11/3/2022 1:00,60.28
11/3/2022 1:15,60.28
11/3/2022 1:30,60.28
11/3/2022 1:45,60.28
11/3/2022 2:00,60.28
11/3/2022 2:15,60.28
11/3/2022 2:30,60.28
11/3/2022 2:45,60.28
11/3/2022 3:00,60.27
11/3/2022 3:15,60.27
11/3/2022 3:30,60.27
11/3/2022 3:45,60.27
11/3/2022 4:00,60.27
11/3/2022 4:15,60.27
11/3/2022 4:30,60.27
11/3/2022 4:45,60.27
11/3/2022 5:00,60.26
11/3/2022 5:15,60.26
11/3/2022 5:30,60.26
11/3/2022 5:45,60.26
11/3/2022 6:00,60.26
11/3/2022 6:15,60.27
11/3/2022 6:30,60.27
11/3/2022 6:45,60.27
11/3/2022 7:00,60.27
11/3/2022 7:15,60.27
11/3/2022 7:30,60.27
11/3/2022 7:45,60.27
11/3/2022 8:00,60.28
11/3/2022 8:15,60.28
11/3/2022 8:30,60.28
11/3/2022 8:45,60.28
11/3/2022 9:00,60.29
11/3/2022 9:15,60.3
11/3/2022 9:30,60.31
11/3/2022 9:45,60.31
11/3/2022 10:00,60.31
11/3/2022 10:15,60.31
11/3/2022 10:30,60.31
11/3/2022 10:45,60.31
11/3/2022 11:00,60.31
11/3/2022 11:15,60.31
11/3/2022 11:30,60.31
11/3/2022 11:45,60.31
11/3/2022 12:00,60.32
11/3/2022 12:15,60.33
11/3/2022 12:30,60.34
11/3/2022 12:45,60.34
11/3/2022 13:00,60.35
11/3/2022 13:15,60.35
11/3/2022 13:30,60.36
11/3/2022 13:45,60.36
11/3/2022 14:00,60.36
11/3/2022 14:15,60.38
11/3/2022 14:30,60.41
11/3/2022 14:45,60.41
11/3/2022 15:00,60.41
11/3/2022 15:15,60.41
11/3/2022 15:30,60.41
11/3/2022 15:45,60.41
11/3/2022 16:00,60.42
11/3/2022 16:15,60.42
11/3/2022 16:30,60.42
11/3/2022 16:45,60.44
11/3/2022 17:00,60.44
11/3/2022 17:15,60.44
11/3/2022 17:30,60.44
11/3/2022 17:45,60.43
11/3/2022 18:00,60.43
11/3/2022 18:15,60.43
11/3/2022 18:30,60.42
11/3/2022 18:45,60.42
11/3/2022 19:00,60.42
11/3/2022 19:15,60.41
11/3/2022 19:30,60.4
11/3/2022 19:45,60.38
11/3/2022 20:00,60.38
11/3/2022 20:15,60.38
11/3/2022 20:30,60.38
11/3/2022 20:45,60.38
11/3/2022 21:00,60.38
11/3/2022 21:15,60.38
11/3/2022 21:30,60.36
11/3/2022 21:45,60.34
11/3/2022 22:00,60.34
11/3/2022 22:15,60.34
11/3/2022 22:30,60.34
11/3/2022 22:45,60.34
11/3/2022 23:00,60.34
11/3/2022 23:15,60.34
11/3/2022 23:30,60.34
11/3/2022 23:45,60.34
11/4/2022 0:00,60.34
11/4/2022 0:15,60.34
11/4/2022 0:30,60.34
11/4/2022 0:45,60.34
11/4/2022 1:00,60.34
11/4/2022 1:15,60.34
11/4/2022 1:30,60.33
11/4/2022 1:45,60.33
11/4/2022 2:00,60.33
11/4/2022 2:15,60.32
11/4/2022 2:30,60.32
11/4/2022 2:45,60.31
11/4/2022 3:00,60.3
11/4/2022 3:15,60.29
11/4/2022 3:30,60.29
11/4/2022 3:45,60.28
11/4/2022 4:00,60.27
11/4/2022 4:15,60.26
11/4/2022 4:30,60.26
11/4/2022 4:45,60.26
11/4/2022 5:00,60.26
11/4/2022 5:15,60.26
11/4/2022 5:30,60.26
11/4/2022 5:45,60.26
11/4/2022 6:00,60.26
11/4/2022 6:15,60.26
11/4/2022 6:30,60.26
11/4/2022 6:45,60.26
11/4/2022 7:00,60.26
11/4/2022 7:15,60.26
11/4/2022 7:30,60.26
11/4/2022 7:45,60.26
11/4/2022 8:00,60.26
11/4/2022 8:15,60.26
11/4/2022 8:30,60.26
11/4/2022 8:45,60.26
11/4/2022 9:00,60.27
11/4/2022 9:15,60.27
11/4/2022 9:30,60.27
11/4/2022 9:45,60.27
11/4/2022 10:00,60.27
11/4/2022 10:15,60.27
11/4/2022 10:30,60.27
11/4/2022 10:45,60.27
11/4/2022 11:00,60.27
11/4/2022 11:15,60.27
11/4/2022 11:30,60.28
11/4/2022 11:45,60.28
11/4/2022 12:00,60.28
11/4/2022 12:15,60.28
11/4/2022 12:30,60.29
11/4/2022 12:45,60.29
11/4/2022 13:00,60.29
11/4/2022 13:15,60.29
11/4/2022 13:30,60.29
11/4/2022 13:45,60.29
11/4/2022 14:00,60.29
11/4/2022 14:15,60.29
11/4/2022 14:30,60.29
11/4/2022 14:45,60.29
11/4/2022 15:00,60.29
11/4/2022 15:15,60.29
11/4/2022 15:30,60.3
11/4/2022 15:45,60.3
11/4/2022 16:00,60.3
11/4/2022 16:15,60.3
11/4/2022 16:30,60.3
11/4/2022 16:45,60.29
11/4/2022 17:00,60.29
11/4/2022 17:15,60.29
11/4/2022 17:30,60.29
11/4/2022 17:45,60.29
11/4/2022 18:00,60.29
11/4/2022 18:15,60.29
11/4/2022 18:30,60.28
11/4/2022 18:45,60.27
11/4/2022 19:00,60.26
11/4/2022 19:15,60.26
11/4/2022 19:30,60.26
11/4/2022 19:45,60.26
11/4/2022 20:00,60.26
11/4/2022 20:15,60.26
11/4/2022 20:30,60.26
11/4/2022 20:45,60.25
11/4/2022 21:00,60.25
11/4/2022 21:15,60.25
11/4/2022 21:30,60.25
11/4/2022 21:45,60.25
11/4/2022 22:00,60.25
11/4/2022 22:15,60.25
11/4/2022 22:30,60.24
11/4/2022 22:45,60.24
11/4/2022 23:00,60.24
11/4/2022 23:15,60.24
11/4/2022 23:30,60.24
11/4/2022 23:45,60.25
11/5/2022 0:00,60.25
11/5/2022 0:15,60.25
11/5/2022 0:30,60.25
11/5/2022 0:45,60.25
11/5/2022 1:00,60.25
11/5/2022 1:15,60.25
11/5/2022 1:30,60.24
11/5/2022 1:45,60.24
11/5/2022 2:00,60.24
11/5/2022 2:15,60.24
11/5/2022 2:30,60.24
11/5/2022 2:45,60.24
11/5/2022 3:00,60.24
11/5/2022 3:15,60.24
11/5/2022 3:30,60.24
11/5/2022 3:45,60.25
11/5/2022 4:00,60.25
11/5/2022 4:15,60.25
11/5/2022 4:30,60.25
11/5/2022 4:45,60.25
11/5/2022 5:00,60.25
11/5/2022 5:15,60.25
11/5/2022 5:30,60.25
11/5/2022 5:45,60.26
11/5/2022 6:00,60.26
11/5/2022 6:15,60.26
11/5/2022 6:30,60.26
11/5/2022 6:45,60.26
11/5/2022 7:00,60.26
11/5/2022 7:15,60.26
11/5/2022 7:30,60.27
11/5/2022 7:45,60.28
11/5/2022 8:00,60.28
11/5/2022 8:15,60.28
11/5/2022 8:30,60.28
11/5/2022 8:45,60.29
11/5/2022 9:00,60.29
11/5/2022 9:15,60.31
11/5/2022 9:30,60.32
11/5/2022 9:45,60.32
11/5/2022 10:00,60.33
11/5/2022 10:15,60.33
11/5/2022 10:30,60.34
11/5/2022 10:45,60.35
11/5/2022 11:00,60.36
11/5/2022 11:15,60.37
11/5/2022 11:30,60.38
11/5/2022 11:45,60.39
11/5/2022 12:00,60.4
11/5/2022 12:15,60.4
11/5/2022 12:30,60.41
11/5/2022 12:45,60.41
11/5/2022 13:00,60.42
11/5/2022 13:15,60.43
11/5/2022 13:30,60.44
11/5/2022 13:45,60.46
11/5/2022 14:00,60.46
11/5/2022 14:15,60.46
11/5/2022 14:30,60.46
11/5/2022 14:45,60.46
11/5/2022 15:00,60.46
11/5/2022 15:15,60.46
11/5/2022 15:30,60.48
11/5/2022 15:45,60.48
11/5/2022 16:00,60.49
11/5/2022 16:15,60.49
11/5/2022 16:30,60.5
11/5/2022 16:45,60.5
11/5/2022 17:00,60.5
11/5/2022 17:15,60.51
11/5/2022 17:30,60.51
11/5/2022 17:45,60.51
11/5/2022 18:00,60.51
11/5/2022 18:15,60.51
11/5/2022 18:30,60.51
11/5/2022 18:45,60.51
11/5/2022 19:00,60.5
11/5/2022 19:15,60.5
11/5/2022 19:30,60.5
11/5/2022 19:45,60.5
11/5/2022 20:00,60.5
11/5/2022 20:15,60.49
11/5/2022 20:30,60.49
11/5/2022 20:45,60.49
11/5/2022 21:00,60.48
11/5/2022 21:15,60.48
11/5/2022 21:30,60.47
11/5/2022 21:45,60.47
11/5/2022 22:00,60.45
11/5/2022 22:15,60.43
11/5/2022 22:30,60.43
11/5/2022 22:45,60.43
11/5/2022 23:00,60.43
11/5/2022 23:15,60.43
11/5/2022 23:30,60.42
11/5/2022 23:45,60.42
11/6/2022 0:00,60.42
11/6/2022 0:15,60.42
11/6/2022 0:30,60.42
11/6/2022 0:45,60.41
11/6/2022 1:00,60.41
11/6/2022 1:15,60.41
11/6/2022 1:30,60.39
11/6/2022 1:45,60.39
11/6/2022 2:00,60.39
11/6/2022 2:15,60.39
11/6/2022 2:30,60.38
11/6/2022 2:45,60.38
11/6/2022 3:00,60.38
11/6/2022 3:15,60.37
11/6/2022 3:30,60.36
11/6/2022 3:45,60.36
11/6/2022 4:00,60.36
11/6/2022 4:15,60.36
11/6/2022 4:30,60.36
11/6/2022 4:45,60.36
11/6/2022 5:00,60.36
11/6/2022 5:15,60.36
11/6/2022 5:30,60.36
11/6/2022 5:45,60.36
11/6/2022 6:00,60.36
11/6/2022 6:15,60.37
11/6/2022 6:30,60.37
11/6/2022 6:45,60.37
11/6/2022 7:00,60.37
11/6/2022 7:15,60.37
11/6/2022 7:30,60.38
11/6/2022 7:45,60.38
11/6/2022 8:00,60.39
11/6/2022 8:15,60.4
11/6/2022 8:30,60.41
11/6/2022 8:45,60.42
11/6/2022 9:00,60.43
11/6/2022 9:15,60.43
11/6/2022 9:30,60.43
11/6/2022 9:45,60.44
11/6/2022 10:00,60.45
11/6/2022 10:15,60.45
11/6/2022 10:30,60.46
11/6/2022 10:45,60.47
11/6/2022 11:00,60.48
11/6/2022 11:15,60.48
11/6/2022 11:30,60.48
11/6/2022 11:45,60.48
11/6/2022 12:00,60.49
11/6/2022 12:15,60.5
11/6/2022 12:30,60.5
11/6/2022 12:45,60.51
11/6/2022 13:00,60.52
11/6/2022 13:15,60.52
11/6/2022 13:30,60.52
11/6/2022 13:45,60.52
11/6/2022 14:00,60.53
11/6/2022 14:15,60.53
11/6/2022 14:30,60.53
11/6/2022 14:45,60.53
11/6/2022 15:00,60.53
11/6/2022 15:15,60.53
11/6/2022 15:30,60.53
11/6/2022 15:45,60.53
11/6/2022 16:00,60.52
11/6/2022 16:15,60.52
11/6/2022 16:30,60.52
11/6/2022 16:45,60.52
11/6/2022 17:00,60.49
11/6/2022 17:15,60.45
11/6/2022 17:30,60.44
11/6/2022 17:45,60.42
11/6/2022 18:00,60.42
11/6/2022 18:15,60.42
11/6/2022 18:30,60.42
11/6/2022 18:45,60.42
11/6/2022 19:00,60.41
11/6/2022 19:15,60.41
11/6/2022 19:30,60.41
11/6/2022 19:45,60.41
11/6/2022 20:00,60.41
11/6/2022 20:15,60.41
11/6/2022 20:30,60.41
11/6/2022 20:45,60.41
11/6/2022 21:00,60.42
11/6/2022 21:15,60.42
11/6/2022 21:30,60.42
11/6/2022 21:45,60.42
11/6/2022 22:00,60.42
11/6/2022 22:15,60.42
11/6/2022 22:30,60.42
11/6/2022 22:45,60.42
11/6/2022 23:00,60.42
11/6/2022 23:15,60.42
11/6/2022 23:30,60.42
11/6/2022 23:45,60.42
11/7/2022 0:00,60.42
11/7/2022 0:15,60.42
11/7/2022 0:30,60.42
11/7/2022 0:45,60.42
11/7/2022 1:00,60.42
11/7/2022 1:15,60.42
11/7/2022 1:30,60.42
11/7/2022 1:45,60.42
11/7/2022 2:00,60.42
11/7/2022 2:15,60.42
11/7/2022 2:30,60.41
11/7/2022 2:45,60.4
11/7/2022 3:00,60.4
11/7/2022 3:15,60.4
11/7/2022 3:30,60.39
11/7/2022 3:45,60.38
11/7/2022 4:00,60.38
11/7/2022 4:15,60.38
11/7/2022 4:30,60.37
11/7/2022 4:45,60.37
11/7/2022 5:00,60.37
11/7/2022 5:15,60.37
11/7/2022 5:30,60.37
11/7/2022 5:45,60.37
11/7/2022 6:00,60.37
11/7/2022 6:15,60.37
11/7/2022 6:30,60.37
11/7/2022 6:45,60.37
11/7/2022 7:00,60.37
11/7/2022 7:15,60.37
11/7/2022 7:30,60.37
11/7/2022 7:45,60.37
11/7/2022 8:00,60.37
11/7/2022 8:15,60.37
11/7/2022 8:30,60.38
11/7/2022 8:45,60.4
11/7/2022 9:00,60.4
11/7/2022 9:15,60.42
11/7/2022 9:30,60.43
11/7/2022 9:45,60.43
11/7/2022 10:00,60.45
11/7/2022 10:15,60.45
11/7/2022 10:30,60.45
11/7/2022 10:45,60.46
11/7/2022 11:00,60.46
11/7/2022 11:15,60.47
11/7/2022 11:30,60.49
11/7/2022 11:45,60.49
11/7/2022 12:00,60.49
11/7/2022 12:15,60.49
11/7/2022 12:30,60.49
11/7/2022 12:45,60.49
11/7/2022 13:00,60.49
11/7/2022 13:15,60.49
11/7/2022 13:30,60.49
11/7/2022 13:45,60.49
11/7/2022 14:00,60.49
11/7/2022 14:15,60.48
11/7/2022 14:30,60.44
11/7/2022 14:45,60.42
11/7/2022 15:00,60.4
11/7/2022 15:15,60.4
11/7/2022 15:30,60.4
11/7/2022 15:45,60.4
11/7/2022 16:00,60.39
11/7/2022 16:15,60.38
11/7/2022 16:30,60.38
11/7/2022 16:45,60.36
11/7/2022 17:00,60.35
11/7/2022 17:15,60.35
11/7/2022 17:30,60.35
11/7/2022 17:45,60.35
11/7/2022 18:00,60.35
11/7/2022 18:15,60.35
11/7/2022 18:30,60.35
11/7/2022 18:45,60.35
11/7/2022 19:00,60.33
11/7/2022 19:15,60.33
11/7/2022 19:30,60.33
11/7/2022 19:45,60.33
11/7/2022 20:00,60.33
11/7/2022 20:15,60.33
11/7/2022 20:30,60.33
11/7/2022 20:45,60.33
11/7/2022 21:00,60.33
11/7/2022 21:15,60.33
11/7/2022 21:30,60.33
11/7/2022 21:45,60.33
11/7/2022 22:00,60.33
11/7/2022 22:15,60.33
11/7/2022 22:30,60.34
11/7/2022 22:45,60.34
11/7/2022 23:00,60.34
11/7/2022 23:15,60.34
11/7/2022 23:30,60.34
11/7/2022 23:45,60.34
11/8/2022 0:00,60.34
11/8/2022 0:15,60.34
11/8/2022 0:30,60.34
11/8/2022 0:45,60.34
11/8/2022 1:00,60.34
11/8/2022 1:15,60.33
11/8/2022 1:30,60.32
11/8/2022 1:45,60.32
11/8/2022 2:00,60.32
11/8/2022 2:15,60.3
11/8/2022 2:30,60.29
11/8/2022 2:45,60.27
11/8/2022 3:00,60.27
11/8/2022 3:15,60.27
11/8/2022 3:30,60.27
11/8/2022 3:45,60.27
11/8/2022 4:00,60.27
11/8/2022 4:15,60.27
11/8/2022 4:30,60.27
11/8/2022 4:45,60.27
11/8/2022 5:00,60.26
11/8/2022 5:15,60.26
11/8/2022 5:30,60.27
11/8/2022 5:45,60.27
11/8/2022 6:00,60.27
11/8/2022 6:15,60.27
11/8/2022 6:30,60.27
11/8/2022 6:45,60.27
11/8/2022 7:00,60.27
11/8/2022 7:15,60.27
11/8/2022 7:30,60.27
11/8/2022 7:45,60.27
11/8/2022 8:00,60.27
11/8/2022 8:15,60.28
11/8/2022 8:30,60.28
11/8/2022 8:45,60.28
11/8/2022 9:00,60.3
11/8/2022 9:15,60.32
11/8/2022 9:30,60.33
11/8/2022 9:45,60.33
11/8/2022 10:00,60.34
11/8/2022 10:15,60.35
11/8/2022 10:30,60.35
11/8/2022 10:45,60.35
11/8/2022 11:00,60.35
11/8/2022 11:15,60.35
11/8/2022 11:30,60.35
11/8/2022 11:45,60.36
11/8/2022 12:00,60.36
11/8/2022 12:15,60.36
11/8/2022 12:30,60.36
11/8/2022 12:45,60.37
11/8/2022 13:00,60.37
11/8/2022 13:15,60.37
11/8/2022 13:30,60.37
11/8/2022 13:45,60.37
11/8/2022 14:00,60.37
11/8/2022 14:15,60.37
11/8/2022 14:30,60.36
11/8/2022 14:45,60.36
11/8/2022 15:00,60.36
11/8/2022 15:15,60.36
11/8/2022 15:30,60.36
11/8/2022 15:45,60.36
11/8/2022 16:00,60.37
11/8/2022 16:15,60.37
11/8/2022 16:30,60.37
11/8/2022 16:45,60.37
11/8/2022 17:00,60.37
11/8/2022 17:15,60.37
11/8/2022 17:30,60.37
11/8/2022 17:45,60.37
11/8/2022 18:00,60.37
11/8/2022 18:15,60.37
11/8/2022 18:30,60.37
11/8/2022 18:45,60.37
11/8/2022 19:00,60.38
11/8/2022 19:15,60.38
11/8/2022 19:30,60.38
11/8/2022 19:45,60.38
11/8/2022 20:00,60.38
11/8/2022 20:15,60.38
11/8/2022 20:30,60.38
11/8/2022 20:45,60.37
11/8/2022 21:00,60.37
11/8/2022 21:15,60.37
11/8/2022 21:30,60.36
11/8/2022 21:45,60.35
11/8/2022 22:00,60.35
11/8/2022 22:15,60.35
11/8/2022 22:30,60.35
11/8/2022 22:45,60.35
11/8/2022 23:00,60.35
11/8/2022 23:15,60.34
11/8/2022 23:30,60.34
11/8/2022 23:45,60.34
11/9/2022 0:00,60.34
11/9/2022 0:15,60.34
11/9/2022 0:30,60.34
11/9/2022 0:45,60.34
11/9/2022 1:00,60.34
11/9/2022 1:15,60.34
11/9/2022 1:30,60.34
11/9/2022 1:45,60.34
11/9/2022 2:00,60.34
11/9/2022 2:15,60.34
11/9/2022 2:30,60.34
11/9/2022 2:45,60.35
11/9/2022 3:00,60.35
11/9/2022 3:15,60.36
11/9/2022 3:30,60.36
11/9/2022 3:45,60.36
11/9/2022 4:00,60.36
11/9/2022 4:15,60.36
11/9/2022 4:30,60.36
11/9/2022 4:45,60.36
11/9/2022 5:00,60.36
11/9/2022 5:15,60.36
11/9/2022 5:30,60.36
11/9/2022 5:45,60.36
11/9/2022 6:00,60.36
11/9/2022 6:15,60.36
11/9/2022 6:30,60.35
11/9/2022 6:45,60.35
11/9/2022 7:00,60.34
11/9/2022 7:15,60.34
11/9/2022 7:30,60.34
11/9/2022 7:45,60.34
11/9/2022 8:00,60.34
11/9/2022 8:15,60.34
11/9/2022 8:30,60.34
11/9/2022 8:45,60.33
11/9/2022 9:00,60.33
11/9/2022 9:15,60.33
11/9/2022 9:30,60.33
11/9/2022 9:45,60.33
11/9/2022 10:00,60.33
11/9/2022 10:15,60.34
11/9/2022 10:30,60.34
11/9/2022 10:45,60.34
11/9/2022 11:00,60.34
11/9/2022 11:15,60.35
11/9/2022 11:30,60.35
11/9/2022 11:45,60.37
11/9/2022 12:00,60.37
11/9/2022 12:15,60.38
11/9/2022 12:30,60.38
11/9/2022 12:45,60.38
11/9/2022 13:00,60.38
11/9/2022 13:15,60.38
11/9/2022 13:30,60.38
11/9/2022 13:45,60.39
11/9/2022 14:00,60.4
11/9/2022 14:15,60.4
11/9/2022 14:30,60.4
11/9/2022 14:45,60.41
11/9/2022 15:00,60.41
11/9/2022 15:15,60.41
11/9/2022 15:30,60.42
11/9/2022 15:45,60.42
11/9/2022 16:00,60.42
11/9/2022 16:15,60.42
11/9/2022 16:30,60.42
11/9/2022 16:45,60.42
11/9/2022 17:00,60.42
11/9/2022 17:15,60.41
11/9/2022 17:30,60.4
11/9/2022 17:45,60.4
11/9/2022 18:00,60.4
11/9/2022 18:15,60.4
11/9/2022 18:30,60.38
11/9/2022 18:45,60.37
11/9/2022 19:00,60.37
11/9/2022 19:15,60.37
11/9/2022 19:30,60.35
11/9/2022 19:45,60.35
11/9/2022 20:00,60.34
11/9/2022 20:15,60.34
11/9/2022 20:30,60.33
11/9/2022 20:45,60.32
11/9/2022 21:00,60.32
11/9/2022 21:15,60.32
11/9/2022 21:30,60.32
11/9/2022 21:45,60.31
11/9/2022 22:00,60.31
11/9/2022 22:15,60.31
11/9/2022 22:30,60.31
11/9/2022 22:45,60.3
11/9/2022 23:00,60.3
11/9/2022 23:15,60.3
11/9/2022 23:30,60.29
11/9/2022 23:45,60.28
11/10/2022 0:00,60.27
11/10/2022 0:15,60.27
11/10/2022 0:30,60.27
11/10/2022 0:45,60.26
11/10/2022 1:00,60.26
11/10/2022 1:15,60.26
11/10/2022 1:30,60.26
11/10/2022 1:45,60.26
11/10/2022 2:00,60.26
11/10/2022 2:15,60.25
11/10/2022 2:30,60.25
11/10/2022 2:45,60.25
11/10/2022 3:00,60.25
11/10/2022 3:15,60.25
11/10/2022 3:30,60.25
11/10/2022 3:45,60.25
11/10/2022 4:00,60.25
11/10/2022 4:15,60.24
11/10/2022 4:30,60.24
11/10/2022 4:45,60.24
11/10/2022 5:00,60.24
11/10/2022 5:15,60.23
11/10/2022 5:30,60.23
11/10/2022 5:45,60.22
11/10/2022 6:00,60.22
11/10/2022 6:15,60.22
11/10/2022 6:30,60.22
11/10/2022 6:45,60.22
11/10/2022 7:00,60.22
11/10/2022 7:15,60.22
11/10/2022 7:30,60.23
11/10/2022 7:45,60.23
11/10/2022 8:00,60.23
11/10/2022 8:15,60.23
11/10/2022 8:30,60.23
11/10/2022 8:45,60.23
11/10/2022 9:00,60.24
11/10/2022 9:15,60.25
11/10/2022 9:30,60.26
11/10/2022 9:45,60.29
11/10/2022 10:00,60.32
11/10/2022 10:15,60.32
11/10/2022 10:30,60.33
11/10/2022 10:45,60.34
11/10/2022 11:00,60.34
11/10/2022 11:15,60.34
11/10/2022 11:30,60.34
11/10/2022 11:45,60.34
11/10/2022 12:00,60.34
11/10/2022 12:15,60.34
11/10/2022 12:30,60.34
11/10/2022 12:45,60.33
11/10/2022 13:00,60.33
11/10/2022 13:15,60.33
11/10/2022 13:30,60.32
11/10/2022 13:45,60.32
11/10/2022 14:00,60.32
11/10/2022 14:15,60.31
11/10/2022 14:30,60.3
11/10/2022 14:45,60.29
11/10/2022 15:00,60.28
11/10/2022 15:15,60.27
11/10/2022 15:30,60.27
11/10/2022 15:45,60.26
11/10/2022 16:00,60.24
11/10/2022 16:15,60.23
11/10/2022 16:30,60.22
11/10/2022 16:45,60.22
11/10/2022 17:00,60.21
11/10/2022 17:15,60.21
11/10/2022 17:30,60.21
11/10/2022 17:45,60.2
11/10/2022 18:00,60.2
11/10/2022 18:15,60.19
11/10/2022 18:30,60.18
11/10/2022 18:45,60.17
11/10/2022 19:00,60.16
11/10/2022 19:15,60.15
11/10/2022 19:30,60.14
11/10/2022 19:45,60.14
11/10/2022 20:00,60.14
11/10/2022 20:15,60.13
11/10/2022 20:30,60.13
11/10/2022 20:45,60.13
11/10/2022 21:00,60.13
11/10/2022 21:15,60.13
11/10/2022 21:30,60.13
11/10/2022 21:45,60.13
11/10/2022 22:00,60.13
11/10/2022 22:15,60.13
11/10/2022 22:30,60.13
11/10/2022 22:45,60.14
11/10/2022 23:00,60.14
11/10/2022 23:15,60.14
11/10/2022 23:30,60.14
11/10/2022 23:45,60.14
11/11/2022 0:00,60.14
11/11/2022 0:15,60.14
11/11/2022 0:30,60.15
11/11/2022 0:45,60.15
11/11/2022 1:00,60.15
11/11/2022 1:15,60.15
11/11/2022 1:30,60.15
11/11/2022 1:45,60.15
11/11/2022 2:00,60.16
11/11/2022 2:15,60.16
11/11/2022 2:30,60.16
11/11/2022 2:45,60.15
11/11/2022 3:00,60.15
11/11/2022 3:15,60.15
11/11/2022 3:30,60.15
11/11/2022 3:45,60.14
11/11/2022 4:00,60.13
11/11/2022 4:15,60.13
11/11/2022 4:30,60.13
11/11/2022 4:45,60.13
11/11/2022 5:00,60.13
11/11/2022 5:15,60.13
11/11/2022 5:30,60.13
11/11/2022 5:45,60.13
11/11/2022 6:00,60.13
11/11/2022 6:15,60.13
11/11/2022 6:30,60.13
11/11/2022 6:45,60.12
11/11/2022 7:00,60.12
11/11/2022 7:15,60.12
11/11/2022 7:30,60.12
11/11/2022 7:45,60.12
11/11/2022 8:00,60.13
11/11/2022 8:15,60.13
11/11/2022 8:30,60.13
11/11/2022 8:45,60.15
11/11/2022 9:00,60.16
11/11/2022 9:15,60.16
11/11/2022 9:30,60.16
11/11/2022 9:45,60.16
11/11/2022 10:00,60.17
11/11/2022 10:15,60.17
11/11/2022 10:30,60.18
11/11/2022 10:45,60.21
11/11/2022 11:00,60.23
11/11/2022 11:15,60.24
11/11/2022 11:30,60.25
11/11/2022 11:45,60.26
11/11/2022 12:00,60.26
11/11/2022 12:15,60.28
11/11/2022 12:30,60.28
11/11/2022 12:45,60.28
11/11/2022 13:00,60.28
11/11/2022 13:15,60.3
11/11/2022 13:30,60.3
11/11/2022 13:45,60.3
11/11/2022 14:00,60.3
11/11/2022 14:15,60.3
11/11/2022 14:30,60.29
11/11/2022 14:45,60.28
11/11/2022 15:00,60.27
11/11/2022 15:15,60.26
11/11/2022 15:30,60.26
11/11/2022 15:45,60.26
11/11/2022 16:00,60.26
11/11/2022 16:15,60.25
11/11/2022 16:30,60.25
11/11/2022 16:45,60.24
11/11/2022 17:00,60.23
11/11/2022 17:15,60.22
11/11/2022 17:30,60.19
11/11/2022 17:45,60.18
11/11/2022 18:00,60.16
11/11/2022 18:15,60.15
11/11/2022 18:30,60.14
11/11/2022 18:45,60.14
11/11/2022 19:00,60.13
11/11/2022 19:15,60.13
11/11/2022 19:30,60.13
11/11/2022 19:45,60.11
11/11/2022 20:00,60.11
11/11/2022 20:15,60.09
11/11/2022 20:30,60.09
11/11/2022 20:45,60.09
11/11/2022 21:00,60.09
11/11/2022 21:15,60.09
11/11/2022 21:30,60.09
11/11/2022 21:45,60.09
11/11/2022 22:00,60.09
11/11/2022 22:15,60.09
11/11/2022 22:30,60.08
11/11/2022 22:45,60.08
11/11/2022 23:00,60.08
11/11/2022 23:15,60.08
11/11/2022 23:30,60.08
11/11/2022 23:45,60.08
11/12/2022 0:00,60.09
11/12/2022 0:15,60.09
11/12/2022 0:30,60.09
11/12/2022 0:45,60.09
11/12/2022 1:00,60.09
11/12/2022 1:15,60.09
11/12/2022 1:30,60.09
11/12/2022 1:45,60.08
11/12/2022 2:00,60.08
11/12/2022 2:15,60.08
11/12/2022 2:30,60.08
11/12/2022 2:45,60.08
11/12/2022 3:00,60.08
11/12/2022 3:15,60.08
11/12/2022 3:30,60.09
11/12/2022 3:45,60.09
11/12/2022 4:00,60.09
11/12/2022 4:15,60.09
11/12/2022 4:30,60.1
11/12/2022 4:45,60.1
11/12/2022 5:00,60.1
11/12/2022 5:15,60.1
11/12/2022 5:30,60.1
11/12/2022 5:45,60.1
11/12/2022 6:00,60.1
11/12/2022 6:15,60.1
11/12/2022 6:30,60.1
11/12/2022 6:45,60.11
11/12/2022 7:00,60.12
11/12/2022 7:15,60.12
11/12/2022 7:30,60.13
11/12/2022 7:45,60.13
11/12/2022 8:00,60.14
11/12/2022 8:15,60.15
11/12/2022 8:30,60.15
11/12/2022 8:45,60.15
11/12/2022 9:00,60.15
11/12/2022 9:15,60.15
11/12/2022 9:30,60.15
11/12/2022 9:45,60.16
11/12/2022 10:00,60.18
11/12/2022 10:15,60.2
11/12/2022 10:30,60.23
11/12/2022 10:45,60.25
11/12/2022 11:00,60.26
11/12/2022 11:15,60.27
11/12/2022 11:30,60.28
11/12/2022 11:45,60.29
11/12/2022 12:00,60.29
11/12/2022 12:15,60.3
11/12/2022 12:30,60.3
11/12/2022 12:45,60.3
11/12/2022 13:00,60.31
11/12/2022 13:15,60.33
11/12/2022 13:30,60.34
11/12/2022 13:45,60.34
11/12/2022 14:00,60.34
11/12/2022 14:15,60.34
11/12/2022 14:30,60.35
11/12/2022 14:45,60.35
11/12/2022 15:00,60.35
11/12/2022 15:15,60.35
11/12/2022 15:30,60.35
11/12/2022 15:45,60.35
11/12/2022 16:00,60.35
11/12/2022 16:15,60.35
11/12/2022 16:30,60.34
11/12/2022 16:45,60.33
11/12/2022 17:00,60.31
11/12/2022 17:15,60.3
11/12/2022 17:30,60.29
11/12/2022 17:45,60.29
11/12/2022 18:00,60.28
11/12/2022 18:15,60.27
11/12/2022 18:30,60.27
11/12/2022 18:45,60.27
11/12/2022 19:00,60.27
11/12/2022 19:15,60.26
11/12/2022 19:30,60.26
11/12/2022 19:45,60.25
11/12/2022 20:00,60.25
11/12/2022 20:15,60.23
11/12/2022 20:30,60.22
11/12/2022 20:45,60.21
11/12/2022 21:00,60.21
11/12/2022 21:15,60.2
11/12/2022 21:30,60.18
11/12/2022 21:45,60.18
11/12/2022 22:00,60.18
11/12/2022 22:15,60.18
11/12/2022 22:30,60.16
11/12/2022 22:45,60.15
11/12/2022 23:00,60.15
11/12/2022 23:15,60.15
11/12/2022 23:30,60.15
11/12/2022 23:45,60.15
11/13/2022 0:00,60.15
11/13/2022 0:15,60.15
11/13/2022 0:30,60.15
11/13/2022 0:45,60.15
11/13/2022 1:00,60.15
11/13/2022 1:15,60.15
11/13/2022 1:30,60.15
11/13/2022 1:45,60.15
11/13/2022 2:00,60.15
11/13/2022 2:15,60.15
11/13/2022 2:30,60.16
11/13/2022 2:45,60.17
11/13/2022 3:00,60.17
11/13/2022 3:15,60.17
11/13/2022 3:30,60.17
11/13/2022 3:45,60.17
11/13/2022 4:00,60.17
11/13/2022 4:15,60.16
11/13/2022 4:30,60.16
11/13/2022 4:45,60.16
11/13/2022 5:00,60.15
11/13/2022 5:15,60.15
11/13/2022 5:30,60.15
11/13/2022 5:45,60.15
11/13/2022 6:00,60.15
11/13/2022 6:15,60.15
11/13/2022 6:30,60.15
11/13/2022 6:45,60.14
11/13/2022 7:00,60.14
11/13/2022 7:15,60.14
11/13/2022 7:30,60.14
11/13/2022 7:45,60.14
11/13/2022 8:00,60.15
11/13/2022 8:15,60.15
11/13/2022 8:30,60.15
11/13/2022 8:45,60.18
11/13/2022 9:00,60.2
11/13/2022 9:15,60.2
11/13/2022 9:30,60.2
11/13/2022 9:45,60.21
11/13/2022 10:00,60.22
11/13/2022 10:15,60.23
11/13/2022 10:30,60.26
11/13/2022 10:45,60.28
11/13/2022 11:00,60.28
11/13/2022 11:15,60.28
11/13/2022 11:30,60.28
11/13/2022 11:45,60.29
11/13/2022 12:00,60.3
11/13/2022 12:15,60.3
11/13/2022 12:30,60.31
11/13/2022 12:45,60.31
11/13/2022 13:00,60.32
11/13/2022 13:15,60.32
11/13/2022 13:30,60.32
11/13/2022 13:45,60.32
11/13/2022 14:00,60.32
11/13/2022 14:15,60.32
11/13/2022 14:30,60.32
11/13/2022 14:45,60.32
11/13/2022 15:00,60.33
11/13/2022 15:15,60.34
11/13/2022 15:30,60.35
11/13/2022 15:45,60.35
11/13/2022 16:00,60.35
11/13/2022 16:15,60.35
11/13/2022 16:30,60.35
11/13/2022 16:45,60.35
11/13/2022 17:00,60.35
11/13/2022 17:15,60.35
11/13/2022 17:30,60.35
11/13/2022 17:45,60.34
11/13/2022 18:00,60.34
11/13/2022 18:15,60.34
11/13/2022 18:30,60.34
11/13/2022 18:45,60.35
11/13/2022 19:00,60.35
11/13/2022 19:15,60.35
11/13/2022 19:30,60.35
11/13/2022 19:45,60.34
11/13/2022 20:00,60.33
11/13/2022 20:15,60.31
11/13/2022 20:30,60.29
11/13/2022 20:45,60.28
11/13/2022 21:00,60.28
11/13/2022 21:15,60.27
11/13/2022 21:30,60.27
11/13/2022 21:45,60.27
11/13/2022 22:00,60.27
11/13/2022 22:15,60.27
11/13/2022 22:30,60.27
11/13/2022 22:45,60.27
11/13/2022 23:00,60.27
11/13/2022 23:15,60.25
11/13/2022 23:30,60.24
11/13/2022 23:45,60.24
11/14/2022 0:00,60.24
11/14/2022 0:15,60.24
11/14/2022 0:30,60.24
11/14/2022 0:45,60.24
11/14/2022 1:00,60.24
11/14/2022 1:15,60.24
11/14/2022 1:30,60.25
11/14/2022 1:45,60.25
11/14/2022 2:00,60.25
11/14/2022 2:15,60.25
11/14/2022 2:30,60.24
11/14/2022 2:45,60.24
11/14/2022 3:00,60.24
11/14/2022 3:15,60.24
11/14/2022 3:30,60.24
11/14/2022 3:45,60.24
11/14/2022 4:00,60.24
11/14/2022 4:15,60.24
11/14/2022 4:30,60.23
11/14/2022 4:45,60.23
11/14/2022 5:00,60.22
11/14/2022 5:15,60.22
11/14/2022 5:30,60.22
11/14/2022 5:45,60.22
11/14/2022 6:00,60.22
11/14/2022 6:15,60.22
11/14/2022 6:30,60.22
11/14/2022 6:45,60.22
11/14/2022 7:00,60.22
11/14/2022 7:15,60.22
11/14/2022 7:30,60.22
11/14/2022 7:45,60.22
11/14/2022 8:00,60.22
11/14/2022 8:15,60.22
11/14/2022 8:30,60.22
11/14/2022 8:45,60.22
11/14/2022 9:00,60.22
11/14/2022 9:15,60.23
11/14/2022 9:30,60.23
11/14/2022 9:45,60.23
11/14/2022 10:00,60.23
11/14/2022 10:15,60.24
11/14/2022 10:30,60.24
11/14/2022 10:45,60.24
11/14/2022 11:00,60.24
11/14/2022 11:15,60.24
11/14/2022 11:30,60.24
11/14/2022 11:45,60.24
11/14/2022 12:00,60.24
11/14/2022 12:15,60.25
11/14/2022 12:30,60.26
11/14/2022 12:45,60.26
11/14/2022 13:00,60.27
11/14/2022 13:15,60.27
11/14/2022 13:30,60.27
11/14/2022 13:45,60.28
11/14/2022 14:00,60.29
11/14/2022 14:15,60.29
11/14/2022 14:30,60.29
11/14/2022 14:45,60.29
11/14/2022 15:00,60.29
11/14/2022 15:15,60.29
11/14/2022 15:30,60.29
11/14/2022 15:45,60.29
11/14/2022 16:00,60.29
11/14/2022 16:15,60.28
11/14/2022 16:30,60.28
11/14/2022 16:45,60.28
11/14/2022 17:00,60.28
11/14/2022 17:15,60.27
11/14/2022 17:30,60.27
11/14/2022 17:45,60.27
11/14/2022 18:00,60.27
11/14/2022 18:15,60.26
11/14/2022 18:30,60.25
11/14/2022 18:45,60.24
11/14/2022 19:00,60.23
11/14/2022 19:15,60.23
11/14/2022 19:30,60.23
11/14/2022 19:45,60.23
11/14/2022 20:00,60.22
11/14/2022 20:15,60.22
11/14/2022 20:30,60.22
11/14/2022 20:45,60.22
11/14/2022 21:00,60.21
11/14/2022 21:15,60.21
11/14/2022 21:30,60.19
11/14/2022 21:45,60.18
11/14/2022 22:00,60.18
11/14/2022 22:15,60.18
11/14/2022 22:30,60.17
11/14/2022 22:45,60.16
11/14/2022 23:00,60.16
11/14/2022 23:15,60.15
11/14/2022 23:30,60.15
11/14/2022 23:45,60.15
11/15/2022 0:00,60.14
11/15/2022 0:15,60.12
11/15/2022 0:30,60.12
11/15/2022 0:45,60.11
11/15/2022 1:00,60.11
11/15/2022 1:15,60.11
11/15/2022 1:30,60.1
11/15/2022 1:45,60.1
11/15/2022 2:00,60.1
11/15/2022 2:15,60.1
11/15/2022 2:30,60.1
11/15/2022 2:45,60.1
11/15/2022 3:00,60.1
11/15/2022 3:15,60.1
11/15/2022 3:30,60.1
11/15/2022 3:45,60.1
11/15/2022 4:00,60.11
11/15/2022 4:15,60.11
11/15/2022 4:30,60.11
11/15/2022 4:45,60.11
11/15/2022 5:00,60.11
11/15/2022 5:15,60.11
11/15/2022 5:30,60.11
11/15/2022 5:45,60.11
11/15/2022 6:00,60.12
11/15/2022 6:15,60.12
11/15/2022 6:30,60.12
11/15/2022 6:45,60.12
11/15/2022 7:00,60.12
11/15/2022 7:15,60.12
11/15/2022 7:30,60.12
11/15/2022 7:45,60.12
11/15/2022 8:00,60.11
11/15/2022 8:15,60.11
11/15/2022 8:30,60.11
11/15/2022 8:45,60.11
11/15/2022 9:00,60.11
11/15/2022 9:15,60.12
11/15/2022 9:30,60.12
11/15/2022 9:45,60.12
11/15/2022 10:00,60.12
11/15/2022 10:15,60.13
11/15/2022 10:30,60.13
11/15/2022 10:45,60.14
11/15/2022 11:00,60.15
11/15/2022 11:15,60.15
11/15/2022 11:30,60.15
11/15/2022 11:45,60.15
11/15/2022 12:00,60.15
11/15/2022 12:15,60.16
11/15/2022 12:30,60.16
11/15/2022 12:45,60.16
11/15/2022 13:00,60.16
11/15/2022 13:15,60.17
11/15/2022 13:30,60.17
11/15/2022 13:45,60.17
11/15/2022 14:00,60.18
11/15/2022 14:15,60.18
11/15/2022 14:30,60.18
11/15/2022 14:45,60.18
11/15/2022 15:00,60.18
11/15/2022 15:15,60.18
11/15/2022 15:30,60.17
11/15/2022 15:45,60.17
11/15/2022 16:00,60.17
11/15/2022 16:15,60.17
11/15/2022 16:30,60.17
11/15/2022 16:45,60.17
11/15/2022 17:00,60.16
11/15/2022 17:15,60.15
11/15/2022 17:30,60.15
11/15/2022 17:45,60.14
11/15/2022 18:00,60.14
11/15/2022 18:15,60.13
11/15/2022 18:30,60.13
11/15/2022 18:45,60.13
11/15/2022 19:00,60.13
11/15/2022 19:15,60.12
11/15/2022 19:30,60.11
11/15/2022 19:45,60.11
11/15/2022 20:00,60.1
11/15/2022 20:15,60.1
11/15/2022 20:30,60.09
11/15/2022 20:45,60.09
11/15/2022 21:00,60.08
11/15/2022 21:15,60.07
11/15/2022 21:30,60.07
11/15/2022 21:45,60.06
11/15/2022 22:00,60.05
11/15/2022 22:15,60.04
11/15/2022 22:30,60.03
11/15/2022 22:45,60.03
11/15/2022 23:00,60.03
11/15/2022 23:15,60.03
11/15/2022 23:30,60.03
11/15/2022 23:45,60.03
11/16/2022 0:00,60.03
11/16/2022 0:15,60.03
11/16/2022 0:30,60.03
11/16/2022 0:45,60.03
11/16/2022 1:00,60.03
11/16/2022 1:15,60.03
11/16/2022 1:30,60.04
11/16/2022 1:45,60.04
11/16/2022 2:00,60.04
11/16/2022 2:15,60.04
11/16/2022 2:30,60.06
11/16/2022 2:45,60.07
11/16/2022 3:00,60.08
11/16/2022 3:15,60.08
11/16/2022 3:30,60.08
11/16/2022 3:45,60.08
11/16/2022 4:00,60.08
11/16/2022 4:15,60.08
11/16/2022 4:30,60.08
11/16/2022 4:45,60.08
11/16/2022 5:00,60.08
11/16/2022 5:15,60.08
11/16/2022 5:30,60.08
11/16/2022 5:45,60.08
11/16/2022 6:00,60.08
11/16/2022 6:15,60.08
11/16/2022 6:30,60.08
11/16/2022 6:45,60.08
11/16/2022 7:00,60.09
11/16/2022 7:15,60.09
11/16/2022 7:30,60.09
11/16/2022 7:45,60.09
11/16/2022 8:00,60.09
11/16/2022 8:15,60.09
11/16/2022 8:30,60.09
11/16/2022 8:45,60.1
11/16/2022 9:00,60.1
11/16/2022 9:15,60.11
11/16/2022 9:30,60.11
11/16/2022 9:45,60.12
11/16/2022 10:00,60.13
11/16/2022 10:15,60.13
11/16/2022 10:30,60.13
11/16/2022 10:45,60.14
11/16/2022 11:00,60.14
11/16/2022 11:15,60.14
11/16/2022 11:30,60.15
11/16/2022 11:45,60.15
11/16/2022 12:00,60.15
11/16/2022 12:15,60.16
11/16/2022 12:30,60.16
11/16/2022 12:45,60.16
11/16/2022 13:00,60.16
11/16/2022 13:15,60.17
11/16/2022 13:30,60.17
11/16/2022 13:45,60.17
11/16/2022 14:00,60.17
11/16/2022 14:15,60.17
11/16/2022 14:30,60.16
11/16/2022 14:45,60.16
11/16/2022 15:00,60.16
11/16/2022 15:15,60.16
11/16/2022 15:30,60.17
11/16/2022 15:45,60.17
11/16/2022 16:00,60.18
11/16/2022 16:15,60.18
11/16/2022 16:30,60.18
11/16/2022 16:45,60.18
11/16/2022 17:00,60.18
11/16/2022 17:15,60.18
11/16/2022 17:30,60.17
11/16/2022 17:45,60.17
11/16/2022 18:00,60.17
11/16/2022 18:15,60.15
11/16/2022 18:30,60.13
11/16/2022 18:45,60.13
11/16/2022 19:00,60.13
11/16/2022 19:15,60.13
11/16/2022 19:30,60.13
11/16/2022 19:45,60.13
11/16/2022 20:00,60.13
11/16/2022 20:15,60.13
11/16/2022 20:30,60.12
11/16/2022 20:45,60.11
11/16/2022 21:00,60.1
11/16/2022 21:15,60.1
11/16/2022 21:30,60.1
11/16/2022 21:45,60.1
11/16/2022 22:00,60.1
11/16/2022 22:15,60.11
11/16/2022 22:30,60.11
11/16/2022 22:45,60.11
11/16/2022 23:00,60.11
11/16/2022 23:15,60.11
11/16/2022 23:30,60.11
11/16/2022 23:45,60.11
11/17/2022 0:00,60.11
11/17/2022 0:15,60.11
11/17/2022 0:30,60.11
11/17/2022 0:45,60.11
11/17/2022 1:00,60.11
11/17/2022 1:15,60.11
11/17/2022 1:30,60.11
11/17/2022 1:45,60.11
11/17/2022 2:00,60.11
11/17/2022 2:15,60.11
11/17/2022 2:30,60.11
11/17/2022 2:45,60.12
11/17/2022 3:00,60.12
11/17/2022 3:15,60.12
11/17/2022 3:30,60.12
11/17/2022 3:45,60.12
11/17/2022 4:00,60.12
11/17/2022 4:15,60.12
11/17/2022 4:30,60.12
11/17/2022 4:45,60.12
11/17/2022 5:00,60.12
11/17/2022 5:15,60.12
11/17/2022 5:30,60.12
11/17/2022 5:45,60.12
11/17/2022 6:00,60.13
11/17/2022 6:15,60.13
11/17/2022 6:30,60.15
11/17/2022 6:45,60.15
11/17/2022 7:00,60.16
11/17/2022 7:15,60.16
11/17/2022 7:30,60.16
11/17/2022 7:45,60.16
11/17/2022 8:00,60.16
11/17/2022 8:15,60.17
11/17/2022 8:30,60.17
11/17/2022 8:45,60.17
11/17/2022 9:00,60.17
11/17/2022 9:15,60.17
11/17/2022 9:30,60.17
11/17/2022 9:45,60.17
11/17/2022 10:00,60.17
11/17/2022 10:15,60.17
11/17/2022 10:30,60.17
11/17/2022 10:45,60.17
11/17/2022 11:00,60.17
11/17/2022 11:15,60.17
11/17/2022 11:30,60.17
11/17/2022 11:45,60.17
11/17/2022 12:00,60.17
11/17/2022 12:15,60.18
11/17/2022 12:30,60.18
11/17/2022 12:45,60.18
11/17/2022 13:00,60.18
11/17/2022 13:15,60.18
11/17/2022 13:30,60.18
11/17/2022 13:45,60.18
11/17/2022 14:00,60.18
11/17/2022 14:15,60.18
11/17/2022 14:30,60.18
11/17/2022 14:45,60.18
11/17/2022 15:00,60.18
11/17/2022 15:15,60.18
11/17/2022 15:30,60.18
11/17/2022 15:45,60.18
11/17/2022 16:00,60.18
11/17/2022 16:15,60.17
11/17/2022 16:30,60.16
11/17/2022 16:45,60.15
11/17/2022 17:00,60.14
11/17/2022 17:15,60.14
11/17/2022 17:30,60.14
11/17/2022 17:45,60.14
11/17/2022 18:00,60.14
11/17/2022 18:15,60.13
11/17/2022 18:30,60.13
11/17/2022 18:45,60.13
11/17/2022 19:00,60.13
11/17/2022 19:15,60.12
11/17/2022 19:30,60.12
11/17/2022 19:45,60.12
11/17/2022 20:00,60.12
11/17/2022 20:15,60.13
11/17/2022 20:30,60.14
11/17/2022 20:45,60.14
11/17/2022 21:00,60.14
11/17/2022 21:15,60.14
11/17/2022 21:30,60.14
11/17/2022 21:45,60.14
11/17/2022 22:00,60.14
11/17/2022 22:15,60.14
11/17/2022 22:30,60.13
11/17/2022 22:45,60.12
11/17/2022 23:00,60.12
11/17/2022 23:15,60.12
11/17/2022 23:30,60.12
11/17/2022 23:45,60.12
11/18/2022 0:00,60.12
11/18/2022 0:15,60.12
11/18/2022 0:30,60.12
11/18/2022 0:45,60.12
11/18/2022 1:00,60.12
11/18/2022 1:15,60.12
11/18/2022 1:30,60.12
11/18/2022 1:45,60.12
11/18/2022 2:00,60.12
11/18/2022 2:15,60.12
11/18/2022 2:30,60.12
11/18/2022 2:45,60.12
11/18/2022 3:00,60.12
11/18/2022 3:15,60.12
11/18/2022 3:30,60.12
11/18/2022 3:45,60.12
11/18/2022 4:00,60.12
11/18/2022 4:15,60.12
11/18/2022 4:30,60.12
11/18/2022 4:45,60.12
11/18/2022 5:00,60.12
11/18/2022 5:15,60.12
11/18/2022 5:30,60.12
11/18/2022 5:45,60.12
11/18/2022 6:00,60.12
11/18/2022 6:15,60.13
11/18/2022 6:30,60.13
11/18/2022 6:45,60.13
11/18/2022 7:00,60.13
11/18/2022 7:15,60.13
11/18/2022 7:30,60.13
11/18/2022 7:45,60.13
11/18/2022 8:00,60.13
11/18/2022 8:15,60.12
11/18/2022 8:30,60.12
11/18/2022 8:45,60.12
11/18/2022 9:00,60.12
11/18/2022 9:15,60.12
11/18/2022 9:30,60.12
11/18/2022 9:45,60.12
11/18/2022 10:00,60.12
11/18/2022 10:15,60.12
11/18/2022 10:30,60.12
11/18/2022 10:45,60.12
11/18/2022 11:00,60.12
11/18/2022 11:15,60.12
11/18/2022 11:30,60.11
11/18/2022 11:45,60.11
11/18/2022 12:00,60.11
11/18/2022 12:15,60.11
11/18/2022 12:30,60.1
11/18/2022 12:45,60.1
11/18/2022 13:00,60.1
11/18/2022 13:15,60.1
11/18/2022 13:30,60.1
11/18/2022 13:45,60.1
11/18/2022 14:00,60.1
11/18/2022 14:15,60.1
11/18/2022 14:30,60.1
11/18/2022 14:45,60.1
11/18/2022 15:00,60.1
11/18/2022 15:15,60.1
11/18/2022 15:30,60.1
11/18/2022 15:45,60.1
11/18/2022 16:00,60.1
11/18/2022 16:15,60.1
11/18/2022 16:30,60.1
11/18/2022 16:45,60.1
11/18/2022 17:00,60.1
11/18/2022 17:15,60.11
11/18/2022 17:30,60.11
11/18/2022 17:45,60.11
11/18/2022 18:00,60.11
11/18/2022 18:15,60.12
11/18/2022 18:30,60.13
11/18/2022 18:45,60.13
11/18/2022 19:00,60.13
11/18/2022 19:15,60.13
11/18/2022 19:30,60.13
11/18/2022 19:45,60.13
11/18/2022 20:00,60.13
11/18/2022 20:15,60.13
11/18/2022 20:30,60.13
11/18/2022 20:45,60.13
11/18/2022 21:00,60.13
11/18/2022 21:15,60.14
11/18/2022 21:30,60.14
11/18/2022 21:45,60.15
11/18/2022 22:00,60.15
11/18/2022 22:15,60.17
11/18/2022 22:30,60.17
11/18/2022 22:45,60.17
11/18/2022 23:00,60.17
11/18/2022 23:15,60.17
11/18/2022 23:30,60.17
11/18/2022 23:45,60.17
11/19/2022 0:00,60.17
11/19/2022 0:15,60.17
11/19/2022 0:30,60.17
11/19/2022 0:45,60.16
11/19/2022 1:00,60.15
11/19/2022 1:15,60.15
11/19/2022 1:30,60.15
11/19/2022 1:45,60.15
11/19/2022 2:00,60.14
11/19/2022 2:15,60.12
11/19/2022 2:30,60.11
11/19/2022 2:45,60.1
11/19/2022 3:00,60.09
11/19/2022 3:15,60.08
11/19/2022 3:30,60.08
11/19/2022 3:45,60.08
11/19/2022 4:00,60.08
11/19/2022 4:15,60.08
11/19/2022 4:30,60.08
11/19/2022 4:45,60.08
11/19/2022 5:00,60.08
11/19/2022 5:15,60.08
11/19/2022 5:30,60.08
11/19/2022 5:45,60.08
11/19/2022 6:00,60.09
11/19/2022 6:15,60.1
11/19/2022 6:30,60.11
11/19/2022 6:45,60.12
11/19/2022 7:00,60.13
11/19/2022 7:15,60.14
11/19/2022 7:30,60.15
11/19/2022 7:45,60.17
11/19/2022 8:00,60.18
11/19/2022 8:15,60.19
11/19/2022 8:30,60.2
11/19/2022 8:45,60.21
11/19/2022 9:00,60.23
11/19/2022 9:15,60.24
11/19/2022 9:30,60.25
11/19/2022 9:45,60.26
11/19/2022 10:00,60.27
11/19/2022 10:15,60.29
11/19/2022 10:30,60.3
11/19/2022 10:45,60.31
11/19/2022 11:00,60.32
11/19/2022 11:15,60.33
11/19/2022 11:30,60.34
11/19/2022 11:45,60.36
11/19/2022 12:00,60.37
11/19/2022 12:15,60.38
11/19/2022 12:30,60.39
11/19/2022 12:45,60.4
11/19/2022 13:00,60.42
11/19/2022 13:15,60.43
11/19/2022 13:30,60.44
11/19/2022 13:45,60.44
11/19/2022 14:00,60.45
11/19/2022 14:15,60.45
11/19/2022 14:30,60.45
11/19/2022 14:45,60.45
11/19/2022 15:00,60.45
11/19/2022 15:15,60.45
11/19/2022 15:30,60.45
11/19/2022 15:45,60.45
11/19/2022 16:00,60.45
11/19/2022 16:15,60.45
11/19/2022 16:30,60.45
11/19/2022 16:45,60.45
11/19/2022 17:00,60.45
11/19/2022 17:15,60.44
11/19/2022 17:30,60.44
11/19/2022 17:45,60.43
11/19/2022 18:00,60.43
11/19/2022 18:15,60.42
11/19/2022 18:30,60.42
11/19/2022 18:45,60.41
11/19/2022 19:00,60.4
11/19/2022 19:15,60.38
11/19/2022 19:30,60.37
11/19/2022 19:45,60.36
11/19/2022 20:00,60.34
11/19/2022 20:15,60.33
11/19/2022 20:30,60.31
11/19/2022 20:45,60.3
11/19/2022 21:00,60.28
11/19/2022 21:15,60.26
11/19/2022 21:30,60.25
11/19/2022 21:45,60.23
11/19/2022 22:00,60.21
11/19/2022 22:15,60.2
11/19/2022 22:30,60.18
11/19/2022 22:45,60.16
11/19/2022 23:00,60.15
11/19/2022 23:15,60.13
11/19/2022 23:30,60.13
11/19/2022 23:45,60.13
11/20/2022 0:00,60.13
11/20/2022 0:15,60.07
11/20/2022 0:30,60.05
11/20/2022 0:45,60.04
11/20/2022 1:00,60.02
11/20/2022 1:15,60.01
11/20/2022 1:30,60
11/20/2022 1:45,59.98
11/20/2022 2:00,59.97
11/20/2022 2:15,59.96
11/20/2022 2:30,59.95
11/20/2022 2:45,59.95
11/20/2022 3:00,59.94
11/20/2022 3:15,59.93
11/20/2022 3:30,59.93
11/20/2022 3:45,59.93
11/20/2022 4:00,59.93
11/20/2022 4:15,59.93
11/20/2022 4:30,59.93
11/20/2022 4:45,59.93
11/20/2022 5:00,59.93
11/20/2022 5:15,59.93
11/20/2022 5:30,59.93
11/20/2022 5:45,59.94
11/20/2022 6:00,59.94
11/20/2022 6:15,59.95
11/20/2022 6:30,59.96
11/20/2022 6:45,59.97
11/20/2022 7:00,59.98
11/20/2022 7:15,60
11/20/2022 7:30,60.01
11/20/2022 7:45,60.02
11/20/2022 8:00,60.03
11/20/2022 8:15,60.04
11/20/2022 8:30,60.06
11/20/2022 8:45,60.07
11/20/2022 9:00,60.08
11/20/2022 9:15,60.1
11/20/2022 9:30,60.11
11/20/2022 9:45,60.13
11/20/2022 10:00,60.14
11/20/2022 10:15,60.16
11/20/2022 10:30,60.18
11/20/2022 10:45,60.19
11/20/2022 11:00,60.21
11/20/2022 11:15,60.22
11/20/2022 11:30,60.24
11/20/2022 11:45,60.25
11/20/2022 12:00,60.27
11/20/2022 12:15,60.28
11/20/2022 12:30,60.3
11/20/2022 12:45,60.31
11/20/2022 13:00,60.33
11/20/2022 13:15,60.34
11/20/2022 13:30,60.36
11/20/2022 13:45,60.37
11/20/2022 14:00,60.37
11/20/2022 14:15,60.38
11/20/2022 14:30,60.38
11/20/2022 14:45,60.39
11/20/2022 15:00,60.39
11/20/2022 15:15,60.4
11/20/2022 15:30,60.4
11/20/2022 15:45,60.4
11/20/2022 16:00,60.4
11/20/2022 16:15,60.4
11/20/2022 16:30,60.4
11/20/2022 16:45,60.4
11/20/2022 17:00,60.4
11/20/2022 17:15,60.4
11/20/2022 17:30,60.4
11/20/2022 17:45,60.39
11/20/2022 18:00,60.39
11/20/2022 18:15,60.39
11/20/2022 18:30,60.38
11/20/2022 18:45,60.38
11/20/2022 19:00,60.37
11/20/2022 19:15,60.37
11/20/2022 19:30,60.36
11/20/2022 19:45,60.35
11/20/2022 20:00,60.34
11/20/2022 20:15,60.33
11/20/2022 20:30,60.32
11/20/2022 20:45,60.3
11/20/2022 21:00,60.29
11/20/2022 21:15,60.27
11/20/2022 21:30,60.26
11/20/2022 21:45,60.24
11/20/2022 22:00,60.23
11/20/2022 22:15,60.21
11/20/2022 22:30,60.2
11/20/2022 22:45,60.18
11/20/2022 23:00,60.17
11/20/2022 23:15,60.15
11/20/2022 23:30,60.14
11/20/2022 23:45,60.12
11/21/2022 0:00,60.11
11/21/2022 0:15,60.09
11/21/2022 0:30,60.08
11/21/2022 0:45,60.07
11/21/2022 1:00,60.06
11/21/2022 1:15,60.04
11/21/2022 1:30,60.03
11/21/2022 1:45,60.02
11/21/2022 2:00,60.01
11/21/2022 2:15,60
11/21/2022 2:30,59.99
11/21/2022 2:45,59.98
11/21/2022 3:00,59.97
11/21/2022 3:15,59.96
11/21/2022 3:30,59.95
11/21/2022 3:45,59.94
11/21/2022 4:00,59.94
11/21/2022 4:15,59.94
11/21/2022 4:30,59.94
11/21/2022 4:45,59.94
11/21/2022 5:00,59.94
11/21/2022 5:15,59.94
11/21/2022 5:30,59.94
11/21/2022 5:45,59.94
11/21/2022 6:00,59.94
11/21/2022 6:15,59.94
11/21/2022 6:30,59.94
11/21/2022 6:45,59.95
11/21/2022 7:00,59.96
11/21/2022 7:15,59.97
11/21/2022 7:30,59.99
11/21/2022 7:45,60.01
11/21/2022 8:00,60.03
11/21/2022 8:15,60.05
11/21/2022 8:30,60.07
11/21/2022 8:45,60.09
11/21/2022 9:00,60.11
11/21/2022 9:15,60.12
11/21/2022 9:30,60.14
11/21/2022 9:45,60.16
11/21/2022 10:00,60.18
11/21/2022 10:15,60.2
11/21/2022 10:30,60.22
11/21/2022 10:45,60.24
11/21/2022 11:00,60.26
11/21/2022 11:15,60.28
11/21/2022 11:30,60.3
11/21/2022 11:45,60.32
11/21/2022 12:00,60.34
11/21/2022 12:15,60.36
11/21/2022 12:30,60.38
11/21/2022 12:45,60.4
11/21/2022 13:00,60.42
11/21/2022 13:15,60.43
11/21/2022 13:30,60.45
11/21/2022 13:45,60.47
11/21/2022 14:00,60.49
11/21/2022 14:15,60.51
11/21/2022 14:30,60.52
11/21/2022 14:45,60.53
11/21/2022 15:00,60.54
11/21/2022 15:15,60.55
11/21/2022 15:30,60.55
11/21/2022 15:45,60.55
11/21/2022 16:00,60.55
11/21/2022 16:15,60.55
11/21/2022 16:30,60.55
11/21/2022 16:45,60.55
11/21/2022 17:00,60.55
11/21/2022 17:15,60.55
11/21/2022 17:30,60.55
11/21/2022 17:45,60.55
11/21/2022 18:00,60.55
11/21/2022 18:15,60.54
11/21/2022 18:30,60.54
11/21/2022 18:45,60.54
11/21/2022 19:00,60.54
11/21/2022 19:15,60.54
11/21/2022 19:30,60.53
11/21/2022 19:45,60.53
11/21/2022 20:00,60.53
11/21/2022 20:15,60.52
11/21/2022 20:30,60.52
11/21/2022 20:45,60.51
11/21/2022 21:00,60.5
11/21/2022 21:15,60.5
11/21/2022 21:30,60.49
11/21/2022 21:45,60.48
11/21/2022 22:00,60.47
11/21/2022 22:15,60.46
11/21/2022 22:30,60.45
11/21/2022 22:45,60.44
11/21/2022 23:00,60.43
11/21/2022 23:15,60.42
11/21/2022 23:30,60.41
11/21/2022 23:45,60.4
11/22/2022 0:00,60.39
11/22/2022 0:15,60.38
11/22/2022 0:30,60.37
11/22/2022 0:45,60.36
11/22/2022 1:00,60.35
11/22/2022 1:15,60.34
11/22/2022 1:30,60.33
11/22/2022 1:45,60.32
11/22/2022 2:00,60.31
11/22/2022 2:15,60.3
11/22/2022 2:30,60.3
11/22/2022 2:45,60.29
11/22/2022 3:00,60.28
11/22/2022 3:15,60.27
11/22/2022 3:30,60.27
11/22/2022 3:45,60.27
11/22/2022 4:00,60.27
11/22/2022 4:15,60.27
11/22/2022 4:30,60.27
11/22/2022 4:45,60.27
11/22/2022 5:00,60.27
11/22/2022 5:15,60.27
11/22/2022 5:30,60.27
11/22/2022 5:45,60.27
11/22/2022 6:00,60.28
11/22/2022 6:15,60.29
11/22/2022 6:30,60.3
11/22/2022 6:45,60.31
11/22/2022 7:00,60.32
11/22/2022 7:15,60.33
11/22/2022 7:30,60.34
11/22/2022 7:45,60.35
11/22/2022 8:00,60.36
11/22/2022 8:15,60.38
11/22/2022 8:30,60.39
11/22/2022 8:45,60.4
11/22/2022 9:00,60.41
11/22/2022 9:15,60.43
11/22/2022 9:30,60.44
11/22/2022 9:45,60.45
11/22/2022 10:00,60.47
11/22/2022 10:15,60.48
11/22/2022 10:30,60.49
11/22/2022 10:45,60.51
11/22/2022 11:00,60.52
11/22/2022 11:15,60.53
11/22/2022 11:30,60.55
11/22/2022 11:45,60.56
11/22/2022 12:00,60.57
11/22/2022 12:15,60.59
11/22/2022 12:30,60.6
11/22/2022 12:45,60.61
11/22/2022 13:00,60.62
11/22/2022 13:15,60.62
11/22/2022 13:30,60.63
11/22/2022 13:45,60.63
11/22/2022 14:00,60.63
11/22/2022 14:15,60.64
11/22/2022 14:30,60.64
11/22/2022 14:45,60.64
11/22/2022 15:00,60.65
11/22/2022 15:15,60.65
11/22/2022 15:30,60.65
11/22/2022 15:45,60.65
11/22/2022 16:00,60.65
11/22/2022 16:15,60.65
11/22/2022 16:30,60.65
11/22/2022 16:45,60.65
11/22/2022 17:00,60.65
11/22/2022 17:15,60.65
11/22/2022 17:30,60.65
11/22/2022 17:45,60.65
11/22/2022 18:00,60.64
11/22/2022 18:15,60.64
11/22/2022 18:30,60.63
11/22/2022 18:45,60.63
11/22/2022 19:00,60.62
11/22/2022 19:15,60.61
11/22/2022 19:30,60.61
11/22/2022 19:45,60.6
11/22/2022 20:00,60.58
11/22/2022 20:15,60.57
11/22/2022 20:30,60.55
11/22/2022 20:45,60.54
11/22/2022 21:00,60.52
11/22/2022 21:15,60.5
11/22/2022 21:30,60.49
11/22/2022 21:45,60.47
11/22/2022 22:00,60.45
11/22/2022 22:15,60.44
11/22/2022 22:30,60.42
11/22/2022 22:45,60.41
11/22/2022 23:00,60.39
11/22/2022 23:15,60.37
11/22/2022 23:30,60.36
11/22/2022 23:45,60.34
11/23/2022 0:00,60.32
11/23/2022 0:15,60.31
11/23/2022 0:30,60.29
11/23/2022 0:45,60.28
11/23/2022 1:00,60.26
11/23/2022 1:15,60.25
11/23/2022 1:30,60.24
11/23/2022 1:45,60.22
11/23/2022 2:00,60.21
11/23/2022 2:15,60.2
11/23/2022 2:30,60.19
11/23/2022 2:45,60.18
11/23/2022 3:00,60.17
11/23/2022 3:15,60.16
11/23/2022 3:30,60.15
11/23/2022 3:45,60.15
11/23/2022 4:00,60.15
11/23/2022 4:15,60.15
11/23/2022 4:30,60.15
11/23/2022 4:45,60.15
11/23/2022 5:00,60.15
11/23/2022 5:15,60.15
11/23/2022 5:30,60.15
11/23/2022 5:45,60.15
11/23/2022 6:00,60.15
11/23/2022 6:15,60.15
11/23/2022 6:30,60.16
11/23/2022 6:45,60.17
11/23/2022 7:00,60.18
11/23/2022 7:15,60.19
11/23/2022 7:30,60.2
11/23/2022 7:45,60.22
11/23/2022 8:00,60.23
11/23/2022 8:15,60.24
11/23/2022 8:30,60.25
11/23/2022 8:45,60.26
11/23/2022 9:00,60.27
11/23/2022 9:15,60.28
11/23/2022 9:30,60.3
11/23/2022 9:45,60.31
11/23/2022 10:00,60.32
11/23/2022 10:15,60.33
11/23/2022 10:30,60.34
11/23/2022 10:45,60.35
11/23/2022 11:00,60.36
11/23/2022 11:15,60.38
11/23/2022 11:30,60.39
11/23/2022 11:45,60.4
11/23/2022 12:00,60.41
11/23/2022 12:15,60.42
11/23/2022 12:30,60.43
11/23/2022 12:45,60.44
11/23/2022 13:00,60.46
11/23/2022 13:15,60.47
11/23/2022 13:30,60.48
11/23/2022 13:45,60.49
11/23/2022 14:00,60.49
11/23/2022 14:15,60.5
11/23/2022 14:30,60.5
11/23/2022 14:45,60.5
11/23/2022 15:00,60.5
11/23/2022 15:15,60.5
11/23/2022 15:30,60.5
11/23/2022 15:45,60.5
11/23/2022 16:00,60.5
11/23/2022 16:15,60.5
11/23/2022 16:30,60.5
11/23/2022 16:45,60.5
11/23/2022 17:00,60.5
11/23/2022 17:15,60.5
11/23/2022 17:30,60.5
11/23/2022 17:45,60.49
11/23/2022 18:00,60.49
11/23/2022 18:15,60.48
11/23/2022 18:30,60.47
11/23/2022 18:45,60.46
11/23/2022 19:00,60.45
11/23/2022 19:15,60.44
11/23/2022 19:30,60.43
11/23/2022 19:45,60.41
11/23/2022 20:00,60.4
11/23/2022 20:15,60.38
11/23/2022 20:30,60.36
11/23/2022 20:45,60.35
11/23/2022 21:00,60.33
11/23/2022 21:15,60.32
11/23/2022 21:30,60.3
11/23/2022 21:45,60.28
11/23/2022 22:00,60.27
11/23/2022 22:15,60.25
11/23/2022 22:30,60.24
11/23/2022 22:45,60.22
11/23/2022 23:00,60.2
11/23/2022 23:15,60.19
11/23/2022 23:30,60.17
11/23/2022 23:45,60.15
11/24/2022 0:00,60.14
11/24/2022 0:15,60.12
11/24/2022 0:30,60.11
11/24/2022 0:45,60.09
11/24/2022 1:00,60.08
11/24/2022 1:15,60.06
11/24/2022 1:30,60.05
11/24/2022 1:45,60.04
11/24/2022 2:00,60.03
11/24/2022 2:15,60.02
11/24/2022 2:30,60.01
11/24/2022 2:45,60
11/24/2022 3:00,60
11/24/2022 3:15,60
11/24/2022 3:30,60
11/24/2022 3:45,60
11/24/2022 4:00,60
11/24/2022 4:15,60
11/24/2022 4:30,60
11/24/2022 4:45,60
11/24/2022 5:00,60
11/24/2022 5:15,60
11/24/2022 5:30,60
11/24/2022 5:45,60
11/24/2022 6:00,60.02
11/24/2022 6:15,60.03
11/24/2022 6:30,60.04
11/24/2022 6:45,60.05
11/24/2022 7:00,60.07
11/24/2022 7:15,60.08
11/24/2022 7:30,60.09
11/24/2022 7:45,60.11
11/24/2022 8:00,60.12
11/24/2022 8:15,60.13
11/24/2022 8:30,60.15
11/24/2022 8:45,60.16
11/24/2022 9:00,60.17
11/24/2022 9:15,60.18
11/24/2022 9:30,60.2
11/24/2022 9:45,60.21
11/24/2022 10:00,60.22
11/24/2022 10:15,60.24
11/24/2022 10:30,60.25
11/24/2022 10:45,60.26
11/24/2022 11:00,60.28
11/24/2022 11:15,60.29
11/24/2022 11:30,60.3
11/24/2022 11:45,60.32
11/24/2022 12:00,60.33
11/24/2022 12:15,60.34
11/24/2022 12:30,60.35
11/24/2022 12:45,60.37
11/24/2022 13:00,60.38
11/24/2022 13:15,60.39
11/24/2022 13:30,60.4
11/24/2022 13:45,60.4
11/24/2022 14:00,60.4
11/24/2022 14:15,60.4
11/24/2022 14:30,60.4
11/24/2022 14:45,60.4
11/24/2022 15:00,60.4
11/24/2022 15:15,60.4
11/24/2022 15:30,60.4
11/24/2022 15:45,60.4
11/24/2022 16:00,60.4
11/24/2022 16:15,60.39
11/24/2022 16:30,60.39
11/24/2022 16:45,60.38
11/24/2022 17:00,60.38
11/24/2022 17:15,60.37
11/24/2022 17:30,60.37
11/24/2022 17:45,60.36
11/24/2022 18:00,60.36
11/24/2022 18:15,60.35
11/24/2022 18:30,60.35
11/24/2022 18:45,60.34
11/24/2022 19:00,60.34
11/24/2022 19:15,60.33
11/24/2022 19:30,60.32
11/24/2022 19:45,60.32
11/24/2022 20:00,60.31
11/24/2022 20:15,60.3
11/24/2022 20:30,60.29
11/24/2022 20:45,60.29
11/24/2022 21:00,60.28
11/24/2022 21:15,60.27
11/24/2022 21:30,60.26
11/24/2022 21:45,60.25
11/24/2022 22:00,60.25
11/24/2022 22:15,60.24
11/24/2022 22:30,60.23
11/24/2022 22:45,60.22
11/24/2022 23:00,60.22
11/24/2022 23:15,60.21
11/24/2022 23:30,60.2
11/24/2022 23:45,60.2
11/25/2022 0:00,60.19
11/25/2022 0:15,60.19
11/25/2022 0:30,60.18
11/25/2022 0:45,60.18
11/25/2022 1:00,60.18
11/25/2022 1:15,60.17
11/25/2022 1:30,60.17
11/25/2022 1:45,60.17
11/25/2022 2:00,60.17
11/25/2022 2:15,60.16
11/25/2022 2:30,60.16
11/25/2022 2:45,60.16
11/25/2022 3:00,60.16
11/25/2022 3:15,60.16
11/25/2022 3:30,60.16
11/25/2022 3:45,60.16
11/25/2022 4:00,60.16
11/25/2022 4:15,60.16
11/25/2022 4:30,60.16
11/25/2022 4:45,60.16
11/25/2022 5:00,60.16
11/25/2022 5:15,60.16
11/25/2022 5:30,60.16
11/25/2022 5:45,60.16
11/25/2022 6:00,60.16
11/25/2022 6:15,60.17
11/25/2022 6:30,60.18
11/25/2022 6:45,60.19
11/25/2022 7:00,60.2
11/25/2022 7:15,60.21
11/25/2022 7:30,60.22
11/25/2022 7:45,60.23
11/25/2022 8:00,60.24
11/25/2022 8:15,60.25
11/25/2022 8:30,60.26
11/25/2022 8:45,60.27
11/25/2022 9:00,60.28
11/25/2022 9:15,60.29
11/25/2022 9:30,60.3
11/25/2022 9:45,60.31
11/25/2022 10:00,60.32
11/25/2022 10:15,60.33
11/25/2022 10:30,60.34
11/25/2022 10:45,60.35
11/25/2022 11:00,60.36
11/25/2022 11:15,60.37
11/25/2022 11:30,60.38
11/25/2022 11:45,60.39
11/25/2022 12:00,60.4
11/25/2022 12:15,60.41
11/25/2022 12:30,60.42
11/25/2022 12:45,60.43
11/25/2022 13:00,60.44
11/25/2022 13:15,60.45
11/25/2022 13:30,60.46
11/25/2022 13:45,60.47
11/25/2022 14:00,60.47
11/25/2022 14:15,60.47
11/25/2022 14:30,60.47
11/25/2022 14:45,60.47
11/25/2022 15:00,60.47
11/25/2022 15:15,60.47
11/25/2022 15:30,60.47
11/25/2022 15:45,60.47
11/25/2022 16:00,60.47
11/25/2022 16:15,60.47
11/25/2022 16:30,60.47
11/25/2022 16:45,60.47
11/25/2022 17:00,60.47
11/25/2022 17:15,60.47
11/25/2022 17:30,60.47
11/25/2022 17:45,60.46
11/25/2022 18:00,60.46
11/25/2022 18:15,60.46
11/25/2022 18:30,60.45
11/25/2022 18:45,60.45
11/25/2022 19:00,60.44
11/25/2022 19:15,60.44
11/25/2022 19:30,60.43
11/25/2022 19:45,60.43
11/25/2022 20:00,60.42
11/25/2022 20:15,60.41
11/25/2022 20:30,60.4
11/25/2022 20:45,60.39
11/25/2022 21:00,60.38
11/25/2022 21:15,60.37
11/25/2022 21:30,60.36
11/25/2022 21:45,60.35
11/25/2022 22:00,60.34
11/25/2022 22:15,60.33
11/25/2022 22:30,60.32
11/25/2022 22:45,60.31
11/25/2022 23:00,60.3
11/25/2022 23:15,60.29
11/25/2022 23:30,60.28
11/25/2022 23:45,60.27
11/26/2022 0:00,60.26
11/26/2022 0:15,60.25
11/26/2022 0:30,60.24
11/26/2022 0:45,60.23
11/26/2022 1:00,60.22
11/26/2022 1:15,60.22
11/26/2022 1:30,60.21
11/26/2022 1:45,60.2
11/26/2022 2:00,60.19
11/26/2022 2:15,60.19
11/26/2022 2:30,60.18
11/26/2022 2:45,60.18
11/26/2022 3:00,60.17
11/26/2022 3:15,60.17
11/26/2022 3:30,60.16
11/26/2022 3:45,60.16
11/26/2022 4:00,60.16
11/26/2022 4:15,60.16
11/26/2022 4:30,60.16
11/26/2022 4:45,60.16
11/26/2022 5:00,60.16
11/26/2022 5:15,60.16
11/26/2022 5:30,60.16
11/26/2022 5:45,60.16
11/26/2022 6:00,60.16
11/26/2022 6:15,60.16
11/26/2022 6:30,60.17
11/26/2022 6:45,60.18
11/26/2022 7:00,60.2
11/26/2022 7:15,60.21
11/26/2022 7:30,60.22
11/26/2022 7:45,60.24
11/26/2022 8:00,60.25
11/26/2022 8:15,60.27
11/26/2022 8:30,60.28
11/26/2022 8:45,60.3
11/26/2022 9:00,60.32
11/26/2022 9:15,60.33
11/26/2022 9:30,60.35
11/26/2022 9:45,60.37
11/26/2022 10:00,60.39
11/26/2022 10:15,60.4
11/26/2022 10:30,60.42
11/26/2022 10:45,60.44
11/26/2022 11:00,60.45
11/26/2022 11:15,60.47
11/26/2022 11:30,60.49
11/26/2022 11:45,60.5
11/26/2022 12:00,60.52
11/26/2022 12:15,60.54
11/26/2022 12:30,60.56
11/26/2022 12:45,60.57
11/26/2022 13:00,60.59
11/26/2022 13:15,60.61
11/26/2022 13:30,60.62
11/26/2022 13:45,60.64
11/26/2022 14:00,60.65
11/26/2022 14:15,60.66
11/26/2022 14:30,60.67
11/26/2022 14:45,60.68
11/26/2022 15:00,60.68
11/26/2022 15:15,60.68
11/26/2022 15:30,60.68
11/26/2022 15:45,60.68
11/26/2022 16:00,60.68
11/26/2022 16:15,60.68
11/26/2022 16:30,60.68
11/26/2022 16:45,60.68
11/26/2022 17:00,60.68
11/26/2022 17:15,60.68
11/26/2022 17:30,60.68
11/26/2022 17:45,60.68
11/26/2022 18:00,60.68
11/26/2022 18:15,60.68
11/26/2022 18:30,60.67
11/26/2022 18:45,60.67
11/26/2022 19:00,60.66
11/26/2022 19:15,60.66
11/26/2022 19:30,60.65
11/26/2022 19:45,60.65
11/26/2022 20:00,60.64
11/26/2022 20:15,60.63
11/26/2022 20:30,60.63
11/26/2022 20:45,60.62
11/26/2022 21:00,60.61
11/26/2022 21:15,60.61
11/26/2022 21:30,60.6
11/26/2022 21:45,60.6
11/26/2022 22:00,60.59
11/26/2022 22:15,60.58
11/26/2022 22:30,60.58
11/26/2022 22:45,60.57
11/26/2022 23:00,60.57
11/26/2022 23:15,60.56
11/26/2022 23:30,60.55
11/26/2022 23:45,60.55
11/27/2022 0:00,60.54
11/27/2022 0:15,60.54
11/27/2022 0:30,60.53
11/27/2022 0:45,60.53
11/27/2022 1:00,60.52
11/27/2022 1:15,60.52
11/27/2022 1:30,60.52
11/27/2022 1:45,60.51
11/27/2022 2:00,60.51
11/27/2022 2:15,60.51
11/27/2022 2:30,60.5
11/27/2022 2:45,60.5
11/27/2022 3:00,60.5
11/27/2022 3:15,60.5
11/27/2022 3:30,60.5
11/27/2022 3:45,60.5
11/27/2022 4:00,60.5
11/27/2022 4:15,60.5
11/27/2022 4:30,60.5
11/27/2022 4:45,60.5
11/27/2022 5:00,60.5
11/27/2022 5:15,60.5
11/27/2022 5:30,60.5
11/27/2022 5:45,60.5
11/27/2022 6:00,60.5
11/27/2022 6:15,60.5
11/27/2022 6:30,60.5
11/27/2022 6:45,60.51
11/27/2022 7:00,60.51
11/27/2022 7:15,60.51
11/27/2022 7:30,60.51
11/27/2022 7:45,60.51
11/27/2022 8:00,60.51
11/27/2022 8:15,60.51
11/27/2022 8:30,60.51
11/27/2022 8:45,60.51
11/27/2022 9:00,60.51
11/27/2022 9:15,60.51
11/27/2022 9:30,60.51
11/27/2022 9:45,60.52
11/27/2022 10:00,60.52
11/27/2022 10:15,60.52
11/27/2022 10:30,60.52
11/27/2022 10:45,60.52
11/27/2022 11:00,60.52
11/27/2022 11:15,60.52
11/27/2022 11:30,60.52
11/27/2022 11:45,60.53
11/27/2022 12:00,60.53
11/27/2022 12:15,60.53
11/27/2022 12:30,60.53
11/27/2022 12:45,60.53
11/27/2022 13:00,60.53
11/27/2022 13:15,60.53
11/27/2022 13:30,60.53
11/27/2022 13:45,60.53
11/27/2022 14:00,60.53
11/27/2022 14:15,60.53
11/27/2022 14:30,60.53
11/27/2022 14:45,60.53
11/27/2022 15:00,60.53
11/27/2022 15:15,60.53
11/27/2022 15:30,60.53
11/27/2022 15:45,60.53
11/27/2022 16:00,60.53
11/27/2022 16:15,60.53
11/27/2022 16:30,60.53
11/27/2022 16:45,60.53
11/27/2022 17:00,60.53
11/27/2022 17:15,60.53
11/27/2022 17:30,60.53
11/27/2022 17:45,60.53
11/27/2022 18:00,60.53
11/27/2022 18:15,60.53
11/27/2022 18:30,60.53
11/27/2022 18:45,60.53
11/27/2022 19:00,60.53
11/27/2022 19:15,60.52
11/27/2022 19:30,60.52
11/27/2022 19:45,60.51
11/27/2022 20:00,60.51
11/27/2022 20:15,60.5
11/27/2022 20:30,60.49
11/27/2022 20:45,60.49
11/27/2022 21:00,60.48
11/27/2022 21:15,60.47
11/27/2022 21:30,60.46
11/27/2022 21:45,60.46
11/27/2022 22:00,60.45
11/27/2022 22:15,60.44
11/27/2022 22:30,60.43
11/27/2022 22:45,60.43
11/27/2022 23:00,60.42
11/27/2022 23:15,60.41
11/27/2022 23:30,60.4
11/27/2022 23:45,60.4
11/28/2022 0:00,60.39
11/28/2022 0:15,60.38
11/28/2022 0:30,60.38
11/28/2022 0:45,60.37
11/28/2022 1:00,60.36
11/28/2022 1:15,60.36
11/28/2022 1:30,60.35
11/28/2022 1:45,60.34
11/28/2022 2:00,60.34
11/28/2022 2:15,60.33
11/28/2022 2:30,60.32
11/28/2022 2:45,60.32
11/28/2022 3:00,60.31
11/28/2022 3:15,60.31
11/28/2022 3:30,60.3
11/28/2022 3:45,60.3
11/28/2022 4:00,60.3
11/28/2022 4:15,60.3
11/28/2022 4:30,60.3
11/28/2022 4:45,60.3
11/28/2022 5:00,60.3
11/28/2022 5:15,60.3
11/28/2022 5:30,60.3
11/28/2022 5:45,60.3
11/28/2022 6:00,60.3
11/28/2022 6:15,60.31
11/28/2022 6:30,60.31
11/28/2022 6:45,60.32
11/28/2022 7:00,60.33
11/28/2022 7:15,60.33
11/28/2022 7:30,60.35
11/28/2022 7:45,60.36
11/28/2022 8:00,60.37
11/28/2022 8:15,60.38
11/28/2022 8:30,60.39
11/28/2022 8:45,60.4
11/28/2022 9:00,60.41
11/28/2022 9:15,60.42
11/28/2022 9:30,60.43
11/28/2022 9:45,60.45
11/28/2022 10:00,60.46
11/28/2022 10:15,60.47
11/28/2022 10:30,60.48
11/28/2022 10:45,60.49
11/28/2022 11:00,60.5
11/28/2022 11:15,60.51
11/28/2022 11:30,60.52
11/28/2022 11:45,60.53
11/28/2022 12:00,60.54
11/28/2022 12:15,60.56
11/28/2022 12:30,60.57
11/28/2022 12:45,60.58
11/28/2022 13:00,60.59
11/28/2022 13:15,60.6
11/28/2022 13:30,60.61
11/28/2022 13:45,60.62
11/28/2022 14:00,60.63
11/28/2022 14:15,60.64
11/28/2022 14:30,60.64
11/28/2022 14:45,60.65
11/28/2022 15:00,60.65
11/28/2022 15:15,60.65
11/28/2022 15:30,60.65
11/28/2022 15:45,60.65
11/28/2022 16:00,60.65
11/28/2022 16:15,60.65
11/28/2022 16:30,60.65
11/28/2022 16:45,60.65
11/28/2022 17:00,60.65
11/28/2022 17:15,60.65
11/28/2022 17:30,60.65
11/28/2022 17:45,60.65
11/28/2022 18:00,60.64
11/28/2022 18:15,60.64
11/28/2022 18:30,60.63
11/28/2022 18:45,60.62
11/28/2022 19:00,60.61
11/28/2022 19:15,60.61
11/28/2022 19:30,60.59
11/28/2022 19:45,60.58
11/28/2022 20:00,60.57
11/28/2022 20:15,60.56
11/28/2022 20:30,60.54
11/28/2022 20:45,60.52
11/28/2022 21:00,60.5
11/28/2022 21:15,60.49
11/28/2022 21:30,60.47
11/28/2022 21:45,60.45
11/28/2022 22:00,60.43
11/28/2022 22:15,60.42
11/28/2022 22:30,60.4
11/28/2022 22:45,60.38
11/28/2022 23:00,60.36
11/28/2022 23:15,60.35
11/28/2022 23:30,60.33
11/28/2022 23:45,60.31
11/29/2022 0:00,60.29
11/29/2022 0:15,60.28
11/29/2022 0:30,60.26
11/29/2022 0:45,60.24
11/29/2022 1:00,60.23
11/29/2022 1:15,60.21
11/29/2022 1:30,60.19
11/29/2022 1:45,60.18
11/29/2022 2:00,60.16
11/29/2022 2:15,60.15
11/29/2022 2:30,60.14
11/29/2022 2:45,60.13
11/29/2022 3:00,60.12
11/29/2022 3:15,60.11
11/29/2022 3:30,60.11
11/29/2022 3:45,60.1
11/29/2022 4:00,60.1
11/29/2022 4:15,60.1
11/29/2022 4:30,60.1
11/29/2022 4:45,60.1
11/29/2022 5:00,60.1
11/29/2022 5:15,60.1
11/29/2022 5:30,60.1
11/29/2022 5:45,60.1
11/29/2022 6:00,60.1
11/29/2022 6:15,60.1
11/29/2022 6:30,60.11
11/29/2022 6:45,60.12
11/29/2022 7:00,60.13
11/29/2022 7:15,60.14
11/29/2022 7:30,60.15
11/29/2022 7:45,60.16
11/29/2022 8:00,60.17
11/29/2022 8:15,60.19
11/29/2022 8:30,60.2
11/29/2022 8:45,60.21
11/29/2022 9:00,60.22
11/29/2022 9:15,60.23
11/29/2022 9:30,60.25
11/29/2022 9:45,60.26
11/29/2022 10:00,60.27
11/29/2022 10:15,60.28
11/29/2022 10:30,60.3
11/29/2022 10:45,60.31
11/29/2022 11:00,60.32
11/29/2022 11:15,60.33
11/29/2022 11:30,60.34
11/29/2022 11:45,60.36
11/29/2022 12:00,60.37
11/29/2022 12:15,60.38
11/29/2022 12:30,60.39
11/29/2022 12:45,60.4
11/29/2022 13:00,60.42
11/29/2022 13:15,60.43
11/29/2022 13:30,60.44
11/29/2022 13:45,60.45
11/29/2022 14:00,60.46
11/29/2022 14:15,60.47
11/29/2022 14:30,60.47
11/29/2022 14:45,60.48
11/29/2022 15:00,60.48
11/29/2022 15:15,60.48
11/29/2022 15:30,60.48
11/29/2022 15:45,60.48
11/29/2022 16:00,60.48
11/29/2022 16:15,60.48
11/29/2022 16:30,60.48
11/29/2022 16:45,60.48
11/29/2022 17:00,60.49
11/29/2022 17:15,60.49
11/29/2022 17:30,60.49
11/29/2022 17:45,60.49
11/29/2022 18:00,60.49
11/29/2022 18:15,60.49
11/29/2022 18:30,60.49
11/29/2022 18:45,60.49
11/29/2022 19:00,60.49
11/29/2022 19:15,60.49
11/29/2022 19:30,60.49
11/29/2022 19:45,60.49
11/29/2022 20:00,60.49
11/29/2022 20:15,60.49
11/29/2022 20:30,60.49
11/29/2022 20:45,60.49
11/29/2022 21:00,60.49
11/29/2022 21:15,60.49
11/29/2022 21:30,60.49
11/29/2022 21:45,60.49
11/29/2022 22:00,60.48
11/29/2022 22:15,60.48
11/29/2022 22:30,60.47
11/29/2022 22:45,60.47
11/29/2022 23:00,60.47
11/29/2022 23:15,60.46
11/29/2022 23:30,60.46
11/29/2022 23:45,60.45
11/30/2022 0:00,60.45
11/30/2022 0:15,60.44
11/30/2022 0:30,60.44
11/30/2022 0:45,60.43
11/30/2022 1:00,60.43
11/30/2022 1:15,60.42
11/30/2022 1:30,60.41
11/30/2022 1:45,60.41
11/30/2022 2:00,60.4
11/30/2022 2:15,60.4
11/30/2022 2:30,60.4
11/30/2022 2:45,60.4
11/30/2022 3:00,60.4
11/30/2022 3:15,60.4
11/30/2022 3:30,60.4
11/30/2022 3:45,60.4
11/30/2022 4:00,60.4
11/30/2022 4:15,60.4
11/30/2022 4:30,60.4
11/30/2022 4:45,60.4
11/30/2022 5:00,60.4
11/30/2022 5:15,60.41
11/30/2022 5:30,60.42
11/30/2022 5:45,60.43
11/30/2022 6:00,60.44
11/30/2022 6:15,60.45
11/30/2022 6:30,60.46
11/30/2022 6:45,60.48
11/30/2022 7:00,60.49
11/30/2022 7:15,60.5
11/30/2022 7:30,60.51
11/30/2022 7:45,60.52
11/30/2022 8:00,60.54
11/30/2022 8:15,60.55
11/30/2022 8:30,60.56
11/30/2022 8:45,60.57
11/30/2022 9:00,60.59
11/30/2022 9:15,60.6
11/30/2022 9:30,60.61
11/30/2022 9:45,60.62
11/30/2022 10:00,60.63
11/30/2022 10:15,60.65
11/30/2022 10:30,60.66
11/30/2022 10:45,60.67
11/30/2022 11:00,60.68
11/30/2022 11:15,60.69
11/30/2022 11:30,60.7
11/30/2022 11:45,60.71
11/30/2022 12:00,60.72
11/30/2022 12:15,60.72
11/30/2022 12:30,60.72
11/30/2022 12:45,60.73
11/30/2022 13:00,60.73
11/30/2022 13:15,60.73
11/30/2022 13:30,60.73
11/30/2022 13:45,60.73
11/30/2022 14:00,60.73
11/30/2022 14:15,60.73
11/30/2022 14:30,60.73
11/30/2022 14:45,60.73
11/30/2022 15:00,60.73
11/30/2022 15:15,60.73
11/30/2022 15:30,60.73
11/30/2022 15:45,60.73
11/30/2022 16:00,60.73
11/30/2022 16:15,60.73
11/30/2022 16:30,60.73
11/30/2022 16:45,60.72
11/30/2022 17:00,60.72
11/30/2022 17:15,60.72
11/30/2022 17:30,60.72
11/30/2022 17:45,60.72
11/30/2022 18:00,60.72
11/30/2022 18:15,60.72
11/30/2022 18:30,60.72
11/30/2022 18:45,60.72
11/30/2022 19:00,60.72
11/30/2022 19:15,60.72
11/30/2022 19:30,60.72
11/30/2022 19:45,60.71
11/30/2022 20:00,60.71
11/30/2022 20:15,60.71
11/30/2022 20:30,60.71
11/30/2022 20:45,60.7
11/30/2022 21:00,60.7
11/30/2022 21:15,60.69
11/30/2022 21:30,60.68
11/30/2022 21:45,60.67
11/30/2022 22:00,60.66
11/30/2022 22:15,60.65
11/30/2022 22:30,60.64
11/30/2022 22:45,60.63
11/30/2022 23:00,60.62
11/30/2022 23:15,60.61
11/30/2022 23:30,60.6
11/30/2022 23:45,60.59
12/1/2022 0:00,60.58
12/1/2022 0:15,60.57
12/1/2022 0:30,60.56
12/1/2022 0:45,60.55
12/1/2022 1:00,60.54
12/1/2022 1:15,60.53
12/1/2022 1:30,60.51
12/1/2022 1:45,60.5
12/1/2022 2:00,60.49
12/1/2022 2:15,60.48
12/1/2022 2:30,60.47
12/1/2022 2:45,60.46
12/1/2022 3:00,60.45
12/1/2022 3:15,60.44
12/1/2022 3:30,60.43
12/1/2022 3:45,60.42
12/1/2022 4:00,60.42
12/1/2022 4:15,60.41
12/1/2022 4:30,60.4
12/1/2022 4:45,60.39
12/1/2022 5:00,60.39
12/1/2022 5:15,60.39
12/1/2022 5:30,60.39
12/1/2022 5:45,60.39
12/1/2022 6:00,60.39
12/1/2022 6:15,60.39
12/1/2022 6:30,60.39
12/1/2022 6:45,60.39
12/1/2022 7:00,60.39
12/1/2022 7:15,60.39
12/1/2022 7:30,60.39
12/1/2022 7:45,60.39
12/1/2022 8:00,60.39
12/1/2022 8:15,60.4
12/1/2022 8:30,60.4
12/1/2022 8:45,60.4
12/1/2022 9:00,60.41
12/1/2022 9:15,60.41
12/1/2022 9:30,60.42
12/1/2022 9:45,60.42
12/1/2022 10:00,60.42
12/1/2022 10:15,60.43
12/1/2022 10:30,60.43
12/1/2022 10:45,60.43
12/1/2022 11:00,60.44
12/1/2022 11:15,60.44
12/1/2022 11:30,60.45
12/1/2022 11:45,60.45
12/1/2022 12:00,60.45
12/1/2022 12:15,60.46
12/1/2022 12:30,60.46
12/1/2022 12:45,60.47
12/1/2022 13:00,60.47
12/1/2022 13:15,60.47
12/1/2022 13:30,60.48
12/1/2022 13:45,60.48
12/1/2022 14:00,60.49
12/1/2022 14:15,60.49
12/1/2022 14:30,60.49
12/1/2022 14:45,60.5
12/1/2022 15:00,60.5
12/1/2022 15:15,60.5
12/1/2022 15:30,60.5
12/1/2022 15:45,60.5
12/1/2022 16:00,60.5
12/1/2022 16:15,60.5
12/1/2022 16:30,60.5
12/1/2022 16:45,60.5
12/1/2022 17:00,60.5
12/1/2022 17:15,60.5
12/1/2022 17:30,60.5
12/1/2022 17:45,60.5
12/1/2022 18:00,60.5
12/1/2022 18:15,60.5
12/1/2022 18:30,60.5
12/1/2022 18:45,60.5
12/1/2022 19:00,60.49
12/1/2022 19:15,60.49
12/1/2022 19:30,60.49
12/1/2022 19:45,60.48
12/1/2022 20:00,60.48
12/1/2022 20:15,60.48
12/1/2022 20:30,60.48
12/1/2022 20:45,60.47
12/1/2022 21:00,60.47
12/1/2022 21:15,60.47
12/1/2022 21:30,60.46
12/1/2022 21:45,60.46
12/1/2022 22:00,60.46
12/1/2022 22:15,60.46
12/1/2022 22:30,60.45
12/1/2022 22:45,60.45
12/1/2022 23:00,60.45
12/1/2022 23:15,60.44
12/1/2022 23:30,60.44
12/1/2022 23:45,60.44
12/2/2022 0:00,60.43
12/2/2022 0:15,60.43
12/2/2022 0:30,60.43
12/2/2022 0:45,60.43
12/2/2022 1:00,60.42
12/2/2022 1:15,60.42
12/2/2022 1:30,60.42
12/2/2022 1:45,60.42
12/2/2022 2:00,60.41
12/2/2022 2:15,60.41
12/2/2022 2:30,60.41
12/2/2022 2:45,60.41
12/2/2022 3:00,60.41
12/2/2022 3:15,60.41
12/2/2022 3:30,60.41
12/2/2022 3:45,60.41
12/2/2022 4:00,60.41
12/2/2022 4:15,60.41
12/2/2022 4:30,60.41
12/2/2022 4:45,60.41
12/2/2022 5:00,60.41
12/2/2022 5:15,60.42
12/2/2022 5:30,60.42
12/2/2022 5:45,60.42
12/2/2022 6:00,60.42
12/2/2022 6:15,60.42
12/2/2022 6:30,60.43
12/2/2022 6:45,60.43
12/2/2022 7:00,60.43
12/2/2022 7:15,60.43
12/2/2022 7:30,60.43
12/2/2022 7:45,60.44
12/2/2022 8:00,60.44
12/2/2022 8:15,60.44
12/2/2022 8:30,60.44
12/2/2022 8:45,60.44
12/2/2022 9:00,60.45
12/2/2022 9:15,60.45
12/2/2022 9:30,60.45
12/2/2022 9:45,60.45
12/2/2022 10:00,60.45
12/2/2022 10:15,60.46
12/2/2022 10:30,60.46
12/2/2022 10:45,60.46
12/2/2022 11:00,60.46
12/2/2022 11:15,60.46
12/2/2022 11:30,60.47
12/2/2022 11:45,60.47
12/2/2022 12:00,60.47
12/2/2022 12:15,60.47
12/2/2022 12:30,60.47
12/2/2022 12:45,60.47
12/2/2022 13:00,60.47
12/2/2022 13:15,60.47
12/2/2022 13:30,60.47
12/2/2022 13:45,60.47
12/2/2022 14:00,60.47
12/2/2022 14:15,60.47
12/2/2022 14:30,60.47
12/2/2022 14:45,60.47
12/2/2022 15:00,60.47
12/2/2022 15:15,60.47
12/2/2022 15:30,60.47
12/2/2022 15:45,60.46
12/2/2022 16:00,60.46
12/2/2022 16:15,60.46
12/2/2022 16:30,60.45
12/2/2022 16:45,60.45
12/2/2022 17:00,60.44
12/2/2022 17:15,60.44
12/2/2022 17:30,60.44
12/2/2022 17:45,60.43
12/2/2022 18:00,60.43
12/2/2022 18:15,60.42
12/2/2022 18:30,60.42
12/2/2022 18:45,60.41
12/2/2022 19:00,60.41
12/2/2022 19:15,60.4
12/2/2022 19:30,60.4
12/2/2022 19:45,60.39
12/2/2022 20:00,60.39
12/2/2022 20:15,60.38
12/2/2022 20:30,60.38
12/2/2022 20:45,60.37
12/2/2022 21:00,60.37
12/2/2022 21:15,60.36
12/2/2022 21:30,60.36
12/2/2022 21:45,60.35
12/2/2022 22:00,60.35
12/2/2022 22:15,60.34
12/2/2022 22:30,60.34
12/2/2022 22:45,60.33
12/2/2022 23:00,60.33
12/2/2022 23:15,60.33
12/2/2022 23:30,60.33
12/2/2022 23:45,60.32
12/3/2022 0:00,60.32
12/3/2022 0:15,60.32
12/3/2022 0:30,60.32
12/3/2022 0:45,60.32
12/3/2022 1:00,60.32
12/3/2022 1:15,60.32
12/3/2022 1:30,60.32
12/3/2022 1:45,60.32
12/3/2022 2:00,60.32
12/3/2022 2:15,60.32
12/3/2022 2:30,60.32
12/3/2022 2:45,60.32
12/3/2022 3:00,60.32
12/3/2022 3:15,60.32
12/3/2022 3:30,60.32
12/3/2022 3:45,60.32
12/3/2022 4:00,60.32
12/3/2022 4:15,60.32
12/3/2022 4:30,60.32
12/3/2022 4:45,60.32
12/3/2022 5:00,60.32
12/3/2022 5:15,60.32
12/3/2022 5:30,60.32
12/3/2022 5:45,60.33
12/3/2022 6:00,60.33
12/3/2022 6:15,60.34
12/3/2022 6:30,60.35
12/3/2022 6:45,60.36
12/3/2022 7:00,60.37
12/3/2022 7:15,60.38
12/3/2022 7:30,60.39
12/3/2022 7:45,60.4
12/3/2022 8:00,60.41
12/3/2022 8:15,60.42
12/3/2022 8:30,60.43
12/3/2022 8:45,60.44
12/3/2022 9:00,60.45
12/3/2022 9:15,60.46
12/3/2022 9:30,60.47
12/3/2022 9:45,60.48
12/3/2022 10:00,60.49
12/3/2022 10:15,60.5
12/3/2022 10:30,60.51
12/3/2022 10:45,60.52
12/3/2022 11:00,60.53
12/3/2022 11:15,60.54
12/3/2022 11:30,60.55
12/3/2022 11:45,60.56
12/3/2022 12:00,60.57
12/3/2022 12:15,60.58
12/3/2022 12:30,60.59
12/3/2022 12:45,60.6
12/3/2022 13:00,60.61
12/3/2022 13:15,60.62
12/3/2022 13:30,60.63
12/3/2022 13:45,60.63
12/3/2022 14:00,60.64
12/3/2022 14:15,60.64
12/3/2022 14:30,60.65
12/3/2022 14:45,60.65
12/3/2022 15:00,60.65
12/3/2022 15:15,60.65
12/3/2022 15:30,60.65
12/3/2022 15:45,60.65
12/3/2022 16:00,60.65
12/3/2022 16:15,60.65
12/3/2022 16:30,60.65
12/3/2022 16:45,60.65
12/3/2022 17:00,60.65
12/3/2022 17:15,60.65
12/3/2022 17:30,60.65
12/3/2022 17:45,60.65
12/3/2022 18:00,60.65
12/3/2022 18:15,60.65
12/3/2022 18:30,60.65
12/3/2022 18:45,60.65
12/3/2022 19:00,60.65
12/3/2022 19:15,60.65
12/3/2022 19:30,60.65
12/3/2022 19:45,60.65
12/3/2022 20:00,60.65
12/3/2022 20:15,60.65
12/3/2022 20:30,60.65
12/3/2022 20:45,60.65
12/3/2022 21:00,60.65
12/3/2022 21:15,60.65
12/3/2022 21:30,60.65
12/3/2022 21:45,60.65
12/3/2022 22:00,60.65
12/3/2022 22:15,60.65
12/3/2022 22:30,60.65
12/3/2022 22:45,60.65
12/3/2022 23:00,60.65
12/3/2022 23:15,60.65
12/3/2022 23:30,60.65
12/3/2022 23:45,60.65
12/4/2022 0:00,60.65
12/4/2022 0:15,60.65
12/4/2022 0:30,60.65
12/4/2022 0:45,60.65
12/4/2022 1:00,60.65
12/4/2022 1:15,60.65
12/4/2022 1:30,60.65
12/4/2022 1:45,60.65
12/4/2022 2:00,60.65
12/4/2022 2:15,60.65
12/4/2022 2:30,60.65
12/4/2022 2:45,60.65
12/4/2022 3:00,60.65
12/4/2022 3:15,60.65
12/4/2022 3:30,60.65
12/4/2022 3:45,60.65
12/4/2022 4:00,60.65
12/4/2022 4:15,60.65
12/4/2022 4:30,60.65
12/4/2022 4:45,60.65
12/4/2022 5:00,60.65
12/4/2022 5:15,60.65
12/4/2022 5:30,60.65
12/4/2022 5:45,60.65
12/4/2022 6:00,60.65
12/4/2022 6:15,60.66
12/4/2022 6:30,60.66
12/4/2022 6:45,60.66
12/4/2022 7:00,60.66
12/4/2022 7:15,60.66
12/4/2022 7:30,60.66
12/4/2022 7:45,60.66
12/4/2022 8:00,60.67
12/4/2022 8:15,60.67
12/4/2022 8:30,60.67
12/4/2022 8:45,60.67
12/4/2022 9:00,60.67
12/4/2022 9:15,60.68
12/4/2022 9:30,60.68
12/4/2022 9:45,60.68
12/4/2022 10:00,60.68
12/4/2022 10:15,60.69
12/4/2022 10:30,60.69
12/4/2022 10:45,60.69
12/4/2022 11:00,60.69
12/4/2022 11:15,60.7
12/4/2022 11:30,60.7
12/4/2022 11:45,60.7
12/4/2022 12:00,60.71
12/4/2022 12:15,60.71
12/4/2022 12:30,60.71
12/4/2022 12:45,60.72
12/4/2022 13:00,60.72
12/4/2022 13:15,60.72
12/4/2022 13:30,60.73
12/4/2022 13:45,60.73
12/4/2022 14:00,60.74
12/4/2022 14:15,60.74
12/4/2022 14:30,60.74
12/4/2022 14:45,60.75
12/4/2022 15:00,60.75
12/4/2022 15:15,60.76
12/4/2022 15:30,60.76
12/4/2022 15:45,60.77
12/4/2022 16:00,60.77
12/4/2022 16:15,60.78
12/4/2022 16:30,60.78
12/4/2022 16:45,60.79
12/4/2022 17:00,60.79
12/4/2022 17:15,60.8
12/4/2022 17:30,60.81
12/4/2022 17:45,60.81
12/4/2022 18:00,60.82
12/4/2022 18:15,60.83
12/4/2022 18:30,60.83
12/4/2022 18:45,60.84
12/4/2022 19:00,60.84
12/4/2022 19:15,60.85
12/4/2022 19:30,60.86
12/4/2022 19:45,60.86
12/4/2022 20:00,60.87
12/4/2022 20:15,60.87
12/4/2022 20:30,60.88
12/4/2022 20:45,60.89
12/4/2022 21:00,60.89
12/4/2022 21:15,60.9
12/4/2022 21:30,60.9
12/4/2022 21:45,60.91
12/4/2022 22:00,60.92
12/4/2022 22:15,60.92
12/4/2022 22:30,60.93
12/4/2022 22:45,60.93
12/4/2022 23:00,60.94
12/4/2022 23:15,60.94
12/4/2022 23:30,60.95
12/4/2022 23:45,60.95
12/5/2022 0:00,60.95
12/5/2022 0:15,60.96
12/5/2022 0:30,60.96
12/5/2022 0:45,60.97
12/5/2022 1:00,60.97
12/5/2022 1:15,60.97
12/5/2022 1:30,60.97
12/5/2022 1:45,60.98
12/5/2022 2:00,60.98
12/5/2022 2:15,60.98
12/5/2022 2:30,60.98
12/5/2022 2:45,60.99
12/5/2022 3:00,60.99
12/5/2022 3:15,60.99
12/5/2022 3:30,60.99
12/5/2022 3:45,61
12/5/2022 4:00,61
12/5/2022 4:15,61
12/5/2022 4:30,61
12/5/2022 4:45,61
12/5/2022 5:00,61
12/5/2022 5:15,61.01
12/5/2022 5:30,61.01
12/5/2022 5:45,61.01
12/5/2022 6:00,61.01
12/5/2022 6:15,61.02
12/5/2022 6:30,61.02
12/5/2022 6:45,61.02
12/5/2022 7:00,61.02
12/5/2022 7:15,61.03
12/5/2022 7:30,61.03
12/5/2022 7:45,61.03
12/5/2022 8:00,61.04
12/5/2022 8:15,61.04
12/5/2022 8:30,61.05
12/5/2022 8:45,61.05
12/5/2022 9:00,61.05
12/5/2022 9:15,61.06
12/5/2022 9:30,61.06
12/5/2022 9:45,61.07
12/5/2022 10:00,61.07
12/5/2022 10:15,61.07
12/5/2022 10:30,61.08
12/5/2022 10:45,61.08
12/5/2022 11:00,61.09
12/5/2022 11:15,61.09
12/5/2022 11:30,61.1
12/5/2022 11:45,61.11
12/5/2022 12:00,61.11
12/5/2022 12:15,61.12
12/5/2022 12:30,61.13
12/5/2022 12:45,61.13
12/5/2022 13:00,61.14
12/5/2022 13:15,61.15
12/5/2022 13:30,61.15
12/5/2022 13:45,61.16
12/5/2022 14:00,61.17
12/5/2022 14:15,61.17
12/5/2022 14:30,61.18
12/5/2022 14:45,61.19
12/5/2022 15:00,61.19
12/5/2022 15:15,61.2
12/5/2022 15:30,61.2
12/5/2022 15:45,61.21
12/5/2022 16:00,61.22
12/5/2022 16:15,61.22
12/5/2022 16:30,61.23
12/5/2022 16:45,61.23
12/5/2022 17:00,61.23
12/5/2022 17:15,61.24
12/5/2022 17:30,61.24
12/5/2022 17:45,61.25
12/5/2022 18:00,61.25
12/5/2022 18:15,61.26
12/5/2022 18:30,61.26
12/5/2022 18:45,61.26
12/5/2022 19:00,61.27
12/5/2022 19:15,61.27
12/5/2022 19:30,61.27
12/5/2022 19:45,61.27
12/5/2022 20:00,61.27
12/5/2022 20:15,61.28
12/5/2022 20:30,61.28
12/5/2022 20:45,61.28
12/5/2022 21:00,61.28
12/5/2022 21:15,61.28
12/5/2022 21:30,61.28
12/5/2022 21:45,61.28
12/5/2022 22:00,61.28
12/5/2022 22:15,61.28
12/5/2022 22:30,61.28
12/5/2022 22:45,61.28
12/5/2022 23:00,61.28
12/5/2022 23:15,61.28
12/5/2022 23:30,61.27
12/5/2022 23:45,61.27
12/6/2022 0:00,61.27
12/6/2022 0:15,61.27
12/6/2022 0:30,61.27
12/6/2022 0:45,61.27
12/6/2022 1:00,61.27
12/6/2022 1:15,61.26
12/6/2022 1:30,61.26
12/6/2022 1:45,61.26
12/6/2022 2:00,61.26
12/6/2022 2:15,61.26
12/6/2022 2:30,61.25
12/6/2022 2:45,61.25
12/6/2022 3:00,61.25
12/6/2022 3:15,61.25
12/6/2022 3:30,61.25
12/6/2022 3:45,61.25
12/6/2022 4:00,61.24
12/6/2022 4:15,61.24
12/6/2022 4:30,61.24
12/6/2022 4:45,61.24
12/6/2022 5:00,61.24
12/6/2022 5:15,61.23
12/6/2022 5:30,61.23
12/6/2022 5:45,61.23
12/6/2022 6:00,61.23
12/6/2022 6:15,61.23
12/6/2022 6:30,61.22
12/6/2022 6:45,61.22
12/6/2022 7:00,61.22
12/6/2022 7:15,61.22
12/6/2022 7:30,61.22
12/6/2022 7:45,61.22
12/6/2022 8:00,61.21
12/6/2022 8:15,61.21
12/6/2022 8:30,61.21
12/6/2022 8:45,61.21
12/6/2022 9:00,61.21
12/6/2022 9:15,61.21
12/6/2022 9:30,61.21
12/6/2022 9:45,61.21
12/6/2022 10:00,61.21
12/6/2022 10:15,61.21
12/6/2022 10:30,61.21
12/6/2022 10:45,61.21
12/6/2022 11:00,61.21
12/6/2022 11:15,61.21
12/6/2022 11:30,61.21
12/6/2022 11:45,61.21
12/6/2022 12:00,61.2
12/6/2022 12:15,61.2
12/6/2022 12:30,61.2
12/6/2022 12:45,61.2
12/6/2022 13:00,61.2
12/6/2022 13:15,61.2
12/6/2022 13:30,61.2
12/6/2022 13:45,61.2
12/6/2022 14:00,61.2
12/6/2022 14:15,61.2
12/6/2022 14:30,61.2
12/6/2022 14:45,61.2
12/6/2022 15:00,61.2
12/6/2022 15:15,61.2
12/6/2022 15:30,61.2
12/6/2022 15:45,61.2
12/6/2022 16:00,61.2
12/6/2022 16:15,61.2
12/6/2022 16:30,61.2
12/6/2022 16:45,61.2
12/6/2022 17:00,61.2
12/6/2022 17:15,61.2
12/6/2022 17:30,61.2
12/6/2022 17:45,61.2
12/6/2022 18:00,61.21
12/6/2022 18:15,61.21
12/6/2022 18:30,61.21
12/6/2022 18:45,61.21
12/6/2022 19:00,61.21
12/6/2022 19:15,61.21
12/6/2022 19:30,61.21
12/6/2022 19:45,61.21
12/6/2022 20:00,61.21
12/6/2022 20:15,61.21
12/6/2022 20:30,61.2
12/6/2022 20:45,61.2
12/6/2022 21:00,61.2
12/6/2022 21:15,61.2
12/6/2022 21:30,61.2
12/6/2022 21:45,61.2
12/6/2022 22:00,61.2
12/6/2022 22:15,61.2
12/6/2022 22:30,61.2
12/6/2022 22:45,61.2
12/6/2022 23:00,61.2
12/6/2022 23:15,61.2
12/6/2022 23:30,61.2
12/6/2022 23:45,61.2
12/7/2022 0:00,61.2
12/7/2022 0:15,61.2
12/7/2022 0:30,61.2
12/7/2022 0:45,61.19
12/7/2022 1:00,61.19
12/7/2022 1:15,61.19
12/7/2022 1:30,61.19
12/7/2022 1:45,61.19
12/7/2022 2:00,61.19
12/7/2022 2:15,61.19
12/7/2022 2:30,61.18
12/7/2022 2:45,61.18
12/7/2022 3:00,61.18
12/7/2022 3:15,61.18
12/7/2022 3:30,61.18
12/7/2022 3:45,61.18
12/7/2022 4:00,61.17
12/7/2022 4:15,61.17
12/7/2022 4:30,61.17
12/7/2022 4:45,61.17
12/7/2022 5:00,61.17
12/7/2022 5:15,61.16
12/7/2022 5:30,61.16
12/7/2022 5:45,61.16
12/7/2022 6:00,61.16
12/7/2022 6:15,61.16
12/7/2022 6:30,61.16
12/7/2022 6:45,61.16
12/7/2022 7:00,61.15
12/7/2022 7:15,61.15
12/7/2022 7:30,61.15
12/7/2022 7:45,61.15
12/7/2022 8:00,61.15
12/7/2022 8:15,61.15
12/7/2022 8:30,61.15
12/7/2022 8:45,61.15
12/7/2022 9:00,61.15
12/7/2022 9:15,61.15
12/7/2022 9:30,61.15
12/7/2022 9:45,61.15
12/7/2022 10:00,61.15
12/7/2022 10:15,61.15
12/7/2022 10:30,61.15
12/7/2022 10:45,61.15
12/7/2022 11:00,61.15
12/7/2022 11:15,61.16
12/7/2022 11:30,61.16
12/7/2022 11:45,61.16
12/7/2022 12:00,61.16
12/7/2022 12:15,61.16
12/7/2022 12:30,61.16
12/7/2022 12:45,61.17
12/7/2022 13:00,61.17
12/7/2022 13:15,61.17
12/7/2022 13:30,61.17
12/7/2022 13:45,61.17
12/7/2022 14:00,61.18
12/7/2022 14:15,61.18
12/7/2022 14:30,61.18
12/7/2022 14:45,61.18
12/7/2022 15:00,61.19
12/7/2022 15:15,61.19
12/7/2022 15:30,61.19
12/7/2022 15:45,61.19
12/7/2022 16:00,61.2
12/7/2022 16:15,61.2
12/7/2022 16:30,61.2
12/7/2022 16:45,61.2
12/7/2022 17:00,61.21
12/7/2022 17:15,61.21
12/7/2022 17:30,61.21
12/7/2022 17:45,61.21
12/7/2022 18:00,61.22
12/7/2022 18:15,61.22
12/7/2022 18:30,61.22
12/7/2022 18:45,61.22
12/7/2022 19:00,61.22
12/7/2022 19:15,61.22
12/7/2022 19:30,61.22
12/7/2022 19:45,61.22
12/7/2022 20:00,61.22
12/7/2022 20:15,61.23
12/7/2022 20:30,61.23
12/7/2022 20:45,61.23
12/7/2022 21:00,61.23
12/7/2022 21:15,61.23
12/7/2022 21:30,61.23
12/7/2022 21:45,61.23
12/7/2022 22:00,61.23
12/7/2022 22:15,61.23
12/7/2022 22:30,61.23
12/7/2022 22:45,61.23
12/7/2022 23:00,61.23
12/7/2022 23:15,61.23
12/7/2022 23:30,61.23
12/7/2022 23:45,61.23
12/8/2022 0:00,61.23
12/8/2022 0:15,61.23
12/8/2022 0:30,61.23
12/8/2022 0:45,61.23
12/8/2022 1:00,61.23
12/8/2022 1:15,61.23
12/8/2022 1:30,61.23
12/8/2022 1:45,61.23
12/8/2022 2:00,61.23
12/8/2022 2:15,61.23
12/8/2022 2:30,61.23
12/8/2022 2:45,61.23
12/8/2022 3:00,61.23
12/8/2022 3:15,61.23
12/8/2022 3:30,61.23
12/8/2022 3:45,61.23
12/8/2022 4:00,61.23
12/8/2022 4:15,61.23
12/8/2022 4:30,61.23
12/8/2022 4:45,61.22
12/8/2022 5:00,61.22
12/8/2022 5:15,61.22
12/8/2022 5:30,61.22
12/8/2022 5:45,61.22
12/8/2022 6:00,61.22
12/8/2022 6:15,61.22
12/8/2022 6:30,61.22
12/8/2022 6:45,61.22
12/8/2022 7:00,61.22
12/8/2022 7:15,61.22
12/8/2022 7:30,61.22
12/8/2022 7:45,61.21
12/8/2022 8:00,61.21
12/8/2022 8:15,61.21
12/8/2022 8:30,61.21
12/8/2022 8:45,61.21
12/8/2022 9:00,61.21
12/8/2022 9:15,61.21
12/8/2022 9:30,61.21
12/8/2022 9:45,61.21
12/8/2022 10:00,61.21
12/8/2022 10:15,61.21
12/8/2022 10:30,61.21
12/8/2022 10:45,61.2
12/8/2022 11:00,61.2
12/8/2022 11:15,61.2
12/8/2022 11:30,61.2
12/8/2022 11:45,61.2
12/8/2022 12:00,61.2
12/8/2022 12:15,61.2
12/8/2022 12:30,61.2
12/8/2022 12:45,61.2
12/8/2022 13:00,61.2
12/8/2022 13:15,61.2
12/8/2022 13:30,61.2
12/8/2022 13:45,61.2
12/8/2022 14:00,61.2
12/8/2022 14:15,61.2
12/8/2022 14:30,61.2
12/8/2022 14:45,61.2
12/8/2022 15:00,61.2
12/8/2022 15:15,61.2
12/8/2022 15:30,61.19
12/8/2022 15:45,61.19
12/8/2022 16:00,61.19
12/8/2022 16:15,61.19
12/8/2022 16:30,61.19
12/8/2022 16:45,61.19
12/8/2022 17:00,61.19
12/8/2022 17:15,61.19
12/8/2022 17:30,61.19
12/8/2022 17:45,61.19
12/8/2022 18:00,61.19
12/8/2022 18:15,61.19
12/8/2022 18:30,61.19
12/8/2022 18:45,61.18
12/8/2022 19:00,61.18
12/8/2022 19:15,61.18
12/8/2022 19:30,61.18
12/8/2022 19:45,61.17
12/8/2022 20:00,61.17
12/8/2022 20:15,61.16
12/8/2022 20:30,61.16
12/8/2022 20:45,61.15
12/8/2022 21:00,61.14
12/8/2022 21:15,61.14
12/8/2022 21:30,61.13
12/8/2022 21:45,61.12
12/8/2022 22:00,61.12
12/8/2022 22:15,61.11
12/8/2022 22:30,61.1
12/8/2022 22:45,61.1
12/8/2022 23:00,61.09
12/8/2022 23:15,61.09
12/8/2022 23:30,61.08
12/8/2022 23:45,61.07
12/9/2022 0:00,61.07
12/9/2022 0:15,61.06
12/9/2022 0:30,61.05
12/9/2022 0:45,61.05
12/9/2022 1:00,61.04
12/9/2022 1:15,61.04
12/9/2022 1:30,61.03
12/9/2022 1:45,61.02
12/9/2022 2:00,61.02
12/9/2022 2:15,61.01
12/9/2022 2:30,61.01
12/9/2022 2:45,61
12/9/2022 3:00,61
12/9/2022 3:15,61
12/9/2022 3:30,60.99
12/9/2022 3:45,60.99
12/9/2022 4:00,60.99
12/9/2022 4:15,60.99
12/9/2022 4:30,60.99
12/9/2022 4:45,60.99
12/9/2022 5:00,60.99
12/9/2022 5:15,60.99
12/9/2022 5:30,60.99
12/9/2022 5:45,60.99
12/9/2022 6:00,60.99
12/9/2022 6:15,60.99
12/9/2022 6:30,60.99
12/9/2022 6:45,60.99
12/9/2022 7:00,61
12/9/2022 7:15,61.01
12/9/2022 7:30,61.01
12/9/2022 7:45,61.02
12/9/2022 8:00,61.03
12/9/2022 8:15,61.03
12/9/2022 8:30,61.04
12/9/2022 8:45,61.05
12/9/2022 9:00,61.06
12/9/2022 9:15,61.07
12/9/2022 9:30,61.08
12/9/2022 9:45,61.09
12/9/2022 10:00,61.1
12/9/2022 10:15,61.11
12/9/2022 10:30,61.12
12/9/2022 10:45,61.13
12/9/2022 11:00,61.14
12/9/2022 11:15,61.15
12/9/2022 11:30,61.16
12/9/2022 11:45,61.17
12/9/2022 12:00,61.18
12/9/2022 12:15,61.19
12/9/2022 12:30,61.2
12/9/2022 12:45,61.21
12/9/2022 13:00,61.22
12/9/2022 13:15,61.23
12/9/2022 13:30,61.24
12/9/2022 13:45,61.25
12/9/2022 14:00,61.26
12/9/2022 14:15,61.27
12/9/2022 14:30,61.28
12/9/2022 14:45,61.28
12/9/2022 15:00,61.29
12/9/2022 15:15,61.29
12/9/2022 15:30,61.3
12/9/2022 15:45,61.3
12/9/2022 16:00,61.3
12/9/2022 16:15,61.3
12/9/2022 16:30,61.3
12/9/2022 16:45,61.3
12/9/2022 17:00,61.3
12/9/2022 17:15,61.3
12/9/2022 17:30,61.3
12/9/2022 17:45,61.3
12/9/2022 18:00,61.3
12/9/2022 18:15,61.29
12/9/2022 18:30,61.29
12/9/2022 18:45,61.29
12/9/2022 19:00,61.28
12/9/2022 19:15,61.27
12/9/2022 19:30,61.26
12/9/2022 19:45,61.25
12/9/2022 20:00,61.24
12/9/2022 20:15,61.23
12/9/2022 20:30,61.21
12/9/2022 20:45,61.2
12/9/2022 21:00,61.18
12/9/2022 21:15,61.17
12/9/2022 21:30,61.15
12/9/2022 21:45,61.14
12/9/2022 22:00,61.12
12/9/2022 22:15,61.11
12/9/2022 22:30,61.09
12/9/2022 22:45,61.08
12/9/2022 23:00,61.06
12/9/2022 23:15,61.05
12/9/2022 23:30,61.03
12/9/2022 23:45,61.02
12/10/2022 0:00,61
12/10/2022 0:15,60.99
12/10/2022 0:30,60.97
12/10/2022 0:45,60.96
12/10/2022 1:00,60.94
12/10/2022 1:15,60.93
12/10/2022 1:30,60.91
12/10/2022 1:45,60.9
12/10/2022 2:00,60.89
12/10/2022 2:15,60.88
12/10/2022 2:30,60.86
12/10/2022 2:45,60.85
12/10/2022 3:00,60.84
12/10/2022 3:15,60.83
12/10/2022 3:30,60.83
12/10/2022 3:45,60.82
12/10/2022 4:00,60.82
12/10/2022 4:15,60.82
12/10/2022 4:30,60.82
12/10/2022 4:45,60.82
12/10/2022 5:00,60.82
12/10/2022 5:15,60.82
12/10/2022 5:30,60.82
12/10/2022 5:45,60.82
12/10/2022 6:00,60.82
12/10/2022 6:15,60.83
12/10/2022 6:30,60.83
12/10/2022 6:45,60.84
12/10/2022 7:00,60.85
12/10/2022 7:15,60.86
12/10/2022 7:30,60.87
12/10/2022 7:45,60.89
12/10/2022 8:00,60.9
12/10/2022 8:15,60.91
12/10/2022 8:30,60.92
12/10/2022 8:45,60.93
12/10/2022 9:00,60.95
12/10/2022 9:15,60.96
12/10/2022 9:30,60.97
12/10/2022 9:45,60.99
12/10/2022 10:00,61
12/10/2022 10:15,61.01
12/10/2022 10:30,61.03
12/10/2022 10:45,61.04
12/10/2022 11:00,61.05
12/10/2022 11:15,61.07
12/10/2022 11:30,61.08
12/10/2022 11:45,61.1
12/10/2022 12:00,61.11
12/10/2022 12:15,61.12
12/10/2022 12:30,61.14
12/10/2022 12:45,61.15
12/10/2022 13:00,61.16
12/10/2022 13:15,61.18
12/10/2022 13:30,61.19
12/10/2022 13:45,61.2
12/10/2022 14:00,61.21
12/10/2022 14:15,61.22
12/10/2022 14:30,61.23
12/10/2022 14:45,61.23
12/10/2022 15:00,61.24
12/10/2022 15:15,61.24
12/10/2022 15:30,61.24
12/10/2022 15:45,61.24
12/10/2022 16:00,61.24
12/10/2022 16:15,61.24
12/10/2022 16:30,61.24
12/10/2022 16:45,61.24
12/10/2022 17:00,61.24
12/10/2022 17:15,61.24
12/10/2022 17:30,61.24
12/10/2022 17:45,61.24
12/10/2022 18:00,61.24
12/10/2022 18:15,61.23
12/10/2022 18:30,61.23
12/10/2022 18:45,61.22
12/10/2022 19:00,61.22
12/10/2022 19:15,61.21
12/10/2022 19:30,61.2
12/10/2022 19:45,61.19
12/10/2022 20:00,61.18
12/10/2022 20:15,61.16
12/10/2022 20:30,61.14
12/10/2022 20:45,61.12
12/10/2022 21:00,61.1
12/10/2022 21:15,61.08
12/10/2022 21:30,61.06
12/10/2022 21:45,61.04
12/10/2022 22:00,61.02
12/10/2022 22:15,61
12/10/2022 22:30,60.98
12/10/2022 22:45,60.96
12/10/2022 23:00,60.94
12/10/2022 23:15,60.92
12/10/2022 23:30,60.89
12/10/2022 23:45,60.87
12/11/2022 0:00,60.85
12/11/2022 0:15,60.83
12/11/2022 0:30,60.81
12/11/2022 0:45,60.79
12/11/2022 1:00,60.77
12/11/2022 1:15,60.76
12/11/2022 1:30,60.74
12/11/2022 1:45,60.72
12/11/2022 2:00,60.7
12/11/2022 2:15,60.69
12/11/2022 2:30,60.67
12/11/2022 2:45,60.65
12/11/2022 3:00,60.64
12/11/2022 3:15,60.62
12/11/2022 3:30,60.61
12/11/2022 3:45,60.6
12/11/2022 4:00,60.6
12/11/2022 4:15,60.6
12/11/2022 4:30,60.6
12/11/2022 4:45,60.6
12/11/2022 5:00,60.6
12/11/2022 5:15,60.6
12/11/2022 5:30,60.6
12/11/2022 5:45,60.6
12/11/2022 6:00,60.6
12/11/2022 6:15,60.6
12/11/2022 6:30,60.61
12/11/2022 6:45,60.63
12/11/2022 7:00,60.64
12/11/2022 7:15,60.66
12/11/2022 7:30,60.69
12/11/2022 7:45,60.71
12/11/2022 8:00,60.73
12/11/2022 8:15,60.75
12/11/2022 8:30,60.77
12/11/2022 8:45,60.79
12/11/2022 9:00,60.82
12/11/2022 9:15,60.84
12/11/2022 9:30,60.86
12/11/2022 9:45,60.89
12/11/2022 10:00,60.91
12/11/2022 10:15,60.93
12/11/2022 10:30,60.96
12/11/2022 10:45,60.98
12/11/2022 11:00,61.01
12/11/2022 11:15,61.03
12/11/2022 11:30,61.05
12/11/2022 11:45,61.08
12/11/2022 12:00,61.1
12/11/2022 12:15,61.12
12/11/2022 12:30,61.15
12/11/2022 12:45,61.17
12/11/2022 13:00,61.2
12/11/2022 13:15,61.22
12/11/2022 13:30,61.24
12/11/2022 13:45,61.27
12/11/2022 14:00,61.29
12/11/2022 14:15,61.3
12/11/2022 14:30,61.31
12/11/2022 14:45,61.32
12/11/2022 15:00,61.33
12/11/2022 15:15,61.33
12/11/2022 15:30,61.33
12/11/2022 15:45,61.33
12/11/2022 16:00,61.33
12/11/2022 16:15,61.33
12/11/2022 16:30,61.33
12/11/2022 16:45,61.33
12/11/2022 17:00,61.33
12/11/2022 17:15,61.33
12/11/2022 17:30,61.33
12/11/2022 17:45,61.33
12/11/2022 18:00,61.33
12/11/2022 18:15,61.33
12/11/2022 18:30,61.33
12/11/2022 18:45,61.33
12/11/2022 19:00,61.32
12/11/2022 19:15,61.32
12/11/2022 19:30,61.31
12/11/2022 19:45,61.31
12/11/2022 20:00,61.3
12/11/2022 20:15,61.29
12/11/2022 20:30,61.28
12/11/2022 20:45,61.27
12/11/2022 21:00,61.26
12/11/2022 21:15,61.24
12/11/2022 21:30,61.23
12/11/2022 21:45,61.22
12/11/2022 22:00,61.21
12/11/2022 22:15,61.2
12/11/2022 22:30,61.19
12/11/2022 22:45,61.18
12/11/2022 23:00,61.17
12/11/2022 23:15,61.16
12/11/2022 23:30,61.15
12/11/2022 23:45,61.14
12/12/2022 0:00,61.13
12/12/2022 0:15,61.11
12/12/2022 0:30,61.1
12/12/2022 0:45,61.09
12/12/2022 1:00,61.08
12/12/2022 1:15,61.07
12/12/2022 1:30,61.07
12/12/2022 1:45,61.06
12/12/2022 2:00,61.05
12/12/2022 2:15,61.04
12/12/2022 2:30,61.03
12/12/2022 2:45,61.02
12/12/2022 3:00,61.02
12/12/2022 3:15,61.01
12/12/2022 3:30,61.01
12/12/2022 3:45,61
12/12/2022 4:00,61
12/12/2022 4:15,61
12/12/2022 4:30,61
12/12/2022 4:45,61
12/12/2022 5:00,61
12/12/2022 5:15,61
12/12/2022 5:30,61
12/12/2022 5:45,61
12/12/2022 6:00,61
12/12/2022 6:15,61.01
12/12/2022 6:30,61.01
12/12/2022 6:45,61.01
12/12/2022 7:00,61.01
12/12/2022 7:15,61.02
12/12/2022 7:30,61.02
12/12/2022 7:45,61.02
12/12/2022 8:00,61.02
12/12/2022 8:15,61.03
12/12/2022 8:30,61.03
12/12/2022 8:45,61.03
12/12/2022 9:00,61.03
12/12/2022 9:15,61.04
12/12/2022 9:30,61.04
12/12/2022 9:45,61.04
12/12/2022 10:00,61.04
12/12/2022 10:15,61.05
12/12/2022 10:30,61.05
12/12/2022 10:45,61.05
12/12/2022 11:00,61.05
12/12/2022 11:15,61.06
12/12/2022 11:30,61.06
12/12/2022 11:45,61.06
12/12/2022 12:00,61.06
12/12/2022 12:15,61.07
12/12/2022 12:30,61.07
12/12/2022 12:45,61.07
12/12/2022 13:00,61.07
12/12/2022 13:15,61.07
12/12/2022 13:30,61.07
12/12/2022 13:45,61.07
12/12/2022 14:00,61.07
12/12/2022 14:15,61.07
12/12/2022 14:30,61.07
12/12/2022 14:45,61.07
12/12/2022 15:00,61.07
12/12/2022 15:15,61.07
12/12/2022 15:30,61.07
12/12/2022 15:45,61.07
12/12/2022 16:00,61.06
12/12/2022 16:15,61.06
12/12/2022 16:30,61.06
12/12/2022 16:45,61.05
12/12/2022 17:00,61.05
12/12/2022 17:15,61.05
12/12/2022 17:30,61.04
12/12/2022 17:45,61.04
12/12/2022 18:00,61.03
12/12/2022 18:15,61.03
12/12/2022 18:30,61.02
12/12/2022 18:45,61.01
12/12/2022 19:00,61
12/12/2022 19:15,61
12/12/2022 19:30,60.99
12/12/2022 19:45,60.98
12/12/2022 20:00,60.96
12/12/2022 20:15,60.95
12/12/2022 20:30,60.94
12/12/2022 20:45,60.93
12/12/2022 21:00,60.91
12/12/2022 21:15,60.9
12/12/2022 21:30,60.88
12/12/2022 21:45,60.87
12/12/2022 22:00,60.85
12/12/2022 22:15,60.84
12/12/2022 22:30,60.82
12/12/2022 22:45,60.81
12/12/2022 23:00,60.79
12/12/2022 23:15,60.78
12/12/2022 23:30,60.77
12/12/2022 23:45,60.76
12/13/2022 0:00,60.74
12/13/2022 0:15,60.73
12/13/2022 0:30,60.72
12/13/2022 0:45,60.71
12/13/2022 1:00,60.7
12/13/2022 1:15,60.69
12/13/2022 1:30,60.68
12/13/2022 1:45,60.67
12/13/2022 2:00,60.66
12/13/2022 2:15,60.65
12/13/2022 2:30,60.64
12/13/2022 2:45,60.63
12/13/2022 3:00,60.62
12/13/2022 3:15,60.62
12/13/2022 3:30,60.61
12/13/2022 3:45,60.61
12/13/2022 4:00,60.61
12/13/2022 4:15,60.61
12/13/2022 4:30,60.61
12/13/2022 4:45,60.61
12/13/2022 5:00,60.61
12/13/2022 5:15,60.61
12/13/2022 5:30,60.61
12/13/2022 5:45,60.61
12/13/2022 6:00,60.61
12/13/2022 6:15,60.61
12/13/2022 6:30,60.61
12/13/2022 6:45,60.63
12/13/2022 7:00,60.65
12/13/2022 7:15,60.67
12/13/2022 7:30,60.69
12/13/2022 7:45,60.71
12/13/2022 8:00,60.73
12/13/2022 8:15,60.75
12/13/2022 8:30,60.77
12/13/2022 8:45,60.79
12/13/2022 9:00,60.82
12/13/2022 9:15,60.84
12/13/2022 9:30,60.86
12/13/2022 9:45,60.88
12/13/2022 10:00,60.9
12/13/2022 10:15,60.92
12/13/2022 10:30,60.95
12/13/2022 10:45,60.97
12/13/2022 11:00,60.99
12/13/2022 11:15,61.01
12/13/2022 11:30,61.03
12/13/2022 11:45,61.06
12/13/2022 12:00,61.08
12/13/2022 12:15,61.1
12/13/2022 12:30,61.12
12/13/2022 12:45,61.14
12/13/2022 13:00,61.16
12/13/2022 13:15,61.19
12/13/2022 13:30,61.21
12/13/2022 13:45,61.23
12/13/2022 14:00,61.25
12/13/2022 14:15,61.27
12/13/2022 14:30,61.28
12/13/2022 14:45,61.29
12/13/2022 15:00,61.29
12/13/2022 15:15,61.29
12/13/2022 15:30,61.29
12/13/2022 15:45,61.29
12/13/2022 16:00,61.29
12/13/2022 16:15,61.29
12/13/2022 16:30,61.29
12/13/2022 16:45,61.29
12/13/2022 17:00,61.29
12/13/2022 17:15,61.29
12/13/2022 17:30,61.29
12/13/2022 17:45,61.29
12/13/2022 18:00,61.29
12/13/2022 18:15,61.29
12/13/2022 18:30,61.29
12/13/2022 18:45,61.29
12/13/2022 19:00,61.29
12/13/2022 19:15,61.29
12/13/2022 19:30,61.29
12/13/2022 19:45,61.28
12/13/2022 20:00,61.28
12/13/2022 20:15,61.27
12/13/2022 20:30,61.27
12/13/2022 20:45,61.26
12/13/2022 21:00,61.25
12/13/2022 21:15,61.24
12/13/2022 21:30,61.24
12/13/2022 21:45,61.23
12/13/2022 22:00,61.22
12/13/2022 22:15,61.21
12/13/2022 22:30,61.2
12/13/2022 22:45,61.19
12/13/2022 23:00,61.18
12/13/2022 23:15,61.17
12/13/2022 23:30,61.16
12/13/2022 23:45,61.15
12/14/2022 0:00,61.15
12/14/2022 0:15,61.14
12/14/2022 0:30,61.13
12/14/2022 0:45,61.12
12/14/2022 1:00,61.11
12/14/2022 1:15,61.1
12/14/2022 1:30,61.09
12/14/2022 1:45,61.08
12/14/2022 2:00,61.07
12/14/2022 2:15,61.07
12/14/2022 2:30,61.06
12/14/2022 2:45,61.05
12/14/2022 3:00,61.04
12/14/2022 3:15,61.03
12/14/2022 3:30,61.03
12/14/2022 3:45,61.02
12/14/2022 4:00,61.02
12/14/2022 4:15,61.01
12/14/2022 4:30,61.01
12/14/2022 4:45,61.01
12/14/2022 5:00,61.01
12/14/2022 5:15,61.01
12/14/2022 5:30,61.01
12/14/2022 5:45,61.01
12/14/2022 6:00,61.01
12/14/2022 6:15,61.01
12/14/2022 6:30,61.01
12/14/2022 6:45,61.01
12/14/2022 7:00,61.01
12/14/2022 7:15,61.01
12/14/2022 7:30,61.01
12/14/2022 7:45,61.02
12/14/2022 8:00,61.02
12/14/2022 8:15,61.03
12/14/2022 8:30,61.03
12/14/2022 8:45,61.04
12/14/2022 9:00,61.04
12/14/2022 9:15,61.05
12/14/2022 9:30,61.05
12/14/2022 9:45,61.06
12/14/2022 10:00,61.06
12/14/2022 10:15,61.07
12/14/2022 10:30,61.08
12/14/2022 10:45,61.08
12/14/2022 11:00,61.09
12/14/2022 11:15,61.09
12/14/2022 11:30,61.1
12/14/2022 11:45,61.11
12/14/2022 12:00,61.12
12/14/2022 12:15,61.12
12/14/2022 12:30,61.13
12/14/2022 12:45,61.14
12/14/2022 13:00,61.15
12/14/2022 13:15,61.16
12/14/2022 13:30,61.16
12/14/2022 13:45,61.17
12/14/2022 14:00,61.18
12/14/2022 14:15,61.19
12/14/2022 14:30,61.2
12/14/2022 14:45,61.21
12/14/2022 15:00,61.22
12/14/2022 15:15,61.22
12/14/2022 15:30,61.23
12/14/2022 15:45,61.24
12/14/2022 16:00,61.25
12/14/2022 16:15,61.25
12/14/2022 16:30,61.26
12/14/2022 16:45,61.27
12/14/2022 17:00,61.27
12/14/2022 17:15,61.28
12/14/2022 17:30,61.29
12/14/2022 17:45,61.3
12/14/2022 18:00,61.31
12/14/2022 18:15,61.32
12/14/2022 18:30,61.34
12/14/2022 18:45,61.36
12/14/2022 19:00,61.38
12/14/2022 19:15,61.4
12/14/2022 19:30,61.42
12/14/2022 19:45,61.44
12/14/2022 20:00,61.47
12/14/2022 20:15,61.49
12/14/2022 20:30,61.51
12/14/2022 20:45,61.53
12/14/2022 21:00,61.55
12/14/2022 21:15,61.58
12/14/2022 21:30,61.6
12/14/2022 21:45,61.62
12/14/2022 22:00,61.64
12/14/2022 22:15,61.66
12/14/2022 22:30,61.68
12/14/2022 22:45,61.7
12/14/2022 23:00,61.72
12/14/2022 23:15,61.74
12/14/2022 23:30,61.76
12/14/2022 23:45,61.77
12/15/2022 0:00,61.79
12/15/2022 0:15,61.81
12/15/2022 0:30,61.83
12/15/2022 0:45,61.85
12/15/2022 1:00,61.87
12/15/2022 1:15,61.88
12/15/2022 1:30,61.9
12/15/2022 1:45,61.91
12/15/2022 2:00,61.93
12/15/2022 2:15,61.93
12/15/2022 2:30,61.94
12/15/2022 2:45,61.94
12/15/2022 3:00,61.94
12/15/2022 3:15,61.94
12/15/2022 3:30,61.94
12/15/2022 3:45,61.94
12/15/2022 4:00,61.94
12/15/2022 4:15,61.94
12/15/2022 4:30,61.94
12/15/2022 4:45,61.94
12/15/2022 5:00,61.94
12/15/2022 5:15,61.93
12/15/2022 5:30,61.91
12/15/2022 5:45,61.9
12/15/2022 6:00,61.89
12/15/2022 6:15,61.88
12/15/2022 6:30,61.86
12/15/2022 6:45,61.85
12/15/2022 7:00,61.83
12/15/2022 7:15,61.81
12/15/2022 7:30,61.79
12/15/2022 7:45,61.77
12/15/2022 8:00,61.75
12/15/2022 8:15,61.73
12/15/2022 8:30,61.71
12/15/2022 8:45,61.68
12/15/2022 9:00,61.66
12/15/2022 9:15,61.63
12/15/2022 9:30,61.61
12/15/2022 9:45,61.58
12/15/2022 10:00,61.55
12/15/2022 10:15,61.53
12/15/2022 10:30,61.5
12/15/2022 10:45,61.47
12/15/2022 11:00,61.44
12/15/2022 11:15,61.41
12/15/2022 11:30,61.38
12/15/2022 11:45,61.36
12/15/2022 12:00,61.33
12/15/2022 12:15,61.3
12/15/2022 12:30,61.27
12/15/2022 12:45,61.25
12/15/2022 13:00,61.23
12/15/2022 13:15,61.21
12/15/2022 13:30,61.19
12/15/2022 13:45,61.17
12/15/2022 14:00,61.16
12/15/2022 14:15,61.14
12/15/2022 14:30,61.13
12/15/2022 14:45,61.12
12/15/2022 15:00,61.11
12/15/2022 15:15,61.09
12/15/2022 15:30,61.09
12/15/2022 15:45,61.08
12/15/2022 16:00,61.08
12/15/2022 16:15,61.08
12/15/2022 16:30,61.08
12/15/2022 16:45,61.08
12/15/2022 17:00,61.08
12/15/2022 17:15,61.08
12/15/2022 17:30,61.08
12/15/2022 17:45,61.08
12/15/2022 18:00,61.08
12/15/2022 18:15,61.09
12/15/2022 18:30,61.1
12/15/2022 18:45,61.11
12/15/2022 19:00,61.12
12/15/2022 19:15,61.13
12/15/2022 19:30,61.14
12/15/2022 19:45,61.15
12/15/2022 20:00,61.16
12/15/2022 20:15,61.17
12/15/2022 20:30,61.18
12/15/2022 20:45,61.19
12/15/2022 21:00,61.2
12/15/2022 21:15,61.21
12/15/2022 21:30,61.21
12/15/2022 21:45,61.22
12/15/2022 22:00,61.23
12/15/2022 22:15,61.23
12/15/2022 22:30,61.23
12/15/2022 22:45,61.23
12/15/2022 23:00,61.23
12/15/2022 23:15,61.23
12/15/2022 23:30,61.23
12/15/2022 23:45,61.23
12/16/2022 0:00,61.23
12/16/2022 0:15,61.23
12/16/2022 0:30,61.23
12/16/2022 0:45,61.23
12/16/2022 1:00,61.23
12/16/2022 1:15,61.22
12/16/2022 1:30,61.22
12/16/2022 1:45,61.21
12/16/2022 2:00,61.21
12/16/2022 2:15,61.2
12/16/2022 2:30,61.19
12/16/2022 2:45,61.18
12/16/2022 3:00,61.17
12/16/2022 3:15,61.17
12/16/2022 3:30,61.16
12/16/2022 3:45,61.15
12/16/2022 4:00,61.15
12/16/2022 4:15,61.15
12/16/2022 4:30,61.15
12/16/2022 4:45,61.15
12/16/2022 5:00,61.15
12/16/2022 5:15,61.15
12/16/2022 5:30,61.15
12/16/2022 5:45,61.15
12/16/2022 6:00,61.15
12/16/2022 6:15,61.15
12/16/2022 6:30,61.16
12/16/2022 6:45,61.17
12/16/2022 7:00,61.18
12/16/2022 7:15,61.18
12/16/2022 7:30,61.19
12/16/2022 7:45,61.2
12/16/2022 8:00,61.21
12/16/2022 8:15,61.22
12/16/2022 8:30,61.23
12/16/2022 8:45,61.24
12/16/2022 9:00,61.25
12/16/2022 9:15,61.26
12/16/2022 9:30,61.26
12/16/2022 9:45,61.27
12/16/2022 10:00,61.28
12/16/2022 10:15,61.29
12/16/2022 10:30,61.3
12/16/2022 10:45,61.31
12/16/2022 11:00,61.32
12/16/2022 11:15,61.32
12/16/2022 11:30,61.33
12/16/2022 11:45,61.34
12/16/2022 12:00,61.34
12/16/2022 12:15,61.34
12/16/2022 12:30,61.35
12/16/2022 12:45,61.35
12/16/2022 13:00,61.35
12/16/2022 13:15,61.35
12/16/2022 13:30,61.35
12/16/2022 13:45,61.35
12/16/2022 14:00,61.35
12/16/2022 14:15,61.35
12/16/2022 14:30,61.35
12/16/2022 14:45,61.35
12/16/2022 15:00,61.36
12/16/2022 15:15,61.36
12/16/2022 15:30,61.36
12/16/2022 15:45,61.37
12/16/2022 16:00,61.37
12/16/2022 16:15,61.38
12/16/2022 16:30,61.38
12/16/2022 16:45,61.39
12/16/2022 17:00,61.41
12/16/2022 17:15,61.42
12/16/2022 17:30,61.43
12/16/2022 17:45,61.45
12/16/2022 18:00,61.47
12/16/2022 18:15,61.49
12/16/2022 18:30,61.51
12/16/2022 18:45,61.54
12/16/2022 19:00,61.57
12/16/2022 19:15,61.6
12/16/2022 19:30,61.63
12/16/2022 19:45,61.67
12/16/2022 20:00,61.71
12/16/2022 20:15,61.75
12/16/2022 20:30,61.8
12/16/2022 20:45,61.84
12/16/2022 21:00,61.89
12/16/2022 21:15,61.94
12/16/2022 21:30,62
12/16/2022 21:45,62.05
12/16/2022 22:00,62.11
12/16/2022 22:15,62.16
12/16/2022 22:30,62.22
12/16/2022 22:45,62.27
12/16/2022 23:00,62.32
12/16/2022 23:15,62.38
12/16/2022 23:30,62.43
12/16/2022 23:45,62.48
12/17/2022 0:00,62.53
12/17/2022 0:15,62.58
12/17/2022 0:30,62.62
12/17/2022 0:45,62.67
12/17/2022 1:00,62.71
12/17/2022 1:15,62.75
12/17/2022 1:30,62.79
12/17/2022 1:45,62.83
12/17/2022 2:00,62.87
12/17/2022 2:15,62.9
12/17/2022 2:30,62.93
12/17/2022 2:45,62.96
12/17/2022 3:00,62.98
12/17/2022 3:15,63.01
12/17/2022 3:30,63.03
12/17/2022 3:45,63.05
12/17/2022 4:00,63.06
12/17/2022 4:15,63.06
12/17/2022 4:30,63.06
12/17/2022 4:45,63.06
12/17/2022 5:00,63.06
12/17/2022 5:15,63.06
12/17/2022 5:30,63.06
12/17/2022 5:45,63.06
12/17/2022 6:00,63.06
12/17/2022 6:15,63.06
12/17/2022 6:30,63.06
12/17/2022 6:45,63.01
12/17/2022 7:00,62.95
12/17/2022 7:15,62.88
12/17/2022 7:30,62.82
12/17/2022 7:45,62.76
12/17/2022 8:00,62.7
12/17/2022 8:15,62.63
12/17/2022 8:30,62.57
12/17/2022 8:45,62.51
12/17/2022 9:00,62.45
12/17/2022 9:15,62.38
12/17/2022 9:30,62.32
12/17/2022 9:45,62.26
12/17/2022 10:00,62.2
12/17/2022 10:15,62.13
12/17/2022 10:30,62.07
12/17/2022 10:45,62.01
12/17/2022 11:00,61.94
12/17/2022 11:15,61.88
12/17/2022 11:30,61.82
12/17/2022 11:45,61.76
12/17/2022 12:00,61.69
12/17/2022 12:15,61.63
12/17/2022 12:30,61.57
12/17/2022 12:45,61.51
12/17/2022 13:00,61.44
12/17/2022 13:15,61.38
12/17/2022 13:30,61.32
12/17/2022 13:45,61.25
12/17/2022 14:00,61.19
12/17/2022 14:15,61.14
12/17/2022 14:30,61.11
12/17/2022 14:45,61.1
12/17/2022 15:00,61.1
12/17/2022 15:15,61.1
12/17/2022 15:30,61.1
12/17/2022 15:45,61.1
12/17/2022 16:00,61.1
12/17/2022 16:15,61.1
12/17/2022 16:30,61.1
12/17/2022 16:45,61.1
12/17/2022 17:00,61.1
12/17/2022 17:15,61.1
12/17/2022 17:30,61.1
12/17/2022 17:45,61.11
12/17/2022 18:00,61.11
12/17/2022 18:15,61.12
12/17/2022 18:30,61.13
12/17/2022 18:45,61.15
12/17/2022 19:00,61.16
12/17/2022 19:15,61.18
12/17/2022 19:30,61.2
12/17/2022 19:45,61.23
12/17/2022 20:00,61.26
12/17/2022 20:15,61.29
12/17/2022 20:30,61.32
12/17/2022 20:45,61.35
12/17/2022 21:00,61.38
12/17/2022 21:15,61.41
12/17/2022 21:30,61.44
12/17/2022 21:45,61.47
12/17/2022 22:00,61.5
12/17/2022 22:15,61.52
12/17/2022 22:30,61.55
12/17/2022 22:45,61.58
12/17/2022 23:00,61.61
12/17/2022 23:15,61.64
12/17/2022 23:30,61.67
12/17/2022 23:45,61.7
12/18/2022 0:00,61.73
12/18/2022 0:15,61.76
12/18/2022 0:30,61.79
12/18/2022 0:45,61.82
12/18/2022 1:00,61.85
12/18/2022 1:15,61.87
12/18/2022 1:30,61.9
12/18/2022 1:45,61.92
12/18/2022 2:00,61.94
12/18/2022 2:15,61.97
12/18/2022 2:30,61.98
12/18/2022 2:45,62
12/18/2022 3:00,62
12/18/2022 3:15,62
12/18/2022 3:30,62
12/18/2022 3:45,62
12/18/2022 4:00,62
12/18/2022 4:15,62
12/18/2022 4:30,62
12/18/2022 4:45,62
12/18/2022 5:00,62
12/18/2022 5:15,61.98
12/18/2022 5:30,61.95
12/18/2022 5:45,61.91
12/18/2022 6:00,61.88
12/18/2022 6:15,61.84
12/18/2022 6:30,61.81
12/18/2022 6:45,61.77
12/18/2022 7:00,61.74
12/18/2022 7:15,61.71
12/18/2022 7:30,61.67
12/18/2022 7:45,61.64
12/18/2022 8:00,61.6
12/18/2022 8:15,61.57
12/18/2022 8:30,61.53
12/18/2022 8:45,61.5
12/18/2022 9:00,61.46
12/18/2022 9:15,61.43
12/18/2022 9:30,61.39
12/18/2022 9:45,61.36
12/18/2022 10:00,61.32
12/18/2022 10:15,61.29
12/18/2022 10:30,61.25
12/18/2022 10:45,61.22
12/18/2022 11:00,61.18
12/18/2022 11:15,61.15
12/18/2022 11:30,61.11
12/18/2022 11:45,61.08
12/18/2022 12:00,61.04
12/18/2022 12:15,61.01
12/18/2022 12:30,60.97
12/18/2022 12:45,60.94
12/18/2022 13:00,60.92
12/18/2022 13:15,60.91
12/18/2022 13:30,60.91
12/18/2022 13:45,60.91
12/18/2022 14:00,60.91
12/18/2022 14:15,60.91
12/18/2022 14:30,60.91
12/18/2022 14:45,60.9
12/18/2022 15:00,60.9
12/18/2022 15:15,60.9
12/18/2022 15:30,60.9
12/18/2022 15:45,60.9
12/18/2022 16:00,60.9
12/18/2022 16:15,60.89
12/18/2022 16:30,60.89
12/18/2022 16:45,60.89
12/18/2022 17:00,60.89
12/18/2022 17:15,60.89
12/18/2022 17:30,60.89
12/18/2022 17:45,60.88
12/18/2022 18:00,60.88
12/18/2022 18:15,60.88
12/18/2022 18:30,60.88
12/18/2022 18:45,60.88
12/18/2022 19:00,60.88
12/18/2022 19:15,60.87
12/18/2022 19:30,60.87
12/18/2022 19:45,60.87
12/18/2022 20:00,60.87
12/18/2022 20:15,60.87
12/18/2022 20:30,60.87
12/18/2022 20:45,60.87
12/18/2022 21:00,60.87
12/18/2022 21:15,60.86
12/18/2022 21:30,60.86
12/18/2022 21:45,60.86
12/18/2022 22:00,60.86
12/18/2022 22:15,60.86
12/18/2022 22:30,60.86
12/18/2022 22:45,60.86
12/18/2022 23:00,60.86
12/18/2022 23:15,60.86
12/18/2022 23:30,60.86
12/18/2022 23:45,60.86
12/19/2022 0:00,60.86
12/19/2022 0:15,60.86
12/19/2022 0:30,60.86
12/19/2022 0:45,60.86
12/19/2022 1:00,60.86
12/19/2022 1:15,60.86
12/19/2022 1:30,60.86
12/19/2022 1:45,60.86
12/19/2022 2:00,60.86
12/19/2022 2:15,60.86
12/19/2022 2:30,60.85
12/19/2022 2:45,60.85
12/19/2022 3:00,60.85
12/19/2022 3:15,60.85
12/19/2022 3:30,60.85
12/19/2022 3:45,60.85
12/19/2022 4:00,60.85
12/19/2022 4:15,60.85
12/19/2022 4:30,60.85
12/19/2022 4:45,60.85
12/19/2022 5:00,60.85
12/19/2022 5:15,60.85
12/19/2022 5:30,60.85
12/19/2022 5:45,60.85
12/19/2022 6:00,60.85
12/19/2022 6:15,60.85
12/19/2022 6:30,60.85
12/19/2022 6:45,60.85
12/19/2022 7:00,60.85
12/19/2022 7:15,60.85
12/19/2022 7:30,60.85
12/19/2022 7:45,60.85
12/19/2022 8:00,60.85
12/19/2022 8:15,60.85
12/19/2022 8:30,60.85
12/19/2022 8:45,60.85
12/19/2022 9:00,60.85
12/19/2022 9:15,60.85
12/19/2022 9:30,60.85
12/19/2022 9:45,60.85
12/19/2022 10:00,60.86
12/19/2022 10:15,60.86
12/19/2022 10:30,60.86
12/19/2022 10:45,60.86
12/19/2022 11:00,60.86
12/19/2022 11:15,60.86
12/19/2022 11:30,60.86
12/19/2022 11:45,60.86
12/19/2022 12:00,60.87
12/19/2022 12:15,60.87
12/19/2022 12:30,60.87
12/19/2022 12:45,60.87
12/19/2022 13:00,60.87
12/19/2022 13:15,60.88
12/19/2022 13:30,60.88
12/19/2022 13:45,60.88
12/19/2022 14:00,60.88
12/19/2022 14:15,60.88
12/19/2022 14:30,60.89
12/19/2022 14:45,60.89
12/19/2022 15:00,60.89
12/19/2022 15:15,60.89
12/19/2022 15:30,60.9
12/19/2022 15:45,60.9
12/19/2022 16:00,60.9
12/19/2022 16:15,60.9
12/19/2022 16:30,60.91
12/19/2022 16:45,60.91
12/19/2022 17:00,60.91
12/19/2022 17:15,60.92
12/19/2022 17:30,60.92
12/19/2022 17:45,60.92
12/19/2022 18:00,60.93
12/19/2022 18:15,60.93
12/19/2022 18:30,60.94
12/19/2022 18:45,60.95
12/19/2022 19:00,60.96
12/19/2022 19:15,60.97
12/19/2022 19:30,60.98
12/19/2022 19:45,61
12/19/2022 20:00,61.02
12/19/2022 20:15,61.04
12/19/2022 20:30,61.06
12/19/2022 20:45,61.08
12/19/2022 21:00,61.1
12/19/2022 21:15,61.12
12/19/2022 21:30,61.14
12/19/2022 21:45,61.16
12/19/2022 22:00,61.18
12/19/2022 22:15,61.19
12/19/2022 22:30,61.21
12/19/2022 22:45,61.23
12/19/2022 23:00,61.25
12/19/2022 23:15,61.27
12/19/2022 23:30,61.29
12/19/2022 23:45,61.31
12/20/2022 0:00,61.33
12/20/2022 0:15,61.34
12/20/2022 0:30,61.36
12/20/2022 0:45,61.38
12/20/2022 1:00,61.4
12/20/2022 1:15,61.41
12/20/2022 1:30,61.43
12/20/2022 1:45,61.45
12/20/2022 2:00,61.46
12/20/2022 2:15,61.48
12/20/2022 2:30,61.49
12/20/2022 2:45,61.51
12/20/2022 3:00,61.51
12/20/2022 3:15,61.51
12/20/2022 3:30,61.51
12/20/2022 3:45,61.51
12/20/2022 4:00,61.51
12/20/2022 4:15,61.51
12/20/2022 4:30,61.51
12/20/2022 4:45,61.51
12/20/2022 5:00,61.51
12/20/2022 5:15,61.51
12/20/2022 5:30,61.49
12/20/2022 5:45,61.48
12/20/2022 6:00,61.46
12/20/2022 6:15,61.44
12/20/2022 6:30,61.43
12/20/2022 6:45,61.41
12/20/2022 7:00,61.39
12/20/2022 7:15,61.38
12/20/2022 7:30,61.36
12/20/2022 7:45,61.34
12/20/2022 8:00,61.32
12/20/2022 8:15,61.31
12/20/2022 8:30,61.29
12/20/2022 8:45,61.27
12/20/2022 9:00,61.26
12/20/2022 9:15,61.24
12/20/2022 9:30,61.22
12/20/2022 9:45,61.21
12/20/2022 10:00,61.19
12/20/2022 10:15,61.17
12/20/2022 10:30,61.15
12/20/2022 10:45,61.14
12/20/2022 11:00,61.12
12/20/2022 11:15,61.1
12/20/2022 11:30,61.08
12/20/2022 11:45,61.06
12/20/2022 12:00,61.04
12/20/2022 12:15,61.03
12/20/2022 12:30,61.01
12/20/2022 12:45,60.99
12/20/2022 13:00,60.98
12/20/2022 13:15,60.97
12/20/2022 13:30,60.97
12/20/2022 13:45,60.97
12/20/2022 14:00,60.96
12/20/2022 14:15,60.96
12/20/2022 14:30,60.96
12/20/2022 14:45,60.95
12/20/2022 15:00,60.95
12/20/2022 15:15,60.95
12/20/2022 15:30,60.94
12/20/2022 15:45,60.94
12/20/2022 16:00,60.94
12/20/2022 16:15,60.93
12/20/2022 16:30,60.93
12/20/2022 16:45,60.93
12/20/2022 17:00,60.92
12/20/2022 17:15,60.92
12/20/2022 17:30,60.92
12/20/2022 17:45,60.91
12/20/2022 18:00,60.91
12/20/2022 18:15,60.91
12/20/2022 18:30,60.9
12/20/2022 18:45,60.9
12/20/2022 19:00,60.9
12/20/2022 19:15,60.89
12/20/2022 19:30,60.89
12/20/2022 19:45,60.89
12/20/2022 20:00,60.89
12/20/2022 20:15,60.89
12/20/2022 20:30,60.89
12/20/2022 20:45,60.89
12/20/2022 21:00,60.89
12/20/2022 21:15,60.89
12/20/2022 21:30,60.89
12/20/2022 21:45,60.89
12/20/2022 22:00,60.89
12/20/2022 22:15,60.89
12/20/2022 22:30,60.89
12/20/2022 22:45,60.9
12/20/2022 23:00,60.9
12/20/2022 23:15,60.9
12/20/2022 23:30,60.9
12/20/2022 23:45,60.9
12/21/2022 0:00,60.9
12/21/2022 0:15,60.9
12/21/2022 0:30,60.91
12/21/2022 0:45,60.91
12/21/2022 1:00,60.91
12/21/2022 1:15,60.91
12/21/2022 1:30,60.91
12/21/2022 1:45,60.91
12/21/2022 2:00,60.91
12/21/2022 2:15,60.91
12/21/2022 2:30,60.91
12/21/2022 2:45,60.91
12/21/2022 3:00,60.91
12/21/2022 3:15,60.91
12/21/2022 3:30,60.91
12/21/2022 3:45,60.91
12/21/2022 4:00,60.91
12/21/2022 4:15,60.91
12/21/2022 4:30,60.91
12/21/2022 4:45,60.91
12/21/2022 5:00,60.91
12/21/2022 5:15,60.91
12/21/2022 5:30,60.91
12/21/2022 5:45,60.91
12/21/2022 6:00,60.91
12/21/2022 6:15,60.91
12/21/2022 6:30,60.91
12/21/2022 6:45,60.91
12/21/2022 7:00,60.91
12/21/2022 7:15,60.91
12/21/2022 7:30,60.91
12/21/2022 7:45,60.91
12/21/2022 8:00,60.92
12/21/2022 8:15,60.92
12/21/2022 8:30,60.92
12/21/2022 8:45,60.92
12/21/2022 9:00,60.92
12/21/2022 9:15,60.93
12/21/2022 9:30,60.93
12/21/2022 9:45,60.93
12/21/2022 10:00,60.93
12/21/2022 10:15,60.94
12/21/2022 10:30,60.94
12/21/2022 10:45,60.94
12/21/2022 11:00,60.94
12/21/2022 11:15,60.95
12/21/2022 11:30,60.95
12/21/2022 11:45,60.96
12/21/2022 12:00,60.96
12/21/2022 12:15,60.96
12/21/2022 12:30,60.97
12/21/2022 12:45,60.97
12/21/2022 13:00,60.97
12/21/2022 13:15,60.98
12/21/2022 13:30,60.98
12/21/2022 13:45,60.98
12/21/2022 14:00,60.98
12/21/2022 14:15,60.99
12/21/2022 14:30,60.99
12/21/2022 14:45,60.99
12/21/2022 15:00,60.99
12/21/2022 15:15,60.99
12/21/2022 15:30,60.99
12/21/2022 15:45,60.99
12/21/2022 16:00,60.99
12/21/2022 16:15,60.99
12/21/2022 16:30,60.99
12/21/2022 16:45,60.99
12/21/2022 17:00,60.99
12/21/2022 17:15,60.99
12/21/2022 17:30,60.99
12/21/2022 17:45,60.99
12/21/2022 18:00,60.99
12/21/2022 18:15,60.99
12/21/2022 18:30,60.99
12/21/2022 18:45,60.98
12/21/2022 19:00,60.98
12/21/2022 19:15,60.98
12/21/2022 19:30,60.98
12/21/2022 19:45,60.97
12/21/2022 20:00,60.97
12/21/2022 20:15,60.97
12/21/2022 20:30,60.96
12/21/2022 20:45,60.96
12/21/2022 21:00,60.96
12/21/2022 21:15,60.96
12/21/2022 21:30,60.95
12/21/2022 21:45,60.95
12/21/2022 22:00,60.95
12/21/2022 22:15,60.94
12/21/2022 22:30,60.94
12/21/2022 22:45,60.94
12/21/2022 23:00,60.94
12/21/2022 23:15,60.93
12/21/2022 23:30,60.93
12/21/2022 23:45,60.93
12/22/2022 0:00,60.92
12/22/2022 0:15,60.92
12/22/2022 0:30,60.92
12/22/2022 0:45,60.92
12/22/2022 1:00,60.91
12/22/2022 1:15,60.91
12/22/2022 1:30,60.91
12/22/2022 1:45,60.91
12/22/2022 2:00,60.91
12/22/2022 2:15,60.91
12/22/2022 2:30,60.91
12/22/2022 2:45,60.91
12/22/2022 3:00,60.9
12/22/2022 3:15,60.9
12/22/2022 3:30,60.9
12/22/2022 3:45,60.9
12/22/2022 4:00,60.9
12/22/2022 4:15,60.9
12/22/2022 4:30,60.9
12/22/2022 4:45,60.9
12/22/2022 5:00,60.9
12/22/2022 5:15,60.9
12/22/2022 5:30,60.9
12/22/2022 5:45,60.9
12/22/2022 6:00,60.9
12/22/2022 6:15,60.9
12/22/2022 6:30,60.9
12/22/2022 6:45,60.9
12/22/2022 7:00,60.9
12/22/2022 7:15,60.9
12/22/2022 7:30,60.9
12/22/2022 7:45,60.9
12/22/2022 8:00,60.9
12/22/2022 8:15,60.9
12/22/2022 8:30,60.9
12/22/2022 8:45,60.9
12/22/2022 9:00,60.9
12/22/2022 9:15,60.9
12/22/2022 9:30,60.9
12/22/2022 9:45,60.9
12/22/2022 10:00,60.9
12/22/2022 10:15,60.9
12/22/2022 10:30,60.9
12/22/2022 10:45,60.9
12/22/2022 11:00,60.9
12/22/2022 11:15,60.9
12/22/2022 11:30,60.91
12/22/2022 11:45,60.91
12/22/2022 12:00,60.91
12/22/2022 12:15,60.91
12/22/2022 12:30,60.91
12/22/2022 12:45,60.91
12/22/2022 13:00,60.92
12/22/2022 13:15,60.92
12/22/2022 13:30,60.92
12/22/2022 13:45,60.92
12/22/2022 14:00,60.92
12/22/2022 14:15,60.93
12/22/2022 14:30,60.93
12/22/2022 14:45,60.93
12/22/2022 15:00,60.93
12/22/2022 15:15,60.94
12/22/2022 15:30,60.94
12/22/2022 15:45,60.94
12/22/2022 16:00,60.94
12/22/2022 16:15,60.95
12/22/2022 16:30,60.95
12/22/2022 16:45,60.95
12/22/2022 17:00,60.95
12/22/2022 17:15,60.96
12/22/2022 17:30,60.96
12/22/2022 17:45,60.96
12/22/2022 18:00,60.96
12/22/2022 18:15,60.97
12/22/2022 18:30,60.97
12/22/2022 18:45,60.97
12/22/2022 19:00,60.98
12/22/2022 19:15,60.98
12/22/2022 19:30,60.98
12/22/2022 19:45,60.99
12/22/2022 20:00,60.99
12/22/2022 20:15,60.99
12/22/2022 20:30,60.99
12/22/2022 20:45,61
12/22/2022 21:00,61
12/22/2022 21:15,61
12/22/2022 21:30,61
12/22/2022 21:45,61.01
12/22/2022 22:00,61.01
12/22/2022 22:15,61.01
12/22/2022 22:30,61.02
12/22/2022 22:45,61.02
12/22/2022 23:00,61.02
12/22/2022 23:15,61.02
12/22/2022 23:30,61.03
12/22/2022 23:45,61.03
12/23/2022 0:00,61.03
12/23/2022 0:15,61.03
12/23/2022 0:30,61.04
12/23/2022 0:45,61.04
12/23/2022 1:00,61.04
12/23/2022 1:15,61.04
12/23/2022 1:30,61.05
12/23/2022 1:45,61.05
12/23/2022 2:00,61.05
12/23/2022 2:15,61.05
12/23/2022 2:30,61.05
12/23/2022 2:45,61.06
12/23/2022 3:00,61.06
12/23/2022 3:15,61.06
12/23/2022 3:30,61.06
12/23/2022 3:45,61.06
12/23/2022 4:00,61.06
12/23/2022 4:15,61.06
12/23/2022 4:30,61.07
12/23/2022 4:45,61.07
12/23/2022 5:00,61.07
12/23/2022 5:15,61.07
12/23/2022 5:30,61.07
12/23/2022 5:45,61.07
12/23/2022 6:00,61.07
12/23/2022 6:15,61.08
12/23/2022 6:30,61.08
12/23/2022 6:45,61.08
12/23/2022 7:00,61.08
12/23/2022 7:15,61.08
12/23/2022 7:30,61.08
12/23/2022 7:45,61.08
12/23/2022 8:00,61.08
12/23/2022 8:15,61.08
12/23/2022 8:30,61.08
12/23/2022 8:45,61.08
12/23/2022 9:00,61.08
12/23/2022 9:15,61.08
12/23/2022 9:30,61.09
12/23/2022 9:45,61.09
12/23/2022 10:00,61.09
12/23/2022 10:15,61.09
12/23/2022 10:30,61.09
12/23/2022 10:45,61.09
12/23/2022 11:00,61.09
12/23/2022 11:15,61.09
12/23/2022 11:30,61.09
12/23/2022 11:45,61.09
12/23/2022 12:00,61.1
12/23/2022 12:15,61.1
12/23/2022 12:30,61.1
12/23/2022 12:45,61.1
12/23/2022 13:00,61.1
12/23/2022 13:15,61.1
12/23/2022 13:30,61.1
12/23/2022 13:45,61.1
12/23/2022 14:00,61.1
12/23/2022 14:15,61.1
12/23/2022 14:30,61.1
12/23/2022 14:45,61.1
12/23/2022 15:00,61.1
12/23/2022 15:15,61.1
12/23/2022 15:30,61.1
12/23/2022 15:45,61.1
12/23/2022 16:00,61.1
12/23/2022 16:15,61.1
12/23/2022 16:30,61.1
12/23/2022 16:45,61.1
12/23/2022 17:00,61.1
12/23/2022 17:15,61.1
12/23/2022 17:30,61.1
12/23/2022 17:45,61.1
12/23/2022 18:00,61.1
12/23/2022 18:15,61.1
12/23/2022 18:30,61.1
12/23/2022 18:45,61.1
12/23/2022 19:00,61.1
12/23/2022 19:15,61.1
12/23/2022 19:30,61.1
12/23/2022 19:45,61.1
12/23/2022 20:00,61.1
12/23/2022 20:15,61.1
12/23/2022 20:30,61.09
12/23/2022 20:45,61.09
12/23/2022 21:00,61.09
12/23/2022 21:15,61.09
12/23/2022 21:30,61.09
12/23/2022 21:45,61.09
12/23/2022 22:00,61.09
12/23/2022 22:15,61.09
12/23/2022 22:30,61.09
12/23/2022 22:45,61.09
12/23/2022 23:00,61.08
12/23/2022 23:15,61.08
12/23/2022 23:30,61.08
12/23/2022 23:45,61.07
12/24/2022 0:00,61.07
12/24/2022 0:15,61.06
12/24/2022 0:30,61.05
12/24/2022 0:45,61.05
12/24/2022 1:00,61.04
12/24/2022 1:15,61.04
12/24/2022 1:30,61.03
12/24/2022 1:45,61.02
12/24/2022 2:00,61.02
12/24/2022 2:15,61.01
12/24/2022 2:30,61.01
12/24/2022 2:45,61
12/24/2022 3:00,60.99
12/24/2022 3:15,60.99
12/24/2022 3:30,60.98
12/24/2022 3:45,60.98
12/24/2022 4:00,60.97
12/24/2022 4:15,60.97
12/24/2022 4:30,60.96
12/24/2022 4:45,60.96
12/24/2022 5:00,60.95
12/24/2022 5:15,60.94
12/24/2022 5:30,60.94
12/24/2022 5:45,60.93
12/24/2022 6:00,60.93
12/24/2022 6:15,60.92
12/24/2022 6:30,60.92
12/24/2022 6:45,60.91
12/24/2022 7:00,60.91
12/24/2022 7:15,60.91
12/24/2022 7:30,60.91
12/24/2022 7:45,60.91
12/24/2022 8:00,60.91
12/24/2022 8:15,60.91
12/24/2022 8:30,60.91
12/24/2022 8:45,60.91
12/24/2022 9:00,60.91
12/24/2022 9:15,60.91
12/24/2022 9:30,60.91
12/24/2022 9:45,60.91
12/24/2022 10:00,60.91
12/24/2022 10:15,60.91
12/24/2022 10:30,60.91
12/24/2022 10:45,60.91
12/24/2022 11:00,60.92
12/24/2022 11:15,60.92
12/24/2022 11:30,60.93
12/24/2022 11:45,60.94
12/24/2022 12:00,60.94
12/24/2022 12:15,60.95
12/24/2022 12:30,60.96
12/24/2022 12:45,60.96
12/24/2022 13:00,60.97
12/24/2022 13:15,60.98
12/24/2022 13:30,60.99
12/24/2022 13:45,60.99
12/24/2022 14:00,61
12/24/2022 14:15,61.01
12/24/2022 14:30,61.02
12/24/2022 14:45,61.02
12/24/2022 15:00,61.03
12/24/2022 15:15,61.04
12/24/2022 15:30,61.05
12/24/2022 15:45,61.05
12/24/2022 16:00,61.06
12/24/2022 16:15,61.07
12/24/2022 16:30,61.08
12/24/2022 16:45,61.08
12/24/2022 17:00,61.09
12/24/2022 17:15,61.1
12/24/2022 17:30,61.11
12/24/2022 17:45,61.11
12/24/2022 18:00,61.12
12/24/2022 18:15,61.12
12/24/2022 18:30,61.13
12/24/2022 18:45,61.13
12/24/2022 19:00,61.14
12/24/2022 19:15,61.14
12/24/2022 19:30,61.14
12/24/2022 19:45,61.14
12/24/2022 20:00,61.14
12/24/2022 20:15,61.14
12/24/2022 20:30,61.14
12/24/2022 20:45,61.14
12/24/2022 21:00,61.14
12/24/2022 21:15,61.14
12/24/2022 21:30,61.14
12/24/2022 21:45,61.14
12/24/2022 22:00,61.14
12/24/2022 22:15,61.14
12/24/2022 22:30,61.14
12/24/2022 22:45,61.13
12/24/2022 23:00,61.13
12/24/2022 23:15,61.12
12/24/2022 23:30,61.11
12/24/2022 23:45,61.1
12/25/2022 0:00,61.1
12/25/2022 0:15,61.09
12/25/2022 0:30,61.08
12/25/2022 0:45,61.07
12/25/2022 1:00,61.06
12/25/2022 1:15,61.06
12/25/2022 1:30,61.05
12/25/2022 1:45,61.04
12/25/2022 2:00,61.03
12/25/2022 2:15,61.02
12/25/2022 2:30,61.02
12/25/2022 2:45,61.01
12/25/2022 3:00,61
12/25/2022 3:15,60.99
12/25/2022 3:30,60.99
12/25/2022 3:45,60.98
12/25/2022 4:00,60.97
12/25/2022 4:15,60.96
12/25/2022 4:30,60.95
12/25/2022 4:45,60.95
12/25/2022 5:00,60.94
12/25/2022 5:15,60.93
12/25/2022 5:30,60.92
12/25/2022 5:45,60.92
12/25/2022 6:00,60.91
12/25/2022 6:15,60.9
12/25/2022 6:30,60.9
12/25/2022 6:45,60.89
12/25/2022 7:00,60.89
12/25/2022 7:15,60.89
12/25/2022 7:30,60.89
12/25/2022 7:45,60.89
12/25/2022 8:00,60.89
12/25/2022 8:15,60.89
12/25/2022 8:30,60.89
12/25/2022 8:45,60.89
12/25/2022 9:00,60.89
12/25/2022 9:15,60.89
12/25/2022 9:30,60.89
12/25/2022 9:45,60.9
12/25/2022 10:00,60.9
12/25/2022 10:15,60.91
12/25/2022 10:30,60.91
12/25/2022 10:45,60.92
12/25/2022 11:00,60.93
12/25/2022 11:15,60.94
12/25/2022 11:30,60.95
12/25/2022 11:45,60.96
12/25/2022 12:00,60.97
12/25/2022 12:15,60.98
12/25/2022 12:30,61
12/25/2022 12:45,61.01
12/25/2022 13:00,61.02
12/25/2022 13:15,61.03
12/25/2022 13:30,61.05
12/25/2022 13:45,61.06
12/25/2022 14:00,61.07
12/25/2022 14:15,61.09
12/25/2022 14:30,61.1
12/25/2022 14:45,61.11
12/25/2022 15:00,61.13
12/25/2022 15:15,61.14
12/25/2022 15:30,61.15
12/25/2022 15:45,61.17
12/25/2022 16:00,61.18
12/25/2022 16:15,61.19
12/25/2022 16:30,61.2
12/25/2022 16:45,61.22
12/25/2022 17:00,61.23
12/25/2022 17:15,61.24
12/25/2022 17:30,61.25
12/25/2022 17:45,61.26
12/25/2022 18:00,61.27
12/25/2022 18:15,61.28
12/25/2022 18:30,61.28
12/25/2022 18:45,61.29
12/25/2022 19:00,61.29
12/25/2022 19:15,61.3
12/25/2022 19:30,61.3
12/25/2022 19:45,61.3
12/25/2022 20:00,61.3
12/25/2022 20:15,61.3
12/25/2022 20:30,61.3
12/25/2022 20:45,61.3
12/25/2022 21:00,61.3
12/25/2022 21:15,61.3
12/25/2022 21:30,61.3
12/25/2022 21:45,61.3
12/25/2022 22:00,61.3
12/25/2022 22:15,61.3
12/25/2022 22:30,61.3
12/25/2022 22:45,61.29
12/25/2022 23:00,61.28
12/25/2022 23:15,61.27
12/25/2022 23:30,61.26
12/25/2022 23:45,61.25
12/26/2022 0:00,61.24
12/26/2022 0:15,61.23
12/26/2022 0:30,61.22
12/26/2022 0:45,61.2
12/26/2022 1:00,61.19
12/26/2022 1:15,61.18
12/26/2022 1:30,61.17
12/26/2022 1:45,61.16
12/26/2022 2:00,61.15
12/26/2022 2:15,61.14
12/26/2022 2:30,61.12
12/26/2022 2:45,61.11
12/26/2022 3:00,61.1
12/26/2022 3:15,61.09
12/26/2022 3:30,61.08
12/26/2022 3:45,61.07
12/26/2022 4:00,61.06
12/26/2022 4:15,61.04
12/26/2022 4:30,61.03
12/26/2022 4:45,61.02
12/26/2022 5:00,61.01
12/26/2022 5:15,61
12/26/2022 5:30,60.99
12/26/2022 5:45,60.98
12/26/2022 6:00,60.97
12/26/2022 6:15,60.96
12/26/2022 6:30,60.95
12/26/2022 6:45,60.94
12/26/2022 7:00,60.94
12/26/2022 7:15,60.94
12/26/2022 7:30,60.94
12/26/2022 7:45,60.94
12/26/2022 8:00,60.94
12/26/2022 8:15,60.94
12/26/2022 8:30,60.94
12/26/2022 8:45,60.94
12/26/2022 9:00,60.94
12/26/2022 9:15,60.94
12/26/2022 9:30,60.94
12/26/2022 9:45,60.95
12/26/2022 10:00,60.95
12/26/2022 10:15,60.96
12/26/2022 10:30,60.97
12/26/2022 10:45,60.97
12/26/2022 11:00,60.98
12/26/2022 11:15,60.99
12/26/2022 11:30,61
12/26/2022 11:45,61.01
12/26/2022 12:00,61.02
12/26/2022 12:15,61.03
12/26/2022 12:30,61.04
12/26/2022 12:45,61.05
12/26/2022 13:00,61.06
12/26/2022 13:15,61.06
12/26/2022 13:30,61.07
12/26/2022 13:45,61.08
12/26/2022 14:00,61.09
12/26/2022 14:15,61.1
12/26/2022 14:30,61.11
12/26/2022 14:45,61.12
12/26/2022 15:00,61.13
12/26/2022 15:15,61.14
12/26/2022 15:30,61.15
12/26/2022 15:45,61.15
12/26/2022 16:00,61.16
12/26/2022 16:15,61.17
12/26/2022 16:30,61.18
12/26/2022 16:45,61.19
12/26/2022 17:00,61.2
12/26/2022 17:15,61.21
12/26/2022 17:30,61.21
12/26/2022 17:45,61.22
12/26/2022 18:00,61.22
12/26/2022 18:15,61.23
12/26/2022 18:30,61.23
12/26/2022 18:45,61.23
12/26/2022 19:00,61.23
12/26/2022 19:15,61.23
12/26/2022 19:30,61.23
12/26/2022 19:45,61.23
12/26/2022 20:00,61.23
12/26/2022 20:15,61.23
12/26/2022 20:30,61.23
12/26/2022 20:45,61.23
12/26/2022 21:00,61.23
12/26/2022 21:15,61.22
12/26/2022 21:30,61.22
12/26/2022 21:45,61.22
12/26/2022 22:00,61.22
12/26/2022 22:15,61.22
12/26/2022 22:30,61.21
12/26/2022 22:45,61.21
12/26/2022 23:00,61.21
12/26/2022 23:15,61.21
12/26/2022 23:30,61.2
12/26/2022 23:45,61.2
12/27/2022 0:00,61.2
12/27/2022 0:15,61.2
12/27/2022 0:30,61.19
12/27/2022 0:45,61.19
12/27/2022 1:00,61.19
12/27/2022 1:15,61.18
12/27/2022 1:30,61.18
12/27/2022 1:45,61.18
12/27/2022 2:00,61.18
12/27/2022 2:15,61.17
12/27/2022 2:30,61.17
12/27/2022 2:45,61.17
12/27/2022 3:00,61.17
12/27/2022 3:15,61.16
12/27/2022 3:30,61.16
12/27/2022 3:45,61.16
12/27/2022 4:00,61.15
12/27/2022 4:15,61.15
12/27/2022 4:30,61.15
12/27/2022 4:45,61.15
12/27/2022 5:00,61.15
12/27/2022 5:15,61.14
12/27/2022 5:30,61.14
12/27/2022 5:45,61.14
12/27/2022 6:00,61.14
12/27/2022 6:15,61.14
12/27/2022 6:30,61.14
12/27/2022 6:45,61.14
12/27/2022 7:00,61.14
12/27/2022 7:15,61.14
12/27/2022 7:30,61.14
12/27/2022 7:45,61.14
12/27/2022 8:00,61.14
12/27/2022 8:15,61.14
12/27/2022 8:30,61.14
12/27/2022 8:45,61.14
12/27/2022 9:00,61.14
12/27/2022 9:15,61.14
12/27/2022 9:30,61.15
12/27/2022 9:45,61.15
12/27/2022 10:00,61.16
12/27/2022 10:15,61.16
12/27/2022 10:30,61.17
12/27/2022 10:45,61.17
12/27/2022 11:00,61.18
12/27/2022 11:15,61.18
12/27/2022 11:30,61.19
12/27/2022 11:45,61.19
12/27/2022 12:00,61.2
12/27/2022 12:15,61.2
12/27/2022 12:30,61.21
12/27/2022 12:45,61.21
12/27/2022 13:00,61.22
12/27/2022 13:15,61.22
12/27/2022 13:30,61.23
12/27/2022 13:45,61.23
12/27/2022 14:00,61.24
12/27/2022 14:15,61.24
12/27/2022 14:30,61.25
12/27/2022 14:45,61.25
12/27/2022 15:00,61.26
12/27/2022 15:15,61.26
12/27/2022 15:30,61.27
12/27/2022 15:45,61.27
12/27/2022 16:00,61.28
12/27/2022 16:15,61.28
12/27/2022 16:30,61.29
12/27/2022 16:45,61.29
12/27/2022 17:00,61.29
12/27/2022 17:15,61.3
12/27/2022 17:30,61.3
12/27/2022 17:45,61.3
12/27/2022 18:00,61.3
12/27/2022 18:15,61.3
12/27/2022 18:30,61.3
12/27/2022 18:45,61.3
12/27/2022 19:00,61.3
12/27/2022 19:15,61.3
12/27/2022 19:30,61.3
12/27/2022 19:45,61.3
12/27/2022 20:00,61.3
12/27/2022 20:15,61.3
12/27/2022 20:30,61.3
12/27/2022 20:45,61.3
12/27/2022 21:00,61.3
12/27/2022 21:15,61.3
12/27/2022 21:30,61.3
12/27/2022 21:45,61.3
12/27/2022 22:00,61.3
12/27/2022 22:15,61.29
12/27/2022 22:30,61.29
12/27/2022 22:45,61.29
12/27/2022 23:00,61.29
12/27/2022 23:15,61.29
12/27/2022 23:30,61.29
12/27/2022 23:45,61.29
12/28/2022 0:00,61.29
12/28/2022 0:15,61.29
12/28/2022 0:30,61.29
12/28/2022 0:45,61.29
12/28/2022 1:00,61.29
12/28/2022 1:15,61.29
12/28/2022 1:30,61.29
12/28/2022 1:45,61.29
12/28/2022 2:00,61.29
12/28/2022 2:15,61.28
12/28/2022 2:30,61.28
12/28/2022 2:45,61.28
12/28/2022 3:00,61.28
12/28/2022 3:15,61.28
12/28/2022 3:30,61.28
12/28/2022 3:45,61.28
12/28/2022 4:00,61.28
12/28/2022 4:15,61.28
12/28/2022 4:30,61.28
12/28/2022 4:45,61.28
12/28/2022 5:00,61.28
12/28/2022 5:15,61.28
12/28/2022 5:30,61.28
12/28/2022 5:45,61.28
12/28/2022 6:00,61.28
12/28/2022 6:15,61.28
12/28/2022 6:30,61.28
12/28/2022 6:45,61.28
12/28/2022 7:00,61.28
12/28/2022 7:15,61.28
12/28/2022 7:30,61.28
12/28/2022 7:45,61.28
12/28/2022 8:00,61.28
12/28/2022 8:15,61.28
12/28/2022 8:30,61.29
12/28/2022 8:45,61.29
12/28/2022 9:00,61.29
12/28/2022 9:15,61.29
12/28/2022 9:30,61.29
12/28/2022 9:45,61.29
12/28/2022 10:00,61.29
12/28/2022 10:15,61.29
12/28/2022 10:30,61.29
12/28/2022 10:45,61.29
12/28/2022 11:00,61.29
12/28/2022 11:15,61.29
12/28/2022 11:30,61.29
12/28/2022 11:45,61.29
12/28/2022 12:00,61.3
12/28/2022 12:15,61.3
12/28/2022 12:30,61.3
12/28/2022 12:45,61.3
12/28/2022 13:00,61.3
12/28/2022 13:15,61.3
12/28/2022 13:30,61.3
12/28/2022 13:45,61.3
12/28/2022 14:00,61.3
12/28/2022 14:15,61.31
12/28/2022 14:30,61.31
12/28/2022 14:45,61.31
12/28/2022 15:00,61.31
12/28/2022 15:15,61.31
12/28/2022 15:30,61.31
12/28/2022 15:45,61.31
12/28/2022 16:00,61.31
12/28/2022 16:15,61.31
12/28/2022 16:30,61.31
12/28/2022 16:45,61.31
12/28/2022 17:00,61.31
12/28/2022 17:15,61.31
12/28/2022 17:30,61.31
12/28/2022 17:45,61.31
12/28/2022 18:00,61.31
12/28/2022 18:15,61.31
12/28/2022 18:30,61.31
12/28/2022 18:45,61.31
12/28/2022 19:00,61.31
12/28/2022 19:15,61.31
12/28/2022 19:30,61.31
12/28/2022 19:45,61.3
12/28/2022 20:00,61.3
12/28/2022 20:15,61.29
12/28/2022 20:30,61.29
12/28/2022 20:45,61.28
12/28/2022 21:00,61.28
12/28/2022 21:15,61.27
12/28/2022 21:30,61.26
12/28/2022 21:45,61.25
12/28/2022 22:00,61.24
12/28/2022 22:15,61.22
12/28/2022 22:30,61.21
12/28/2022 22:45,61.19
12/28/2022 23:00,61.18
12/28/2022 23:15,61.16
12/28/2022 23:30,61.14
12/28/2022 23:45,61.12
12/29/2022 0:00,61.1
12/29/2022 0:15,61.08
12/29/2022 0:30,61.06
12/29/2022 0:45,61.04
12/29/2022 1:00,61.02
12/29/2022 1:15,61
12/29/2022 1:30,60.98
12/29/2022 1:45,60.96
12/29/2022 2:00,60.93
12/29/2022 2:15,60.91
12/29/2022 2:30,60.89
12/29/2022 2:45,60.87
12/29/2022 3:00,60.85
12/29/2022 3:15,60.83
12/29/2022 3:30,60.81
12/29/2022 3:45,60.79
12/29/2022 4:00,60.77
12/29/2022 4:15,60.75
12/29/2022 4:30,60.73
12/29/2022 4:45,60.71
12/29/2022 5:00,60.7
12/29/2022 5:15,60.68
12/29/2022 5:30,60.67
12/29/2022 5:45,60.66
12/29/2022 6:00,60.65
12/29/2022 6:15,60.64
12/29/2022 6:30,60.63
12/29/2022 6:45,60.62
12/29/2022 7:00,60.62
12/29/2022 7:15,60.61
12/29/2022 7:30,60.61
12/29/2022 7:45,60.6
12/29/2022 8:00,60.6
12/29/2022 8:15,60.6
12/29/2022 8:30,60.6
12/29/2022 8:45,60.6
12/29/2022 9:00,60.6
12/29/2022 9:15,60.6
12/29/2022 9:30,60.6
12/29/2022 9:45,60.6
12/29/2022 10:00,60.6
12/29/2022 10:15,60.6
12/29/2022 10:30,60.6
12/29/2022 10:45,60.6
12/29/2022 11:00,60.6
12/29/2022 11:15,60.61
12/29/2022 11:30,60.62
12/29/2022 11:45,60.62
12/29/2022 12:00,60.63
12/29/2022 12:15,60.64
12/29/2022 12:30,60.65
12/29/2022 12:45,60.66
12/29/2022 13:00,60.67
12/29/2022 13:15,60.68
12/29/2022 13:30,60.69
12/29/2022 13:45,60.7
12/29/2022 14:00,60.71
12/29/2022 14:15,60.72
12/29/2022 14:30,60.73
12/29/2022 14:45,60.74
12/29/2022 15:00,60.76
12/29/2022 15:15,60.77
12/29/2022 15:30,60.78
12/29/2022 15:45,60.8
12/29/2022 16:00,60.82
12/29/2022 16:15,60.83
12/29/2022 16:30,60.85
12/29/2022 16:45,60.87
12/29/2022 17:00,60.88
12/29/2022 17:15,60.9
12/29/2022 17:30,60.92
12/29/2022 17:45,60.94
12/29/2022 18:00,60.96
12/29/2022 18:15,60.97
12/29/2022 18:30,60.99
12/29/2022 18:45,61.01
12/29/2022 19:00,61.03
12/29/2022 19:15,61.04
12/29/2022 19:30,61.06
12/29/2022 19:45,61.08
12/29/2022 20:00,61.09
12/29/2022 20:15,61.11
12/29/2022 20:30,61.12
12/29/2022 20:45,61.13
12/29/2022 21:00,61.15
12/29/2022 21:15,61.16
12/29/2022 21:30,61.18
12/29/2022 21:45,61.19
12/29/2022 22:00,61.2
12/29/2022 22:15,61.22
12/29/2022 22:30,61.23
12/29/2022 22:45,61.24
12/29/2022 23:00,61.25
12/29/2022 23:15,61.26
12/29/2022 23:30,61.27
12/29/2022 23:45,61.28
12/30/2022 0:00,61.29
12/30/2022 0:15,61.3
12/30/2022 0:30,61.31
12/30/2022 0:45,61.32
12/30/2022 1:00,61.32
12/30/2022 1:15,61.33
12/30/2022 1:30,61.34
12/30/2022 1:45,61.35
12/30/2022 2:00,61.35
12/30/2022 2:15,61.36
12/30/2022 2:30,61.36
12/30/2022 2:45,61.37
12/30/2022 3:00,61.37
12/30/2022 3:15,61.38
12/30/2022 3:30,61.38
12/30/2022 3:45,61.39
12/30/2022 4:00,61.39
12/30/2022 4:15,61.39
12/30/2022 4:30,61.4
12/30/2022 4:45,61.4
12/30/2022 5:00,61.41
12/30/2022 5:15,61.41
12/30/2022 5:30,61.41
12/30/2022 5:45,61.42
12/30/2022 6:00,61.42
12/30/2022 6:15,61.43
12/30/2022 6:30,61.43
12/30/2022 6:45,61.43
12/30/2022 7:00,61.44
12/30/2022 7:15,61.44
12/30/2022 7:30,61.44
12/30/2022 7:45,61.45
12/30/2022 8:00,61.45
12/30/2022 8:15,61.45
12/30/2022 8:30,61.46
12/30/2022 8:45,61.46
12/30/2022 9:00,61.47
12/30/2022 9:15,61.47
12/30/2022 9:30,61.47
12/30/2022 9:45,61.47
12/30/2022 10:00,61.48
12/30/2022 10:15,61.48
12/30/2022 10:30,61.48
12/30/2022 10:45,61.48
12/30/2022 11:00,61.49
12/30/2022 11:15,61.49
12/30/2022 11:30,61.49
12/30/2022 11:45,61.5
12/30/2022 12:00,61.5
12/30/2022 12:15,61.5
12/30/2022 12:30,61.5
12/30/2022 12:45,61.51
12/30/2022 13:00,61.51
12/30/2022 13:15,61.51
12/30/2022 13:30,61.52
12/30/2022 13:45,61.52
12/30/2022 14:00,61.52
12/30/2022 14:15,61.52
12/30/2022 14:30,61.53
12/30/2022 14:45,61.53
12/30/2022 15:00,61.53
12/30/2022 15:15,61.54
12/30/2022 15:30,61.54
12/30/2022 15:45,61.54
12/30/2022 16:00,61.55
12/30/2022 16:15,61.55
12/30/2022 16:30,61.55
12/30/2022 16:45,61.55
12/30/2022 17:00,61.56
12/30/2022 17:15,61.56
12/30/2022 17:30,61.56
12/30/2022 17:45,61.57
12/30/2022 18:00,61.57
12/30/2022 18:15,61.57
12/30/2022 18:30,61.57
12/30/2022 18:45,61.57
12/30/2022 19:00,61.58
12/30/2022 19:15,61.58
12/30/2022 19:30,61.58
12/30/2022 19:45,61.58
12/30/2022 20:00,61.58
12/30/2022 20:15,61.58
12/30/2022 20:30,61.58
12/30/2022 20:45,61.58
12/30/2022 21:00,61.58
12/30/2022 21:15,61.58
12/30/2022 21:30,61.58
12/30/2022 21:45,61.58
12/30/2022 22:00,61.58
12/30/2022 22:15,61.58
12/30/2022 22:30,61.58
12/30/2022 22:45,61.58
12/30/2022 23:00,61.58
12/30/2022 23:15,61.58
12/30/2022 23:30,61.58
12/30/2022 23:45,61.58
12/31/2022 0:00,61.58
12/31/2022 0:15,61.58
12/31/2022 0:30,61.58
12/31/2022 0:45,61.58
12/31/2022 1:00,61.58
12/31/2022 1:15,61.58
12/31/2022 1:30,61.58
12/31/2022 1:45,61.58
12/31/2022 2:00,61.57
12/31/2022 2:15,61.57
12/31/2022 2:30,61.57
12/31/2022 2:45,61.57
12/31/2022 3:00,61.57
12/31/2022 3:15,61.57
12/31/2022 3:30,61.57
12/31/2022 3:45,61.57
12/31/2022 4:00,61.57
12/31/2022 4:15,61.57
12/31/2022 4:30,61.57
12/31/2022 4:45,61.57
12/31/2022 5:00,61.57
12/31/2022 5:15,61.57
12/31/2022 5:30,61.57
12/31/2022 5:45,61.57
12/31/2022 6:00,61.57
12/31/2022 6:15,61.57
12/31/2022 6:30,61.57
12/31/2022 6:45,61.57
12/31/2022 7:00,61.57
12/31/2022 7:15,61.57
12/31/2022 7:30,61.57
12/31/2022 7:45,61.57
12/31/2022 8:00,61.57
12/31/2022 8:15,61.57
12/31/2022 8:30,61.57
12/31/2022 8:45,61.57
12/31/2022 9:00,61.57
12/31/2022 9:15,61.57
12/31/2022 9:30,61.57
12/31/2022 9:45,61.57
12/31/2022 10:00,61.57
12/31/2022 10:15,61.57
12/31/2022 10:30,61.57
12/31/2022 10:45,61.57
12/31/2022 11:00,61.57
12/31/2022 11:15,61.57
12/31/2022 11:30,61.57
12/31/2022 11:45,61.57
12/31/2022 12:00,61.57
12/31/2022 12:15,61.57
12/31/2022 12:30,61.57
12/31/2022 12:45,61.57
12/31/2022 13:00,61.57
12/31/2022 13:15,61.57
12/31/2022 13:30,61.57
12/31/2022 13:45,61.57
12/31/2022 14:00,61.57
12/31/2022 14:15,61.57
12/31/2022 14:30,61.57
12/31/2022 14:45,61.57
12/31/2022 15:00,61.57
12/31/2022 15:15,61.57
12/31/2022 15:30,61.57
12/31/2022 15:45,61.57
12/31/2022 16:00,61.57
12/31/2022 16:15,61.57
12/31/2022 16:30,61.57
12/31/2022 16:45,61.57
12/31/2022 17:00,61.57
12/31/2022 17:15,61.57
12/31/2022 17:30,61.57
12/31/2022 17:45,61.57
12/31/2022 18:00,61.57
12/31/2022 18:15,61.57
12/31/2022 18:30,61.57
12/31/2022 18:45,61.57
12/31/2022 19:00,61.57
12/31/2022 19:15,61.57
12/31/2022 19:30,61.57
12/31/2022 19:45,61.57
12/31/2022 20:00,61.57
12/31/2022 20:15,61.57
12/31/2022 20:30,61.57
12/31/2022 20:45,61.57
12/31/2022 21:00,61.57
12/31/2022 21:15,61.57
12/31/2022 21:30,61.57
12/31/2022 21:45,61.57
12/31/2022 22:00,61.57
12/31/2022 22:15,61.57
12/31/2022 22:30,61.57
12/31/2022 22:45,61.57
12/31/2022 23:00,61.57
12/31/2022 23:15,61.57
12/31/2022 23:30,61.57
12/31/2022 23:45,61.57
1/1/2023 0:00,61.57
1/1/2023 0:15,61.56
1/1/2023 0:30,61.56
1/1/2023 0:45,61.56
1/1/2023 1:00,61.56
1/1/2023 1:15,61.56
1/1/2023 1:30,61.56
1/1/2023 1:45,61.56
1/1/2023 2:00,61.56
1/1/2023 2:15,61.56
1/1/2023 2:30,61.56
1/1/2023 2:45,61.56
1/1/2023 3:00,61.56
1/1/2023 3:15,61.55
1/1/2023 3:30,61.55
1/1/2023 3:45,61.55
1/1/2023 4:00,61.55
1/1/2023 4:15,61.55
1/1/2023 4:30,61.55
1/1/2023 4:45,61.55
1/1/2023 5:00,61.55
1/1/2023 5:15,61.55
1/1/2023 5:30,61.55
1/1/2023 5:45,61.55
1/1/2023 6:00,61.55
1/1/2023 6:15,61.55
1/1/2023 6:30,61.55
1/1/2023 6:45,61.55
1/1/2023 7:00,61.55
1/1/2023 7:15,61.55
1/1/2023 7:30,61.54
1/1/2023 7:45,61.54
1/1/2023 8:00,61.54
1/1/2023 8:15,61.54
1/1/2023 8:30,61.54
1/1/2023 8:45,61.54
1/1/2023 9:00,61.54
1/1/2023 9:15,61.54
1/1/2023 9:30,61.54
1/1/2023 9:45,61.54
1/1/2023 10:00,61.54
1/1/2023 10:15,61.54
1/1/2023 10:30,61.54
1/1/2023 10:45,61.54
1/1/2023 11:00,61.54
1/1/2023 11:15,61.54
1/1/2023 11:30,61.54
1/1/2023 11:45,61.53
1/1/2023 12:00,61.53
1/1/2023 12:15,61.53
1/1/2023 12:30,61.53
1/1/2023 12:45,61.53
1/1/2023 13:00,61.53
1/1/2023 13:15,61.53
1/1/2023 13:30,61.53
1/1/2023 13:45,61.53
1/1/2023 14:00,61.53
1/1/2023 14:15,61.53
1/1/2023 14:30,61.53
1/1/2023 14:45,61.53
1/1/2023 15:00,61.53
1/1/2023 15:15,61.53
1/1/2023 15:30,61.53
1/1/2023 15:45,61.53
1/1/2023 16:00,61.53
1/1/2023 16:15,61.53
1/1/2023 16:30,61.52
1/1/2023 16:45,61.52
1/1/2023 17:00,61.52
1/1/2023 17:15,61.52
1/1/2023 17:30,61.52
1/1/2023 17:45,61.52
1/1/2023 18:00,61.52
1/1/2023 18:15,61.52
1/1/2023 18:30,61.52
1/1/2023 18:45,61.52
1/1/2023 19:00,61.52
1/1/2023 19:15,61.52
1/1/2023 19:30,61.52
1/1/2023 19:45,61.52
1/1/2023 20:00,61.52
1/1/2023 20:15,61.52
1/1/2023 20:30,61.52
1/1/2023 20:45,61.52
1/1/2023 21:00,61.52
1/1/2023 21:15,61.52
1/1/2023 21:30,61.52
1/1/2023 21:45,61.52
1/1/2023 22:00,61.52
1/1/2023 22:15,61.52
1/1/2023 22:30,61.52
1/1/2023 22:45,61.52
1/1/2023 23:00,61.52
1/1/2023 23:15,61.52
1/1/2023 23:30,61.52
1/1/2023 23:45,61.52
1/2/2023 0:00,61.52
1/2/2023 0:15,61.52
1/2/2023 0:30,61.52
1/2/2023 0:45,61.52
1/2/2023 1:00,61.52
1/2/2023 1:15,61.52
1/2/2023 1:30,61.52
1/2/2023 1:45,61.52
1/2/2023 2:00,61.52
1/2/2023 2:15,61.52
1/2/2023 2:30,61.52
1/2/2023 2:45,61.52
1/2/2023 3:00,61.52
1/2/2023 3:15,61.52
1/2/2023 3:30,61.52
1/2/2023 3:45,61.52
1/2/2023 4:00,61.52
1/2/2023 4:15,61.52
1/2/2023 4:30,61.52
1/2/2023 4:45,61.52
1/2/2023 5:00,61.52
1/2/2023 5:15,61.52
1/2/2023 5:30,61.52
1/2/2023 5:45,61.52
1/2/2023 6:00,61.52
1/2/2023 6:15,61.52
1/2/2023 6:30,61.53
1/2/2023 6:45,61.53
1/2/2023 7:00,61.53
1/2/2023 7:15,61.53
1/2/2023 7:30,61.53
1/2/2023 7:45,61.53
1/2/2023 8:00,61.53
1/2/2023 8:15,61.53
1/2/2023 8:30,61.54
1/2/2023 8:45,61.54
1/2/2023 9:00,61.54
1/2/2023 9:15,61.54
1/2/2023 9:30,61.54
1/2/2023 9:45,61.54
1/2/2023 10:00,61.54
1/2/2023 10:15,61.55
1/2/2023 10:30,61.55
1/2/2023 10:45,61.55
1/2/2023 11:00,61.55
1/2/2023 11:15,61.55
1/2/2023 11:30,61.55
1/2/2023 11:45,61.55
1/2/2023 12:00,61.55
1/2/2023 12:15,61.55
1/2/2023 12:30,61.56
1/2/2023 12:45,61.56
1/2/2023 13:00,61.56
1/2/2023 13:15,61.56
1/2/2023 13:30,61.56
1/2/2023 13:45,61.56
1/2/2023 14:00,61.56
1/2/2023 14:15,61.56
1/2/2023 14:30,61.56
1/2/2023 14:45,61.56
1/2/2023 15:00,61.56
1/2/2023 15:15,61.56
1/2/2023 15:30,61.56
1/2/2023 15:45,61.56
1/2/2023 16:00,61.56
1/2/2023 16:15,61.55
1/2/2023 16:30,61.55
1/2/2023 16:45,61.54
1/2/2023 17:00,61.54
1/2/2023 17:15,61.53
1/2/2023 17:30,61.52
1/2/2023 17:45,61.51
1/2/2023 18:00,61.5
1/2/2023 18:15,61.49
1/2/2023 18:30,61.48
1/2/2023 18:45,61.46
1/2/2023 19:00,61.45
1/2/2023 19:15,61.44
1/2/2023 19:30,61.43
1/2/2023 19:45,61.42
1/2/2023 20:00,61.4
1/2/2023 20:15,61.39
1/2/2023 20:30,61.38
1/2/2023 20:45,61.36
1/2/2023 21:00,61.34
1/2/2023 21:15,61.32
1/2/2023 21:30,61.3
1/2/2023 21:45,61.27
1/2/2023 22:00,61.25
1/2/2023 22:15,61.22
1/2/2023 22:30,61.19
1/2/2023 22:45,61.17
1/2/2023 23:00,61.14
1/2/2023 23:15,61.11
1/2/2023 23:30,61.08
1/2/2023 23:45,61.05
1/3/2023 0:00,61.03
1/3/2023 0:15,61
1/3/2023 0:30,60.98
1/3/2023 0:45,60.95
1/3/2023 1:00,60.93
1/3/2023 1:15,60.91
1/3/2023 1:30,60.89
1/3/2023 1:45,60.87
1/3/2023 2:00,60.86
1/3/2023 2:15,60.84
1/3/2023 2:30,60.82
1/3/2023 2:45,60.8
1/3/2023 3:00,60.79
1/3/2023 3:15,60.77
1/3/2023 3:30,60.75
1/3/2023 3:45,60.74
1/3/2023 4:00,60.72
1/3/2023 4:15,60.7
1/3/2023 4:30,60.69
1/3/2023 4:45,60.68
1/3/2023 5:00,60.67
1/3/2023 5:15,60.66
1/3/2023 5:30,60.65
1/3/2023 5:45,60.65
1/3/2023 6:00,60.65
1/3/2023 6:15,60.64
1/3/2023 6:30,60.64
1/3/2023 6:45,60.64
1/3/2023 7:00,60.64
1/3/2023 7:15,60.64
1/3/2023 7:30,60.64
1/3/2023 7:45,60.64
1/3/2023 8:00,60.64
1/3/2023 8:15,60.64
1/3/2023 8:30,60.64
1/3/2023 8:45,60.63
1/3/2023 9:00,60.63
1/3/2023 9:15,60.63
1/3/2023 9:30,60.63
1/3/2023 9:45,60.63
1/3/2023 10:00,60.63
1/3/2023 10:15,60.63
1/3/2023 10:30,60.63
1/3/2023 10:45,60.63
1/3/2023 11:00,60.63
1/3/2023 11:15,60.63
1/3/2023 11:30,60.63
1/3/2023 11:45,60.63
1/3/2023 12:00,60.63
1/3/2023 12:15,60.62
1/3/2023 12:30,60.62
1/3/2023 12:45,60.62
1/3/2023 13:00,60.62
1/3/2023 13:15,60.62
1/3/2023 13:30,60.62
1/3/2023 13:45,60.62
1/3/2023 14:00,60.62
1/3/2023 14:15,60.62
1/3/2023 14:30,60.62
1/3/2023 14:45,60.62
1/3/2023 15:00,60.62
1/3/2023 15:15,60.62
1/3/2023 15:30,60.62
1/3/2023 15:45,60.62
1/3/2023 16:00,60.62
1/3/2023 16:15,60.62
1/3/2023 16:30,60.62
1/3/2023 16:45,60.62
1/3/2023 17:00,60.62
1/3/2023 17:15,60.62
1/3/2023 17:30,60.62
1/3/2023 17:45,60.62
1/3/2023 18:00,60.62
1/3/2023 18:15,60.62
1/3/2023 18:30,60.62
1/3/2023 18:45,60.62
1/3/2023 19:00,60.62
1/3/2023 19:15,60.62
1/3/2023 19:30,60.62
1/3/2023 19:45,60.62
1/3/2023 20:00,60.62
1/3/2023 20:15,60.62
1/3/2023 20:30,60.62
1/3/2023 20:45,60.62
1/3/2023 21:00,60.62
1/3/2023 21:15,60.62
1/3/2023 21:30,60.62
1/3/2023 21:45,60.62
1/3/2023 22:00,60.62
1/3/2023 22:15,60.62
1/3/2023 22:30,60.62
1/3/2023 22:45,60.62
1/3/2023 23:00,60.62
1/3/2023 23:15,60.62
1/3/2023 23:30,60.62
1/3/2023 23:45,60.62
1/4/2023 0:00,60.62
1/4/2023 0:15,60.62
1/4/2023 0:30,60.62
1/4/2023 0:45,60.62
1/4/2023 1:00,60.62
1/4/2023 1:15,60.63
1/4/2023 1:30,60.63
1/4/2023 1:45,60.63
1/4/2023 2:00,60.63
1/4/2023 2:15,60.63
1/4/2023 2:30,60.63
1/4/2023 2:45,60.64
1/4/2023 3:00,60.64
1/4/2023 3:15,60.64
1/4/2023 3:30,60.64
1/4/2023 3:45,60.65
1/4/2023 4:00,60.65
1/4/2023 4:15,60.65
1/4/2023 4:30,60.66
1/4/2023 4:45,60.66
1/4/2023 5:00,60.66
1/4/2023 5:15,60.67
1/4/2023 5:30,60.67
1/4/2023 5:45,60.68
1/4/2023 6:00,60.68
1/4/2023 6:15,60.69
1/4/2023 6:30,60.69
1/4/2023 6:45,60.69
1/4/2023 7:00,60.7
1/4/2023 7:15,60.7
1/4/2023 7:30,60.7
1/4/2023 7:45,60.71
1/4/2023 8:00,60.71
1/4/2023 8:15,60.71
1/4/2023 8:30,60.72
1/4/2023 8:45,60.72
1/4/2023 9:00,60.72
1/4/2023 9:15,60.73
1/4/2023 9:30,60.73
1/4/2023 9:45,60.73
1/4/2023 10:00,60.74
1/4/2023 10:15,60.74
1/4/2023 10:30,60.74
1/4/2023 10:45,60.74
1/4/2023 11:00,60.74
1/4/2023 11:15,60.75
1/4/2023 11:30,60.75
1/4/2023 11:45,60.75
1/4/2023 12:00,60.75
1/4/2023 12:15,60.75
1/4/2023 12:30,60.75
1/4/2023 12:45,60.75
1/4/2023 13:00,60.75
1/4/2023 13:15,60.75
1/4/2023 13:30,60.75
1/4/2023 13:45,60.75
1/4/2023 14:00,60.75
1/4/2023 14:15,60.75
1/4/2023 14:30,60.75
1/4/2023 14:45,60.75
1/4/2023 15:00,60.75
1/4/2023 15:15,60.74
1/4/2023 15:30,60.74
1/4/2023 15:45,60.74
1/4/2023 16:00,60.74
1/4/2023 16:15,60.74
1/4/2023 16:30,60.74
1/4/2023 16:45,60.74
1/4/2023 17:00,60.73
1/4/2023 17:15,60.73
1/4/2023 17:30,60.73
1/4/2023 17:45,60.73
1/4/2023 18:00,60.73
1/4/2023 18:15,60.73
1/4/2023 18:30,60.73
1/4/2023 18:45,60.72
1/4/2023 19:00,60.72
1/4/2023 19:15,60.72
1/4/2023 19:30,60.72
1/4/2023 19:45,60.72
1/4/2023 20:00,60.72
1/4/2023 20:15,60.72
1/4/2023 20:30,60.71
1/4/2023 20:45,60.71
1/4/2023 21:00,60.71
1/4/2023 21:15,60.71
1/4/2023 21:30,60.71
1/4/2023 21:45,60.71
1/4/2023 22:00,60.71
1/4/2023 22:15,60.71
1/4/2023 22:30,60.71
1/4/2023 22:45,60.71
1/4/2023 23:00,60.71
1/4/2023 23:15,60.71
1/4/2023 23:30,60.7
1/4/2023 23:45,60.7
1/5/2023 0:00,60.7
1/5/2023 0:15,60.7
1/5/2023 0:30,60.7
1/5/2023 0:45,60.7
1/5/2023 1:00,60.7
1/5/2023 1:15,60.7
1/5/2023 1:30,60.7
1/5/2023 1:45,60.7
1/5/2023 2:00,60.7
1/5/2023 2:15,60.7
1/5/2023 2:30,60.7
1/5/2023 2:45,60.7
1/5/2023 3:00,60.7
1/5/2023 3:15,60.71
1/5/2023 3:30,60.71
1/5/2023 3:45,60.71
1/5/2023 4:00,60.71
1/5/2023 4:15,60.71
1/5/2023 4:30,60.71
1/5/2023 4:45,60.71
1/5/2023 5:00,60.71
1/5/2023 5:15,60.71
1/5/2023 5:30,60.71
1/5/2023 5:45,60.71
1/5/2023 6:00,60.71
1/5/2023 6:15,60.71
1/5/2023 6:30,60.71
1/5/2023 6:45,60.71
1/5/2023 7:00,60.71
1/5/2023 7:15,60.71
1/5/2023 7:30,60.71
1/5/2023 7:45,60.71
1/5/2023 8:00,60.71
1/5/2023 8:15,60.72
1/5/2023 8:30,60.72
1/5/2023 8:45,60.72
1/5/2023 9:00,60.72
1/5/2023 9:15,60.72
1/5/2023 9:30,60.72
1/5/2023 9:45,60.72
1/5/2023 10:00,60.72
1/5/2023 10:15,60.72
1/5/2023 10:30,60.72
1/5/2023 10:45,60.72
1/5/2023 11:00,60.72
1/5/2023 11:15,60.73
1/5/2023 11:30,60.73
1/5/2023 11:45,60.73
1/5/2023 12:00,60.73
1/5/2023 12:15,60.73
1/5/2023 12:30,60.73
1/5/2023 12:45,60.73
1/5/2023 13:00,60.73
1/5/2023 13:15,60.73
1/5/2023 13:30,60.73
1/5/2023 13:45,60.73
1/5/2023 14:00,60.74
1/5/2023 14:15,60.74
1/5/2023 14:30,60.74
1/5/2023 14:45,60.75
1/5/2023 15:00,60.75
1/5/2023 15:15,60.76
1/5/2023 15:30,60.76
1/5/2023 15:45,60.77
1/5/2023 16:00,60.77
1/5/2023 16:15,60.78
1/5/2023 16:30,60.79
1/5/2023 16:45,60.79
1/5/2023 17:00,60.8
1/5/2023 17:15,60.81
1/5/2023 17:30,60.82
1/5/2023 17:45,60.83
1/5/2023 18:00,60.84
1/5/2023 18:15,60.85
1/5/2023 18:30,60.87
1/5/2023 18:45,60.88
1/5/2023 19:00,60.89
1/5/2023 19:15,60.9
1/5/2023 19:30,60.92
1/5/2023 19:45,60.93
1/5/2023 20:00,60.94
1/5/2023 20:15,60.96
1/5/2023 20:30,60.97
1/5/2023 20:45,60.99
1/5/2023 21:00,61
1/5/2023 21:15,61.02
1/5/2023 21:30,61.03
1/5/2023 21:45,61.04
1/5/2023 22:00,61.06
1/5/2023 22:15,61.07
1/5/2023 22:30,61.08
1/5/2023 22:45,61.09
1/5/2023 23:00,61.11
1/5/2023 23:15,61.12
1/5/2023 23:30,61.13
1/5/2023 23:45,61.14
1/6/2023 0:00,61.15
1/6/2023 0:15,61.16
1/6/2023 0:30,61.17
1/6/2023 0:45,61.18
1/6/2023 1:00,61.19
1/6/2023 1:15,61.2
1/6/2023 1:30,61.21
1/6/2023 1:45,61.21
1/6/2023 2:00,61.22
1/6/2023 2:15,61.23
1/6/2023 2:30,61.23
1/6/2023 2:45,61.24
1/6/2023 3:00,61.25
1/6/2023 3:15,61.25
1/6/2023 3:30,61.26
1/6/2023 3:45,61.26
1/6/2023 4:00,61.27
1/6/2023 4:15,61.27
1/6/2023 4:30,61.28
1/6/2023 4:45,61.28
1/6/2023 5:00,61.29
1/6/2023 5:15,61.29
1/6/2023 5:30,61.3
1/6/2023 5:45,61.3
1/6/2023 6:00,61.3
1/6/2023 6:15,61.31
1/6/2023 6:30,61.31
1/6/2023 6:45,61.32
1/6/2023 7:00,61.32
1/6/2023 7:15,61.33
1/6/2023 7:30,61.33
1/6/2023 7:45,61.34
1/6/2023 8:00,61.35
1/6/2023 8:15,61.35
1/6/2023 8:30,61.35
1/6/2023 8:45,61.36
1/6/2023 9:00,61.36
1/6/2023 9:15,61.36
1/6/2023 9:30,61.36
1/6/2023 9:45,61.37
1/6/2023 10:00,61.37
1/6/2023 10:15,61.37
1/6/2023 10:30,61.37
1/6/2023 10:45,61.37
1/6/2023 11:00,61.38
1/6/2023 11:15,61.38
1/6/2023 11:30,61.38
1/6/2023 11:45,61.38
1/6/2023 12:00,61.39
1/6/2023 12:15,61.4
1/6/2023 12:30,61.42
1/6/2023 12:45,61.44
1/6/2023 13:00,61.46
1/6/2023 13:15,61.48
1/6/2023 13:30,61.5
1/6/2023 13:45,61.52
1/6/2023 14:00,61.53
1/6/2023 14:15,61.55
1/6/2023 14:30,61.57
1/6/2023 14:45,61.59
1/6/2023 15:00,61.61
1/6/2023 15:15,61.63
1/6/2023 15:30,61.65
1/6/2023 15:45,61.67
1/6/2023 16:00,61.69
1/6/2023 16:15,61.71
1/6/2023 16:30,61.73
1/6/2023 16:45,61.75
1/6/2023 17:00,61.77
1/6/2023 17:15,61.79
1/6/2023 17:30,61.81
1/6/2023 17:45,61.83
1/6/2023 18:00,61.85
1/6/2023 18:15,61.87
1/6/2023 18:30,61.89
1/6/2023 18:45,61.91
1/6/2023 19:00,61.93
1/6/2023 19:15,61.95
1/6/2023 19:30,61.97
1/6/2023 19:45,61.99
1/6/2023 20:00,62.01
1/6/2023 20:15,62.03
1/6/2023 20:30,62.04
1/6/2023 20:45,62.05
1/6/2023 21:00,62.05
1/6/2023 21:15,62.05
1/6/2023 21:30,62.05
1/6/2023 21:45,62.05
1/6/2023 22:00,62.05
1/6/2023 22:15,62.05
1/6/2023 22:30,62.05
1/6/2023 22:45,62.05
1/6/2023 23:00,62.05
1/6/2023 23:15,62.05
1/6/2023 23:30,62.04
1/6/2023 23:45,62.04
1/7/2023 0:00,62.04
1/7/2023 0:15,62.03
1/7/2023 0:30,62.03
1/7/2023 0:45,62.03
1/7/2023 1:00,62.02
1/7/2023 1:15,62.02
1/7/2023 1:30,62.02
1/7/2023 1:45,62.01
1/7/2023 2:00,62.01
1/7/2023 2:15,62.01
1/7/2023 2:30,62
1/7/2023 2:45,62
1/7/2023 3:00,62
1/7/2023 3:15,61.99
1/7/2023 3:30,61.99
1/7/2023 3:45,61.99
1/7/2023 4:00,61.98
1/7/2023 4:15,61.98
1/7/2023 4:30,61.98
1/7/2023 4:45,61.97
1/7/2023 5:00,61.97
1/7/2023 5:15,61.97
1/7/2023 5:30,61.96
1/7/2023 5:45,61.96
1/7/2023 6:00,61.96
1/7/2023 6:15,61.95
1/7/2023 6:30,61.95
1/7/2023 6:45,61.95
1/7/2023 7:00,61.94
1/7/2023 7:15,61.94
1/7/2023 7:30,61.94
1/7/2023 7:45,61.93
1/7/2023 8:00,61.93
1/7/2023 8:15,61.93
1/7/2023 8:30,61.92
1/7/2023 8:45,61.92
1/7/2023 9:00,61.92
1/7/2023 9:15,61.91
1/7/2023 9:30,61.91
1/7/2023 9:45,61.91
1/7/2023 10:00,61.9
1/7/2023 10:15,61.9
1/7/2023 10:30,61.9
1/7/2023 10:45,61.89
1/7/2023 11:00,61.89
1/7/2023 11:15,61.89
1/7/2023 11:30,61.89
1/7/2023 11:45,61.89
1/7/2023 12:00,61.89
1/7/2023 12:15,61.89
1/7/2023 12:30,61.89
1/7/2023 12:45,61.89
1/7/2023 13:00,61.89
1/7/2023 13:15,61.89
1/7/2023 13:30,61.89
1/7/2023 13:45,61.89
1/7/2023 14:00,61.89
1/7/2023 14:15,61.89
1/7/2023 14:30,61.89
1/7/2023 14:45,61.89
1/7/2023 15:00,61.89
1/7/2023 15:15,61.89
1/7/2023 15:30,61.89
1/7/2023 15:45,61.89
1/7/2023 16:00,61.89
1/7/2023 16:15,61.89
1/7/2023 16:30,61.89
1/7/2023 16:45,61.88
1/7/2023 17:00,61.88
1/7/2023 17:15,61.88
1/7/2023 17:30,61.88
1/7/2023 17:45,61.88
1/7/2023 18:00,61.88
1/7/2023 18:15,61.88
1/7/2023 18:30,61.88
1/7/2023 18:45,61.88
1/7/2023 19:00,61.88
1/7/2023 19:15,61.88
1/7/2023 19:30,61.88
1/7/2023 19:45,61.88
1/7/2023 20:00,61.88
1/7/2023 20:15,61.88
1/7/2023 20:30,61.88
1/7/2023 20:45,61.88
1/7/2023 21:00,61.87
1/7/2023 21:15,61.87
1/7/2023 21:30,61.86
1/7/2023 21:45,61.86
1/7/2023 22:00,61.86
1/7/2023 22:15,61.85
1/7/2023 22:30,61.85
1/7/2023 22:45,61.85
1/7/2023 23:00,61.84
1/7/2023 23:15,61.84
1/7/2023 23:30,61.83
1/7/2023 23:45,61.83
1/8/2023 0:00,61.83
1/8/2023 0:15,61.82
1/8/2023 0:30,61.82
1/8/2023 0:45,61.81
1/8/2023 1:00,61.81
1/8/2023 1:15,61.81
1/8/2023 1:30,61.8
1/8/2023 1:45,61.8
1/8/2023 2:00,61.8
1/8/2023 2:15,61.79
1/8/2023 2:30,61.79
1/8/2023 2:45,61.78
1/8/2023 3:00,61.78
1/8/2023 3:15,61.78
1/8/2023 3:30,61.77
1/8/2023 3:45,61.77
1/8/2023 4:00,61.77
1/8/2023 4:15,61.76
1/8/2023 4:30,61.76
1/8/2023 4:45,61.75
1/8/2023 5:00,61.75
1/8/2023 5:15,61.75
1/8/2023 5:30,61.74
1/8/2023 5:45,61.74
1/8/2023 6:00,61.74
1/8/2023 6:15,61.73
1/8/2023 6:30,61.73
1/8/2023 6:45,61.72
1/8/2023 7:00,61.72
1/8/2023 7:15,61.72
1/8/2023 7:30,61.71
1/8/2023 7:45,61.71
1/8/2023 8:00,61.71
1/8/2023 8:15,61.7
1/8/2023 8:30,61.7
1/8/2023 8:45,61.69
1/8/2023 9:00,61.69
1/8/2023 9:15,61.69
1/8/2023 9:30,61.68
1/8/2023 9:45,61.68
1/8/2023 10:00,61.68
1/8/2023 10:15,61.67
1/8/2023 10:30,61.67
1/8/2023 10:45,61.66
1/8/2023 11:00,61.66
1/8/2023 11:15,61.66
1/8/2023 11:30,61.65
1/8/2023 11:45,61.65
1/8/2023 12:00,61.65
1/8/2023 12:15,61.64
1/8/2023 12:30,61.64
1/8/2023 12:45,61.63
1/8/2023 13:00,61.63
1/8/2023 13:15,61.63
1/8/2023 13:30,61.62
1/8/2023 13:45,61.62
1/8/2023 14:00,61.62
1/8/2023 14:15,61.61
1/8/2023 14:30,61.61
1/8/2023 14:45,61.61
1/8/2023 15:00,61.61
1/8/2023 15:15,61.61
1/8/2023 15:30,61.61
1/8/2023 15:45,61.61
1/8/2023 16:00,61.61
1/8/2023 16:15,61.61
1/8/2023 16:30,61.61
1/8/2023 16:45,61.61
1/8/2023 17:00,61.61
1/8/2023 17:15,61.61
1/8/2023 17:30,61.61
1/8/2023 17:45,61.61
1/8/2023 18:00,61.61
1/8/2023 18:15,61.61
1/8/2023 18:30,61.61
1/8/2023 18:45,61.61
1/8/2023 19:00,61.61
1/8/2023 19:15,61.61
1/8/2023 19:30,61.61
1/8/2023 19:45,61.61
1/8/2023 20:00,61.61
1/8/2023 20:15,61.61
1/8/2023 20:30,61.61
1/8/2023 20:45,61.61
1/8/2023 21:00,61.61
1/8/2023 21:15,61.61
1/8/2023 21:30,61.61
1/8/2023 21:45,61.61
1/8/2023 22:00,61.61
1/8/2023 22:15,61.61
1/8/2023 22:30,61.61
1/8/2023 22:45,61.61
1/8/2023 23:00,61.61
1/8/2023 23:15,61.61
1/8/2023 23:30,61.61
1/8/2023 23:45,61.61
1/9/2023 0:00,61.61
1/9/2023 0:15,61.61
1/9/2023 0:30,61.61
1/9/2023 0:45,61.6
1/9/2023 1:00,61.6
1/9/2023 1:15,61.59
1/9/2023 1:30,61.59
1/9/2023 1:45,61.59
1/9/2023 2:00,61.58
1/9/2023 2:15,61.58
1/9/2023 2:30,61.57
1/9/2023 2:45,61.57
1/9/2023 3:00,61.56
1/9/2023 3:15,61.56
1/9/2023 3:30,61.56
1/9/2023 3:45,61.55
1/9/2023 4:00,61.55
1/9/2023 4:15,61.54
1/9/2023 4:30,61.54
1/9/2023 4:45,61.53
1/9/2023 5:00,61.53
1/9/2023 5:15,61.53
1/9/2023 5:30,61.52
1/9/2023 5:45,61.52
1/9/2023 6:00,61.51
1/9/2023 6:15,61.51
1/9/2023 6:30,61.51
1/9/2023 6:45,61.5
1/9/2023 7:00,61.5
1/9/2023 7:15,61.49
1/9/2023 7:30,61.49
1/9/2023 7:45,61.48
1/9/2023 8:00,61.48
1/9/2023 8:15,61.48
1/9/2023 8:30,61.47
1/9/2023 8:45,61.47
1/9/2023 9:00,61.46
1/9/2023 9:15,61.46
1/9/2023 9:30,61.45
1/9/2023 9:45,61.45
1/9/2023 10:00,61.45
1/9/2023 10:15,61.44
1/9/2023 10:30,61.44
1/9/2023 10:45,61.44
1/9/2023 11:00,61.44
1/9/2023 11:15,61.44
1/9/2023 11:30,61.44
1/9/2023 11:45,61.44
1/9/2023 12:00,61.44
1/9/2023 12:15,61.44
1/9/2023 12:30,61.44
1/9/2023 12:45,61.44
1/9/2023 13:00,61.44
1/9/2023 13:15,61.44
1/9/2023 13:30,61.44
1/9/2023 13:45,61.44
1/9/2023 14:00,61.44
1/9/2023 14:15,61.44
1/9/2023 14:30,61.44
1/9/2023 14:45,61.44
1/9/2023 15:00,61.45
1/9/2023 15:15,61.45
1/9/2023 15:30,61.45
1/9/2023 15:45,61.45
1/9/2023 16:00,61.45
1/9/2023 16:15,61.45
1/9/2023 16:30,61.45
1/9/2023 16:45,61.45
1/9/2023 17:00,61.46
1/9/2023 17:15,61.46
1/9/2023 17:30,61.46
1/9/2023 17:45,61.46
1/9/2023 18:00,61.47
1/9/2023 18:15,61.47
1/9/2023 18:30,61.47
1/9/2023 18:45,61.47
1/9/2023 19:00,61.48
1/9/2023 19:15,61.48
1/9/2023 19:30,61.48
1/9/2023 19:45,61.48
1/9/2023 20:00,61.49
1/9/2023 20:15,61.49
1/9/2023 20:30,61.49
1/9/2023 20:45,61.5
1/9/2023 21:00,61.5
1/9/2023 21:15,61.5
1/9/2023 21:30,61.51
1/9/2023 21:45,61.51
1/9/2023 22:00,61.52
1/9/2023 22:15,61.52
1/9/2023 22:30,61.52
1/9/2023 22:45,61.53
1/9/2023 23:00,61.53
1/9/2023 23:15,61.53
1/9/2023 23:30,61.54
1/9/2023 23:45,61.54
1/10/2023 0:00,61.55
1/10/2023 0:15,61.55
1/10/2023 0:30,61.55
1/10/2023 0:45,61.56
1/10/2023 1:00,61.56
1/10/2023 1:15,61.56
1/10/2023 1:30,61.57
1/10/2023 1:45,61.57
1/10/2023 2:00,61.57
1/10/2023 2:15,61.58
1/10/2023 2:30,61.58
1/10/2023 2:45,61.58
1/10/2023 3:00,61.59
1/10/2023 3:15,61.59
1/10/2023 3:30,61.59
1/10/2023 3:45,61.6
1/10/2023 4:00,61.6
1/10/2023 4:15,61.61
1/10/2023 4:30,61.61
1/10/2023 4:45,61.61
1/10/2023 5:00,61.62
1/10/2023 5:15,61.62
1/10/2023 5:30,61.62
1/10/2023 5:45,61.63
1/10/2023 6:00,61.63
1/10/2023 6:15,61.63
1/10/2023 6:30,61.64
1/10/2023 6:45,61.64
1/10/2023 7:00,61.65
1/10/2023 7:15,61.65
1/10/2023 7:30,61.66
1/10/2023 7:45,61.66
1/10/2023 8:00,61.67
1/10/2023 8:15,61.67
1/10/2023 8:30,61.68
1/10/2023 8:45,61.68
1/10/2023 9:00,61.69
1/10/2023 9:15,61.69
1/10/2023 9:30,61.7
1/10/2023 9:45,61.71
1/10/2023 10:00,61.71
1/10/2023 10:15,61.72
1/10/2023 10:30,61.72
1/10/2023 10:45,61.73
1/10/2023 11:00,61.74
1/10/2023 11:15,61.74
1/10/2023 11:30,61.75
1/10/2023 11:45,61.76
1/10/2023 12:00,61.76
1/10/2023 12:15,61.77
1/10/2023 12:30,61.77
1/10/2023 12:45,61.78
1/10/2023 13:00,61.78
1/10/2023 13:15,61.79
1/10/2023 13:30,61.8
1/10/2023 13:45,61.8
1/10/2023 14:00,61.81
1/10/2023 14:15,61.81
1/10/2023 14:30,61.82
1/10/2023 14:45,61.82
1/10/2023 15:00,61.82
1/10/2023 15:15,61.83
1/10/2023 15:30,61.83
1/10/2023 15:45,61.83
1/10/2023 16:00,61.84
1/10/2023 16:15,61.84
1/10/2023 16:30,61.84
1/10/2023 16:45,61.85
1/10/2023 17:00,61.85
1/10/2023 17:15,61.85
1/10/2023 17:30,61.85
1/10/2023 17:45,61.85
1/10/2023 18:00,61.85
1/10/2023 18:15,61.86
1/10/2023 18:30,61.86
1/10/2023 18:45,61.86
1/10/2023 19:00,61.86
1/10/2023 19:15,61.86
1/10/2023 19:30,61.86
1/10/2023 19:45,61.86
1/10/2023 20:00,61.86
1/10/2023 20:15,61.87
1/10/2023 20:30,61.87
1/10/2023 20:45,61.87
1/10/2023 21:00,61.87
1/10/2023 21:15,61.87
1/10/2023 21:30,61.87
1/10/2023 21:45,61.87
1/10/2023 22:00,61.88
1/10/2023 22:15,61.88
1/10/2023 22:30,61.88
1/10/2023 22:45,61.88
1/10/2023 23:00,61.88
1/10/2023 23:15,61.88
1/10/2023 23:30,61.88
1/10/2023 23:45,61.88
1/11/2023 0:00,61.88
1/11/2023 0:15,61.88
1/11/2023 0:30,61.89
1/11/2023 0:45,61.89
1/11/2023 1:00,61.89
1/11/2023 1:15,61.89
1/11/2023 1:30,61.89
1/11/2023 1:45,61.89
1/11/2023 2:00,61.89
1/11/2023 2:15,61.89
1/11/2023 2:30,61.89
1/11/2023 2:45,61.89
1/11/2023 3:00,61.89
1/11/2023 3:15,61.89
1/11/2023 3:30,61.89
1/11/2023 3:45,61.89
1/11/2023 4:00,61.89
1/11/2023 4:15,61.89
1/11/2023 4:30,61.89
1/11/2023 4:45,61.89
1/11/2023 5:00,61.89
1/11/2023 5:15,61.89
1/11/2023 5:30,61.89
1/11/2023 5:45,61.89
1/11/2023 6:00,61.89
1/11/2023 6:15,61.89
1/11/2023 6:30,61.89
1/11/2023 6:45,61.89
1/11/2023 7:00,61.88
1/11/2023 7:15,61.88
1/11/2023 7:30,61.88
1/11/2023 7:45,61.88
1/11/2023 8:00,61.88
1/11/2023 8:15,61.87
1/11/2023 8:30,61.87
1/11/2023 8:45,61.86
1/11/2023 9:00,61.86
1/11/2023 9:15,61.85
1/11/2023 9:30,61.84
1/11/2023 9:45,61.83
1/11/2023 10:00,61.82
1/11/2023 10:15,61.81
1/11/2023 10:30,61.79
1/11/2023 10:45,61.77
1/11/2023 11:00,61.76
1/11/2023 11:15,61.74
1/11/2023 11:30,61.71
1/11/2023 11:45,61.69
1/11/2023 12:00,61.67
1/11/2023 12:15,61.65
1/11/2023 12:30,61.62
1/11/2023 12:45,61.6
1/11/2023 13:00,61.57
1/11/2023 13:15,61.55
1/11/2023 13:30,61.52
1/11/2023 13:45,61.49
1/11/2023 14:00,61.47
1/11/2023 14:15,61.44
1/11/2023 14:30,61.41
1/11/2023 14:45,61.38
1/11/2023 15:00,61.36
1/11/2023 15:15,61.33
1/11/2023 15:30,61.31
1/11/2023 15:45,61.28
1/11/2023 16:00,61.25
1/11/2023 16:15,61.23
1/11/2023 16:30,61.2
1/11/2023 16:45,61.18
1/11/2023 17:00,61.16
1/11/2023 17:15,61.14
1/11/2023 17:30,61.12
1/11/2023 17:45,61.1
1/11/2023 18:00,61.08
1/11/2023 18:15,61.07
1/11/2023 18:30,61.05
1/11/2023 18:45,61.04
1/11/2023 19:00,61.03
1/11/2023 19:15,61.02
1/11/2023 19:30,61.02
1/11/2023 19:45,61.01
1/11/2023 20:00,61.01
1/11/2023 20:15,61
1/11/2023 20:30,61
1/11/2023 20:45,60.99
1/11/2023 21:00,60.99
1/11/2023 21:15,60.99
1/11/2023 21:30,60.99
1/11/2023 21:45,60.99
1/11/2023 22:00,60.98
1/11/2023 22:15,60.98
1/11/2023 22:30,60.98
1/11/2023 22:45,60.98
1/11/2023 23:00,60.98
1/11/2023 23:15,60.98
1/11/2023 23:30,60.98
1/11/2023 23:45,60.98
1/12/2023 0:00,60.98
1/12/2023 0:15,60.97
1/12/2023 0:30,60.97
1/12/2023 0:45,60.97
1/12/2023 1:00,60.97
1/12/2023 1:15,60.97
1/12/2023 1:30,60.97
1/12/2023 1:45,60.97
1/12/2023 2:00,60.97
1/12/2023 2:15,60.97
1/12/2023 2:30,60.96
1/12/2023 2:45,60.96
1/12/2023 3:00,60.96
1/12/2023 3:15,60.96
1/12/2023 3:30,60.96
1/12/2023 3:45,60.96
1/12/2023 4:00,60.96
1/12/2023 4:15,60.96
1/12/2023 4:30,60.96
1/12/2023 4:45,60.96
1/12/2023 5:00,60.96
1/12/2023 5:15,60.96
1/12/2023 5:30,60.96
1/12/2023 5:45,60.96
1/12/2023 6:00,60.96
1/12/2023 6:15,60.96
1/12/2023 6:30,60.96
1/12/2023 6:45,60.96
1/12/2023 7:00,60.96
1/12/2023 7:15,60.96
1/12/2023 7:30,60.96
1/12/2023 7:45,60.96
1/12/2023 8:00,60.96
1/12/2023 8:15,60.96
1/12/2023 8:30,60.96
1/12/2023 8:45,60.96
1/12/2023 9:00,60.96
1/12/2023 9:15,60.96
1/12/2023 9:30,60.96
1/12/2023 9:45,60.96
1/12/2023 10:00,60.96
1/12/2023 10:15,60.96
1/12/2023 10:30,60.96
1/12/2023 10:45,60.97
1/12/2023 11:00,60.97
1/12/2023 11:15,60.97
1/12/2023 11:30,60.97
1/12/2023 11:45,60.97
1/12/2023 12:00,60.97
1/12/2023 12:15,60.97
1/12/2023 12:30,60.97
1/12/2023 12:45,60.97
1/12/2023 13:00,60.97
1/12/2023 13:15,60.97
1/12/2023 13:30,60.97
1/12/2023 13:45,60.97
1/12/2023 14:00,60.97
1/12/2023 14:15,60.97
1/12/2023 14:30,60.97
1/12/2023 14:45,60.97
1/12/2023 15:00,60.97
1/12/2023 15:15,60.97
1/12/2023 15:30,60.97
1/12/2023 15:45,60.97
1/12/2023 16:00,60.97
1/12/2023 16:15,60.97
1/12/2023 16:30,60.97
1/12/2023 16:45,60.97
1/12/2023 17:00,60.98
1/12/2023 17:15,60.98
1/12/2023 17:30,60.98
1/12/2023 17:45,60.98
1/12/2023 18:00,60.98
1/12/2023 18:15,60.98
1/12/2023 18:30,60.98
1/12/2023 18:45,60.98
1/12/2023 19:00,60.98
1/12/2023 19:15,60.98
1/12/2023 19:30,60.98
1/12/2023 19:45,60.99
1/12/2023 20:00,60.99
1/12/2023 20:15,60.99
1/12/2023 20:30,60.99
1/12/2023 20:45,60.99
1/12/2023 21:00,61
1/12/2023 21:15,61
1/12/2023 21:30,61
1/12/2023 21:45,61
1/12/2023 22:00,61
1/12/2023 22:15,61.01
1/12/2023 22:30,61.01
1/12/2023 22:45,61.01
1/12/2023 23:00,61.01
1/12/2023 23:15,61.01
1/12/2023 23:30,61.02
1/12/2023 23:45,61.02
1/13/2023 0:00,61.02
1/13/2023 0:15,61.02
1/13/2023 0:30,61.03
1/13/2023 0:45,61.03
1/13/2023 1:00,61.03
1/13/2023 1:15,61.04
1/13/2023 1:30,61.04
1/13/2023 1:45,61.04
1/13/2023 2:00,61.05
1/13/2023 2:15,61.05
1/13/2023 2:30,61.06
1/13/2023 2:45,61.06
1/13/2023 3:00,61.07
1/13/2023 3:15,61.07
1/13/2023 3:30,61.08
1/13/2023 3:45,61.08
1/13/2023 4:00,61.09
1/13/2023 4:15,61.09
1/13/2023 4:30,61.1
1/13/2023 4:45,61.1
1/13/2023 5:00,61.11
1/13/2023 5:15,61.11
1/13/2023 5:30,61.12
1/13/2023 5:45,61.12
1/13/2023 6:00,61.13
1/13/2023 6:15,61.13
1/13/2023 6:30,61.14
1/13/2023 6:45,61.15
1/13/2023 7:00,61.15
1/13/2023 7:15,61.16
1/13/2023 7:30,61.17
1/13/2023 7:45,61.18
1/13/2023 8:00,61.19
1/13/2023 8:15,61.19
1/13/2023 8:30,61.2
1/13/2023 8:45,61.21
1/13/2023 9:00,61.23
1/13/2023 9:15,61.24
1/13/2023 9:30,61.26
1/13/2023 9:45,61.27
1/13/2023 10:00,61.29
1/13/2023 10:15,61.31
1/13/2023 10:30,61.35
1/13/2023 10:45,61.37
1/13/2023 11:00,61.38
1/13/2023 11:15,61.38
1/13/2023 11:30,61.39
1/13/2023 11:45,61.4
1/13/2023 12:00,61.4
1/13/2023 12:15,61.41
1/13/2023 12:30,61.42
1/13/2023 12:45,61.43
1/13/2023 13:00,61.44
1/13/2023 13:15,61.45
1/13/2023 13:30,61.46
1/13/2023 13:45,61.47
1/13/2023 14:00,61.48
1/13/2023 14:15,61.51
1/13/2023 14:30,61.56
1/13/2023 14:45,61.59
1/13/2023 15:00,61.61
1/13/2023 15:15,61.63
1/13/2023 15:30,61.64
1/13/2023 15:45,61.66
1/13/2023 16:00,61.68
1/13/2023 16:15,61.7
1/13/2023 16:30,61.72
1/13/2023 16:45,61.73
1/13/2023 17:00,61.75
1/13/2023 17:15,61.77
1/13/2023 17:30,61.79
1/13/2023 17:45,61.81
1/13/2023 18:00,61.82
1/13/2023 18:15,61.84
1/13/2023 18:30,61.86
1/13/2023 18:45,61.86
1/13/2023 19:00,61.86
1/13/2023 19:15,61.86
1/13/2023 19:30,61.86
1/13/2023 19:45,61.86
1/13/2023 20:00,61.86
1/13/2023 20:15,61.86
1/13/2023 20:30,61.86
1/13/2023 20:45,61.86
1/13/2023 21:00,61.86
1/13/2023 21:15,61.86
1/13/2023 21:30,61.86
1/13/2023 21:45,61.86
1/13/2023 22:00,61.86
1/13/2023 22:15,61.86
1/13/2023 22:30,61.86
1/13/2023 22:45,61.86
1/13/2023 23:00,61.86
1/13/2023 23:15,61.86
1/13/2023 23:30,61.86
1/13/2023 23:45,61.86
1/14/2023 0:00,61.86
1/14/2023 0:15,61.86
1/14/2023 0:30,61.86
1/14/2023 0:45,61.86
1/14/2023 1:00,61.86
1/14/2023 1:15,61.86
1/14/2023 1:30,61.86
1/14/2023 1:45,61.86
1/14/2023 2:00,61.86
1/14/2023 2:15,61.86
1/14/2023 2:30,61.86
1/14/2023 2:45,61.86
1/14/2023 3:00,61.86
1/14/2023 3:15,61.86
1/14/2023 3:30,61.86
1/14/2023 3:45,61.86
1/14/2023 4:00,61.86
1/14/2023 4:15,61.86
1/14/2023 4:30,61.86
1/14/2023 4:45,61.86
1/14/2023 5:00,61.86
1/14/2023 5:15,61.86
1/14/2023 5:30,61.86
1/14/2023 5:45,61.86
1/14/2023 6:00,61.86
1/14/2023 6:15,61.86
1/14/2023 6:30,61.86
1/14/2023 6:45,61.86
1/14/2023 7:00,61.87
1/14/2023 7:15,61.87
1/14/2023 7:30,61.87
1/14/2023 7:45,61.87
1/14/2023 8:00,61.88
1/14/2023 8:15,61.88
1/14/2023 8:30,61.88
1/14/2023 8:45,61.89
1/14/2023 9:00,61.89
1/14/2023 9:15,61.9
1/14/2023 9:30,61.9
1/14/2023 9:45,61.91
1/14/2023 10:00,61.91
1/14/2023 10:15,61.92
1/14/2023 10:30,61.93
1/14/2023 10:45,61.93
1/14/2023 11:00,61.94
1/14/2023 11:15,61.94
1/14/2023 11:30,61.95
1/14/2023 11:45,61.95
1/14/2023 12:00,61.96
1/14/2023 12:15,61.96
1/14/2023 12:30,61.97
1/14/2023 12:45,61.97
1/14/2023 13:00,61.98
1/14/2023 13:15,61.98
1/14/2023 13:30,61.99
1/14/2023 13:45,62
1/14/2023 14:00,62
1/14/2023 14:15,62.01
1/14/2023 14:30,62.01
1/14/2023 14:45,62.01
1/14/2023 15:00,62.02
1/14/2023 15:15,62.02
1/14/2023 15:30,62.02
1/14/2023 15:45,62.03
1/14/2023 16:00,62.03
1/14/2023 16:15,62.03
1/14/2023 16:30,62.03
1/14/2023 16:45,62.03
1/14/2023 17:00,62.03
1/14/2023 17:15,62.03
1/14/2023 17:30,62.03
1/14/2023 17:45,62.03
1/14/2023 18:00,62.03
1/14/2023 18:15,62.03
1/14/2023 18:30,62.03
1/14/2023 18:45,62.03
1/14/2023 19:00,62.03
1/14/2023 19:15,62.03
1/14/2023 19:30,62.03
1/14/2023 19:45,62.03
1/14/2023 20:00,62.03
1/14/2023 20:15,62.03
1/14/2023 20:30,62.02
1/14/2023 20:45,62.02
1/14/2023 21:00,62.02
1/14/2023 21:15,62.02
1/14/2023 21:30,62.01
1/14/2023 21:45,62.01
1/14/2023 22:00,62.01
1/14/2023 22:15,62
1/14/2023 22:30,62
1/14/2023 22:45,62
1/14/2023 23:00,61.99
1/14/2023 23:15,61.99
1/14/2023 23:30,61.98
1/14/2023 23:45,61.98
1/15/2023 0:00,61.98
1/15/2023 0:15,61.97
1/15/2023 0:30,61.97
1/15/2023 0:45,61.96
1/15/2023 1:00,61.96
1/15/2023 1:15,61.95
1/15/2023 1:30,61.95
1/15/2023 1:45,61.94
1/15/2023 2:00,61.94
1/15/2023 2:15,61.94
1/15/2023 2:30,61.93
1/15/2023 2:45,61.93
1/15/2023 3:00,61.92
1/15/2023 3:15,61.92
1/15/2023 3:30,61.92
1/15/2023 3:45,61.91
1/15/2023 4:00,61.91
1/15/2023 4:15,61.91
1/15/2023 4:30,61.91
1/15/2023 4:45,61.9
1/15/2023 5:00,61.9
1/15/2023 5:15,61.9
1/15/2023 5:30,61.9
1/15/2023 5:45,61.9
1/15/2023 6:00,61.9
1/15/2023 6:15,61.9
1/15/2023 6:30,61.9
1/15/2023 6:45,61.89
1/15/2023 7:00,61.89
1/15/2023 7:15,61.89
1/15/2023 7:30,61.89
1/15/2023 7:45,61.89
1/15/2023 8:00,61.89
1/15/2023 8:15,61.89
1/15/2023 8:30,61.89
1/15/2023 8:45,61.89
1/15/2023 9:00,61.89
1/15/2023 9:15,61.89
1/15/2023 9:30,61.89
1/15/2023 9:45,61.89
1/15/2023 10:00,61.89
1/15/2023 10:15,61.89
1/15/2023 10:30,61.89
1/15/2023 10:45,61.89
1/15/2023 11:00,61.89
1/15/2023 11:15,61.89
1/15/2023 11:30,61.89
1/15/2023 11:45,61.89
1/15/2023 12:00,61.89
1/15/2023 12:15,61.89
1/15/2023 12:30,61.89
1/15/2023 12:45,61.88
1/15/2023 13:00,61.88
1/15/2023 13:15,61.88
1/15/2023 13:30,61.88
1/15/2023 13:45,61.88
1/15/2023 14:00,61.88
1/15/2023 14:15,61.88
1/15/2023 14:30,61.88
1/15/2023 14:45,61.88
1/15/2023 15:00,61.88
1/15/2023 15:15,61.88
1/15/2023 15:30,61.88
1/15/2023 15:45,61.88
1/15/2023 16:00,61.88
1/15/2023 16:15,61.88
1/15/2023 16:30,61.87
1/15/2023 16:45,61.87
1/15/2023 17:00,61.87
1/15/2023 17:15,61.86
1/15/2023 17:30,61.86
1/15/2023 17:45,61.86
1/15/2023 18:00,61.85
1/15/2023 18:15,61.85
1/15/2023 18:30,61.85
1/15/2023 18:45,61.84
1/15/2023 19:00,61.84
1/15/2023 19:15,61.84
1/15/2023 19:30,61.83
1/15/2023 19:45,61.83
1/15/2023 20:00,61.83
1/15/2023 20:15,61.82
1/15/2023 20:30,61.82
1/15/2023 20:45,61.81
1/15/2023 21:00,61.81
1/15/2023 21:15,61.8
1/15/2023 21:30,61.8
1/15/2023 21:45,61.79
1/15/2023 22:00,61.79
1/15/2023 22:15,61.79
1/15/2023 22:30,61.79
1/15/2023 22:45,61.79
1/15/2023 23:00,61.78
1/15/2023 23:15,61.78
1/15/2023 23:30,61.78
1/15/2023 23:45,61.78
1/16/2023 0:00,61.77
1/16/2023 0:15,61.77
1/16/2023 0:30,61.76
1/16/2023 0:45,61.75
1/16/2023 1:00,61.75
1/16/2023 1:15,61.74
1/16/2023 1:30,61.73
1/16/2023 1:45,61.72
1/16/2023 2:00,61.71
1/16/2023 2:15,61.69
1/16/2023 2:30,61.68
1/16/2023 2:45,61.66
1/16/2023 3:00,61.65
1/16/2023 3:15,61.63
1/16/2023 3:30,61.62
1/16/2023 3:45,61.6
1/16/2023 4:00,61.58
1/16/2023 4:15,61.56
1/16/2023 4:30,61.54
1/16/2023 4:45,61.53
1/16/2023 5:00,61.51
1/16/2023 5:15,61.49
1/16/2023 5:30,61.47
1/16/2023 5:45,61.45
1/16/2023 6:00,61.43
1/16/2023 6:15,61.41
1/16/2023 6:30,61.4
1/16/2023 6:45,61.38
1/16/2023 7:00,61.36
1/16/2023 7:15,61.34
1/16/2023 7:30,61.32
1/16/2023 7:45,61.31
1/16/2023 8:00,61.29
1/16/2023 8:15,61.27
1/16/2023 8:30,61.26
1/16/2023 8:45,61.24
1/16/2023 9:00,61.23
1/16/2023 9:15,61.22
1/16/2023 9:30,61.21
1/16/2023 9:45,61.2
1/16/2023 10:00,61.19
1/16/2023 10:15,61.18
1/16/2023 10:30,61.17
1/16/2023 10:45,61.17
1/16/2023 11:00,61.16
1/16/2023 11:15,61.16
1/16/2023 11:30,61.15
1/16/2023 11:45,61.15
1/16/2023 12:00,61.15
1/16/2023 12:15,61.15
1/16/2023 12:30,61.15
1/16/2023 12:45,61.15
1/16/2023 13:00,61.14
1/16/2023 13:15,61.14
1/16/2023 13:30,61.14
1/16/2023 13:45,61.14
1/16/2023 14:00,61.14
1/16/2023 14:15,61.14
1/16/2023 14:30,61.14
1/16/2023 14:45,61.14
1/16/2023 15:00,61.14
1/16/2023 15:15,61.14
1/16/2023 15:30,61.14
1/16/2023 15:45,61.14
1/16/2023 16:00,61.14
1/16/2023 16:15,61.14
1/16/2023 16:30,61.14
1/16/2023 16:45,61.14
1/16/2023 17:00,61.14
1/16/2023 17:15,61.14
1/16/2023 17:30,61.14
1/16/2023 17:45,61.14
1/16/2023 18:00,61.14
1/16/2023 18:15,61.14
1/16/2023 18:30,61.14
1/16/2023 18:45,61.14
1/16/2023 19:00,61.14
1/16/2023 19:15,61.15
1/16/2023 19:30,61.15
1/16/2023 19:45,61.15
1/16/2023 20:00,61.15
1/16/2023 20:15,61.15
1/16/2023 20:30,61.15
1/16/2023 20:45,61.15
1/16/2023 21:00,61.15
1/16/2023 21:15,61.16
1/16/2023 21:30,61.16
1/16/2023 21:45,61.16
1/16/2023 22:00,61.16
1/16/2023 22:15,61.16
1/16/2023 22:30,61.17
1/16/2023 22:45,61.17
1/16/2023 23:00,61.17
1/16/2023 23:15,61.17
1/16/2023 23:30,61.18
1/16/2023 23:45,61.18
1/17/2023 0:00,61.18
1/17/2023 0:15,61.19
1/17/2023 0:30,61.19
1/17/2023 0:45,61.19
1/17/2023 1:00,61.2
1/17/2023 1:15,61.2
1/17/2023 1:30,61.21
1/17/2023 1:45,61.21
1/17/2023 2:00,61.21
1/17/2023 2:15,61.22
1/17/2023 2:30,61.22
1/17/2023 2:45,61.23
1/17/2023 3:00,61.23
1/17/2023 3:15,61.23
1/17/2023 3:30,61.24
1/17/2023 3:45,61.24
1/17/2023 4:00,61.25
1/17/2023 4:15,61.25
1/17/2023 4:30,61.26
1/17/2023 4:45,61.26
1/17/2023 5:00,61.27
1/17/2023 5:15,61.28
1/17/2023 5:30,61.28
1/17/2023 5:45,61.29
1/17/2023 6:00,61.29
1/17/2023 6:15,61.3
1/17/2023 6:30,61.3
1/17/2023 6:45,61.31
1/17/2023 7:00,61.31
1/17/2023 7:15,61.32
1/17/2023 7:30,61.33
1/17/2023 7:45,61.33
1/17/2023 8:00,61.34
1/17/2023 8:15,61.34
1/17/2023 8:30,61.35
1/17/2023 8:45,61.35
1/17/2023 9:00,61.36
1/17/2023 9:15,61.36
1/17/2023 9:30,61.37
1/17/2023 9:45,61.37
1/17/2023 10:00,61.38
1/17/2023 10:15,61.38
1/17/2023 10:30,61.39
1/17/2023 10:45,61.39
1/17/2023 11:00,61.4
1/17/2023 11:15,61.4
1/17/2023 11:30,61.41
1/17/2023 11:45,61.41
1/17/2023 12:00,61.41
1/17/2023 12:15,61.42
1/17/2023 12:30,61.42
1/17/2023 12:45,61.42
1/17/2023 13:00,61.43
1/17/2023 13:15,61.43
1/17/2023 13:30,61.43
1/17/2023 13:45,61.43
1/17/2023 14:00,61.44
1/17/2023 14:15,61.44
1/17/2023 14:30,61.44
1/17/2023 14:45,61.45
1/17/2023 15:00,61.45
1/17/2023 15:15,61.45
1/17/2023 15:30,61.45
1/17/2023 15:45,61.46
1/17/2023 16:00,61.46
1/17/2023 16:15,61.46
1/17/2023 16:30,61.46
1/17/2023 16:45,61.46
1/17/2023 17:00,61.46
1/17/2023 17:15,61.46
1/17/2023 17:30,61.47
1/17/2023 17:45,61.47
1/17/2023 18:00,61.47
1/17/2023 18:15,61.47
1/17/2023 18:30,61.47
1/17/2023 18:45,61.47
1/17/2023 19:00,61.47
1/17/2023 19:15,61.48
1/17/2023 19:30,61.48
1/17/2023 19:45,61.48
1/17/2023 20:00,61.48
1/17/2023 20:15,61.48
1/17/2023 20:30,61.48
1/17/2023 20:45,61.48
1/17/2023 21:00,61.49
1/17/2023 21:15,61.49
1/17/2023 21:30,61.49
1/17/2023 21:45,61.49
1/17/2023 22:00,61.49
1/17/2023 22:15,61.5
1/17/2023 22:30,61.5
1/17/2023 22:45,61.5
1/17/2023 23:00,61.5
1/17/2023 23:15,61.5
1/17/2023 23:30,61.51
1/17/2023 23:45,61.51
1/18/2023 0:00,61.51
1/18/2023 0:15,61.51
1/18/2023 0:30,61.52
1/18/2023 0:45,61.52
1/18/2023 1:00,61.52
1/18/2023 1:15,61.53
1/18/2023 1:30,61.53
1/18/2023 1:45,61.53
1/18/2023 2:00,61.53
1/18/2023 2:15,61.54
1/18/2023 2:30,61.54
1/18/2023 2:45,61.54
1/18/2023 3:00,61.54
1/18/2023 3:15,61.55
1/18/2023 3:30,61.55
1/18/2023 3:45,61.55
1/18/2023 4:00,61.55
1/18/2023 4:15,61.56
1/18/2023 4:30,61.56
1/18/2023 4:45,61.56
1/18/2023 5:00,61.56
1/18/2023 5:15,61.56
1/18/2023 5:30,61.57
1/18/2023 5:45,61.57
1/18/2023 6:00,61.57
1/18/2023 6:15,61.58
1/18/2023 6:30,61.58
1/18/2023 6:45,61.58
1/18/2023 7:00,61.59
1/18/2023 7:15,61.59
1/18/2023 7:30,61.59
1/18/2023 7:45,61.59
1/18/2023 8:00,61.59
1/18/2023 8:15,61.59
1/18/2023 8:30,61.59
1/18/2023 8:45,61.59
1/18/2023 9:00,61.6
1/18/2023 9:15,61.6
1/18/2023 9:30,61.6
1/18/2023 9:45,61.6
1/18/2023 10:00,61.6
1/18/2023 10:15,61.6
1/18/2023 10:30,61.6
1/18/2023 10:45,61.6
1/18/2023 11:00,61.6
1/18/2023 11:15,61.6
1/18/2023 11:30,61.6
1/18/2023 11:45,61.6
1/18/2023 12:00,61.59
1/18/2023 12:15,61.59
1/18/2023 12:30,61.59
1/18/2023 12:45,61.59
1/18/2023 13:00,61.59
1/18/2023 13:15,61.59
1/18/2023 13:30,61.59
1/18/2023 13:45,61.59
1/18/2023 14:00,61.58
1/18/2023 14:15,61.58
1/18/2023 14:30,61.58
1/18/2023 14:45,61.58
1/18/2023 15:00,61.57
1/18/2023 15:15,61.57
1/18/2023 15:30,61.57
1/18/2023 15:45,61.57
1/18/2023 16:00,61.57
1/18/2023 16:15,61.57
1/18/2023 16:30,61.57
1/18/2023 16:45,61.57
1/18/2023 17:00,61.57
1/18/2023 17:15,61.57
1/18/2023 17:30,61.58
1/18/2023 17:45,61.58
1/18/2023 18:00,61.58
1/18/2023 18:15,61.58
1/18/2023 18:30,61.59
1/18/2023 18:45,61.59
1/18/2023 19:00,61.59
1/18/2023 19:15,61.6
1/18/2023 19:30,61.6
1/18/2023 19:45,61.61
1/18/2023 20:00,61.62
1/18/2023 20:15,61.62
1/18/2023 20:30,61.63
1/18/2023 20:45,61.63
1/18/2023 21:00,61.64
1/18/2023 21:15,61.65
1/18/2023 21:30,61.65
1/18/2023 21:45,61.65
1/18/2023 22:00,61.65
1/18/2023 22:15,61.66
1/18/2023 22:30,61.66
1/18/2023 22:45,61.66
1/18/2023 23:00,61.67
1/18/2023 23:15,61.67
1/18/2023 23:30,61.67
1/18/2023 23:45,61.67
1/19/2023 0:00,61.67
1/19/2023 0:15,61.68
1/19/2023 0:30,61.68
1/19/2023 0:45,61.68
1/19/2023 1:00,61.68
1/19/2023 1:15,61.68
1/19/2023 1:30,61.68
1/19/2023 1:45,61.68
1/19/2023 2:00,61.68
1/19/2023 2:15,61.68
1/19/2023 2:30,61.68
1/19/2023 2:45,61.68
1/19/2023 3:00,61.68
1/19/2023 3:15,61.67
1/19/2023 3:30,61.67
1/19/2023 3:45,61.67
1/19/2023 4:00,61.67
1/19/2023 4:15,61.66
1/19/2023 4:30,61.66
1/19/2023 4:45,61.65
1/19/2023 5:00,61.65
1/19/2023 5:15,61.65
1/19/2023 5:30,61.64
1/19/2023 5:45,61.64
1/19/2023 6:00,61.64
1/19/2023 6:15,61.64
1/19/2023 6:30,61.64
1/19/2023 6:45,61.64
1/19/2023 7:00,61.64
1/19/2023 7:15,61.64
1/19/2023 7:30,61.64
1/19/2023 7:45,61.64
1/19/2023 8:00,61.64
1/19/2023 8:15,61.64
1/19/2023 8:30,61.64
1/19/2023 8:45,61.64
1/19/2023 9:00,61.64
1/19/2023 9:15,61.64
1/19/2023 9:30,61.64
1/19/2023 9:45,61.64
1/19/2023 10:00,61.64
1/19/2023 10:15,61.64
1/19/2023 10:30,61.64
1/19/2023 10:45,61.64
1/19/2023 11:00,61.64
1/19/2023 11:15,61.64
1/19/2023 11:30,61.64
1/19/2023 11:45,61.64
1/19/2023 12:00,61.64
1/19/2023 12:15,61.64
1/19/2023 12:30,61.64
1/19/2023 12:45,61.64
1/19/2023 13:00,61.64
1/19/2023 13:15,61.64
1/19/2023 13:30,61.64
1/19/2023 13:45,61.64
1/19/2023 14:00,61.64
1/19/2023 14:15,61.64
1/19/2023 14:30,61.64
1/19/2023 14:45,61.64
1/19/2023 15:00,61.64
1/19/2023 15:15,61.64
1/19/2023 15:30,61.64
1/19/2023 15:45,61.64
1/19/2023 16:00,61.64
1/19/2023 16:15,61.64
1/19/2023 16:30,61.64
1/19/2023 16:45,61.64
1/19/2023 17:00,61.64
1/19/2023 17:15,61.64
1/19/2023 17:30,61.64
1/19/2023 17:45,61.64
1/19/2023 18:00,61.64
1/19/2023 18:15,61.64
1/19/2023 18:30,61.64
1/19/2023 18:45,61.64
1/19/2023 19:00,61.63
1/19/2023 19:15,61.63
1/19/2023 19:30,61.63
1/19/2023 19:45,61.63
1/19/2023 20:00,61.63
1/19/2023 20:15,61.63
1/19/2023 20:30,61.63
1/19/2023 20:45,61.63
1/19/2023 21:00,61.63
1/19/2023 21:15,61.63
1/19/2023 21:30,61.63
1/19/2023 21:45,61.63
1/19/2023 22:00,61.63
1/19/2023 22:15,61.63
1/19/2023 22:30,61.63
1/19/2023 22:45,61.63
1/19/2023 23:00,61.63
1/19/2023 23:15,61.62
1/19/2023 23:30,61.62
1/19/2023 23:45,61.61
1/20/2023 0:00,61.61
1/20/2023 0:15,61.6
1/20/2023 0:30,61.6
1/20/2023 0:45,61.6
1/20/2023 1:00,61.59
1/20/2023 1:15,61.59
1/20/2023 1:30,61.58
1/20/2023 1:45,61.58
1/20/2023 2:00,61.57
1/20/2023 2:15,61.57
1/20/2023 2:30,61.56
1/20/2023 2:45,61.56
1/20/2023 3:00,61.56
1/20/2023 3:15,61.55
1/20/2023 3:30,61.55
1/20/2023 3:45,61.54
1/20/2023 4:00,61.54
1/20/2023 4:15,61.53
1/20/2023 4:30,61.53
1/20/2023 4:45,61.52
1/20/2023 5:00,61.52
1/20/2023 5:15,61.51
1/20/2023 5:30,61.51
1/20/2023 5:45,61.51
1/20/2023 6:00,61.51
1/20/2023 6:15,61.51
1/20/2023 6:30,61.51
1/20/2023 6:45,61.51
1/20/2023 7:00,61.51
1/20/2023 7:15,61.51
1/20/2023 7:30,61.51
1/20/2023 7:45,61.51
1/20/2023 8:00,61.5
1/20/2023 8:15,61.5
1/20/2023 8:30,61.5
1/20/2023 8:45,61.5
1/20/2023 9:00,61.5
1/20/2023 9:15,61.5
1/20/2023 9:30,61.5
1/20/2023 9:45,61.5
1/20/2023 10:00,61.5
1/20/2023 10:15,61.5
1/20/2023 10:30,61.5
1/20/2023 10:45,61.5
1/20/2023 11:00,61.5
1/20/2023 11:15,61.5
1/20/2023 11:30,61.5
1/20/2023 11:45,61.49
1/20/2023 12:00,61.49
1/20/2023 12:15,61.49
1/20/2023 12:30,61.49
1/20/2023 12:45,61.49
1/20/2023 13:00,61.49
1/20/2023 13:15,61.49
1/20/2023 13:30,61.49
1/20/2023 13:45,61.49
1/20/2023 14:00,61.49
1/20/2023 14:15,61.49
1/20/2023 14:30,61.49
1/20/2023 14:45,61.48
1/20/2023 15:00,61.48
1/20/2023 15:15,61.48
1/20/2023 15:30,61.48
1/20/2023 15:45,61.48
1/20/2023 16:00,61.48
1/20/2023 16:15,61.48
1/20/2023 16:30,61.48
1/20/2023 16:45,61.48
1/20/2023 17:00,61.48
1/20/2023 17:15,61.48
1/20/2023 17:30,61.48
1/20/2023 17:45,61.48
1/20/2023 18:00,61.47
1/20/2023 18:15,61.47
1/20/2023 18:30,61.47
1/20/2023 18:45,61.47
1/20/2023 19:00,61.47
1/20/2023 19:15,61.47
1/20/2023 19:30,61.47
1/20/2023 19:45,61.47
1/20/2023 20:00,61.47
1/20/2023 20:15,61.47
1/20/2023 20:30,61.47
1/20/2023 20:45,61.47
1/20/2023 21:00,61.47
1/20/2023 21:15,61.47
1/20/2023 21:30,61.47
1/20/2023 21:45,61.47
1/20/2023 22:00,61.46
1/20/2023 22:15,61.46
1/20/2023 22:30,61.46
1/20/2023 22:45,61.46
1/20/2023 23:00,61.46
1/20/2023 23:15,61.46
1/20/2023 23:30,61.46
1/20/2023 23:45,61.46
1/21/2023 0:00,61.46
1/21/2023 0:15,61.46
1/21/2023 0:30,61.46
1/21/2023 0:45,61.46
1/21/2023 1:00,61.46
1/21/2023 1:15,61.46
1/21/2023 1:30,61.46
1/21/2023 1:45,61.46
1/21/2023 2:00,61.46
1/21/2023 2:15,61.46
1/21/2023 2:30,61.46
1/21/2023 2:45,61.46
1/21/2023 3:00,61.46
1/21/2023 3:15,61.46
1/21/2023 3:30,61.46
1/21/2023 3:45,61.46
1/21/2023 4:00,61.47
1/21/2023 4:15,61.47
1/21/2023 4:30,61.47
1/21/2023 4:45,61.47
1/21/2023 5:00,61.47
1/21/2023 5:15,61.47
1/21/2023 5:30,61.47
1/21/2023 5:45,61.47
1/21/2023 6:00,61.47
1/21/2023 6:15,61.47
1/21/2023 6:30,61.48
1/21/2023 6:45,61.48
1/21/2023 7:00,61.48
1/21/2023 7:15,61.48
1/21/2023 7:30,61.48
1/21/2023 7:45,61.48
1/21/2023 8:00,61.49
1/21/2023 8:15,61.49
1/21/2023 8:30,61.49
1/21/2023 8:45,61.49
1/21/2023 9:00,61.49
1/21/2023 9:15,61.5
1/21/2023 9:30,61.5
1/21/2023 9:45,61.5
1/21/2023 10:00,61.5
1/21/2023 10:15,61.5
1/21/2023 10:30,61.51
1/21/2023 10:45,61.51
1/21/2023 11:00,61.51
1/21/2023 11:15,61.51
1/21/2023 11:30,61.51
1/21/2023 11:45,61.52
1/21/2023 12:00,61.52
1/21/2023 12:15,61.52
1/21/2023 12:30,61.52
1/21/2023 12:45,61.52
1/21/2023 13:00,61.52
1/21/2023 13:15,61.53
1/21/2023 13:30,61.53
1/21/2023 13:45,61.53
1/21/2023 14:00,61.53
1/21/2023 14:15,61.53
1/21/2023 14:30,61.53
1/21/2023 14:45,61.53
1/21/2023 15:00,61.53
1/21/2023 15:15,61.53
1/21/2023 15:30,61.53
1/21/2023 15:45,61.53
1/21/2023 16:00,61.53
1/21/2023 16:15,61.54
1/21/2023 16:30,61.54
1/21/2023 16:45,61.54
1/21/2023 17:00,61.54
1/21/2023 17:15,61.54
1/21/2023 17:30,61.54
1/21/2023 17:45,61.54
1/21/2023 18:00,61.54
1/21/2023 18:15,61.54
1/21/2023 18:30,61.54
1/21/2023 18:45,61.54
1/21/2023 19:00,61.54
1/21/2023 19:15,61.54
1/21/2023 19:30,61.54
1/21/2023 19:45,61.54
1/21/2023 20:00,61.54
1/21/2023 20:15,61.54
1/21/2023 20:30,61.54
1/21/2023 20:45,61.54
1/21/2023 21:00,61.54
1/21/2023 21:15,61.54
1/21/2023 21:30,61.54
1/21/2023 21:45,61.54
1/21/2023 22:00,61.54
1/21/2023 22:15,61.54
1/21/2023 22:30,61.54
1/21/2023 22:45,61.54
1/21/2023 23:00,61.54
1/21/2023 23:15,61.54
1/21/2023 23:30,61.54
1/21/2023 23:45,61.54
1/22/2023 0:00,61.54
1/22/2023 0:15,61.54
1/22/2023 0:30,61.54
1/22/2023 0:45,61.54
1/22/2023 1:00,61.54
1/22/2023 1:15,61.54
1/22/2023 1:30,61.54
1/22/2023 1:45,61.54
1/22/2023 2:00,61.54
1/22/2023 2:15,61.54
1/22/2023 2:30,61.54
1/22/2023 2:45,61.55
1/22/2023 3:00,61.55
1/22/2023 3:15,61.55
1/22/2023 3:30,61.55
1/22/2023 3:45,61.55
1/22/2023 4:00,61.55
1/22/2023 4:15,61.55
1/22/2023 4:30,61.55
1/22/2023 4:45,61.56
1/22/2023 5:00,61.56
1/22/2023 5:15,61.56
1/22/2023 5:30,61.56
1/22/2023 5:45,61.56
1/22/2023 6:00,61.56
1/22/2023 6:15,61.56
1/22/2023 6:30,61.56
1/22/2023 6:45,61.57
1/22/2023 7:00,61.57
1/22/2023 7:15,61.57
1/22/2023 7:30,61.57
1/22/2023 7:45,61.57
1/22/2023 8:00,61.57
1/22/2023 8:15,61.57
1/22/2023 8:30,61.58
1/22/2023 8:45,61.58
1/22/2023 9:00,61.58
1/22/2023 9:15,61.58
1/22/2023 9:30,61.58
1/22/2023 9:45,61.58
1/22/2023 10:00,61.58
1/22/2023 10:15,61.58
1/22/2023 10:30,61.59
1/22/2023 10:45,61.59
1/22/2023 11:00,61.59
1/22/2023 11:15,61.59
1/22/2023 11:30,61.59
1/22/2023 11:45,61.59
1/22/2023 12:00,61.59
1/22/2023 12:15,61.59
1/22/2023 12:30,61.59
1/22/2023 12:45,61.59
1/22/2023 13:00,61.59
1/22/2023 13:15,61.59
1/22/2023 13:30,61.59
1/22/2023 13:45,61.59
1/22/2023 14:00,61.59
1/22/2023 14:15,61.59
1/22/2023 14:30,61.59
1/22/2023 14:45,61.59
1/22/2023 15:00,61.59
1/22/2023 15:15,61.59
1/22/2023 15:30,61.59
1/22/2023 15:45,61.59
1/22/2023 16:00,61.59
1/22/2023 16:15,61.59
1/22/2023 16:30,61.59
1/22/2023 16:45,61.59
1/22/2023 17:00,61.59
1/22/2023 17:15,61.59
1/22/2023 17:30,61.59
1/22/2023 17:45,61.59
1/22/2023 18:00,61.59
1/22/2023 18:15,61.59
1/22/2023 18:30,61.59
1/22/2023 18:45,61.59
1/22/2023 19:00,61.59
1/22/2023 19:15,61.59
1/22/2023 19:30,61.59
1/22/2023 19:45,61.59
1/22/2023 20:00,61.59
1/22/2023 20:15,61.59
1/22/2023 20:30,61.59
1/22/2023 20:45,61.59
1/22/2023 21:00,61.59
1/22/2023 21:15,61.59
1/22/2023 21:30,61.6
1/22/2023 21:45,61.6
1/22/2023 22:00,61.6
1/22/2023 22:15,61.6
1/22/2023 22:30,61.6
1/22/2023 22:45,61.6
1/22/2023 23:00,61.6
1/22/2023 23:15,61.6
1/22/2023 23:30,61.6
1/22/2023 23:45,61.6
1/23/2023 0:00,61.6
1/23/2023 0:15,61.6
1/23/2023 0:30,61.6
1/23/2023 0:45,61.6
1/23/2023 1:00,61.6
1/23/2023 1:15,61.6
1/23/2023 1:30,61.61
1/23/2023 1:45,61.61
1/23/2023 2:00,61.61
1/23/2023 2:15,61.61
1/23/2023 2:30,61.61
1/23/2023 2:45,61.61
1/23/2023 3:00,61.61
1/23/2023 3:15,61.61
1/23/2023 3:30,61.61
1/23/2023 3:45,61.61
1/23/2023 4:00,61.61
1/23/2023 4:15,61.61
1/23/2023 4:30,61.61
1/23/2023 4:45,61.61
1/23/2023 5:00,61.61
1/23/2023 5:15,61.61
1/23/2023 5:30,61.61
1/23/2023 5:45,61.61
1/23/2023 6:00,61.61
1/23/2023 6:15,61.62
1/23/2023 6:30,61.62
1/23/2023 6:45,61.62
1/23/2023 7:00,61.62
1/23/2023 7:15,61.62
1/23/2023 7:30,61.62
1/23/2023 7:45,61.62
1/23/2023 8:00,61.62
1/23/2023 8:15,61.62
1/23/2023 8:30,61.62
1/23/2023 8:45,61.62
1/23/2023 9:00,61.63
1/23/2023 9:15,61.63
1/23/2023 9:30,61.63
1/23/2023 9:45,61.63
1/23/2023 10:00,61.63
1/23/2023 10:15,61.63
1/23/2023 10:30,61.63
1/23/2023 10:45,61.63
1/23/2023 11:00,61.63
1/23/2023 11:15,61.64
1/23/2023 11:30,61.64
1/23/2023 11:45,61.64
1/23/2023 12:00,61.64
1/23/2023 12:15,61.64
1/23/2023 12:30,61.64
1/23/2023 12:45,61.64
1/23/2023 13:00,61.64
1/23/2023 13:15,61.64
1/23/2023 13:30,61.64
1/23/2023 13:45,61.64
1/23/2023 14:00,61.65
1/23/2023 14:15,61.65
1/23/2023 14:30,61.65
1/23/2023 14:45,61.65
1/23/2023 15:00,61.65
1/23/2023 15:15,61.65
1/23/2023 15:30,61.65
1/23/2023 15:45,61.65
1/23/2023 16:00,61.65
1/23/2023 16:15,61.65
1/23/2023 16:30,61.65
1/23/2023 16:45,61.65
1/23/2023 17:00,61.65
1/23/2023 17:15,61.65
1/23/2023 17:30,61.65
1/23/2023 17:45,61.65
1/23/2023 18:00,61.65
1/23/2023 18:15,61.65
1/23/2023 18:30,61.65
1/23/2023 18:45,61.65
1/23/2023 19:00,61.65
1/23/2023 19:15,61.65
1/23/2023 19:30,61.65
1/23/2023 19:45,61.65
1/23/2023 20:00,61.65
1/23/2023 20:15,61.65
1/23/2023 20:30,61.65
1/23/2023 20:45,61.65
1/23/2023 21:00,61.65
1/23/2023 21:15,61.65
1/23/2023 21:30,61.65
1/23/2023 21:45,61.65
1/23/2023 22:00,61.65
1/23/2023 22:15,61.65
1/23/2023 22:30,61.65
1/23/2023 22:45,61.65
1/23/2023 23:00,61.66
1/23/2023 23:15,61.66
1/23/2023 23:30,61.66
1/23/2023 23:45,61.66
1/24/2023 0:00,61.66
1/24/2023 0:15,61.66
1/24/2023 0:30,61.66
1/24/2023 0:45,61.66
1/24/2023 1:00,61.66
1/24/2023 1:15,61.66
1/24/2023 1:30,61.66
1/24/2023 1:45,61.66
1/24/2023 2:00,61.66
1/24/2023 2:15,61.66
1/24/2023 2:30,61.67
1/24/2023 2:45,61.67
1/24/2023 3:00,61.67
1/24/2023 3:15,61.67
1/24/2023 3:30,61.67
1/24/2023 3:45,61.67
1/24/2023 4:00,61.67
1/24/2023 4:15,61.67
1/24/2023 4:30,61.67
1/24/2023 4:45,61.67
1/24/2023 5:00,61.67
1/24/2023 5:15,61.68
1/24/2023 5:30,61.68
1/24/2023 5:45,61.68
1/24/2023 6:00,61.68
1/24/2023 6:15,61.68
1/24/2023 6:30,61.68
1/24/2023 6:45,61.68
1/24/2023 7:00,61.68
1/24/2023 7:15,61.68
1/24/2023 7:30,61.68
1/24/2023 7:45,61.69
1/24/2023 8:00,61.69
1/24/2023 8:15,61.69
1/24/2023 8:30,61.69
1/24/2023 8:45,61.69
1/24/2023 9:00,61.69
1/24/2023 9:15,61.69
1/24/2023 9:30,61.69
1/24/2023 9:45,61.69
1/24/2023 10:00,61.69
1/24/2023 10:15,61.7
1/24/2023 10:30,61.7
1/24/2023 10:45,61.7
1/24/2023 11:00,61.7
1/24/2023 11:15,61.7
1/24/2023 11:30,61.7
1/24/2023 11:45,61.7
1/24/2023 12:00,61.7
1/24/2023 12:15,61.7
1/24/2023 12:30,61.71
1/24/2023 12:45,61.71
1/24/2023 13:00,61.71
1/24/2023 13:15,61.71
1/24/2023 13:30,61.71
1/24/2023 13:45,61.71
1/24/2023 14:00,61.71
1/24/2023 14:15,61.71
1/24/2023 14:30,61.71
1/24/2023 14:45,61.71
1/24/2023 15:00,61.72
1/24/2023 15:15,61.72
1/24/2023 15:30,61.72
1/24/2023 15:45,61.72
1/24/2023 16:00,61.72
1/24/2023 16:15,61.72
1/24/2023 16:30,61.72
1/24/2023 16:45,61.72
1/24/2023 17:00,61.72
1/24/2023 17:15,61.72
1/24/2023 17:30,61.73
1/24/2023 17:45,61.73
1/24/2023 18:00,61.73
1/24/2023 18:15,61.73
1/24/2023 18:30,61.73
1/24/2023 18:45,61.73
1/24/2023 19:00,61.73
1/24/2023 19:15,61.73
1/24/2023 19:30,61.73
1/24/2023 19:45,61.73
1/24/2023 20:00,61.73
1/24/2023 20:15,61.74
1/24/2023 20:30,61.74
1/24/2023 20:45,61.74
1/24/2023 21:00,61.74
1/24/2023 21:15,61.74
1/24/2023 21:30,61.74
1/24/2023 21:45,61.74
1/24/2023 22:00,61.74
1/24/2023 22:15,61.74
1/24/2023 22:30,61.74
1/24/2023 22:45,61.74
1/24/2023 23:00,61.74
1/24/2023 23:15,61.74
1/24/2023 23:30,61.74
1/24/2023 23:45,61.75
1/25/2023 0:00,61.75
1/25/2023 0:15,61.75
1/25/2023 0:30,61.75
1/25/2023 0:45,61.75
1/25/2023 1:00,61.75
1/25/2023 1:15,61.75
1/25/2023 1:30,61.75
1/25/2023 1:45,61.75
1/25/2023 2:00,61.75
1/25/2023 2:15,61.75
1/25/2023 2:30,61.75
1/25/2023 2:45,61.75
1/25/2023 3:00,61.76
1/25/2023 3:15,61.76
1/25/2023 3:30,61.76
1/25/2023 3:45,61.76
1/25/2023 4:00,61.76
1/25/2023 4:15,61.76
1/25/2023 4:30,61.76
1/25/2023 4:45,61.76
1/25/2023 5:00,61.76
1/25/2023 5:15,61.76
1/25/2023 5:30,61.76
1/25/2023 5:45,61.76
1/25/2023 6:00,61.77
1/25/2023 6:15,61.77
1/25/2023 6:30,61.77
1/25/2023 6:45,61.77
1/25/2023 7:00,61.77
1/25/2023 7:15,61.77
1/25/2023 7:30,61.77
1/25/2023 7:45,61.78
1/25/2023 8:00,61.78
1/25/2023 8:15,61.78
1/25/2023 8:30,61.78
1/25/2023 8:45,61.78
1/25/2023 9:00,61.78
1/25/2023 9:15,61.78
1/25/2023 9:30,61.78
1/25/2023 9:45,61.79
1/25/2023 10:00,61.79
1/25/2023 10:15,61.79
1/25/2023 10:30,61.79
1/25/2023 10:45,61.79
1/25/2023 11:00,61.79
1/25/2023 11:15,61.79
1/25/2023 11:30,61.8
1/25/2023 11:45,61.8
1/25/2023 12:00,61.8
1/25/2023 12:15,61.8
1/25/2023 12:30,61.8
1/25/2023 12:45,61.8
1/25/2023 13:00,61.8
1/25/2023 13:15,61.8
1/25/2023 13:30,61.81
1/25/2023 13:45,61.81
1/25/2023 14:00,61.81
1/25/2023 14:15,61.81
1/25/2023 14:30,61.81
1/25/2023 14:45,61.81
1/25/2023 15:00,61.81
1/25/2023 15:15,61.81
1/25/2023 15:30,61.81
1/25/2023 15:45,61.81
1/25/2023 16:00,61.81
1/25/2023 16:15,61.81
1/25/2023 16:30,61.81
1/25/2023 16:45,61.81
1/25/2023 17:00,61.81
1/25/2023 17:15,61.81
1/25/2023 17:30,61.81
1/25/2023 17:45,61.81
1/25/2023 18:00,61.81
1/25/2023 18:15,61.82
1/25/2023 18:30,61.82
1/25/2023 18:45,61.82
1/25/2023 19:00,61.82
1/25/2023 19:15,61.82
1/25/2023 19:30,61.82
1/25/2023 19:45,61.82
1/25/2023 20:00,61.82
1/25/2023 20:15,61.82
1/25/2023 20:30,61.82
1/25/2023 20:45,61.82
1/25/2023 21:00,61.82
1/25/2023 21:15,61.82
1/25/2023 21:30,61.82
1/25/2023 21:45,61.82
1/25/2023 22:00,61.82
1/25/2023 22:15,61.82
1/25/2023 22:30,61.83
1/25/2023 22:45,61.83
1/25/2023 23:00,61.83
1/25/2023 23:15,61.83
1/25/2023 23:30,61.83
1/25/2023 23:45,61.83
1/26/2023 0:00,61.83
1/26/2023 0:15,61.83
1/26/2023 0:30,61.83
1/26/2023 0:45,61.83
1/26/2023 1:00,61.84
1/26/2023 1:15,61.84
1/26/2023 1:30,61.84
1/26/2023 1:45,61.84
1/26/2023 2:00,61.84
1/26/2023 2:15,61.84
1/26/2023 2:30,61.84
1/26/2023 2:45,61.84
1/26/2023 3:00,61.84
1/26/2023 3:15,61.84
1/26/2023 3:30,61.84
1/26/2023 3:45,61.85
1/26/2023 4:00,61.85
1/26/2023 4:15,61.85
1/26/2023 4:30,61.85
1/26/2023 4:45,61.85
1/26/2023 5:00,61.85
1/26/2023 5:15,61.85
1/26/2023 5:30,61.85
1/26/2023 5:45,61.85
1/26/2023 6:00,61.85
1/26/2023 6:15,61.86
1/26/2023 6:30,61.86
1/26/2023 6:45,61.86
1/26/2023 7:00,61.86
1/26/2023 7:15,61.86
1/26/2023 7:30,61.86
1/26/2023 7:45,61.86
1/26/2023 8:00,61.86
1/26/2023 8:15,61.86
1/26/2023 8:30,61.86
1/26/2023 8:45,61.86
1/26/2023 9:00,61.87
1/26/2023 9:15,61.87
1/26/2023 9:30,61.87
1/26/2023 9:45,61.87
1/26/2023 10:00,61.87
1/26/2023 10:15,61.87
1/26/2023 10:30,61.87
1/26/2023 10:45,61.87
1/26/2023 11:00,61.87
1/26/2023 11:15,61.87
1/26/2023 11:30,61.88
1/26/2023 11:45,61.88
1/26/2023 12:00,61.88
1/26/2023 12:15,61.88
1/26/2023 12:30,61.88
1/26/2023 12:45,61.88
1/26/2023 13:00,61.88
1/26/2023 13:15,61.88
1/26/2023 13:30,61.88
1/26/2023 13:45,61.88
1/26/2023 14:00,61.88
1/26/2023 14:15,61.89
1/26/2023 14:30,61.89
1/26/2023 14:45,61.89
1/26/2023 15:00,61.89
1/26/2023 15:15,61.89
1/26/2023 15:30,61.89
1/26/2023 15:45,61.89
1/26/2023 16:00,61.89
1/26/2023 16:15,61.89
1/26/2023 16:30,61.89
1/26/2023 16:45,61.89
1/26/2023 17:00,61.89
1/26/2023 17:15,61.89
1/26/2023 17:30,61.89
1/26/2023 17:45,61.89
1/26/2023 18:00,61.89
1/26/2023 18:15,61.89
1/26/2023 18:30,61.89
1/26/2023 18:45,61.89
1/26/2023 19:00,61.89
1/26/2023 19:15,61.89
1/26/2023 19:30,61.89
1/26/2023 19:45,61.89
1/26/2023 20:00,61.89
1/26/2023 20:15,61.89
1/26/2023 20:30,61.89
1/26/2023 20:45,61.89
1/26/2023 21:00,61.89
1/26/2023 21:15,61.89
1/26/2023 21:30,61.89
1/26/2023 21:45,61.89
1/26/2023 22:00,61.89
1/26/2023 22:15,61.89
1/26/2023 22:30,61.89
1/26/2023 22:45,61.89
1/26/2023 23:00,61.89
1/26/2023 23:15,61.89
1/26/2023 23:30,61.89
1/26/2023 23:45,61.89
1/27/2023 0:00,61.89
1/27/2023 0:15,61.89
1/27/2023 0:30,61.89
1/27/2023 0:45,61.89
1/27/2023 1:00,61.89
1/27/2023 1:15,61.89
1/27/2023 1:30,61.89
1/27/2023 1:45,61.89
1/27/2023 2:00,61.89
1/27/2023 2:15,61.9
1/27/2023 2:30,61.9
1/27/2023 2:45,61.91
1/27/2023 3:00,61.91
1/27/2023 3:15,61.92
1/27/2023 3:30,61.92
1/27/2023 3:45,61.92
1/27/2023 4:00,61.93
1/27/2023 4:15,61.93
1/27/2023 4:30,61.94
1/27/2023 4:45,61.94
1/27/2023 5:00,61.95
1/27/2023 5:15,61.95
1/27/2023 5:30,61.95
1/27/2023 5:45,61.96
1/27/2023 6:00,61.96
1/27/2023 6:15,61.97
1/27/2023 6:30,61.97
1/27/2023 6:45,61.98
1/27/2023 7:00,61.98
1/27/2023 7:15,61.99
1/27/2023 7:30,61.99
1/27/2023 7:45,61.99
1/27/2023 8:00,62
1/27/2023 8:15,62
1/27/2023 8:30,62.01
1/27/2023 8:45,62.01
1/27/2023 9:00,62.02
1/27/2023 9:15,62.02
1/27/2023 9:30,62.02
1/27/2023 9:45,62.03
1/27/2023 10:00,62.03
1/27/2023 10:15,62.04
1/27/2023 10:30,62.04
1/27/2023 10:45,62.05
1/27/2023 11:00,62.05
1/27/2023 11:15,62.05
1/27/2023 11:30,62.05
1/27/2023 11:45,62.05
1/27/2023 12:00,62.05
1/27/2023 12:15,62.05
1/27/2023 12:30,62.05
1/27/2023 12:45,62.05
1/27/2023 13:00,62.05
1/27/2023 13:15,62.05
1/27/2023 13:30,62.05
1/27/2023 13:45,62.05
1/27/2023 14:00,62.05
1/27/2023 14:15,62.05
1/27/2023 14:30,62.05
1/27/2023 14:45,62.05
1/27/2023 15:00,62.05
1/27/2023 15:15,62.06
1/27/2023 15:30,62.06
1/27/2023 15:45,62.06
1/27/2023 16:00,62.06
1/27/2023 16:15,62.06
1/27/2023 16:30,62.06
1/27/2023 16:45,62.06
1/27/2023 17:00,62.06
1/27/2023 17:15,62.06
1/27/2023 17:30,62.06
1/27/2023 17:45,62.06
1/27/2023 18:00,62.06
1/27/2023 18:15,62.06
1/27/2023 18:30,62.06
1/27/2023 18:45,62.06
1/27/2023 19:00,62.06
1/27/2023 19:15,62.06
1/27/2023 19:30,62.06
1/27/2023 19:45,62.06
1/27/2023 20:00,62.06
1/27/2023 20:15,62.06
1/27/2023 20:30,62.06
1/27/2023 20:45,62.06
1/27/2023 21:00,62.06
1/27/2023 21:15,62.06
1/27/2023 21:30,62.06
1/27/2023 21:45,62.06
1/27/2023 22:00,62.06
1/27/2023 22:15,62.07
1/27/2023 22:30,62.07
1/27/2023 22:45,62.07
1/27/2023 23:00,62.07
1/27/2023 23:15,62.07
1/27/2023 23:30,62.07
1/27/2023 23:45,62.08
1/28/2023 0:00,62.08
1/28/2023 0:15,62.08
1/28/2023 0:30,62.09
1/28/2023 0:45,62.09
1/28/2023 1:00,62.1
1/28/2023 1:15,62.1
1/28/2023 1:30,62.1
1/28/2023 1:45,62.11
1/28/2023 2:00,62.11
1/28/2023 2:15,62.11
1/28/2023 2:30,62.12
1/28/2023 2:45,62.12
1/28/2023 3:00,62.13
1/28/2023 3:15,62.13
1/28/2023 3:30,62.13
1/28/2023 3:45,62.14
1/28/2023 4:00,62.14
1/28/2023 4:15,62.15
1/28/2023 4:30,62.15
1/28/2023 4:45,62.15
1/28/2023 5:00,62.16
1/28/2023 5:15,62.16
1/28/2023 5:30,62.16
1/28/2023 5:45,62.17
1/28/2023 6:00,62.17
1/28/2023 6:15,62.18
1/28/2023 6:30,62.18
1/28/2023 6:45,62.18
1/28/2023 7:00,62.19
1/28/2023 7:15,62.19
1/28/2023 7:30,62.2
1/28/2023 7:45,62.2
1/28/2023 8:00,62.2
1/28/2023 8:15,62.21
1/28/2023 8:30,62.21
1/28/2023 8:45,62.21
1/28/2023 9:00,62.22
1/28/2023 9:15,62.22
1/28/2023 9:30,62.23
1/28/2023 9:45,62.23
1/28/2023 10:00,62.23
1/28/2023 10:15,62.24
1/28/2023 10:30,62.24
1/28/2023 10:45,62.25
1/28/2023 11:00,62.25
1/28/2023 11:15,62.25
1/28/2023 11:30,62.26
1/28/2023 11:45,62.26
1/28/2023 12:00,62.26
1/28/2023 12:15,62.26
1/28/2023 12:30,62.26
1/28/2023 12:45,62.26
1/28/2023 13:00,62.26
1/28/2023 13:15,62.26
1/28/2023 13:30,62.26
1/28/2023 13:45,62.26
1/28/2023 14:00,62.26
1/28/2023 14:15,62.26
1/28/2023 14:30,62.26
1/28/2023 14:45,62.26
1/28/2023 15:00,62.26
1/28/2023 15:15,62.26
1/28/2023 15:30,62.26
1/28/2023 15:45,62.26
1/28/2023 16:00,62.26
1/28/2023 16:15,62.26
1/28/2023 16:30,62.26
1/28/2023 16:45,62.26
1/28/2023 17:00,62.26
1/28/2023 17:15,62.26
1/28/2023 17:30,62.26
1/28/2023 17:45,62.26
1/28/2023 18:00,62.26
1/28/2023 18:15,62.26
1/28/2023 18:30,62.26
1/28/2023 18:45,62.26
1/28/2023 19:00,62.26
1/28/2023 19:15,62.26
1/28/2023 19:30,62.26
1/28/2023 19:45,62.26
1/28/2023 20:00,62.26
1/28/2023 20:15,62.26
1/28/2023 20:30,62.26
1/28/2023 20:45,62.26
1/28/2023 21:00,62.26
1/28/2023 21:15,62.26
1/28/2023 21:30,62.26
1/28/2023 21:45,62.26
1/28/2023 22:00,62.26
1/28/2023 22:15,62.25
1/28/2023 22:30,62.25
1/28/2023 22:45,62.25
1/28/2023 23:00,62.25
1/28/2023 23:15,62.25
1/28/2023 23:30,62.25
1/28/2023 23:45,62.25
1/29/2023 0:00,62.25
1/29/2023 0:15,62.25
1/29/2023 0:30,62.25
1/29/2023 0:45,62.25
1/29/2023 1:00,62.25
1/29/2023 1:15,62.25
1/29/2023 1:30,62.25
1/29/2023 1:45,62.25
1/29/2023 2:00,62.25
1/29/2023 2:15,62.25
1/29/2023 2:30,62.25
1/29/2023 2:45,62.25
1/29/2023 3:00,62.25
1/29/2023 3:15,62.24
1/29/2023 3:30,62.24
1/29/2023 3:45,62.24
1/29/2023 4:00,62.24
1/29/2023 4:15,62.24
1/29/2023 4:30,62.24
1/29/2023 4:45,62.24
1/29/2023 5:00,62.24
1/29/2023 5:15,62.24
1/29/2023 5:30,62.24
1/29/2023 5:45,62.24
1/29/2023 6:00,62.24
1/29/2023 6:15,62.24
1/29/2023 6:30,62.24
1/29/2023 6:45,62.24
1/29/2023 7:00,62.24
1/29/2023 7:15,62.24
1/29/2023 7:30,62.24
1/29/2023 7:45,62.24
1/29/2023 8:00,62.24
1/29/2023 8:15,62.23
1/29/2023 8:30,62.23
1/29/2023 8:45,62.23
1/29/2023 9:00,62.23
1/29/2023 9:15,62.23
1/29/2023 9:30,62.23
1/29/2023 9:45,62.23
1/29/2023 10:00,62.23
1/29/2023 10:15,62.23
1/29/2023 10:30,62.23
1/29/2023 10:45,62.23
1/29/2023 11:00,62.23
1/29/2023 11:15,62.23
1/29/2023 11:30,62.23
1/29/2023 11:45,62.23
1/29/2023 12:00,62.23
1/29/2023 12:15,62.23
1/29/2023 12:30,62.23
1/29/2023 12:45,62.23
1/29/2023 13:00,62.23
1/29/2023 13:15,62.23
1/29/2023 13:30,62.23
1/29/2023 13:45,62.23
1/29/2023 14:00,62.23
1/29/2023 14:15,62.23
1/29/2023 14:30,62.23
1/29/2023 14:45,62.23
1/29/2023 15:00,62.23
1/29/2023 15:15,62.23
1/29/2023 15:30,62.23
1/29/2023 15:45,62.23
1/29/2023 16:00,62.23
1/29/2023 16:15,62.23
1/29/2023 16:30,62.23
1/29/2023 16:45,62.23
1/29/2023 17:00,62.23
1/29/2023 17:15,62.23
1/29/2023 17:30,62.23
1/29/2023 17:45,62.23
1/29/2023 18:00,62.23
1/29/2023 18:15,62.23
1/29/2023 18:30,62.23
1/29/2023 18:45,62.23
1/29/2023 19:00,62.23
1/29/2023 19:15,62.23
1/29/2023 19:30,62.23
1/29/2023 19:45,62.23
1/29/2023 20:00,62.23
1/29/2023 20:15,62.23
1/29/2023 20:30,62.23
1/29/2023 20:45,62.23
1/29/2023 21:00,62.23
1/29/2023 21:15,62.22
1/29/2023 21:30,62.22
1/29/2023 21:45,62.22
1/29/2023 22:00,62.22
1/29/2023 22:15,62.22
1/29/2023 22:30,62.22
1/29/2023 22:45,62.22
1/29/2023 23:00,62.22
1/29/2023 23:15,62.22
1/29/2023 23:30,62.22
1/29/2023 23:45,62.22
1/30/2023 0:00,62.22
1/30/2023 0:15,62.22
1/30/2023 0:30,62.22
1/30/2023 0:45,62.22
1/30/2023 1:00,62.22
1/30/2023 1:15,62.22
1/30/2023 1:30,62.22
1/30/2023 1:45,62.22
1/30/2023 2:00,62.22
1/30/2023 2:15,62.22
1/30/2023 2:30,62.22
1/30/2023 2:45,62.22
1/30/2023 3:00,62.22
1/30/2023 3:15,62.22
1/30/2023 3:30,62.22
1/30/2023 3:45,62.22
1/30/2023 4:00,62.22
1/30/2023 4:15,62.22
1/30/2023 4:30,62.22
1/30/2023 4:45,62.22
1/30/2023 5:00,62.22
1/30/2023 5:15,62.22
1/30/2023 5:30,62.22
1/30/2023 5:45,62.22
1/30/2023 6:00,62.22
1/30/2023 6:15,62.22
1/30/2023 6:30,62.22
1/30/2023 6:45,62.22
1/30/2023 7:00,62.22
1/30/2023 7:15,62.22
1/30/2023 7:30,62.22
1/30/2023 7:45,62.22
1/30/2023 8:00,62.22
1/30/2023 8:15,62.22
1/30/2023 8:30,62.22
1/30/2023 8:45,62.22
1/30/2023 9:00,62.22
1/30/2023 9:15,62.22
1/30/2023 9:30,62.22
1/30/2023 9:45,62.22
1/30/2023 10:00,62.22
1/30/2023 10:15,62.22
1/30/2023 10:30,62.22
1/30/2023 10:45,62.22
1/30/2023 11:00,62.22
1/30/2023 11:15,62.22
1/30/2023 11:30,62.22
1/30/2023 11:45,62.22
1/30/2023 12:00,62.22
1/30/2023 12:15,62.22
1/30/2023 12:30,62.22
1/30/2023 12:45,62.23
1/30/2023 13:00,62.23
1/30/2023 13:15,62.23
1/30/2023 13:30,62.23
1/30/2023 13:45,62.23
1/30/2023 14:00,62.23
1/30/2023 14:15,62.23
1/30/2023 14:30,62.23
1/30/2023 14:45,62.23
1/30/2023 15:00,62.23
1/30/2023 15:15,62.23
1/30/2023 15:30,62.23
1/30/2023 15:45,62.23
1/30/2023 16:00,62.23
1/30/2023 16:15,62.23
1/30/2023 16:30,62.23
1/30/2023 16:45,62.23
1/30/2023 17:00,62.23
1/30/2023 17:15,62.23
1/30/2023 17:30,62.23
1/30/2023 17:45,62.23
1/30/2023 18:00,62.23
1/30/2023 18:15,62.23
1/30/2023 18:30,62.23
1/30/2023 18:45,62.23
1/30/2023 19:00,62.23
1/30/2023 19:15,62.23
1/30/2023 19:30,62.23
1/30/2023 19:45,62.23
1/30/2023 20:00,62.23
1/30/2023 20:15,62.23
1/30/2023 20:30,62.23
1/30/2023 20:45,62.23
1/30/2023 21:00,62.23
1/30/2023 21:15,62.23
1/30/2023 21:30,62.23
1/30/2023 21:45,62.23
1/30/2023 22:00,62.23
1/30/2023 22:15,62.23
1/30/2023 22:30,62.23
1/30/2023 22:45,62.23
1/30/2023 23:00,62.23
1/30/2023 23:15,62.23
1/30/2023 23:30,62.23
1/30/2023 23:45,62.23
1/31/2023 0:00,62.23
1/31/2023 0:15,62.23
1/31/2023 0:30,62.23
1/31/2023 0:45,62.23
1/31/2023 1:00,62.23
1/31/2023 1:15,62.23
1/31/2023 1:30,62.23
1/31/2023 1:45,62.23
1/31/2023 2:00,62.23
1/31/2023 2:15,62.23
1/31/2023 2:30,62.23
1/31/2023 2:45,62.23
1/31/2023 3:00,62.23
1/31/2023 3:15,62.23
1/31/2023 3:30,62.23
1/31/2023 3:45,62.23
1/31/2023 4:00,62.23
1/31/2023 4:15,62.23
1/31/2023 4:30,62.23
1/31/2023 4:45,62.23
1/31/2023 5:00,62.23
1/31/2023 5:15,62.23
1/31/2023 5:30,62.23
1/31/2023 5:45,62.23
1/31/2023 6:00,62.23
1/31/2023 6:15,62.23
1/31/2023 6:30,62.23
1/31/2023 6:45,62.24
1/31/2023 7:00,62.24
1/31/2023 7:15,62.24
1/31/2023 7:30,62.24
1/31/2023 7:45,62.24
1/31/2023 8:00,62.24
1/31/2023 8:15,62.24
1/31/2023 8:30,62.24
1/31/2023 8:45,62.24
1/31/2023 9:00,62.24
1/31/2023 9:15,62.24
1/31/2023 9:30,62.24
1/31/2023 9:45,62.24
1/31/2023 10:00,62.24
1/31/2023 10:15,62.24
1/31/2023 10:30,62.24
1/31/2023 10:45,62.24
1/31/2023 11:00,62.24
1/31/2023 11:15,62.24
1/31/2023 11:30,62.24
1/31/2023 11:45,62.24
1/31/2023 12:00,62.24
1/31/2023 12:15,62.24
1/31/2023 12:30,62.24
1/31/2023 12:45,62.24
1/31/2023 13:00,62.24
1/31/2023 13:15,62.24
1/31/2023 13:30,62.24
1/31/2023 13:45,62.24
1/31/2023 14:00,62.24
1/31/2023 14:15,62.24
1/31/2023 14:30,62.24
1/31/2023 14:45,62.24
1/31/2023 15:00,62.24
1/31/2023 15:15,62.24
1/31/2023 15:30,62.24
1/31/2023 15:45,62.24
1/31/2023 16:00,62.24
1/31/2023 16:15,62.24
1/31/2023 16:30,62.24
1/31/2023 16:45,62.24
1/31/2023 17:00,62.24
1/31/2023 17:15,62.24
1/31/2023 17:30,62.24
1/31/2023 17:45,62.24
1/31/2023 18:00,62.24
1/31/2023 18:15,62.24
1/31/2023 18:30,62.24
1/31/2023 18:45,62.24
1/31/2023 19:00,62.24
1/31/2023 19:15,62.24
1/31/2023 19:30,62.24
1/31/2023 19:45,62.24
1/31/2023 20:00,62.24
1/31/2023 20:15,62.24
1/31/2023 20:30,62.24
1/31/2023 20:45,62.24
1/31/2023 21:00,62.24
1/31/2023 21:15,62.24
1/31/2023 21:30,62.24
1/31/2023 21:45,62.24
1/31/2023 22:00,62.24
1/31/2023 22:15,62.24
1/31/2023 22:30,62.24
1/31/2023 22:45,62.24
1/31/2023 23:00,62.24
1/31/2023 23:15,62.24
1/31/2023 23:30,62.24
1/31/2023 23:45,62.24
2/1/2023 0:00,62.24
2/1/2023 0:15,62.24
2/1/2023 0:30,62.24
2/1/2023 0:45,62.24
2/1/2023 1:00,62.24
2/1/2023 1:15,62.24
2/1/2023 1:30,62.24
2/1/2023 1:45,62.24
2/1/2023 2:00,62.24
2/1/2023 2:15,62.24
2/1/2023 2:30,62.24
2/1/2023 2:45,62.24
2/1/2023 3:00,62.24
2/1/2023 3:15,62.24
2/1/2023 3:30,62.24
2/1/2023 3:45,62.24
2/1/2023 4:00,62.24
2/1/2023 4:15,62.24
2/1/2023 4:30,62.25
2/1/2023 4:45,62.25
2/1/2023 5:00,62.25
2/1/2023 5:15,62.25
2/1/2023 5:30,62.25
2/1/2023 5:45,62.25
2/1/2023 6:00,62.25
2/1/2023 6:15,62.25
2/1/2023 6:30,62.25
2/1/2023 6:45,62.25
2/1/2023 7:00,62.25
2/1/2023 7:15,62.25
2/1/2023 7:30,62.25
2/1/2023 7:45,62.25
2/1/2023 8:00,62.25
2/1/2023 8:15,62.25
2/1/2023 8:30,62.25
2/1/2023 8:45,62.25
2/1/2023 9:00,62.25
2/1/2023 9:15,62.25
2/1/2023 9:30,62.25
2/1/2023 9:45,62.25
2/1/2023 10:00,62.25
2/1/2023 10:15,62.25
2/1/2023 10:30,62.25
2/1/2023 10:45,62.25
2/1/2023 11:00,62.25
2/1/2023 11:15,62.25
2/1/2023 11:30,62.25
2/1/2023 11:45,62.25
2/1/2023 12:00,62.25
2/1/2023 12:15,62.25
2/1/2023 12:30,62.25
2/1/2023 12:45,62.25
2/1/2023 13:00,62.25
2/1/2023 13:15,62.25
2/1/2023 13:30,62.25
2/1/2023 13:45,62.25
2/1/2023 14:00,62.25
2/1/2023 14:15,62.25
2/1/2023 14:30,62.25
2/1/2023 14:45,62.25
2/1/2023 15:00,62.25
2/1/2023 15:15,62.25
2/1/2023 15:30,62.25
2/1/2023 15:45,62.25
2/1/2023 16:00,62.25
2/1/2023 16:15,62.25
2/1/2023 16:30,62.25
2/1/2023 16:45,62.25
2/1/2023 17:00,62.25
2/1/2023 17:15,62.25
2/1/2023 17:30,62.25
2/1/2023 17:45,62.25
2/1/2023 18:00,62.25
2/1/2023 18:15,62.25
2/1/2023 18:30,62.25
2/1/2023 18:45,62.25
2/1/2023 19:00,62.25
2/1/2023 19:15,62.25
2/1/2023 19:30,62.25
2/1/2023 19:45,62.25
2/1/2023 20:00,62.25
2/1/2023 20:15,62.25
2/1/2023 20:30,62.25
2/1/2023 20:45,62.25
2/1/2023 21:00,62.25
2/1/2023 21:15,62.25
2/1/2023 21:30,62.25
2/1/2023 21:45,62.25
2/1/2023 22:00,62.25
2/1/2023 22:15,62.25
2/1/2023 22:30,62.25
2/1/2023 22:45,62.25
2/1/2023 23:00,62.25
2/1/2023 23:15,62.25
2/1/2023 23:30,62.25
2/1/2023 23:45,62.24
2/2/2023 0:00,62.24
2/2/2023 0:15,62.24
2/2/2023 0:30,62.24
2/2/2023 0:45,62.24
2/2/2023 1:00,62.24
2/2/2023 1:15,62.24
2/2/2023 1:30,62.24
2/2/2023 1:45,62.24
2/2/2023 2:00,62.24
2/2/2023 2:15,62.24
2/2/2023 2:30,62.24
2/2/2023 2:45,62.24
2/2/2023 3:00,62.24
2/2/2023 3:15,62.23
2/2/2023 3:30,62.23
2/2/2023 3:45,62.23
2/2/2023 4:00,62.23
2/2/2023 4:15,62.23
2/2/2023 4:30,62.23
2/2/2023 4:45,62.23
2/2/2023 5:00,62.23
2/2/2023 5:15,62.23
2/2/2023 5:30,62.23
2/2/2023 5:45,62.23
2/2/2023 6:00,62.23
2/2/2023 6:15,62.23
2/2/2023 6:30,62.23
2/2/2023 6:45,62.23
2/2/2023 7:00,62.22
2/2/2023 7:15,62.22
2/2/2023 7:30,62.22
2/2/2023 7:45,62.22
2/2/2023 8:00,62.22
2/2/2023 8:15,62.22
2/2/2023 8:30,62.22
2/2/2023 8:45,62.22
2/2/2023 9:00,62.22
2/2/2023 9:15,62.22
2/2/2023 9:30,62.22
2/2/2023 9:45,62.22
2/2/2023 10:00,62.22
2/2/2023 10:15,62.22
2/2/2023 10:30,62.21
2/2/2023 10:45,62.21
2/2/2023 11:00,62.21
2/2/2023 11:15,62.21
2/2/2023 11:30,62.21
2/2/2023 11:45,62.21
2/2/2023 12:00,62.21
2/2/2023 12:15,62.21
2/2/2023 12:30,62.21
2/2/2023 12:45,62.21
2/2/2023 13:00,62.21
2/2/2023 13:15,62.21
2/2/2023 13:30,62.21
2/2/2023 13:45,62.21
2/2/2023 14:00,62.21
2/2/2023 14:15,62.21
2/2/2023 14:30,62.21
2/2/2023 14:45,62.21
2/2/2023 15:00,62.21
2/2/2023 15:15,62.21
2/2/2023 15:30,62.21
2/2/2023 15:45,62.21
2/2/2023 16:00,62.21
2/2/2023 16:15,62.21
2/2/2023 16:30,62.21
2/2/2023 16:45,62.21
2/2/2023 17:00,62.21
2/2/2023 17:15,62.21
2/2/2023 17:30,62.21
2/2/2023 17:45,62.21
2/2/2023 18:00,62.21
2/2/2023 18:15,62.21
2/2/2023 18:30,62.21
2/2/2023 18:45,62.21
2/2/2023 19:00,62.21
2/2/2023 19:15,62.21
2/2/2023 19:30,62.21
2/2/2023 19:45,62.21
2/2/2023 20:00,62.21
2/2/2023 20:15,62.21
2/2/2023 20:30,62.21
2/2/2023 20:45,62.21
2/2/2023 21:00,62.21
2/2/2023 21:15,62.21
2/2/2023 21:30,62.21
2/2/2023 21:45,62.21
2/2/2023 22:00,62.21
2/2/2023 22:15,62.21
2/2/2023 22:30,62.21
2/2/2023 22:45,62.21
2/2/2023 23:00,62.21
2/2/2023 23:15,62.21
2/2/2023 23:30,62.21
2/2/2023 23:45,62.21
2/3/2023 0:00,62.21
2/3/2023 0:15,62.21
2/3/2023 0:30,62.21
2/3/2023 0:45,62.21
2/3/2023 1:00,62.21
2/3/2023 1:15,62.21
2/3/2023 1:30,62.21
2/3/2023 1:45,62.21
2/3/2023 2:00,62.21
2/3/2023 2:15,62.21
2/3/2023 2:30,62.21
2/3/2023 2:45,62.21
2/3/2023 3:00,62.21
2/3/2023 3:15,62.21
2/3/2023 3:30,62.21
2/3/2023 3:45,62.21
2/3/2023 4:00,62.21
2/3/2023 4:15,62.21
2/3/2023 4:30,62.21
2/3/2023 4:45,62.21
2/3/2023 5:00,62.21
2/3/2023 5:15,62.21
2/3/2023 5:30,62.21
2/3/2023 5:45,62.21
2/3/2023 6:00,62.21
2/3/2023 6:15,62.21
2/3/2023 6:30,62.21
2/3/2023 6:45,62.21
2/3/2023 7:00,62.21
2/3/2023 7:15,62.22
2/3/2023 7:30,62.22
2/3/2023 7:45,62.22
2/3/2023 8:00,62.22
2/3/2023 8:15,62.22
2/3/2023 8:30,62.22
2/3/2023 8:45,62.22
2/3/2023 9:00,62.22
2/3/2023 9:15,62.22
2/3/2023 9:30,62.22
2/3/2023 9:45,62.22
2/3/2023 10:00,62.22
2/3/2023 10:15,62.22
2/3/2023 10:30,62.22
2/3/2023 10:45,62.22
2/3/2023 11:00,62.22
2/3/2023 11:15,62.22
2/3/2023 11:30,62.22
2/3/2023 11:45,62.22
2/3/2023 12:00,62.22
2/3/2023 12:15,62.22
2/3/2023 12:30,62.22
2/3/2023 12:45,62.22
2/3/2023 13:00,62.22
2/3/2023 13:15,62.22
2/3/2023 13:30,62.22
2/3/2023 13:45,62.22
2/3/2023 14:00,62.22
2/3/2023 14:15,62.22
2/3/2023 14:30,62.22
2/3/2023 14:45,62.22
2/3/2023 15:00,62.22
2/3/2023 15:15,62.22
2/3/2023 15:30,62.22
2/3/2023 15:45,62.22
2/3/2023 16:00,62.21
2/3/2023 16:15,62.21
2/3/2023 16:30,62.21
2/3/2023 16:45,62.21
2/3/2023 17:00,62.21
2/3/2023 17:15,62.21
2/3/2023 17:30,62.21
2/3/2023 17:45,62.21
2/3/2023 18:00,62.21
2/3/2023 18:15,62.21
2/3/2023 18:30,62.21
2/3/2023 18:45,62.21
2/3/2023 19:00,62.21
2/3/2023 19:15,62.21
2/3/2023 19:30,62.21
2/3/2023 19:45,62.21
2/3/2023 20:00,62.21
2/3/2023 20:15,62.21
2/3/2023 20:30,62.21
2/3/2023 20:45,62.21
2/3/2023 21:00,62.21
2/3/2023 21:15,62.21
2/3/2023 21:30,62.21
2/3/2023 21:45,62.21
2/3/2023 22:00,62.21
2/3/2023 22:15,62.21
2/3/2023 22:30,62.21
2/3/2023 22:45,62.21
2/3/2023 23:00,62.21
2/3/2023 23:15,62.21
2/3/2023 23:30,62.21
2/3/2023 23:45,62.21
2/4/2023 0:00,62.21
2/4/2023 0:15,62.21
2/4/2023 0:30,62.21
2/4/2023 0:45,62.21
2/4/2023 1:00,62.21
2/4/2023 1:15,62.21
2/4/2023 1:30,62.21
2/4/2023 1:45,62.21
2/4/2023 2:00,62.21
2/4/2023 2:15,62.21
2/4/2023 2:30,62.21
2/4/2023 2:45,62.21
2/4/2023 3:00,62.21
2/4/2023 3:15,62.21
2/4/2023 3:30,62.21
2/4/2023 3:45,62.21
2/4/2023 4:00,62.21
2/4/2023 4:15,62.21
2/4/2023 4:30,62.21
2/4/2023 4:45,62.21
2/4/2023 5:00,62.21
2/4/2023 5:15,62.21
2/4/2023 5:30,62.21
2/4/2023 5:45,62.21
2/4/2023 6:00,62.21
2/4/2023 6:15,62.21
2/4/2023 6:30,62.21
2/4/2023 6:45,62.21
2/4/2023 7:00,62.21
2/4/2023 7:15,62.21
2/4/2023 7:30,62.21
2/4/2023 7:45,62.21
2/4/2023 8:00,62.21
2/4/2023 8:15,62.21
2/4/2023 8:30,62.21
2/4/2023 8:45,62.21
2/4/2023 9:00,62.21
2/4/2023 9:15,62.21
2/4/2023 9:30,62.21
2/4/2023 9:45,62.21
2/4/2023 10:00,62.21
2/4/2023 10:15,62.21
2/4/2023 10:30,62.21
2/4/2023 10:45,62.21
2/4/2023 11:00,62.21
2/4/2023 11:15,62.21
2/4/2023 11:30,62.21
2/4/2023 11:45,62.21
2/4/2023 12:00,62.21
2/4/2023 12:15,62.21
2/4/2023 12:30,62.21
2/4/2023 12:45,62.21
2/4/2023 13:00,62.21
2/4/2023 13:15,62.21
2/4/2023 13:30,62.21
2/4/2023 13:45,62.21
2/4/2023 14:00,62.21
2/4/2023 14:15,62.21
2/4/2023 14:30,62.21
2/4/2023 14:45,62.21
2/4/2023 15:00,62.21
2/4/2023 15:15,62.21
2/4/2023 15:30,62.21
2/4/2023 15:45,62.21
2/4/2023 16:00,62.21
2/4/2023 16:15,62.21
2/4/2023 16:30,62.21
2/4/2023 16:45,62.21
2/4/2023 17:00,62.21
2/4/2023 17:15,62.21
2/4/2023 17:30,62.21
2/4/2023 17:45,62.21
2/4/2023 18:00,62.21
2/4/2023 18:15,62.21
2/4/2023 18:30,62.21
2/4/2023 18:45,62.21
2/4/2023 19:00,62.21
2/4/2023 19:15,62.21
2/4/2023 19:30,62.21
2/4/2023 19:45,62.21
2/4/2023 20:00,62.21
2/4/2023 20:15,62.21
2/4/2023 20:30,62.21
2/4/2023 20:45,62.21
2/4/2023 21:00,62.21
2/4/2023 21:15,62.21
2/4/2023 21:30,62.21
2/4/2023 21:45,62.21
2/4/2023 22:00,62.21
2/4/2023 22:15,62.21
2/4/2023 22:30,62.21
2/4/2023 22:45,62.21
2/4/2023 23:00,62.21
2/4/2023 23:15,62.22
2/4/2023 23:30,62.22
2/4/2023 23:45,62.22
2/5/2023 0:00,62.22
2/5/2023 0:15,62.22
2/5/2023 0:30,62.22
2/5/2023 0:45,62.22
2/5/2023 1:00,62.22
2/5/2023 1:15,62.22
2/5/2023 1:30,62.22
2/5/2023 1:45,62.22
2/5/2023 2:00,62.22
2/5/2023 2:15,62.22
2/5/2023 2:30,62.22
2/5/2023 2:45,62.22
2/5/2023 3:00,62.22
2/5/2023 3:15,62.22
2/5/2023 3:30,62.22
2/5/2023 3:45,62.22
2/5/2023 4:00,62.22
2/5/2023 4:15,62.22
2/5/2023 4:30,62.22
2/5/2023 4:45,62.22
2/5/2023 5:00,62.22
2/5/2023 5:15,62.22
2/5/2023 5:30,62.22
2/5/2023 5:45,62.22
2/5/2023 6:00,62.22
2/5/2023 6:15,62.22
2/5/2023 6:30,62.22
2/5/2023 6:45,62.22
2/5/2023 7:00,62.22
2/5/2023 7:15,62.22
2/5/2023 7:30,62.22
2/5/2023 7:45,62.22
2/5/2023 8:00,62.22
2/5/2023 8:15,62.22
2/5/2023 8:30,62.22
2/5/2023 8:45,62.22
2/5/2023 9:00,62.22
2/5/2023 9:15,62.22
2/5/2023 9:30,62.22
2/5/2023 9:45,62.22
2/5/2023 10:00,62.22
2/5/2023 10:15,62.22
2/5/2023 10:30,62.22
2/5/2023 10:45,62.22
2/5/2023 11:00,62.22
2/5/2023 11:15,62.22
2/5/2023 11:30,62.22
2/5/2023 11:45,62.22
2/5/2023 12:00,62.22
2/5/2023 12:15,62.22
2/5/2023 12:30,62.22
2/5/2023 12:45,62.22
2/5/2023 13:00,62.22
2/5/2023 13:15,62.22
2/5/2023 13:30,62.22
2/5/2023 13:45,62.22
2/5/2023 14:00,62.22
2/5/2023 14:15,62.22
2/5/2023 14:30,62.22
2/5/2023 14:45,62.22
2/5/2023 15:00,62.22
2/5/2023 15:15,62.22
2/5/2023 15:30,62.22
2/5/2023 15:45,62.22
2/5/2023 16:00,62.22
2/5/2023 16:15,62.22
2/5/2023 16:30,62.22
2/5/2023 16:45,62.22
2/5/2023 17:00,62.22
2/5/2023 17:15,62.22
2/5/2023 17:30,62.22
2/5/2023 17:45,62.22
2/5/2023 18:00,62.22
2/5/2023 18:15,62.22
2/5/2023 18:30,62.22
2/5/2023 18:45,62.22
2/5/2023 19:00,62.22
2/5/2023 19:15,62.22
2/5/2023 19:30,62.23
2/5/2023 19:45,62.23
2/5/2023 20:00,62.23
2/5/2023 20:15,62.23
2/5/2023 20:30,62.23
2/5/2023 20:45,62.23
2/5/2023 21:00,62.23
2/5/2023 21:15,62.23
2/5/2023 21:30,62.23
2/5/2023 21:45,62.23
2/5/2023 22:00,62.23
2/5/2023 22:15,62.23
2/5/2023 22:30,62.23
2/5/2023 22:45,62.23
2/5/2023 23:00,62.23
2/5/2023 23:15,62.23
2/5/2023 23:30,62.23
2/5/2023 23:45,62.23
2/6/2023 0:00,62.23
2/6/2023 0:15,62.23
2/6/2023 0:30,62.23
2/6/2023 0:45,62.23
2/6/2023 1:00,62.23
2/6/2023 1:15,62.23
2/6/2023 1:30,62.23
2/6/2023 1:45,62.23
2/6/2023 2:00,62.23
2/6/2023 2:15,62.23
2/6/2023 2:30,62.23
2/6/2023 2:45,62.23
2/6/2023 3:00,62.23
2/6/2023 3:15,62.23
2/6/2023 3:30,62.23
2/6/2023 3:45,62.23
2/6/2023 4:00,62.23
2/6/2023 4:15,62.23
2/6/2023 4:30,62.23
2/6/2023 4:45,62.23
2/6/2023 5:00,62.23
2/6/2023 5:15,62.23
2/6/2023 5:30,62.23
2/6/2023 5:45,62.23
2/6/2023 6:00,62.23
2/6/2023 6:15,62.23
2/6/2023 6:30,62.23
2/6/2023 6:45,62.23
2/6/2023 7:00,62.23
2/6/2023 7:15,62.23
2/6/2023 7:30,62.23
2/6/2023 7:45,62.23
2/6/2023 8:00,62.23
2/6/2023 8:15,62.23
2/6/2023 8:30,62.23
2/6/2023 8:45,62.23
2/6/2023 9:00,62.23
2/6/2023 9:15,62.23
2/6/2023 9:30,62.23
2/6/2023 9:45,62.23
2/6/2023 10:00,62.23
2/6/2023 10:15,62.23
2/6/2023 10:30,62.23
2/6/2023 10:45,62.23
2/6/2023 11:00,62.23
2/6/2023 11:15,62.23
2/6/2023 11:30,62.23
2/6/2023 11:45,62.23
2/6/2023 12:00,62.23
2/6/2023 12:15,62.23
2/6/2023 12:30,62.23
2/6/2023 12:45,62.23
2/6/2023 13:00,62.23
2/6/2023 13:15,62.23
2/6/2023 13:30,62.23
2/6/2023 13:45,62.23
2/6/2023 14:00,62.23
2/6/2023 14:15,62.23
2/6/2023 14:30,62.23
2/6/2023 14:45,62.23
2/6/2023 15:00,62.23
2/6/2023 15:15,62.23
2/6/2023 15:30,62.23
2/6/2023 15:45,62.23
2/6/2023 16:00,62.23
2/6/2023 16:15,62.23
2/6/2023 16:30,62.23
2/6/2023 16:45,62.23
2/6/2023 17:00,62.23
2/6/2023 17:15,62.23
2/6/2023 17:30,62.23
2/6/2023 17:45,62.23
2/6/2023 18:00,62.23
2/6/2023 18:15,62.23
2/6/2023 18:30,62.23
2/6/2023 18:45,62.23
2/6/2023 19:00,62.23
2/6/2023 19:15,62.23
2/6/2023 19:30,62.23
2/6/2023 19:45,62.23
2/6/2023 20:00,62.23
2/6/2023 20:15,62.23
2/6/2023 20:30,62.23
2/6/2023 20:45,62.23
2/6/2023 21:00,62.23
2/6/2023 21:15,62.23
2/6/2023 21:30,62.23
2/6/2023 21:45,62.23
2/6/2023 22:00,62.23
2/6/2023 22:15,62.23
2/6/2023 22:30,62.22
2/6/2023 22:45,62.22
2/6/2023 23:00,62.22
2/6/2023 23:15,62.22
2/6/2023 23:30,62.22
2/6/2023 23:45,62.22
2/7/2023 0:00,62.22
2/7/2023 0:15,62.22
2/7/2023 0:30,62.22
2/7/2023 0:45,62.22
2/7/2023 1:00,62.22
2/7/2023 1:15,62.22
2/7/2023 1:30,62.22
2/7/2023 1:45,62.22
2/7/2023 2:00,62.22
2/7/2023 2:15,62.22
2/7/2023 2:30,62.22
2/7/2023 2:45,62.22
2/7/2023 3:00,62.22
2/7/2023 3:15,62.22
2/7/2023 3:30,62.22
2/7/2023 3:45,62.22
2/7/2023 4:00,62.22
2/7/2023 4:15,62.22
2/7/2023 4:30,62.22
2/7/2023 4:45,62.22
2/7/2023 5:00,62.22
2/7/2023 5:15,62.22
2/7/2023 5:30,62.22
2/7/2023 5:45,62.22
2/7/2023 6:00,62.22
2/7/2023 6:15,62.23
2/7/2023 6:30,62.23
2/7/2023 6:45,62.23
2/7/2023 7:00,62.23
2/7/2023 7:15,62.23
2/7/2023 7:30,62.23
2/7/2023 7:45,62.23
2/7/2023 8:00,62.23
2/7/2023 8:15,62.23
2/7/2023 8:30,62.23
2/7/2023 8:45,62.23
2/7/2023 9:00,62.23
2/7/2023 9:15,62.23
2/7/2023 9:30,62.23
2/7/2023 9:45,62.24
2/7/2023 10:00,62.24
2/7/2023 10:15,62.24
2/7/2023 10:30,62.24
2/7/2023 10:45,62.24
2/7/2023 11:00,62.24
2/7/2023 11:15,62.24
2/7/2023 11:30,62.24
2/7/2023 11:45,62.24
2/7/2023 12:00,62.24
2/7/2023 12:15,62.24
2/7/2023 12:30,62.24
2/7/2023 12:45,62.24
2/7/2023 13:00,62.24
2/7/2023 13:15,62.24
2/7/2023 13:30,62.25
2/7/2023 13:45,62.25
2/7/2023 14:00,62.25
2/7/2023 14:15,62.25
2/7/2023 14:30,62.25
2/7/2023 14:45,62.25
2/7/2023 15:00,62.25
2/7/2023 15:15,62.25
2/7/2023 15:30,62.25
2/7/2023 15:45,62.25
2/7/2023 16:00,62.25
2/7/2023 16:15,62.25
2/7/2023 16:30,62.25
2/7/2023 16:45,62.25
2/7/2023 17:00,62.25
2/7/2023 17:15,62.25
2/7/2023 17:30,62.25
2/7/2023 17:45,62.25
2/7/2023 18:00,62.25
2/7/2023 18:15,62.25
2/7/2023 18:30,62.25
2/7/2023 18:45,62.25
2/7/2023 19:00,62.25
2/7/2023 19:15,62.25
2/7/2023 19:30,62.25
2/7/2023 19:45,62.25
2/7/2023 20:00,62.25
2/7/2023 20:15,62.25
2/7/2023 20:30,62.25
2/7/2023 20:45,62.25
2/7/2023 21:00,62.25
2/7/2023 21:15,62.25
2/7/2023 21:30,62.25
2/7/2023 21:45,62.25
2/7/2023 22:00,62.25
2/7/2023 22:15,62.25
2/7/2023 22:30,62.25
2/7/2023 22:45,62.25
2/7/2023 23:00,62.25
2/7/2023 23:15,62.25
2/7/2023 23:30,62.25
2/7/2023 23:45,62.25
2/8/2023 0:00,62.25
2/8/2023 0:15,62.25
2/8/2023 0:30,62.25
2/8/2023 0:45,62.25
2/8/2023 1:00,62.25
2/8/2023 1:15,62.26
2/8/2023 1:30,62.26
2/8/2023 1:45,62.26
2/8/2023 2:00,62.26
2/8/2023 2:15,62.26
2/8/2023 2:30,62.26
2/8/2023 2:45,62.26
2/8/2023 3:00,62.26
2/8/2023 3:15,62.26
2/8/2023 3:30,62.26
2/8/2023 3:45,62.26
2/8/2023 4:00,62.26
2/8/2023 4:15,62.26
2/8/2023 4:30,62.26
2/8/2023 4:45,62.26
2/8/2023 5:00,62.26
2/8/2023 5:15,62.26
2/8/2023 5:30,62.26
2/8/2023 5:45,62.26
2/8/2023 6:00,62.26
2/8/2023 6:15,62.26
2/8/2023 6:30,62.26
2/8/2023 6:45,62.26
2/8/2023 7:00,62.26
2/8/2023 7:15,62.27
2/8/2023 7:30,62.27
2/8/2023 7:45,62.27
2/8/2023 8:00,62.27
2/8/2023 8:15,62.27
2/8/2023 8:30,62.27
2/8/2023 8:45,62.27
2/8/2023 9:00,62.27
2/8/2023 9:15,62.27
2/8/2023 9:30,62.27
2/8/2023 9:45,62.27
2/8/2023 10:00,62.27
2/8/2023 10:15,62.27
2/8/2023 10:30,62.27
2/8/2023 10:45,62.27
2/8/2023 11:00,62.27
2/8/2023 11:15,62.27
2/8/2023 11:30,62.27
2/8/2023 11:45,62.27
2/8/2023 12:00,62.27
2/8/2023 12:15,62.27
2/8/2023 12:30,62.27
2/8/2023 12:45,62.27
2/8/2023 13:00,62.27
2/8/2023 13:15,62.27
2/8/2023 13:30,62.27
2/8/2023 13:45,62.27
2/8/2023 14:00,62.27
2/8/2023 14:15,62.27
2/8/2023 14:30,62.27
2/8/2023 14:45,62.27
2/8/2023 15:00,62.27
2/8/2023 15:15,62.27
2/8/2023 15:30,62.27
2/8/2023 15:45,62.27
2/8/2023 16:00,62.27
2/8/2023 16:15,62.27
2/8/2023 16:30,62.27
2/8/2023 16:45,62.27
2/8/2023 17:00,62.27
2/8/2023 17:15,62.27
2/8/2023 17:30,62.27
2/8/2023 17:45,62.27
2/8/2023 18:00,62.27
2/8/2023 18:15,62.26
2/8/2023 18:30,62.26
2/8/2023 18:45,62.26
2/8/2023 19:00,62.26
2/8/2023 19:15,62.26
2/8/2023 19:30,62.26
2/8/2023 19:45,62.26
2/8/2023 20:00,62.26
2/8/2023 20:15,62.26
2/8/2023 20:30,62.26
2/8/2023 20:45,62.26
2/8/2023 21:00,62.26
2/8/2023 21:15,62.26
2/8/2023 21:30,62.26
2/8/2023 21:45,62.26
2/8/2023 22:00,62.26
2/8/2023 22:15,62.26
2/8/2023 22:30,62.26
2/8/2023 22:45,62.26
2/8/2023 23:00,62.26
2/8/2023 23:15,62.26
2/8/2023 23:30,62.26
2/8/2023 23:45,62.26
2/9/2023 0:00,62.26
2/9/2023 0:15,62.26
2/9/2023 0:30,62.26
2/9/2023 0:45,62.26
2/9/2023 1:00,62.26
2/9/2023 1:15,62.26
2/9/2023 1:30,62.26
2/9/2023 1:45,62.26
2/9/2023 2:00,62.26
2/9/2023 2:15,62.26
2/9/2023 2:30,62.26
2/9/2023 2:45,62.26
2/9/2023 3:00,62.26
2/9/2023 3:15,62.26
2/9/2023 3:30,62.26
2/9/2023 3:45,62.26
2/9/2023 4:00,62.26
2/9/2023 4:15,62.26
2/9/2023 4:30,62.26
2/9/2023 4:45,62.26
2/9/2023 5:00,62.26
2/9/2023 5:15,62.26
2/9/2023 5:30,62.26
2/9/2023 5:45,62.26
2/9/2023 6:00,62.26
2/9/2023 6:15,62.26
2/9/2023 6:30,62.26
2/9/2023 6:45,62.26
2/9/2023 7:00,62.26
2/9/2023 7:15,62.27
2/9/2023 7:30,62.27
2/9/2023 7:45,62.27
2/9/2023 8:00,62.27
2/9/2023 8:15,62.27
2/9/2023 8:30,62.27
2/9/2023 8:45,62.27
2/9/2023 9:00,62.27
2/9/2023 9:15,62.27
2/9/2023 9:30,62.27
2/9/2023 9:45,62.27
2/9/2023 10:00,62.27
2/9/2023 10:15,62.27
2/9/2023 10:30,62.27
2/9/2023 10:45,62.27
2/9/2023 11:00,62.27
2/9/2023 11:15,62.27
2/9/2023 11:30,62.27
2/9/2023 11:45,62.27
2/9/2023 12:00,62.27
2/9/2023 12:15,62.27
2/9/2023 12:30,62.27
2/9/2023 12:45,62.27
2/9/2023 13:00,62.27
2/9/2023 13:15,62.27
2/9/2023 13:30,62.27
2/9/2023 13:45,62.27
2/9/2023 14:00,62.27
2/9/2023 14:15,62.27
2/9/2023 14:30,62.27
2/9/2023 14:45,62.27
2/9/2023 15:00,62.27
2/9/2023 15:15,62.27
2/9/2023 15:30,62.27
2/9/2023 15:45,62.27
2/9/2023 16:00,62.27
2/9/2023 16:15,62.27
2/9/2023 16:30,62.27
2/9/2023 16:45,62.27
2/9/2023 17:00,62.27
2/9/2023 17:15,62.27
2/9/2023 17:30,62.27
2/9/2023 17:45,62.27
2/9/2023 18:00,62.27
2/9/2023 18:15,62.27
2/9/2023 18:30,62.27
2/9/2023 18:45,62.27
2/9/2023 19:00,62.27
2/9/2023 19:15,62.27
2/9/2023 19:30,62.27
2/9/2023 19:45,62.27
2/9/2023 20:00,62.27
2/9/2023 20:15,62.27
2/9/2023 20:30,62.27
2/9/2023 20:45,62.27
2/9/2023 21:00,62.27
2/9/2023 21:15,62.27
2/9/2023 21:30,62.27
2/9/2023 21:45,62.27
2/9/2023 22:00,62.27
2/9/2023 22:15,62.26
2/9/2023 22:30,62.26
2/9/2023 22:45,62.26
2/9/2023 23:00,62.26
2/9/2023 23:15,62.26
2/9/2023 23:30,62.26
2/9/2023 23:45,62.26
2/10/2023 0:00,62.26
2/10/2023 0:15,62.26
2/10/2023 0:30,62.25
2/10/2023 0:45,62.25
2/10/2023 1:00,62.25
2/10/2023 1:15,62.25
2/10/2023 1:30,62.25
2/10/2023 1:45,62.25
2/10/2023 2:00,62.25
2/10/2023 2:15,62.25
2/10/2023 2:30,62.25
2/10/2023 2:45,62.24
2/10/2023 3:00,62.24
2/10/2023 3:15,62.24
2/10/2023 3:30,62.24
2/10/2023 3:45,62.24
2/10/2023 4:00,62.24
2/10/2023 4:15,62.24
2/10/2023 4:30,62.24
2/10/2023 4:45,62.24
2/10/2023 5:00,62.23
2/10/2023 5:15,62.23
2/10/2023 5:30,62.23
2/10/2023 5:45,62.23
2/10/2023 6:00,62.23
2/10/2023 6:15,62.23
2/10/2023 6:30,62.23
2/10/2023 6:45,62.23
2/10/2023 7:00,62.23
2/10/2023 7:15,62.23
2/10/2023 7:30,62.22
2/10/2023 7:45,62.22
2/10/2023 8:00,62.22
2/10/2023 8:15,62.22
2/10/2023 8:30,62.22
2/10/2023 8:45,62.22
2/10/2023 9:00,62.22
2/10/2023 9:15,62.22
2/10/2023 9:30,62.22
2/10/2023 9:45,62.21
2/10/2023 10:00,62.21
2/10/2023 10:15,62.21
2/10/2023 10:30,62.21
2/10/2023 10:45,62.21
2/10/2023 11:00,62.21
2/10/2023 11:15,62.21
2/10/2023 11:30,62.21
2/10/2023 11:45,62.21
2/10/2023 12:00,62.2
2/10/2023 12:15,62.2
2/10/2023 12:30,62.2
2/10/2023 12:45,62.2
2/10/2023 13:00,62.2
2/10/2023 13:15,62.2
2/10/2023 13:30,62.2
2/10/2023 13:45,62.2
2/10/2023 14:00,62.2
2/10/2023 14:15,62.2
2/10/2023 14:30,62.2
2/10/2023 14:45,62.2
2/10/2023 15:00,62.2
2/10/2023 15:15,62.2
2/10/2023 15:30,62.2
2/10/2023 15:45,62.2
2/10/2023 16:00,62.2
2/10/2023 16:15,62.2
2/10/2023 16:30,62.2
2/10/2023 16:45,62.2
2/10/2023 17:00,62.2
2/10/2023 17:15,62.2
2/10/2023 17:30,62.2
2/10/2023 17:45,62.2
2/10/2023 18:00,62.2
2/10/2023 18:15,62.2
2/10/2023 18:30,62.2
2/10/2023 18:45,62.2
2/10/2023 19:00,62.2
2/10/2023 19:15,62.2
2/10/2023 19:30,62.2
2/10/2023 19:45,62.2
2/10/2023 20:00,62.2
2/10/2023 20:15,62.2
2/10/2023 20:30,62.2
2/10/2023 20:45,62.2
2/10/2023 21:00,62.2
2/10/2023 21:15,62.2
2/10/2023 21:30,62.2
2/10/2023 21:45,62.2
2/10/2023 22:00,62.2
2/10/2023 22:15,62.2
2/10/2023 22:30,62.2
2/10/2023 22:45,62.2
2/10/2023 23:00,62.2
2/10/2023 23:15,62.2
2/10/2023 23:30,62.21
2/10/2023 23:45,62.21
2/11/2023 0:00,62.21
2/11/2023 0:15,62.21
2/11/2023 0:30,62.21
2/11/2023 0:45,62.21
2/11/2023 1:00,62.21
2/11/2023 1:15,62.21
2/11/2023 1:30,62.21
2/11/2023 1:45,62.21
2/11/2023 2:00,62.21
2/11/2023 2:15,62.22
2/11/2023 2:30,62.22
2/11/2023 2:45,62.22
2/11/2023 3:00,62.22
2/11/2023 3:15,62.22
2/11/2023 3:30,62.22
2/11/2023 3:45,62.22
2/11/2023 4:00,62.22
2/11/2023 4:15,62.22
2/11/2023 4:30,62.22
2/11/2023 4:45,62.22
2/11/2023 5:00,62.23
2/11/2023 5:15,62.23
2/11/2023 5:30,62.23
2/11/2023 5:45,62.23
2/11/2023 6:00,62.23
2/11/2023 6:15,62.23
2/11/2023 6:30,62.23
2/11/2023 6:45,62.23
2/11/2023 7:00,62.23
2/11/2023 7:15,62.23
2/11/2023 7:30,62.23
2/11/2023 7:45,62.23
2/11/2023 8:00,62.24
2/11/2023 8:15,62.24
2/11/2023 8:30,62.24
2/11/2023 8:45,62.24
2/11/2023 9:00,62.24
2/11/2023 9:15,62.24
2/11/2023 9:30,62.24
2/11/2023 9:45,62.24
2/11/2023 10:00,62.24
2/11/2023 10:15,62.24
2/11/2023 10:30,62.24
2/11/2023 10:45,62.25
2/11/2023 11:00,62.25
2/11/2023 11:15,62.25
2/11/2023 11:30,62.25
2/11/2023 11:45,62.25
2/11/2023 12:00,62.25
2/11/2023 12:15,62.25
2/11/2023 12:30,62.25
2/11/2023 12:45,62.25
2/11/2023 13:00,62.25
2/11/2023 13:15,62.25
2/11/2023 13:30,62.25
2/11/2023 13:45,62.25
2/11/2023 14:00,62.25
2/11/2023 14:15,62.25
2/11/2023 14:30,62.25
2/11/2023 14:45,62.25
2/11/2023 15:00,62.25
2/11/2023 15:15,62.25
2/11/2023 15:30,62.25
2/11/2023 15:45,62.25
2/11/2023 16:00,62.25
2/11/2023 16:15,62.25
2/11/2023 16:30,62.25
2/11/2023 16:45,62.25
2/11/2023 17:00,62.25
2/11/2023 17:15,62.25
2/11/2023 17:30,62.26
2/11/2023 17:45,62.26
2/11/2023 18:00,62.26
2/11/2023 18:15,62.26
2/11/2023 18:30,62.26
2/11/2023 18:45,62.26
2/11/2023 19:00,62.26
2/11/2023 19:15,62.26
2/11/2023 19:30,62.26
2/11/2023 19:45,62.26
2/11/2023 20:00,62.26
2/11/2023 20:15,62.26
2/11/2023 20:30,62.26
2/11/2023 20:45,62.26
2/11/2023 21:00,62.26
2/11/2023 21:15,62.26
2/11/2023 21:30,62.26
2/11/2023 21:45,62.26
2/11/2023 22:00,62.26
2/11/2023 22:15,62.27
2/11/2023 22:30,62.27
2/11/2023 22:45,62.27
2/11/2023 23:00,62.27
2/11/2023 23:15,62.27
2/11/2023 23:30,62.27
2/11/2023 23:45,62.27
2/12/2023 0:00,62.27
2/12/2023 0:15,62.27
2/12/2023 0:30,62.27
2/12/2023 0:45,62.27
2/12/2023 1:00,62.27
2/12/2023 1:15,62.28
2/12/2023 1:30,62.28
2/12/2023 1:45,62.28
2/12/2023 2:00,62.28
2/12/2023 2:15,62.28
2/12/2023 2:30,62.28
2/12/2023 2:45,62.28
2/12/2023 3:00,62.28
2/12/2023 3:15,62.28
2/12/2023 3:30,62.28
2/12/2023 3:45,62.29
2/12/2023 4:00,62.29
2/12/2023 4:15,62.29
2/12/2023 4:30,62.29
2/12/2023 4:45,62.29
2/12/2023 5:00,62.29
2/12/2023 5:15,62.29
2/12/2023 5:30,62.29
2/12/2023 5:45,62.29
2/12/2023 6:00,62.29
2/12/2023 6:15,62.29
2/12/2023 6:30,62.29
2/12/2023 6:45,62.29
2/12/2023 7:00,62.29
2/12/2023 7:15,62.29
2/12/2023 7:30,62.3
2/12/2023 7:45,62.3
2/12/2023 8:00,62.3
2/12/2023 8:15,62.3
2/12/2023 8:30,62.3
2/12/2023 8:45,62.3
2/12/2023 9:00,62.3
2/12/2023 9:15,62.3
2/12/2023 9:30,62.3
2/12/2023 9:45,62.3
2/12/2023 10:00,62.3
2/12/2023 10:15,62.3
2/12/2023 10:30,62.3
2/12/2023 10:45,62.3
2/12/2023 11:00,62.3
2/12/2023 11:15,62.3
2/12/2023 11:30,62.3
2/12/2023 11:45,62.3
2/12/2023 12:00,62.3
2/12/2023 12:15,62.3
2/12/2023 12:30,62.3
2/12/2023 12:45,62.3
2/12/2023 13:00,62.31
2/12/2023 13:15,62.31
2/12/2023 13:30,62.31
2/12/2023 13:45,62.31
2/12/2023 14:00,62.31
2/12/2023 14:15,62.31
2/12/2023 14:30,62.31
2/12/2023 14:45,62.31
2/12/2023 15:00,62.31
2/12/2023 15:15,62.31
2/12/2023 15:30,62.31
2/12/2023 15:45,62.31
2/12/2023 16:00,62.31
2/12/2023 16:15,62.31
2/12/2023 16:30,62.31
2/12/2023 16:45,62.31
2/12/2023 17:00,62.31
2/12/2023 17:15,62.31
2/12/2023 17:30,62.31
2/12/2023 17:45,62.31
2/12/2023 18:00,62.31
2/12/2023 18:15,62.31
2/12/2023 18:30,62.31
2/12/2023 18:45,62.31
2/12/2023 19:00,62.31
2/12/2023 19:15,62.31
2/12/2023 19:30,62.31
2/12/2023 19:45,62.31
2/12/2023 20:00,62.31
2/12/2023 20:15,62.31
2/12/2023 20:30,62.31
2/12/2023 20:45,62.31
2/12/2023 21:00,62.31
2/12/2023 21:15,62.31
2/12/2023 21:30,62.31
2/12/2023 21:45,62.31
2/12/2023 22:00,62.31
2/12/2023 22:15,62.31
2/12/2023 22:30,62.31
2/12/2023 22:45,62.31
2/12/2023 23:00,62.31
2/12/2023 23:15,62.31
2/12/2023 23:30,62.32
2/12/2023 23:45,62.32
2/13/2023 0:00,62.32
2/13/2023 0:15,62.32
2/13/2023 0:30,62.32
2/13/2023 0:45,62.32
2/13/2023 1:00,62.32
2/13/2023 1:15,62.32
2/13/2023 1:30,62.32
2/13/2023 1:45,62.32
2/13/2023 2:00,62.32
2/13/2023 2:15,62.32
2/13/2023 2:30,62.32
2/13/2023 2:45,62.32
2/13/2023 3:00,62.32
2/13/2023 3:15,62.32
2/13/2023 3:30,62.32
2/13/2023 3:45,62.32
2/13/2023 4:00,62.32
2/13/2023 4:15,62.32
2/13/2023 4:30,62.32
2/13/2023 4:45,62.32
2/13/2023 5:00,62.32
2/13/2023 5:15,62.32
2/13/2023 5:30,62.32
2/13/2023 5:45,62.33
2/13/2023 6:00,62.33
2/13/2023 6:15,62.33
2/13/2023 6:30,62.33
2/13/2023 6:45,62.33
2/13/2023 7:00,62.33
2/13/2023 7:15,62.33
2/13/2023 7:30,62.33
2/13/2023 7:45,62.33
2/13/2023 8:00,62.34
2/13/2023 8:15,62.34
2/13/2023 8:30,62.34
2/13/2023 8:45,62.34
2/13/2023 9:00,62.34
2/13/2023 9:15,62.34
2/13/2023 9:30,62.34
2/13/2023 9:45,62.35
2/13/2023 10:00,62.35
2/13/2023 10:15,62.35
2/13/2023 10:30,62.35
2/13/2023 10:45,62.35
2/13/2023 11:00,62.35
2/13/2023 11:15,62.35
2/13/2023 11:30,62.36
2/13/2023 11:45,62.36
2/13/2023 12:00,62.36
2/13/2023 12:15,62.36
2/13/2023 12:30,62.36
2/13/2023 12:45,62.36
2/13/2023 13:00,62.37
2/13/2023 13:15,62.37
2/13/2023 13:30,62.37
2/13/2023 13:45,62.37
2/13/2023 14:00,62.37
2/13/2023 14:15,62.37
2/13/2023 14:30,62.38
2/13/2023 14:45,62.38
2/13/2023 15:00,62.38
2/13/2023 15:15,62.38
2/13/2023 15:30,62.38
2/13/2023 15:45,62.38
2/13/2023 16:00,62.38
2/13/2023 16:15,62.38
2/13/2023 16:30,62.38
2/13/2023 16:45,62.39
2/13/2023 17:00,62.39
2/13/2023 17:15,62.39
2/13/2023 17:30,62.39
2/13/2023 17:45,62.39
2/13/2023 18:00,62.39
2/13/2023 18:15,62.39
2/13/2023 18:30,62.39
2/13/2023 18:45,62.39
2/13/2023 19:00,62.39
2/13/2023 19:15,62.4
2/13/2023 19:30,62.4
2/13/2023 19:45,62.4
2/13/2023 20:00,62.4
2/13/2023 20:15,62.4
2/13/2023 20:30,62.4
2/13/2023 20:45,62.4
2/13/2023 21:00,62.4
2/13/2023 21:15,62.4
2/13/2023 21:30,62.4
2/13/2023 21:45,62.4
2/13/2023 22:00,62.41
2/13/2023 22:15,62.41
2/13/2023 22:30,62.41
2/13/2023 22:45,62.41
2/13/2023 23:00,62.41
2/13/2023 23:15,62.41
2/13/2023 23:30,62.41
2/13/2023 23:45,62.41
2/14/2023 0:00,62.41
2/14/2023 0:15,62.41
2/14/2023 0:30,62.41
2/14/2023 0:45,62.41
2/14/2023 1:00,62.41
2/14/2023 1:15,62.41
2/14/2023 1:30,62.41
2/14/2023 1:45,62.41
2/14/2023 2:00,62.41
2/14/2023 2:15,62.41
2/14/2023 2:30,62.41
2/14/2023 2:45,62.41
2/14/2023 3:00,62.41
2/14/2023 3:15,62.4
2/14/2023 3:30,62.38
2/14/2023 3:45,62.35
2/14/2023 4:00,62.33
2/14/2023 4:15,62.3
2/14/2023 4:30,62.28
2/14/2023 4:45,62.25
2/14/2023 5:00,62.23
2/14/2023 5:15,62.21
2/14/2023 5:30,62.18
2/14/2023 5:45,62.16
2/14/2023 6:00,62.13
2/14/2023 6:15,62.11
2/14/2023 6:30,62.08
2/14/2023 6:45,62.06
2/14/2023 7:00,62.03
2/14/2023 7:15,62.01
2/14/2023 7:30,61.98
2/14/2023 7:45,61.96
2/14/2023 8:00,61.93
2/14/2023 8:15,61.91
2/14/2023 8:30,61.88
2/14/2023 8:45,61.86
2/14/2023 9:00,61.84
2/14/2023 9:15,61.82
2/14/2023 9:30,61.82
2/14/2023 9:45,61.82
2/14/2023 10:00,61.82
2/14/2023 10:15,61.82
2/14/2023 10:30,61.82
2/14/2023 10:45,61.82
2/14/2023 11:00,61.82
2/14/2023 11:15,61.82
2/14/2023 11:30,61.82
2/14/2023 11:45,61.82
2/14/2023 12:00,61.82
2/14/2023 12:15,61.82
2/14/2023 12:30,61.82
2/14/2023 12:45,61.82
2/14/2023 13:00,61.82
2/14/2023 13:15,61.82
2/14/2023 13:30,61.82
2/14/2023 13:45,61.83
2/14/2023 14:00,61.83
2/14/2023 14:15,61.83
2/14/2023 14:30,61.83
2/14/2023 14:45,61.83
2/14/2023 15:00,61.83
2/14/2023 15:15,61.83
2/14/2023 15:30,61.83
2/14/2023 15:45,61.83
2/14/2023 16:00,61.83
2/14/2023 16:15,61.83
2/14/2023 16:30,61.83
2/14/2023 16:45,61.84
2/14/2023 17:00,61.84
2/14/2023 17:15,61.84
2/14/2023 17:30,61.84
2/14/2023 17:45,61.84
2/14/2023 18:00,61.84
2/14/2023 18:15,61.85
2/14/2023 18:30,61.85
2/14/2023 18:45,61.85
2/14/2023 19:00,61.85
2/14/2023 19:15,61.86
2/14/2023 19:30,61.86
2/14/2023 19:45,61.86
2/14/2023 20:00,61.87
2/14/2023 20:15,61.87
2/14/2023 20:30,61.87
2/14/2023 20:45,61.88
2/14/2023 21:00,61.88
2/14/2023 21:15,61.88
2/14/2023 21:30,61.89
2/14/2023 21:45,61.89
2/14/2023 22:00,61.9
2/14/2023 22:15,61.9
2/14/2023 22:30,61.91
2/14/2023 22:45,61.91
2/14/2023 23:00,61.92
2/14/2023 23:15,61.92
2/14/2023 23:30,61.93
2/14/2023 23:45,61.93
2/15/2023 0:00,61.93
2/15/2023 0:15,61.94
2/15/2023 0:30,61.94
2/15/2023 0:45,61.95
2/15/2023 1:00,61.95
2/15/2023 1:15,61.96
2/15/2023 1:30,61.96
2/15/2023 1:45,61.96
2/15/2023 2:00,61.97
2/15/2023 2:15,61.97
2/15/2023 2:30,61.97
2/15/2023 2:45,61.98
2/15/2023 3:00,61.98
2/15/2023 3:15,61.98
2/15/2023 3:30,61.98
2/15/2023 3:45,61.99
2/15/2023 4:00,61.99
2/15/2023 4:15,61.99
2/15/2023 4:30,61.99
2/15/2023 4:45,61.99
2/15/2023 5:00,61.99
2/15/2023 5:15,62
2/15/2023 5:30,62
2/15/2023 5:45,62
2/15/2023 6:00,62
2/15/2023 6:15,62
2/15/2023 6:30,62
2/15/2023 6:45,62
2/15/2023 7:00,62
2/15/2023 7:15,62
2/15/2023 7:30,62
2/15/2023 7:45,62
2/15/2023 8:00,62
2/15/2023 8:15,62
2/15/2023 8:30,62
2/15/2023 8:45,62
2/15/2023 9:00,62
2/15/2023 9:15,62
2/15/2023 9:30,62
2/15/2023 9:45,62
2/15/2023 10:00,62
2/15/2023 10:15,62
2/15/2023 10:30,62
2/15/2023 10:45,62
2/15/2023 11:00,62
2/15/2023 11:15,62
2/15/2023 11:30,62
2/15/2023 11:45,62
2/15/2023 12:00,61.99
2/15/2023 12:15,61.99
2/15/2023 12:30,61.99
2/15/2023 12:45,61.99
2/15/2023 13:00,61.99
2/15/2023 13:15,61.99
2/15/2023 13:30,61.99
2/15/2023 13:45,61.99
2/15/2023 14:00,61.99
2/15/2023 14:15,61.99
2/15/2023 14:30,61.99
2/15/2023 14:45,61.99
2/15/2023 15:00,61.99
2/15/2023 15:15,61.99
2/15/2023 15:30,61.99
2/15/2023 15:45,61.99
2/15/2023 16:00,61.99
2/15/2023 16:15,61.99
2/15/2023 16:30,61.99
2/15/2023 16:45,61.99
2/15/2023 17:00,61.99
2/15/2023 17:15,61.98
2/15/2023 17:30,61.98
2/15/2023 17:45,61.98
2/15/2023 18:00,61.98
2/15/2023 18:15,61.98
2/15/2023 18:30,61.98
2/15/2023 18:45,61.98
2/15/2023 19:00,61.98
2/15/2023 19:15,61.98
2/15/2023 19:30,61.98
2/15/2023 19:45,61.98
2/15/2023 20:00,61.98
2/15/2023 20:15,61.98
2/15/2023 20:30,61.98
2/15/2023 20:45,61.97
2/15/2023 21:00,61.97
2/15/2023 21:15,61.97
2/15/2023 21:30,61.97
2/15/2023 21:45,61.97
2/15/2023 22:00,61.97
2/15/2023 22:15,61.97
2/15/2023 22:30,61.97
2/15/2023 22:45,61.97
2/15/2023 23:00,61.97
2/15/2023 23:15,61.97
2/15/2023 23:30,61.97
2/15/2023 23:45,61.97
2/16/2023 0:00,61.97
2/16/2023 0:15,61.97
2/16/2023 0:30,61.97
2/16/2023 0:45,61.97
2/16/2023 1:00,61.97
2/16/2023 1:15,61.97
2/16/2023 1:30,61.97
2/16/2023 1:45,61.97
2/16/2023 2:00,61.97
2/16/2023 2:15,61.97
2/16/2023 2:30,61.97
2/16/2023 2:45,61.97
2/16/2023 3:00,61.97
2/16/2023 3:15,61.98
2/16/2023 3:30,61.99
2/16/2023 3:45,62.01
2/16/2023 4:00,62.02
2/16/2023 4:15,62.03
2/16/2023 4:30,62.05
2/16/2023 4:45,62.06
2/16/2023 5:00,62.08
2/16/2023 5:15,62.09
2/16/2023 5:30,62.1
2/16/2023 5:45,62.12
2/16/2023 6:00,62.13
2/16/2023 6:15,62.14
2/16/2023 6:30,62.16
2/16/2023 6:45,62.17
2/16/2023 7:00,62.18
2/16/2023 7:15,62.2
2/16/2023 7:30,62.21
2/16/2023 7:45,62.22
2/16/2023 8:00,62.24
2/16/2023 8:15,62.25
2/16/2023 8:30,62.26
2/16/2023 8:45,62.28
2/16/2023 9:00,62.29
2/16/2023 9:15,62.3
2/16/2023 9:30,62.32
2/16/2023 9:45,62.33
2/16/2023 10:00,62.34
2/16/2023 10:15,62.36
2/16/2023 10:30,62.37
2/16/2023 10:45,62.38
2/16/2023 11:00,62.4
2/16/2023 11:15,62.41
2/16/2023 11:30,62.43
2/16/2023 11:45,62.43
2/16/2023 12:00,62.43
2/16/2023 12:15,62.43
2/16/2023 12:30,62.43
2/16/2023 12:45,62.43
2/16/2023 13:00,62.43
2/16/2023 13:15,62.43
2/16/2023 13:30,62.43
2/16/2023 13:45,62.43
2/16/2023 14:00,62.43
2/16/2023 14:15,62.43
2/16/2023 14:30,62.43
2/16/2023 14:45,62.43
2/16/2023 15:00,62.43
2/16/2023 15:15,62.43
2/16/2023 15:30,62.43
2/16/2023 15:45,62.43
2/16/2023 16:00,62.43
2/16/2023 16:15,62.43
2/16/2023 16:30,62.43
2/16/2023 16:45,62.43
2/16/2023 17:00,62.43
2/16/2023 17:15,62.43
2/16/2023 17:30,62.43
2/16/2023 17:45,62.43
2/16/2023 18:00,62.43
2/16/2023 18:15,62.43
2/16/2023 18:30,62.43
2/16/2023 18:45,62.43
2/16/2023 19:00,62.43
2/16/2023 19:15,62.43
2/16/2023 19:30,62.43
2/16/2023 19:45,62.43
2/16/2023 20:00,62.43
2/16/2023 20:15,62.43
2/16/2023 20:30,62.43
2/16/2023 20:45,62.43
2/16/2023 21:00,62.43
2/16/2023 21:15,62.43
2/16/2023 21:30,62.43
2/16/2023 21:45,62.43
2/16/2023 22:00,62.44
2/16/2023 22:15,62.44
2/16/2023 22:30,62.44
2/16/2023 22:45,62.44
2/16/2023 23:00,62.44
2/16/2023 23:15,62.44
2/16/2023 23:30,62.44
2/16/2023 23:45,62.44
2/17/2023 0:00,62.45
2/17/2023 0:15,62.45
2/17/2023 0:30,62.45
2/17/2023 0:45,62.45
2/17/2023 1:00,62.45
2/17/2023 1:15,62.45
2/17/2023 1:30,62.45
2/17/2023 1:45,62.45
2/17/2023 2:00,62.46
2/17/2023 2:15,62.46
2/17/2023 2:30,62.46
2/17/2023 2:45,62.46
2/17/2023 3:00,62.46
2/17/2023 3:15,62.46
2/17/2023 3:30,62.46
2/17/2023 3:45,62.47
2/17/2023 4:00,62.47
2/17/2023 4:15,62.47
2/17/2023 4:30,62.47
2/17/2023 4:45,62.47
2/17/2023 5:00,62.47
2/17/2023 5:15,62.47
2/17/2023 5:30,62.47
2/17/2023 5:45,62.48
2/17/2023 6:00,62.48
2/17/2023 6:15,62.48
2/17/2023 6:30,62.48
2/17/2023 6:45,62.48
2/17/2023 7:00,62.48
2/17/2023 7:15,62.48
2/17/2023 7:30,62.48
2/17/2023 7:45,62.49
2/17/2023 8:00,62.49
2/17/2023 8:15,62.49
2/17/2023 8:30,62.49
2/17/2023 8:45,62.49
2/17/2023 9:00,62.49
2/17/2023 9:15,62.49
2/17/2023 9:30,62.5
2/17/2023 9:45,62.5
2/17/2023 10:00,62.5
2/17/2023 10:15,62.5
2/17/2023 10:30,62.5
2/17/2023 10:45,62.5
2/17/2023 11:00,62.5
2/17/2023 11:15,62.5
2/17/2023 11:30,62.51
2/17/2023 11:45,62.51
2/17/2023 12:00,62.51
2/17/2023 12:15,62.51
2/17/2023 12:30,62.51
2/17/2023 12:45,62.51
2/17/2023 13:00,62.51
2/17/2023 13:15,62.51
2/17/2023 13:30,62.52
2/17/2023 13:45,62.52
2/17/2023 14:00,62.52
2/17/2023 14:15,62.52
2/17/2023 14:30,62.52
2/17/2023 14:45,62.52
2/17/2023 15:00,62.52
2/17/2023 15:15,62.52
2/17/2023 15:30,62.52
2/17/2023 15:45,62.52
2/17/2023 16:00,62.52
2/17/2023 16:15,62.52
2/17/2023 16:30,62.52
2/17/2023 16:45,62.52
2/17/2023 17:00,62.52
2/17/2023 17:15,62.52
2/17/2023 17:30,62.52
2/17/2023 17:45,62.52
2/17/2023 18:00,62.52
2/17/2023 18:15,62.52
2/17/2023 18:30,62.52
2/17/2023 18:45,62.52
2/17/2023 19:00,62.52
2/17/2023 19:15,62.52
2/17/2023 19:30,62.52
2/17/2023 19:45,62.52
2/17/2023 20:00,62.52
2/17/2023 20:15,62.52
2/17/2023 20:30,62.52
2/17/2023 20:45,62.52
2/17/2023 21:00,62.52
2/17/2023 21:15,62.52
2/17/2023 21:30,62.52
2/17/2023 21:45,62.52
2/17/2023 22:00,62.52
2/17/2023 22:15,62.52
2/17/2023 22:30,62.52
2/17/2023 22:45,62.52
2/17/2023 23:00,62.52
2/17/2023 23:15,62.52
2/17/2023 23:30,62.52
2/17/2023 23:45,62.52
2/18/2023 0:00,62.52
2/18/2023 0:15,62.52
2/18/2023 0:30,62.52
2/18/2023 0:45,62.52
2/18/2023 1:00,62.52
2/18/2023 1:15,62.52
2/18/2023 1:30,62.52
2/18/2023 1:45,62.52
2/18/2023 2:00,62.52
2/18/2023 2:15,62.52
2/18/2023 2:30,62.52
2/18/2023 2:45,62.52
2/18/2023 3:00,62.52
2/18/2023 3:15,62.52
2/18/2023 3:30,62.52
2/18/2023 3:45,62.52
2/18/2023 4:00,62.52
2/18/2023 4:15,62.52
2/18/2023 4:30,62.52
2/18/2023 4:45,62.52
2/18/2023 5:00,62.52
2/18/2023 5:15,62.52
2/18/2023 5:30,62.52
2/18/2023 5:45,62.52
2/18/2023 6:00,62.52
2/18/2023 6:15,62.52
2/18/2023 6:30,62.52
2/18/2023 6:45,62.52
2/18/2023 7:00,62.52
2/18/2023 7:15,62.52
2/18/2023 7:30,62.52
2/18/2023 7:45,62.52
2/18/2023 8:00,62.52
2/18/2023 8:15,62.52
2/18/2023 8:30,62.52
2/18/2023 8:45,62.52
2/18/2023 9:00,62.52
2/18/2023 9:15,62.52
2/18/2023 9:30,62.52
2/18/2023 9:45,62.52
2/18/2023 10:00,62.52
2/18/2023 10:15,62.52
2/18/2023 10:30,62.52
2/18/2023 10:45,62.52
2/18/2023 11:00,62.52
2/18/2023 11:15,62.52
2/18/2023 11:30,62.52
2/18/2023 11:45,62.52
2/18/2023 12:00,62.52
2/18/2023 12:15,62.52
2/18/2023 12:30,62.52
2/18/2023 12:45,62.52
2/18/2023 13:00,62.52
2/18/2023 13:15,62.52
2/18/2023 13:30,62.52
2/18/2023 13:45,62.52
2/18/2023 14:00,62.52
2/18/2023 14:15,62.52
2/18/2023 14:30,62.52
2/18/2023 14:45,62.52
2/18/2023 15:00,62.52
2/18/2023 15:15,62.52
2/18/2023 15:30,62.52
2/18/2023 15:45,62.52
2/18/2023 16:00,62.52
2/18/2023 16:15,62.52
2/18/2023 16:30,62.52
2/18/2023 16:45,62.52
2/18/2023 17:00,62.52
2/18/2023 17:15,62.52
2/18/2023 17:30,62.52
2/18/2023 17:45,62.52
2/18/2023 18:00,62.52
2/18/2023 18:15,62.52
2/18/2023 18:30,62.52
2/18/2023 18:45,62.52
2/18/2023 19:00,62.53
2/18/2023 19:15,62.53
2/18/2023 19:30,62.53
2/18/2023 19:45,62.53
2/18/2023 20:00,62.53
2/18/2023 20:15,62.53
2/18/2023 20:30,62.53
2/18/2023 20:45,62.53
2/18/2023 21:00,62.53
2/18/2023 21:15,62.53
2/18/2023 21:30,62.53
2/18/2023 21:45,62.53
2/18/2023 22:00,62.53
2/18/2023 22:15,62.53
2/18/2023 22:30,62.53
2/18/2023 22:45,62.53
2/18/2023 23:00,62.53
2/18/2023 23:15,62.53
2/18/2023 23:30,62.53
2/18/2023 23:45,62.53
2/19/2023 0:00,62.53
2/19/2023 0:15,62.53
2/19/2023 0:30,62.53
2/19/2023 0:45,62.53
2/19/2023 1:00,62.53
2/19/2023 1:15,62.53
2/19/2023 1:30,62.53
2/19/2023 1:45,62.53
2/19/2023 2:00,62.54
2/19/2023 2:15,62.54
2/19/2023 2:30,62.54
2/19/2023 2:45,62.54
2/19/2023 3:00,62.54
2/19/2023 3:15,62.54
2/19/2023 3:30,62.54
2/19/2023 3:45,62.54
2/19/2023 4:00,62.54
2/19/2023 4:15,62.54
2/19/2023 4:30,62.54
2/19/2023 4:45,62.54
2/19/2023 5:00,62.54
2/19/2023 5:15,62.54
2/19/2023 5:30,62.55
2/19/2023 5:45,62.55
2/19/2023 6:00,62.55
2/19/2023 6:15,62.55
2/19/2023 6:30,62.55
2/19/2023 6:45,62.55
2/19/2023 7:00,62.55
2/19/2023 7:15,62.55
2/19/2023 7:30,62.55
2/19/2023 7:45,62.55
2/19/2023 8:00,62.55
2/19/2023 8:15,62.55
2/19/2023 8:30,62.55
2/19/2023 8:45,62.55
2/19/2023 9:00,62.55
2/19/2023 9:15,62.55
2/19/2023 9:30,62.55
2/19/2023 9:45,62.55
2/19/2023 10:00,62.55
2/19/2023 10:15,62.55
2/19/2023 10:30,62.55
2/19/2023 10:45,62.55
2/19/2023 11:00,62.55
2/19/2023 11:15,62.55
2/19/2023 11:30,62.55
2/19/2023 11:45,62.55
2/19/2023 12:00,62.55
2/19/2023 12:15,62.55
2/19/2023 12:30,62.55
2/19/2023 12:45,62.55
2/19/2023 13:00,62.55
2/19/2023 13:15,62.55
2/19/2023 13:30,62.55
2/19/2023 13:45,62.55
2/19/2023 14:00,62.55
2/19/2023 14:15,62.55
2/19/2023 14:30,62.55
2/19/2023 14:45,62.55
2/19/2023 15:00,62.55
2/19/2023 15:15,62.56
2/19/2023 15:30,62.56
2/19/2023 15:45,62.56
2/19/2023 16:00,62.56
2/19/2023 16:15,62.56
2/19/2023 16:30,62.56
2/19/2023 16:45,62.56
2/19/2023 17:00,62.56
2/19/2023 17:15,62.56
2/19/2023 17:30,62.56
2/19/2023 17:45,62.56
2/19/2023 18:00,62.56
2/19/2023 18:15,62.56
2/19/2023 18:30,62.56
2/19/2023 18:45,62.56
2/19/2023 19:00,62.56
2/19/2023 19:15,62.57
2/19/2023 19:30,62.57
2/19/2023 19:45,62.57
2/19/2023 20:00,62.57
2/19/2023 20:15,62.57
2/19/2023 20:30,62.57
2/19/2023 20:45,62.57
2/19/2023 21:00,62.57
2/19/2023 21:15,62.57
2/19/2023 21:30,62.57
2/19/2023 21:45,62.57
2/19/2023 22:00,62.57
2/19/2023 22:15,62.57
2/19/2023 22:30,62.58
2/19/2023 22:45,62.58
2/19/2023 23:00,62.58
2/19/2023 23:15,62.58
2/19/2023 23:30,62.58
2/19/2023 23:45,62.58
2/20/2023 0:00,62.58
2/20/2023 0:15,62.58
2/20/2023 0:30,62.58
2/20/2023 0:45,62.58
2/20/2023 1:00,62.58
2/20/2023 1:15,62.58
2/20/2023 1:30,62.58
2/20/2023 1:45,62.58
2/20/2023 2:00,62.58
2/20/2023 2:15,62.58
2/20/2023 2:30,62.58
2/20/2023 2:45,62.58
2/20/2023 3:00,62.58
2/20/2023 3:15,62.59
2/20/2023 3:30,62.59
2/20/2023 3:45,62.59
2/20/2023 4:00,62.59
2/20/2023 4:15,62.59
2/20/2023 4:30,62.59
2/20/2023 4:45,62.59
2/20/2023 5:00,62.59
2/20/2023 5:15,62.59
2/20/2023 5:30,62.59
2/20/2023 5:45,62.59
2/20/2023 6:00,62.59
2/20/2023 6:15,62.59
2/20/2023 6:30,62.59
2/20/2023 6:45,62.59
2/20/2023 7:00,62.59
2/20/2023 7:15,62.59
2/20/2023 7:30,62.59
2/20/2023 7:45,62.59
2/20/2023 8:00,62.59
2/20/2023 8:15,62.6
2/20/2023 8:30,62.6
2/20/2023 8:45,62.6
2/20/2023 9:00,62.6
2/20/2023 9:15,62.6
2/20/2023 9:30,62.6
2/20/2023 9:45,62.6
2/20/2023 10:00,62.6
2/20/2023 10:15,62.6
2/20/2023 10:30,62.6
2/20/2023 10:45,62.6
2/20/2023 11:00,62.6
2/20/2023 11:15,62.6
2/20/2023 11:30,62.6
2/20/2023 11:45,62.6
2/20/2023 12:00,62.6
2/20/2023 12:15,62.6
2/20/2023 12:30,62.6
2/20/2023 12:45,62.6
2/20/2023 13:00,62.6
2/20/2023 13:15,62.6
2/20/2023 13:30,62.6
2/20/2023 13:45,62.6
2/20/2023 14:00,62.6
2/20/2023 14:15,62.6
2/20/2023 14:30,62.6
2/20/2023 14:45,62.6
2/20/2023 15:00,62.6
2/20/2023 15:15,62.6
2/20/2023 15:30,62.6
2/20/2023 15:45,62.6
2/20/2023 16:00,62.61
2/20/2023 16:15,62.61
2/20/2023 16:30,62.61
2/20/2023 16:45,62.61
2/20/2023 17:00,62.61
2/20/2023 17:15,62.61
2/20/2023 17:30,62.61
2/20/2023 17:45,62.61
2/20/2023 18:00,62.61
2/20/2023 18:15,62.61
2/20/2023 18:30,62.61
2/20/2023 18:45,62.61
2/20/2023 19:00,62.61
2/20/2023 19:15,62.61
2/20/2023 19:30,62.61
2/20/2023 19:45,62.61
2/20/2023 20:00,62.61
2/20/2023 20:15,62.61
2/20/2023 20:30,62.61
2/20/2023 20:45,62.61
2/20/2023 21:00,62.61
2/20/2023 21:15,62.61
2/20/2023 21:30,62.61
2/20/2023 21:45,62.61
2/20/2023 22:00,62.61
2/20/2023 22:15,62.62
2/20/2023 22:30,62.62
2/20/2023 22:45,62.62
2/20/2023 23:00,62.62
2/20/2023 23:15,62.62
2/20/2023 23:30,62.62
2/20/2023 23:45,62.62
2/21/2023 0:00,62.62
2/21/2023 0:15,62.62
2/21/2023 0:30,62.62
2/21/2023 0:45,62.62
2/21/2023 1:00,62.62
2/21/2023 1:15,62.62
2/21/2023 1:30,62.62
2/21/2023 1:45,62.62
2/21/2023 2:00,62.62
2/21/2023 2:15,62.62
2/21/2023 2:30,62.62
2/21/2023 2:45,62.62
2/21/2023 3:00,62.62
2/21/2023 3:15,62.63
2/21/2023 3:30,62.63
2/21/2023 3:45,62.63
2/21/2023 4:00,62.63
2/21/2023 4:15,62.63
2/21/2023 4:30,62.63
2/21/2023 4:45,62.63
2/21/2023 5:00,62.63
2/21/2023 5:15,62.63
2/21/2023 5:30,62.63
2/21/2023 5:45,62.63
2/21/2023 6:00,62.64
2/21/2023 6:15,62.64
2/21/2023 6:30,62.64
2/21/2023 6:45,62.64
2/21/2023 7:00,62.64
2/21/2023 7:15,62.64
2/21/2023 7:30,62.64
2/21/2023 7:45,62.64
2/21/2023 8:00,62.64
2/21/2023 8:15,62.64
2/21/2023 8:30,62.64
2/21/2023 8:45,62.65
2/21/2023 9:00,62.65
2/21/2023 9:15,62.65
2/21/2023 9:30,62.65
2/21/2023 9:45,62.65
2/21/2023 10:00,62.65
2/21/2023 10:15,62.65
2/21/2023 10:30,62.65
2/21/2023 10:45,62.65
2/21/2023 11:00,62.65
2/21/2023 11:15,62.65
2/21/2023 11:30,62.65
2/21/2023 11:45,62.65
2/21/2023 12:00,62.65
2/21/2023 12:15,62.65
2/21/2023 12:30,62.66
2/21/2023 12:45,62.66
2/21/2023 13:00,62.66
2/21/2023 13:15,62.66
2/21/2023 13:30,62.66
2/21/2023 13:45,62.66
2/21/2023 14:00,62.66
2/21/2023 14:15,62.66
2/21/2023 14:30,62.66
2/21/2023 14:45,62.66
2/21/2023 15:00,62.66
2/21/2023 15:15,62.66
2/21/2023 15:30,62.66
2/21/2023 15:45,62.66
2/21/2023 16:00,62.66
2/21/2023 16:15,62.67
2/21/2023 16:30,62.67
2/21/2023 16:45,62.67
2/21/2023 17:00,62.67
2/21/2023 17:15,62.67
2/21/2023 17:30,62.67
2/21/2023 17:45,62.67
2/21/2023 18:00,62.67
2/21/2023 18:15,62.67
2/21/2023 18:30,62.67
2/21/2023 18:45,62.67
2/21/2023 19:00,62.67
2/21/2023 19:15,62.67
2/21/2023 19:30,62.67
2/21/2023 19:45,62.67
2/21/2023 20:00,62.67
2/21/2023 20:15,62.67
2/21/2023 20:30,62.67
2/21/2023 20:45,62.67
2/21/2023 21:00,62.67
2/21/2023 21:15,62.67
2/21/2023 21:30,62.67
2/21/2023 21:45,62.67
2/21/2023 22:00,62.67
2/21/2023 22:15,62.67
2/21/2023 22:30,62.67
2/21/2023 22:45,62.67
2/21/2023 23:00,62.67
2/21/2023 23:15,62.67
2/21/2023 23:30,62.67
2/21/2023 23:45,62.67
2/22/2023 0:00,62.67
2/22/2023 0:15,62.67
2/22/2023 0:30,62.67
2/22/2023 0:45,62.67
2/22/2023 1:00,62.67
2/22/2023 1:15,62.67
2/22/2023 1:30,62.67
2/22/2023 1:45,62.67
2/22/2023 2:00,62.67
2/22/2023 2:15,62.67
2/22/2023 2:30,62.67
2/22/2023 2:45,62.67
2/22/2023 3:00,62.67
2/22/2023 3:15,62.67
2/22/2023 3:30,62.67
2/22/2023 3:45,62.67
2/22/2023 4:00,62.67
2/22/2023 4:15,62.67
2/22/2023 4:30,62.67
2/22/2023 4:45,62.67
2/22/2023 5:00,62.67
2/22/2023 5:15,62.67
2/22/2023 5:30,62.67
2/22/2023 5:45,62.67
2/22/2023 6:00,62.67
2/22/2023 6:15,62.67
2/22/2023 6:30,62.67
2/22/2023 6:45,62.67
2/22/2023 7:00,62.67
2/22/2023 7:15,62.67
2/22/2023 7:30,62.67
2/22/2023 7:45,62.67
2/22/2023 8:00,62.67
2/22/2023 8:15,62.67
2/22/2023 8:30,62.67
2/22/2023 8:45,62.67
2/22/2023 9:00,62.67
2/22/2023 9:15,62.67
2/22/2023 9:30,62.66
2/22/2023 9:45,62.66
2/22/2023 10:00,62.66
2/22/2023 10:15,62.66
2/22/2023 10:30,62.66
2/22/2023 10:45,62.66
2/22/2023 11:00,62.66
2/22/2023 11:15,62.66
2/22/2023 11:30,62.66
2/22/2023 11:45,62.66
2/22/2023 12:00,62.66
2/22/2023 12:15,62.66
2/22/2023 12:30,62.66
2/22/2023 12:45,62.66
2/22/2023 13:00,62.66
2/22/2023 13:15,62.66
2/22/2023 13:30,62.66
2/22/2023 13:45,62.65
2/22/2023 14:00,62.65
2/22/2023 14:15,62.64
2/22/2023 14:30,62.64
2/22/2023 14:45,62.63
2/22/2023 15:00,62.63
2/22/2023 15:15,62.62
2/22/2023 15:30,62.62
2/22/2023 15:45,62.61
2/22/2023 16:00,62.61
2/22/2023 16:15,62.6
2/22/2023 16:30,62.6
2/22/2023 16:45,62.59
2/22/2023 17:00,62.59
2/22/2023 17:15,62.58
2/22/2023 17:30,62.58
2/22/2023 17:45,62.57
2/22/2023 18:00,62.57
2/22/2023 18:15,62.56
2/22/2023 18:30,62.56
2/22/2023 18:45,62.56
2/22/2023 19:00,62.55
2/22/2023 19:15,62.55
2/22/2023 19:30,62.54
2/22/2023 19:45,62.54
2/22/2023 20:00,62.53
2/22/2023 20:15,62.53
2/22/2023 20:30,62.52
2/22/2023 20:45,62.52
2/22/2023 21:00,62.51
2/22/2023 21:15,62.51
2/22/2023 21:30,62.5
2/22/2023 21:45,62.5
2/22/2023 22:00,62.49
2/22/2023 22:15,62.49
2/22/2023 22:30,62.48
2/22/2023 22:45,62.48
2/22/2023 23:00,62.47
2/22/2023 23:15,62.47
2/22/2023 23:30,62.46
2/22/2023 23:45,62.46
2/23/2023 0:00,62.46
2/23/2023 0:15,62.45
2/23/2023 0:30,62.45
2/23/2023 0:45,62.44
2/23/2023 1:00,62.44
2/23/2023 1:15,62.43
2/23/2023 1:30,62.43
2/23/2023 1:45,62.42
2/23/2023 2:00,62.42
2/23/2023 2:15,62.41
2/23/2023 2:30,62.41
2/23/2023 2:45,62.4
2/23/2023 3:00,62.4
2/23/2023 3:15,62.39
2/23/2023 3:30,62.39
2/23/2023 3:45,62.38
2/23/2023 4:00,62.38
2/23/2023 4:15,62.37
2/23/2023 4:30,62.37
2/23/2023 4:45,62.36
2/23/2023 5:00,62.36
2/23/2023 5:15,62.35
2/23/2023 5:30,62.35
2/23/2023 5:45,62.35
2/23/2023 6:00,62.34
2/23/2023 6:15,62.34
2/23/2023 6:30,62.33
2/23/2023 6:45,62.33
2/23/2023 7:00,62.32
2/23/2023 7:15,62.32
2/23/2023 7:30,62.31
2/23/2023 7:45,62.31
2/23/2023 8:00,62.3
2/23/2023 8:15,62.3
2/23/2023 8:30,62.29
2/23/2023 8:45,62.29
2/23/2023 9:00,62.28
2/23/2023 9:15,62.28
2/23/2023 9:30,62.27
2/23/2023 9:45,62.27
2/23/2023 10:00,62.26
2/23/2023 10:15,62.26
2/23/2023 10:30,62.25
2/23/2023 10:45,62.25
2/23/2023 11:00,62.24
2/23/2023 11:15,62.24
2/23/2023 11:30,62.24
2/23/2023 11:45,62.23
2/23/2023 12:00,62.23
2/23/2023 12:15,62.22
2/23/2023 12:30,62.22
2/23/2023 12:45,62.21
2/23/2023 13:00,62.21
2/23/2023 13:15,62.2
2/23/2023 13:30,62.2
2/23/2023 13:45,62.19
2/23/2023 14:00,62.19
2/23/2023 14:15,62.18
2/23/2023 14:30,62.18
2/23/2023 14:45,62.17
2/23/2023 15:00,62.17
2/23/2023 15:15,62.16
2/23/2023 15:30,62.16
2/23/2023 15:45,62.15
2/23/2023 16:00,62.15
2/23/2023 16:15,62.14
2/23/2023 16:30,62.14
2/23/2023 16:45,62.14
2/23/2023 17:00,62.13
2/23/2023 17:15,62.13
2/23/2023 17:30,62.13
2/23/2023 17:45,62.13
2/23/2023 18:00,62.13
2/23/2023 18:15,62.13
2/23/2023 18:30,62.13
2/23/2023 18:45,62.13
2/23/2023 19:00,62.13
2/23/2023 19:15,62.13
2/23/2023 19:30,62.13
2/23/2023 19:45,62.13
2/23/2023 20:00,62.14
2/23/2023 20:15,62.14
2/23/2023 20:30,62.14
2/23/2023 20:45,62.14
2/23/2023 21:00,62.14
2/23/2023 21:15,62.14
2/23/2023 21:30,62.14
2/23/2023 21:45,62.14
2/23/2023 22:00,62.14
2/23/2023 22:15,62.14
2/23/2023 22:30,62.15
2/23/2023 22:45,62.15
2/23/2023 23:00,62.15
2/23/2023 23:15,62.15
2/23/2023 23:30,62.15
2/23/2023 23:45,62.15
2/24/2023 0:00,62.15
2/24/2023 0:15,62.15
2/24/2023 0:30,62.15
2/24/2023 0:45,62.15
2/24/2023 1:00,62.15
2/24/2023 1:15,62.15
2/24/2023 1:30,62.15
2/24/2023 1:45,62.15
2/24/2023 2:00,62.15
2/24/2023 2:15,62.16
2/24/2023 2:30,62.16
2/24/2023 2:45,62.16
2/24/2023 3:00,62.16
2/24/2023 3:15,62.16
2/24/2023 3:30,62.16
2/24/2023 3:45,62.16
2/24/2023 4:00,62.16
2/24/2023 4:15,62.17
2/24/2023 4:30,62.17
2/24/2023 4:45,62.17
2/24/2023 5:00,62.17
2/24/2023 5:15,62.17
2/24/2023 5:30,62.18
2/24/2023 5:45,62.18
2/24/2023 6:00,62.18
2/24/2023 6:15,62.18
2/24/2023 6:30,62.19
2/24/2023 6:45,62.19
2/24/2023 7:00,62.2
2/24/2023 7:15,62.2
2/24/2023 7:30,62.2
2/24/2023 7:45,62.21
2/24/2023 8:00,62.21
2/24/2023 8:15,62.22
2/24/2023 8:30,62.22
2/24/2023 8:45,62.23
2/24/2023 9:00,62.24
2/24/2023 9:15,62.24
2/24/2023 9:30,62.25
2/24/2023 9:45,62.26
2/24/2023 10:00,62.26
2/24/2023 10:15,62.27
2/24/2023 10:30,62.28
2/24/2023 10:45,62.29
2/24/2023 11:00,62.29
2/24/2023 11:15,62.3
2/24/2023 11:30,62.31
2/24/2023 11:45,62.32
2/24/2023 12:00,62.32
2/24/2023 12:15,62.33
2/24/2023 12:30,62.34
2/24/2023 12:45,62.35
2/24/2023 13:00,62.35
2/24/2023 13:15,62.36
2/24/2023 13:30,62.37
2/24/2023 13:45,62.38
2/24/2023 14:00,62.38
2/24/2023 14:15,62.39
2/24/2023 14:30,62.4
2/24/2023 14:45,62.41
2/24/2023 15:00,62.41
2/24/2023 15:15,62.42
2/24/2023 15:30,62.42
2/24/2023 15:45,62.43
2/24/2023 16:00,62.44
2/24/2023 16:15,62.44
2/24/2023 16:30,62.45
2/24/2023 16:45,62.45
2/24/2023 17:00,62.46
2/24/2023 17:15,62.46
2/24/2023 17:30,62.46
2/24/2023 17:45,62.47
2/24/2023 18:00,62.47
2/24/2023 18:15,62.47
2/24/2023 18:30,62.48
2/24/2023 18:45,62.48
2/24/2023 19:00,62.48
2/24/2023 19:15,62.49
2/24/2023 19:30,62.49
2/24/2023 19:45,62.49
2/24/2023 20:00,62.5
2/24/2023 20:15,62.5
2/24/2023 20:30,62.5
2/24/2023 20:45,62.51
2/24/2023 21:00,62.51
2/24/2023 21:15,62.51
2/24/2023 21:30,62.51
2/24/2023 21:45,62.52
2/24/2023 22:00,62.52
2/24/2023 22:15,62.52
2/24/2023 22:30,62.53
2/24/2023 22:45,62.53
2/24/2023 23:00,62.53
2/24/2023 23:15,62.54
2/24/2023 23:30,62.54
2/24/2023 23:45,62.54
2/25/2023 0:00,62.55
2/25/2023 0:15,62.55
2/25/2023 0:30,62.56
2/25/2023 0:45,62.56
2/25/2023 1:00,62.56
2/25/2023 1:15,62.57
2/25/2023 1:30,62.57
2/25/2023 1:45,62.58
2/25/2023 2:00,62.58
2/25/2023 2:15,62.58
2/25/2023 2:30,62.59
2/25/2023 2:45,62.59
2/25/2023 3:00,62.6
2/25/2023 3:15,62.6
2/25/2023 3:30,62.6
2/25/2023 3:45,62.61
2/25/2023 4:00,62.61
2/25/2023 4:15,62.62
2/25/2023 4:30,62.62
2/25/2023 4:45,62.63
2/25/2023 5:00,62.63
2/25/2023 5:15,62.64
2/25/2023 5:30,62.64
2/25/2023 5:45,62.65
2/25/2023 6:00,62.65
2/25/2023 6:15,62.66
2/25/2023 6:30,62.66
2/25/2023 6:45,62.67
2/25/2023 7:00,62.67
2/25/2023 7:15,62.68
2/25/2023 7:30,62.68
2/25/2023 7:45,62.68
2/25/2023 8:00,62.69
2/25/2023 8:15,62.69
2/25/2023 8:30,62.7
2/25/2023 8:45,62.7
2/25/2023 9:00,62.71
2/25/2023 9:15,62.71
2/25/2023 9:30,62.72
2/25/2023 9:45,62.72
2/25/2023 10:00,62.73
2/25/2023 10:15,62.73
2/25/2023 10:30,62.74
2/25/2023 10:45,62.74
2/25/2023 11:00,62.74
2/25/2023 11:15,62.75
2/25/2023 11:30,62.75
2/25/2023 11:45,62.76
2/25/2023 12:00,62.76
2/25/2023 12:15,62.77
2/25/2023 12:30,62.77
2/25/2023 12:45,62.77
2/25/2023 13:00,62.78
2/25/2023 13:15,62.78
2/25/2023 13:30,62.79
2/25/2023 13:45,62.79
2/25/2023 14:00,62.79
2/25/2023 14:15,62.8
2/25/2023 14:30,62.8
2/25/2023 14:45,62.8
2/25/2023 15:00,62.81
2/25/2023 15:15,62.81
2/25/2023 15:30,62.81
2/25/2023 15:45,62.81
2/25/2023 16:00,62.82
2/25/2023 16:15,62.82
2/25/2023 16:30,62.82
2/25/2023 16:45,62.82
2/25/2023 17:00,62.83
2/25/2023 17:15,62.83
2/25/2023 17:30,62.83
2/25/2023 17:45,62.83
2/25/2023 18:00,62.83
2/25/2023 18:15,62.84
2/25/2023 18:30,62.84
2/25/2023 18:45,62.84
2/25/2023 19:00,62.84
2/25/2023 19:15,62.84
2/25/2023 19:30,62.84
2/25/2023 19:45,62.84
2/25/2023 20:00,62.84
2/25/2023 20:15,62.85
2/25/2023 20:30,62.85
2/25/2023 20:45,62.85
2/25/2023 21:00,62.85
2/25/2023 21:15,62.85
2/25/2023 21:30,62.85
2/25/2023 21:45,62.85
2/25/2023 22:00,62.85
2/25/2023 22:15,62.85
2/25/2023 22:30,62.85
2/25/2023 22:45,62.85
2/25/2023 23:00,62.85
2/25/2023 23:15,62.85
2/25/2023 23:30,62.85
2/25/2023 23:45,62.85
2/26/2023 0:00,62.86
2/26/2023 0:15,62.86
2/26/2023 0:30,62.86
2/26/2023 0:45,62.86
2/26/2023 1:00,62.86
2/26/2023 1:15,62.86
2/26/2023 1:30,62.86
2/26/2023 1:45,62.86
2/26/2023 2:00,62.86
2/26/2023 2:15,62.86
2/26/2023 2:30,62.86
2/26/2023 2:45,62.86
2/26/2023 3:00,62.86
2/26/2023 3:15,62.86
2/26/2023 3:30,62.86
2/26/2023 3:45,62.87
2/26/2023 4:00,62.87
2/26/2023 4:15,62.87
2/26/2023 4:30,62.87
2/26/2023 4:45,62.87
2/26/2023 5:00,62.87
2/26/2023 5:15,62.87
2/26/2023 5:30,62.87
2/26/2023 5:45,62.87
2/26/2023 6:00,62.87
2/26/2023 6:15,62.87
2/26/2023 6:30,62.87
2/26/2023 6:45,62.87
2/26/2023 7:00,62.87
2/26/2023 7:15,62.87
2/26/2023 7:30,62.87
2/26/2023 7:45,62.87
2/26/2023 8:00,62.87
2/26/2023 8:15,62.87
2/26/2023 8:30,62.87
2/26/2023 8:45,62.87
2/26/2023 9:00,62.87
2/26/2023 9:15,62.87
2/26/2023 9:30,62.87
2/26/2023 9:45,62.87
2/26/2023 10:00,62.87
2/26/2023 10:15,62.87
2/26/2023 10:30,62.87
2/26/2023 10:45,62.87
2/26/2023 11:00,62.87
2/26/2023 11:15,62.87
2/26/2023 11:30,62.87
2/26/2023 11:45,62.87
2/26/2023 12:00,62.87
2/26/2023 12:15,62.87
2/26/2023 12:30,62.87
2/26/2023 12:45,62.87
2/26/2023 13:00,62.87
2/26/2023 13:15,62.87
2/26/2023 13:30,62.87
2/26/2023 13:45,62.87
2/26/2023 14:00,62.87
2/26/2023 14:15,62.87
2/26/2023 14:30,62.87
2/26/2023 14:45,62.87
2/26/2023 15:00,62.87
2/26/2023 15:15,62.87
2/26/2023 15:30,62.87
2/26/2023 15:45,62.87
2/26/2023 16:00,62.87
2/26/2023 16:15,62.87
2/26/2023 16:30,62.87
2/26/2023 16:45,62.87
2/26/2023 17:00,62.87
2/26/2023 17:15,62.86
2/26/2023 17:30,62.86
2/26/2023 17:45,62.86
2/26/2023 18:00,62.86
2/26/2023 18:15,62.86
2/26/2023 18:30,62.85
2/26/2023 18:45,62.85
2/26/2023 19:00,62.85
2/26/2023 19:15,62.85
2/26/2023 19:30,62.84
2/26/2023 19:45,62.84
2/26/2023 20:00,62.84
2/26/2023 20:15,62.83
2/26/2023 20:30,62.83
2/26/2023 20:45,62.82
2/26/2023 21:00,62.82
2/26/2023 21:15,62.81
2/26/2023 21:30,62.81
2/26/2023 21:45,62.8
2/26/2023 22:00,62.79
2/26/2023 22:15,62.79
2/26/2023 22:30,62.78
2/26/2023 22:45,62.77
2/26/2023 23:00,62.76
2/26/2023 23:15,62.76
2/26/2023 23:30,62.75
2/26/2023 23:45,62.74
2/27/2023 0:00,62.73
2/27/2023 0:15,62.73
2/27/2023 0:30,62.72
2/27/2023 0:45,62.71
2/27/2023 1:00,62.7
2/27/2023 1:15,62.7
2/27/2023 1:30,62.69
2/27/2023 1:45,62.68
2/27/2023 2:00,62.68
2/27/2023 2:15,62.67
2/27/2023 2:30,62.66
2/27/2023 2:45,62.66
2/27/2023 3:00,62.65
2/27/2023 3:15,62.64
2/27/2023 3:30,62.64
2/27/2023 3:45,62.63
2/27/2023 4:00,62.63
2/27/2023 4:15,62.62
2/27/2023 4:30,62.62
2/27/2023 4:45,62.62
2/27/2023 5:00,62.61
2/27/2023 5:15,62.61
2/27/2023 5:30,62.61
2/27/2023 5:45,62.61
2/27/2023 6:00,62.61
2/27/2023 6:15,62.61
2/27/2023 6:30,62.6
2/27/2023 6:45,62.6
2/27/2023 7:00,62.6
2/27/2023 7:15,62.6
2/27/2023 7:30,62.6
2/27/2023 7:45,62.6
2/27/2023 8:00,62.6
2/27/2023 8:15,62.6
2/27/2023 8:30,62.59
2/27/2023 8:45,62.59
2/27/2023 9:00,62.59
2/27/2023 9:15,62.59
2/27/2023 9:30,62.59
2/27/2023 9:45,62.59
2/27/2023 10:00,62.59
2/27/2023 10:15,62.59
2/27/2023 10:30,62.59
2/27/2023 10:45,62.59
2/27/2023 11:00,62.58
2/27/2023 11:15,62.58
2/27/2023 11:30,62.58
2/27/2023 11:45,62.58
2/27/2023 12:00,62.58
2/27/2023 12:15,62.58
2/27/2023 12:30,62.58
2/27/2023 12:45,62.58
2/27/2023 13:00,62.58
2/27/2023 13:15,62.58
2/27/2023 13:30,62.58
2/27/2023 13:45,62.58
2/27/2023 14:00,62.58
2/27/2023 14:15,62.58
2/27/2023 14:30,62.58
2/27/2023 14:45,62.58
2/27/2023 15:00,62.58
2/27/2023 15:15,62.58
2/27/2023 15:30,62.58
2/27/2023 15:45,62.58
2/27/2023 16:00,62.58
2/27/2023 16:15,62.58
2/27/2023 16:30,62.58
2/27/2023 16:45,62.58
2/27/2023 17:00,62.59
2/27/2023 17:15,62.59
2/27/2023 17:30,62.59
2/27/2023 17:45,62.59
2/27/2023 18:00,62.59
2/27/2023 18:15,62.59
2/27/2023 18:30,62.59
2/27/2023 18:45,62.59
2/27/2023 19:00,62.6
2/27/2023 19:15,62.6
2/27/2023 19:30,62.6
2/27/2023 19:45,62.6
2/27/2023 20:00,62.6
2/27/2023 20:15,62.6
2/27/2023 20:30,62.6
2/27/2023 20:45,62.6
2/27/2023 21:00,62.6
2/27/2023 21:15,62.6
2/27/2023 21:30,62.61
2/27/2023 21:45,62.61
2/27/2023 22:00,62.61
2/27/2023 22:15,62.61
2/27/2023 22:30,62.61
2/27/2023 22:45,62.61
2/27/2023 23:00,62.61
2/27/2023 23:15,62.61
2/27/2023 23:30,62.61
2/27/2023 23:45,62.61
2/28/2023 0:00,62.61
2/28/2023 0:15,62.61
2/28/2023 0:30,62.61
2/28/2023 0:45,62.61
2/28/2023 1:00,62.61
2/28/2023 1:15,62.61
2/28/2023 1:30,62.61
2/28/2023 1:45,62.61
2/28/2023 2:00,62.61
2/28/2023 2:15,62.61
2/28/2023 2:30,62.61
2/28/2023 2:45,62.61
2/28/2023 3:00,62.61
2/28/2023 3:15,62.61
2/28/2023 3:30,62.61
2/28/2023 3:45,62.61
2/28/2023 4:00,62.62
2/28/2023 4:15,62.62
2/28/2023 4:30,62.62
2/28/2023 4:45,62.62
2/28/2023 5:00,62.62
2/28/2023 5:15,62.62
2/28/2023 5:30,62.63
2/28/2023 5:45,62.63
2/28/2023 6:00,62.63
2/28/2023 6:15,62.63
2/28/2023 6:30,62.64
2/28/2023 6:45,62.64
2/28/2023 7:00,62.64
2/28/2023 7:15,62.65
2/28/2023 7:30,62.65
2/28/2023 7:45,62.65
2/28/2023 8:00,62.65
2/28/2023 8:15,62.65
2/28/2023 8:30,62.66
2/28/2023 8:45,62.66
2/28/2023 9:00,62.66
2/28/2023 9:15,62.66
2/28/2023 9:30,62.67
2/28/2023 9:45,62.67
2/28/2023 10:00,62.67
2/28/2023 10:15,62.67
2/28/2023 10:30,62.68
2/28/2023 10:45,62.68
2/28/2023 11:00,62.68
2/28/2023 11:15,62.68
2/28/2023 11:30,62.68
2/28/2023 11:45,62.69
2/28/2023 12:00,62.69
2/28/2023 12:15,62.69
2/28/2023 12:30,62.69
2/28/2023 12:45,62.69
2/28/2023 13:00,62.7
2/28/2023 13:15,62.7
2/28/2023 13:30,62.7
2/28/2023 13:45,62.7
2/28/2023 14:00,62.7
2/28/2023 14:15,62.71
2/28/2023 14:30,62.71
2/28/2023 14:45,62.71
2/28/2023 15:00,62.71
2/28/2023 15:15,62.71
2/28/2023 15:30,62.72
2/28/2023 15:45,62.72
2/28/2023 16:00,62.72
2/28/2023 16:15,62.73
2/28/2023 16:30,62.73
2/28/2023 16:45,62.8
2/28/2023 17:00,62.93
2/28/2023 17:15,63.08
2/28/2023 17:30,63.25
2/28/2023 17:45,63.42
2/28/2023 18:00,63.59
2/28/2023 18:15,63.77
2/28/2023 18:30,63.97
2/28/2023 18:45,64.17
2/28/2023 19:00,64.36
2/28/2023 19:15,64.56
2/28/2023 19:30,64.76
2/28/2023 19:45,65.06
2/28/2023 20:00,65.26
2/28/2023 20:15,65.56
2/28/2023 20:30,65.85
2/28/2023 20:45,66.11
2/28/2023 21:00,66.38
2/28/2023 21:15,66.61
2/28/2023 21:30,66.85
2/28/2023 21:45,67.06
2/28/2023 22:00,67.27
2/28/2023 22:15,67.46
2/28/2023 22:30,67.65
2/28/2023 22:45,67.8
2/28/2023 23:00,67.95
2/28/2023 23:15,68.08
2/28/2023 23:30,68.2
2/28/2023 23:45,66.9
3/1/2023 0:00,71.72
3/1/2023 0:15,72.18
3/1/2023 0:30,73.14
3/1/2023 0:45,73.09
3/1/2023 1:00,72.5
3/1/2023 1:15,73.48
3/1/2023 1:30,74.09
3/1/2023 1:45,74.44
3/1/2023 2:00,75.99
3/1/2023 2:15,74.96
3/1/2023 2:30,75.14
3/1/2023 2:45,74.63
3/1/2023 3:00,75.23
3/1/2023 3:15,75.54
3/1/2023 3:30,76.32
3/1/2023 3:45,75.35
3/1/2023 4:00,76.25
3/1/2023 4:15,77.62
3/1/2023 4:30,75.91
3/1/2023 4:45,75.8
3/1/2023 5:00,76.45
3/1/2023 5:15,76.15
3/1/2023 5:30,76.09
3/1/2023 5:45,77.51
3/1/2023 6:00,78.49
3/1/2023 6:15,77.3
3/1/2023 6:30,76.89
3/1/2023 6:45,77.03
3/1/2023 7:00,77.39
3/1/2023 7:15,77.42
3/1/2023 7:30,79.2
3/1/2023 7:45,78.6
3/1/2023 8:00,79.91
3/1/2023 8:15,78.9
3/1/2023 8:30,77.34
3/1/2023 8:45,78.37
3/1/2023 9:00,77.09
3/1/2023 9:15,76.92
3/1/2023 9:30,75.38
3/1/2023 9:45,74.75
3/1/2023 10:00,75.16
3/1/2023 10:15,73.84
3/1/2023 10:30,73.76
3/1/2023 10:45,73.17
3/1/2023 11:00,72.76
3/1/2023 11:15,73.05
3/1/2023 11:30,72.73
3/1/2023 11:45,72.27
3/1/2023 12:00,72.52
3/1/2023 12:15,71.9
3/1/2023 12:30,71.71
3/1/2023 12:45,71.5
3/1/2023 13:00,72.22
3/1/2023 13:15,72.35
3/1/2023 13:30,71.62
3/1/2023 13:45,72.14
3/1/2023 14:00,71.81
3/1/2023 14:15,71.76
3/1/2023 14:30,71.48
3/1/2023 14:45,71.89
3/1/2023 15:00,71.23
3/1/2023 15:15,71.11
3/1/2023 15:30,70.83
3/1/2023 15:45,70.88
3/1/2023 16:00,71.52
3/1/2023 16:15,71.95
3/1/2023 16:30,70.99
3/1/2023 16:45,71.25
3/1/2023 17:00,71.96
3/1/2023 17:15,71.27
3/1/2023 17:30,71.31
3/1/2023 17:45,71.38
3/1/2023 18:00,71.4
3/1/2023 18:15,70.63
3/1/2023 18:30,70.71
3/1/2023 18:45,71.73
3/1/2023 19:00,71.44
3/1/2023 19:15,71.34
3/1/2023 19:30,71.63
3/1/2023 19:45,72.04
3/1/2023 20:00,71.44
3/1/2023 20:15,71.74
3/1/2023 20:30,71.59
3/1/2023 20:45,72.58
3/1/2023 21:00,71.87
3/1/2023 21:15,71.82
3/1/2023 21:30,73.5
3/1/2023 21:45,73.14
3/1/2023 22:00,72.9
3/1/2023 22:15,72.16
3/1/2023 22:30,72.93
3/1/2023 22:45,73.04
3/1/2023 23:00,73.41
3/1/2023 23:15,72.16
3/1/2023 23:30,71.68
3/1/2023 23:45,73.03
3/2/2023 0:00,72.6
3/2/2023 0:15,72.66
3/2/2023 0:30,73.26
3/2/2023 0:45,73.48
3/2/2023 1:00,73.26
3/2/2023 1:15,73.34
3/2/2023 1:30,73.64
3/2/2023 1:45,73.24
3/2/2023 2:00,72.26
3/2/2023 2:15,73.82
3/2/2023 2:30,74.11
3/2/2023 2:45,74.55
3/2/2023 3:00,74.77
3/2/2023 3:15,74.42
3/2/2023 3:30,73.77
3/2/2023 3:45,74.51
3/2/2023 4:00,73.43
3/2/2023 4:15,74.03
3/2/2023 4:30,73.22
3/2/2023 4:45,73.81
3/2/2023 5:00,73.3
3/2/2023 5:15,72.92
3/2/2023 5:30,72.41
3/2/2023 5:45,73.08
3/2/2023 6:00,73.33
3/2/2023 6:15,71.32
3/2/2023 6:30,72.58
3/2/2023 6:45,72.07
3/2/2023 7:00,72.79
3/2/2023 7:15,72.37
3/2/2023 7:30,72.42
3/2/2023 7:45,72.57
3/2/2023 8:00,73.91
3/2/2023 8:15,73.92
3/2/2023 8:30,73.77
3/2/2023 8:45,72.94
3/2/2023 9:00,73.42
3/2/2023 9:15,72.91
3/2/2023 9:30,72.79
3/2/2023 9:45,73.09
3/2/2023 10:00,71.07
3/2/2023 10:15,69.74
3/2/2023 10:30,69
3/2/2023 10:45,68.24
3/2/2023 11:00,69.38
3/2/2023 11:15,68.86
3/2/2023 11:30,69.69
3/2/2023 11:45,68.89
3/2/2023 12:00,68.24
3/2/2023 12:15,68.99
3/2/2023 12:30,69.48
3/2/2023 12:45,69.24
3/2/2023 13:00,68.89
3/2/2023 13:15,69.98
3/2/2023 13:30,69.1
3/2/2023 13:45,69.14
3/2/2023 14:00,68.42
3/2/2023 14:15,68.72
3/2/2023 14:30,68.66
3/2/2023 14:45,69.06
3/2/2023 15:00,70.2
3/2/2023 15:15,69.7
3/2/2023 15:30,70.67
3/2/2023 15:45,70.4
3/2/2023 16:00,70.52
3/2/2023 16:15,68.2
3/2/2023 16:30,68.56
3/2/2023 16:45,68.25
3/2/2023 17:00,68.19
3/2/2023 17:15,68.18
3/2/2023 17:30,68.11
3/2/2023 17:45,68.66
3/2/2023 18:00,69.45
3/2/2023 18:15,69.57
3/2/2023 18:30,70.28
3/2/2023 18:45,71.18
3/2/2023 19:00,70.34
3/2/2023 19:15,71.34
3/2/2023 19:30,70.57
3/2/2023 19:45,71.57
3/2/2023 20:00,71.2
3/2/2023 20:15,71.94
3/2/2023 20:30,70.38
3/2/2023 20:45,70.32
3/2/2023 21:00,71.65
3/2/2023 21:15,71.72
3/2/2023 21:30,71.68
3/2/2023 21:45,72.23
3/2/2023 22:00,72.25
3/2/2023 22:15,72.01
3/2/2023 22:30,71.01
3/2/2023 22:45,71.63
3/2/2023 23:00,72.81
3/2/2023 23:15,71.2
3/2/2023 23:30,72.05
3/2/2023 23:45,73.31
3/3/2023 0:00,73.28
3/3/2023 0:15,73.26
3/3/2023 0:30,73.23
3/3/2023 0:45,73.2
3/3/2023 1:00,73.17
3/3/2023 1:15,73.15
3/3/2023 1:30,73.12
3/3/2023 1:45,73.09
3/3/2023 2:00,73.06
3/3/2023 2:15,73.04
3/3/2023 2:30,73.01
3/3/2023 2:45,73.03
3/3/2023 3:00,73.03
3/3/2023 3:15,73.03
3/3/2023 3:30,73.13
3/3/2023 3:45,73.16
3/3/2023 4:00,73.18
3/3/2023 4:15,73.18
3/3/2023 4:30,73.25
3/3/2023 4:45,73.25
3/3/2023 5:00,73.51
3/3/2023 5:15,73.51
3/3/2023 5:30,73.55
3/3/2023 5:45,73.59
3/3/2023 6:00,73.59
3/3/2023 6:15,73.67
3/3/2023 6:30,73.74
3/3/2023 6:45,73.76
3/3/2023 7:00,73.76
3/3/2023 7:15,73.76
3/3/2023 7:30,73.74
3/3/2023 7:45,73.74
3/3/2023 8:00,73.7
3/3/2023 8:15,73.7
3/3/2023 8:30,73.7
3/3/2023 8:45,73.7
3/3/2023 9:00,73.7
3/3/2023 9:15,73.46
3/3/2023 9:30,73.16
3/3/2023 9:45,72.37
3/3/2023 10:00,71.65
3/3/2023 10:15,71.57
3/3/2023 10:30,71.47
3/3/2023 10:45,71.12
3/3/2023 11:00,70.65
3/3/2023 11:15,70.54
3/3/2023 11:30,70.54
3/3/2023 11:45,70.35
3/3/2023 12:00,70.23
3/3/2023 12:15,70.23
3/3/2023 12:30,70.35
3/3/2023 12:45,70.32
3/3/2023 13:00,70.49
3/3/2023 13:15,70.4
3/3/2023 13:30,70.49
3/3/2023 13:45,70.49
3/3/2023 14:00,70.49
3/3/2023 14:15,70.4
3/3/2023 14:30,70.43
3/3/2023 14:45,70.5
3/3/2023 15:00,70.59
3/3/2023 15:15,70.59
3/3/2023 15:30,70.62
3/3/2023 15:45,70.62
3/3/2023 16:00,70.68
3/3/2023 16:15,70.74
3/3/2023 16:30,70.77
3/3/2023 16:45,70.82
3/3/2023 17:00,70.98
3/3/2023 17:15,71.16
3/3/2023 17:30,71.2
3/3/2023 17:45,71.2
3/3/2023 18:00,71.25
3/3/2023 18:15,71.49
3/3/2023 18:30,71.56
3/3/2023 18:45,71.87
3/3/2023 19:00,71.99
3/3/2023 19:15,72.19
3/3/2023 19:30,72.37
3/3/2023 19:45,72.37
3/3/2023 20:00,72.37
3/3/2023 20:15,72.39
3/3/2023 20:30,72.39
3/3/2023 20:45,72.39
3/3/2023 21:00,72.39
3/3/2023 21:15,72.41
3/3/2023 21:30,72.43
3/3/2023 21:45,72.43
3/3/2023 22:00,72.43
3/3/2023 22:15,72.45
3/3/2023 22:30,72.47
3/3/2023 22:45,72.49
3/3/2023 23:00,72.59
3/3/2023 23:15,72.72
3/3/2023 23:30,72.76
3/3/2023 23:45,72.83
3/4/2023 0:00,72.98
3/4/2023 0:15,72.98
3/4/2023 0:30,73.1
3/4/2023 0:45,73.18
3/4/2023 1:00,73.22
3/4/2023 1:15,73.29
3/4/2023 1:30,73.38
3/4/2023 1:45,73.76
3/4/2023 2:00,74.23
3/4/2023 2:15,75.28
3/4/2023 2:30,75.79
3/4/2023 2:45,76.43
3/4/2023 3:00,77.36
3/4/2023 3:15,78.05
3/4/2023 3:30,78.13
3/4/2023 3:45,78.17
3/4/2023 4:00,78.4
3/4/2023 4:15,78.63
3/4/2023 4:30,78.75
3/4/2023 4:45,78.88
3/4/2023 5:00,79.08
3/4/2023 5:15,79.29
3/4/2023 5:30,79.38
3/4/2023 5:45,79.48
3/4/2023 6:00,79.57
3/4/2023 6:15,79.48
3/4/2023 6:30,79.48
3/4/2023 6:45,79.48
3/4/2023 7:00,79.38
3/4/2023 7:15,79.38
3/4/2023 7:30,79.38
3/4/2023 7:45,79.2
3/4/2023 8:00,79.2
3/4/2023 8:15,78.8
3/4/2023 8:30,78.72
3/4/2023 8:45,77.08
3/4/2023 9:00,75.7
3/4/2023 9:15,74.02
3/4/2023 9:30,72.66
3/4/2023 9:45,71.26
3/4/2023 10:00,70.04
3/4/2023 10:15,69.96
3/4/2023 10:30,69.85
3/4/2023 10:45,69.47
3/4/2023 11:00,69.13
3/4/2023 11:15,68.66
3/4/2023 11:30,68.28
3/4/2023 11:45,68.28
3/4/2023 12:00,68.28
3/4/2023 12:15,68.28
3/4/2023 12:30,68.28
3/4/2023 12:45,68.38
3/4/2023 13:00,68.28
3/4/2023 13:15,68.28
3/4/2023 13:30,68.28
3/4/2023 13:45,68.28
3/4/2023 14:00,68.28
3/4/2023 14:15,68.28
3/4/2023 14:30,68.33
3/4/2023 14:45,68.33
3/4/2023 15:00,68.39
3/4/2023 15:15,68.39
3/4/2023 15:30,68.46
3/4/2023 15:45,68.53
3/4/2023 16:00,68.6
3/4/2023 16:15,68.65
3/4/2023 16:30,68.7
3/4/2023 16:45,68.7
3/4/2023 17:00,68.8
3/4/2023 17:15,68.83
3/4/2023 17:30,68.89
3/4/2023 17:45,69.32
3/4/2023 18:00,69.79
3/4/2023 18:15,70.29
3/4/2023 18:30,70.58
3/4/2023 18:45,70.77
3/4/2023 19:00,71.05
3/4/2023 19:15,71.35
3/4/2023 19:30,71.35
3/4/2023 19:45,71.35
3/4/2023 20:00,71.35
3/4/2023 20:15,71.35
3/4/2023 20:30,71.58
3/4/2023 20:45,71.58
3/4/2023 21:00,71.58
3/4/2023 21:15,71.39
3/4/2023 21:30,71.39
3/4/2023 21:45,71.1
3/4/2023 22:00,71.03
3/4/2023 22:15,71.03
3/4/2023 22:30,71.05
3/4/2023 22:45,71.03
3/4/2023 23:00,71
3/4/2023 23:15,70.97
3/4/2023 23:30,70.88
3/4/2023 23:45,70.69
3/5/2023 0:00,70.57
3/5/2023 0:15,70.54
3/5/2023 0:30,70.51
3/5/2023 0:45,70.47
3/5/2023 1:00,70.36
3/5/2023 1:15,70.29
3/5/2023 1:30,70.26
3/5/2023 1:45,70.14
3/5/2023 2:00,70.01
3/5/2023 2:15,69.69
3/5/2023 2:30,69.3
3/5/2023 2:45,69.12
3/5/2023 3:00,68.96
3/5/2023 3:15,68.86
3/5/2023 3:30,68.86
3/5/2023 3:45,68.77
3/5/2023 4:00,68.58
3/5/2023 4:15,68.44
3/5/2023 4:30,68.42
3/5/2023 4:45,68.39
3/5/2023 5:00,68.42
3/5/2023 5:15,68.42
3/5/2023 5:30,68.42
3/5/2023 5:45,68.42
3/5/2023 6:00,68.42
3/5/2023 6:15,68.44
3/5/2023 6:30,68.53
3/5/2023 6:45,68.53
3/5/2023 7:00,68.64
3/5/2023 7:15,68.69
3/5/2023 7:30,68.97
3/5/2023 7:45,69.13
3/5/2023 8:00,69.13
3/5/2023 8:15,69.13
3/5/2023 8:30,69.07
3/5/2023 8:45,69.07
3/5/2023 9:00,69.07
3/5/2023 9:15,69.07
3/5/2023 9:30,69.07
3/5/2023 9:45,69.07
3/5/2023 10:00,69.07
3/5/2023 10:15,69.07
3/5/2023 10:30,68.98
3/5/2023 10:45,68.95
3/5/2023 11:00,68.9
3/5/2023 11:15,68.8
3/5/2023 11:30,68.71
3/5/2023 11:45,68.68
3/5/2023 12:00,68.63
3/5/2023 12:15,68.47
3/5/2023 12:30,68.33
3/5/2023 12:45,68.33
3/5/2023 13:00,68.09
3/5/2023 13:15,67.79
3/5/2023 13:30,67.67
3/5/2023 13:45,67.67
3/5/2023 14:00,67.63
3/5/2023 14:15,67.63
3/5/2023 14:30,67.63
3/5/2023 14:45,67.67
3/5/2023 15:00,67.79
3/5/2023 15:15,68.09
3/5/2023 15:30,68.31
3/5/2023 15:45,68.5
3/5/2023 16:00,68.68
3/5/2023 16:15,68.72
3/5/2023 16:30,68.82
3/5/2023 16:45,68.9
3/5/2023 17:00,68.98
3/5/2023 17:15,69.19
3/5/2023 17:30,69.42
3/5/2023 17:45,69.52
3/5/2023 18:00,69.59
3/5/2023 18:15,69.71
3/5/2023 18:30,70.01
3/5/2023 18:45,70.33
3/5/2023 19:00,70.33
3/5/2023 19:15,70.44
3/5/2023 19:30,70.47
3/5/2023 19:45,70.47
3/5/2023 20:00,70.52
3/5/2023 20:15,70.64
3/5/2023 20:30,70.64
3/5/2023 20:45,70.73
3/5/2023 21:00,70.73
3/5/2023 21:15,70.8
3/5/2023 21:30,70.8
3/5/2023 21:45,70.8
3/5/2023 22:00,70.73
3/5/2023 22:15,70.72
3/5/2023 22:30,70.72
3/5/2023 22:45,70.69
3/5/2023 23:00,70.57
3/5/2023 23:15,70.57
3/5/2023 23:30,70.67
3/5/2023 23:45,70.67
3/6/2023 0:00,70.67
3/6/2023 0:15,70.55
3/6/2023 0:30,70.43
3/6/2023 0:45,70.43
3/6/2023 1:00,70.43
3/6/2023 1:15,70.41
3/6/2023 1:30,70.43
3/6/2023 1:45,70.43
3/6/2023 2:00,70.54
3/6/2023 2:15,70.43
3/6/2023 2:30,70.43
3/6/2023 2:45,70.43
3/6/2023 3:00,70.43
3/6/2023 3:15,70.41
3/6/2023 3:30,70.4
3/6/2023 3:45,70.35
3/6/2023 4:00,70.4
3/6/2023 4:15,70.35
3/6/2023 4:30,70.31
3/6/2023 4:45,70.31
3/6/2023 5:00,70.27
3/6/2023 5:15,70.22
3/6/2023 5:30,70.27
3/6/2023 5:45,70.22
3/6/2023 6:00,70.19
3/6/2023 6:15,70.19
3/6/2023 6:30,70.19
3/6/2023 6:45,70.12
3/6/2023 7:00,70.02
3/6/2023 7:15,69.95
3/6/2023 7:30,69.88
3/6/2023 7:45,69.76
3/6/2023 8:00,69.69
3/6/2023 8:15,69.76
3/6/2023 8:30,69.69
3/6/2023 8:45,69.66
3/6/2023 9:00,69.49
3/6/2023 9:15,69.42
3/6/2023 9:30,69.12
3/6/2023 9:45,69
3/6/2023 10:00,68.96
3/6/2023 10:15,68.69
3/6/2023 10:30,68.34
3/6/2023 10:45,68.25
3/6/2023 11:00,68.15
3/6/2023 11:15,67.9
3/6/2023 11:30,67.72
3/6/2023 11:45,67.72
3/6/2023 12:00,67.72
3/6/2023 12:15,67.72
3/6/2023 12:30,67.72
3/6/2023 12:45,67.72
3/6/2023 13:00,67.72
3/6/2023 13:15,67.72
3/6/2023 13:30,67.71
3/6/2023 13:45,67.71
3/6/2023 14:00,67.81
3/6/2023 14:15,67.93
3/6/2023 14:30,67.93
3/6/2023 14:45,68
3/6/2023 15:00,68.23
3/6/2023 15:15,68.23
3/6/2023 15:30,68.44
3/6/2023 15:45,68.52
3/6/2023 16:00,68.6
3/6/2023 16:15,68.63
3/6/2023 16:30,68.68
3/6/2023 16:45,68.7
3/6/2023 17:00,68.71
3/6/2023 17:15,68.73
3/6/2023 17:30,68.8
3/6/2023 17:45,68.87
3/6/2023 18:00,68.87
3/6/2023 18:15,69.05
3/6/2023 18:30,69.35
3/6/2023 18:45,69.5
3/6/2023 19:00,69.51
3/6/2023 19:15,69.6
3/6/2023 19:30,69.72
3/6/2023 19:45,69.79
3/6/2023 20:00,69.86
3/6/2023 20:15,69.91
3/6/2023 20:30,69.95
3/6/2023 20:45,69.96
3/6/2023 21:00,69.96
3/6/2023 21:15,69.99
3/6/2023 21:30,70.01
3/6/2023 21:45,70.03
3/6/2023 22:00,70.1
3/6/2023 22:15,70.2
3/6/2023 22:30,70.29
3/6/2023 22:45,70.36
3/6/2023 23:00,70.38
3/6/2023 23:15,70.38
3/6/2023 23:30,70.43
3/6/2023 23:45,70.54
3/7/2023 0:00,70.63
3/7/2023 0:15,70.63
3/7/2023 0:30,70.67
3/7/2023 0:45,70.67
3/7/2023 1:00,70.67
3/7/2023 1:15,70.67
3/7/2023 1:30,70.69
3/7/2023 1:45,70.69
3/7/2023 2:00,70.69
3/7/2023 2:15,70.69
3/7/2023 2:30,70.64
3/7/2023 2:45,70.54
3/7/2023 3:00,70.54
3/7/2023 3:15,70.39
3/7/2023 3:30,70.38
3/7/2023 3:45,70.29
3/7/2023 4:00,70.16
3/7/2023 4:15,70.11
3/7/2023 4:30,70.09
3/7/2023 4:45,70.05
3/7/2023 5:00,69.91
3/7/2023 5:15,69.77
3/7/2023 5:30,69.71
3/7/2023 5:45,69.68
3/7/2023 6:00,69.47
3/7/2023 6:15,69.26
3/7/2023 6:30,69.22
3/7/2023 6:45,69.01
3/7/2023 7:00,68.84
3/7/2023 7:15,68.84
3/7/2023 7:30,68.84
3/7/2023 7:45,68.84
3/7/2023 8:00,68.84
3/7/2023 8:15,68.84
3/7/2023 8:30,68.84
3/7/2023 8:45,68.84
3/7/2023 9:00,68.78
3/7/2023 9:15,68.59
3/7/2023 9:30,68.48
3/7/2023 9:45,68.59
3/7/2023 10:00,68.59
3/7/2023 10:15,68.64
3/7/2023 10:30,68.64
3/7/2023 10:45,68.64
3/7/2023 11:00,68.64
3/7/2023 11:15,68.64
3/7/2023 11:30,68.64
3/7/2023 11:45,68.57
3/7/2023 12:00,68.46
3/7/2023 12:15,68.4
3/7/2023 12:30,68.4
3/7/2023 12:45,68.25
3/7/2023 13:00,68.06
3/7/2023 13:15,68.06
3/7/2023 13:30,67.98
3/7/2023 13:45,67.98
3/7/2023 14:00,67.98
3/7/2023 14:15,67.98
3/7/2023 14:30,67.98
3/7/2023 14:45,67.98
3/7/2023 15:00,67.98
3/7/2023 15:15,67.98
3/7/2023 15:30,68.04
3/7/2023 15:45,68.06
3/7/2023 16:00,68.23
3/7/2023 16:15,68.4
3/7/2023 16:30,68.57
3/7/2023 16:45,68.75
3/7/2023 17:00,68.82
3/7/2023 17:15,68.95
3/7/2023 17:30,69.08
3/7/2023 17:45,69.13
3/7/2023 18:00,69.2
3/7/2023 18:15,69.2
3/7/2023 18:30,69.2
3/7/2023 18:45,69.3
3/7/2023 19:00,69.44
3/7/2023 19:15,69.54
3/7/2023 19:30,69.55
3/7/2023 19:45,69.57
3/7/2023 20:00,69.57
3/7/2023 20:15,69.57
3/7/2023 20:30,69.6
3/7/2023 20:45,69.65
3/7/2023 21:00,69.7
3/7/2023 21:15,69.72
3/7/2023 21:30,69.83
3/7/2023 21:45,69.93
3/7/2023 22:00,70.05
3/7/2023 22:15,70.06
3/7/2023 22:30,70.18
3/7/2023 22:45,70.23
3/7/2023 23:00,70.28
3/7/2023 23:15,70.28
3/7/2023 23:30,70.35
3/7/2023 23:45,70.41
3/8/2023 0:00,70.35
3/8/2023 0:15,70.41
3/8/2023 0:30,70.42
3/8/2023 0:45,70.45
3/8/2023 1:00,70.47
3/8/2023 1:15,70.49
3/8/2023 1:30,70.55
3/8/2023 1:45,70.67
3/8/2023 2:00,70.78
3/8/2023 2:15,70.82
3/8/2023 2:30,70.85
3/8/2023 2:45,70.99
3/8/2023 3:00,71.2
3/8/2023 3:15,71.29
3/8/2023 3:30,71.42
3/8/2023 3:45,71.42
3/8/2023 4:00,71.56
3/8/2023 4:15,71.6
3/8/2023 4:30,71.62
3/8/2023 4:45,71.66
3/8/2023 5:00,71.72
3/8/2023 5:15,71.78
3/8/2023 5:30,71.84
3/8/2023 5:45,71.78
3/8/2023 6:00,71.78
3/8/2023 6:15,71.78
3/8/2023 6:30,71.72
3/8/2023 6:45,71.66
3/8/2023 7:00,71.66
3/8/2023 7:15,71.66
3/8/2023 7:30,71.66
3/8/2023 7:45,71.64
3/8/2023 8:00,71.53
3/8/2023 8:15,71.3
3/8/2023 8:30,70.93
3/8/2023 8:45,70.62
3/8/2023 9:00,70.36
3/8/2023 9:15,70.2
3/8/2023 9:30,70.15
3/8/2023 9:45,70
3/8/2023 10:00,69.69
3/8/2023 10:15,69.11
3/8/2023 10:30,68.69
3/8/2023 10:45,68.36
3/8/2023 11:00,67.98
3/8/2023 11:15,67.81
3/8/2023 11:30,67.73
3/8/2023 11:45,67.66
3/8/2023 12:00,67.6
3/8/2023 12:15,67.6
3/8/2023 12:30,67.6
3/8/2023 12:45,67.6
3/8/2023 13:00,67.6
3/8/2023 13:15,67.6
3/8/2023 13:30,67.66
3/8/2023 13:45,67.66
3/8/2023 14:00,67.6
3/8/2023 14:15,67.6
3/8/2023 14:30,67.64
3/8/2023 14:45,67.72
3/8/2023 15:00,67.75
3/8/2023 15:15,67.79
3/8/2023 15:30,67.91
3/8/2023 15:45,67.99
3/8/2023 16:00,68.02
3/8/2023 16:15,68.12
3/8/2023 16:30,68.19
3/8/2023 16:45,68.22
3/8/2023 17:00,68.31
3/8/2023 17:15,68.38
3/8/2023 17:30,68.57
3/8/2023 17:45,68.9
3/8/2023 18:00,69.15
3/8/2023 18:15,69.26
3/8/2023 18:30,69.42
3/8/2023 18:45,69.58
3/8/2023 19:00,69.67
3/8/2023 19:15,69.81
3/8/2023 19:30,69.81
3/8/2023 19:45,69.81
3/8/2023 20:00,69.91
3/8/2023 20:15,69.91
3/8/2023 20:30,69.95
3/8/2023 20:45,69.95
3/8/2023 21:00,70.03
3/8/2023 21:15,70.03
3/8/2023 21:30,70.03
3/8/2023 21:45,69.95
3/8/2023 22:00,70.03
3/8/2023 22:15,70.14
3/8/2023 22:30,70.14
3/8/2023 22:45,70.14
3/8/2023 23:00,70.32
3/8/2023 23:15,70.32
3/8/2023 23:30,70.46
3/8/2023 23:45,70.31
3/9/2023 0:00,70.44
3/9/2023 0:15,70.46
3/9/2023 0:30,70.47
3/9/2023 0:45,70.49
3/9/2023 1:00,70.57
3/9/2023 1:15,70.85
3/9/2023 1:30,71.11
3/9/2023 1:45,71.16
3/9/2023 2:00,71.39
3/9/2023 2:15,71.72
3/9/2023 2:30,71.93
3/9/2023 2:45,72.17
3/9/2023 3:00,72.32
3/9/2023 3:15,72.37
3/9/2023 3:30,72.49
3/9/2023 3:45,72.58
3/9/2023 4:00,72.61
3/9/2023 4:15,72.74
3/9/2023 4:30,72.74
3/9/2023 4:45,72.9
3/9/2023 5:00,72.97
3/9/2023 5:15,73.02
3/9/2023 5:30,73.08
3/9/2023 5:45,73.08
3/9/2023 6:00,73.02
3/9/2023 6:15,73.02
3/9/2023 6:30,72.94
3/9/2023 6:45,72.87
3/9/2023 7:00,72.87
3/9/2023 7:15,72.72
3/9/2023 7:30,72.58
3/9/2023 7:45,72.51
3/9/2023 8:00,72.51
3/9/2023 8:15,72.33
3/9/2023 8:30,72.13
3/9/2023 8:45,71.87
3/9/2023 9:00,71.66
3/9/2023 9:15,71.5
3/9/2023 9:30,71.32
3/9/2023 9:45,70.54
3/9/2023 10:00,69.65
3/9/2023 10:15,69.49
3/9/2023 10:30,69.35
3/9/2023 10:45,68.84
3/9/2023 11:00,68.43
3/9/2023 11:15,68.34
3/9/2023 11:30,68.11
3/9/2023 11:45,67.79
3/9/2023 12:00,67.63
3/9/2023 12:15,67.63
3/9/2023 12:30,67.57
3/9/2023 12:45,67.43
3/9/2023 13:00,67.43
3/9/2023 13:15,67.39
3/9/2023 13:30,67.39
3/9/2023 13:45,67.37
3/9/2023 14:00,67.37
3/9/2023 14:15,67.37
3/9/2023 14:30,67.42
3/9/2023 14:45,67.44
3/9/2023 15:00,67.48
3/9/2023 15:15,67.57
3/9/2023 15:30,67.63
3/9/2023 15:45,67.64
3/9/2023 16:00,67.7
3/9/2023 16:15,67.8
3/9/2023 16:30,67.84
3/9/2023 16:45,67.85
3/9/2023 17:00,67.98
3/9/2023 17:15,68.11
3/9/2023 17:30,68.28
3/9/2023 17:45,68.45
3/9/2023 18:00,68.48
3/9/2023 18:15,68.91
3/9/2023 18:30,69.37
3/9/2023 18:45,69.49
3/9/2023 19:00,69.72
3/9/2023 19:15,70.01
3/9/2023 19:30,70.25
3/9/2023 19:45,70.41
3/9/2023 20:00,70.71
3/9/2023 20:15,71.06
3/9/2023 20:30,71.18
3/9/2023 20:45,71.34
3/9/2023 21:00,71.56
3/9/2023 21:15,71.56
3/9/2023 21:30,71.65
3/9/2023 21:45,71.65
3/9/2023 22:00,71.65
3/9/2023 22:15,71.65
3/9/2023 22:30,71.66
3/9/2023 22:45,71.61
3/9/2023 23:00,71.61
3/9/2023 23:15,71.66
3/9/2023 23:30,71.61
3/9/2023 23:45,71.61
3/10/2023 0:00,71.61
3/10/2023 0:15,71.66
3/10/2023 0:30,71.66
3/10/2023 0:45,71.61
3/10/2023 1:00,71.61
3/10/2023 1:15,71.61
3/10/2023 1:30,71.61
3/10/2023 1:45,71.61
3/10/2023 2:00,71.61
3/10/2023 2:15,71.61
3/10/2023 2:30,71.61
3/10/2023 2:45,71.63
3/10/2023 3:00,71.68
3/10/2023 3:15,71.83
3/10/2023 3:30,71.96
3/10/2023 3:45,72.02
3/10/2023 4:00,72.22
3/10/2023 4:15,72.22
3/10/2023 4:30,72.43
3/10/2023 4:45,72.43
3/10/2023 5:00,72.32
3/10/2023 5:15,72.32
3/10/2023 5:30,72.32
3/10/2023 5:45,72.32
3/10/2023 6:00,72.32
3/10/2023 6:15,71.99
3/10/2023 6:30,71.99
3/10/2023 6:45,71.53
3/10/2023 7:00,71.25
3/10/2023 7:15,71.1
3/10/2023 7:30,71.1
3/10/2023 7:45,70.65
3/10/2023 8:00,70.36
3/10/2023 8:15,70.14
3/10/2023 8:30,69.99
3/10/2023 8:45,69.96
3/10/2023 9:00,69.83
3/10/2023 9:15,69.48
3/10/2023 9:30,68.91
3/10/2023 9:45,68.56
3/10/2023 10:00,68.49
3/10/2023 10:15,68.3
3/10/2023 10:30,68.14
3/10/2023 10:45,67.96
3/10/2023 11:00,67.77
3/10/2023 11:15,67.66
3/10/2023 11:30,67.66
3/10/2023 11:45,67.48
3/10/2023 12:00,67.48
3/10/2023 12:15,67.39
3/10/2023 12:30,67.39
3/10/2023 12:45,67.39
3/10/2023 13:00,67.43
3/10/2023 13:15,67.43
3/10/2023 13:30,67.43
3/10/2023 13:45,67.52
3/10/2023 14:00,67.66
3/10/2023 14:15,67.66
3/10/2023 14:30,67.71
3/10/2023 14:45,67.85
3/10/2023 15:00,67.91
3/10/2023 15:15,68.35
3/10/2023 15:30,69.03
3/10/2023 15:45,69.33
3/10/2023 16:00,69.67
3/10/2023 16:15,70.15
3/10/2023 16:30,70.59
3/10/2023 16:45,71.02
3/10/2023 17:00,71.25
3/10/2023 17:15,71.51
3/10/2023 17:30,71.84
3/10/2023 17:45,72.04
3/10/2023 18:00,72.14
3/10/2023 18:15,72.18
3/10/2023 18:30,72.48
3/10/2023 18:45,72.96
3/10/2023 19:00,73.47
3/10/2023 19:15,73.85
3/10/2023 19:30,73.85
3/10/2023 19:45,73.85
3/10/2023 20:00,73.85
3/10/2023 20:15,73.85
3/10/2023 20:30,73.85
3/10/2023 20:45,73.85
3/10/2023 21:00,73.85
3/10/2023 21:15,73.85
3/10/2023 21:30,73.85
3/10/2023 21:45,73.83
3/10/2023 22:00,73.58
3/10/2023 22:15,73.3
3/10/2023 22:30,73.19
3/10/2023 22:45,73.19
3/10/2023 23:00,73.04
3/10/2023 23:15,73.04
3/10/2023 23:30,73.04
3/10/2023 23:45,72.85
3/11/2023 0:00,72.85
3/11/2023 0:15,72.85
3/11/2023 0:30,72.85
3/11/2023 0:45,72.85
3/11/2023 1:00,73.04
3/11/2023 1:15,73.19
3/11/2023 1:30,73.48
3/11/2023 1:45,73.67
3/11/2023 2:00,73.82
3/11/2023 2:15,74.05
3/11/2023 2:30,74.05
3/11/2023 2:45,74.22
3/11/2023 3:00,74.22
3/11/2023 3:15,74.22
3/11/2023 3:30,74.22
3/11/2023 3:45,74.22
3/11/2023 4:00,74.22
3/11/2023 4:15,74.12
3/11/2023 4:30,74.05
3/11/2023 4:45,74.05
3/11/2023 5:00,73.98
3/11/2023 5:15,74.05
3/11/2023 5:30,74.05
3/11/2023 5:45,73.82
3/11/2023 6:00,73.82
3/11/2023 6:15,73.6
3/11/2023 6:30,73.42
3/11/2023 6:45,73.03
3/11/2023 7:00,72.75
3/11/2023 7:15,72.75
3/11/2023 7:30,72.75
3/11/2023 7:45,72.66
3/11/2023 8:00,72.5
3/11/2023 8:15,72.5
3/11/2023 8:30,72.36
3/11/2023 8:45,72.36
3/11/2023 9:00,72.5
3/11/2023 9:15,72.5
3/11/2023 9:30,72.6
3/11/2023 9:45,72.6
3/11/2023 10:00,72.6
3/11/2023 10:15,72.36
3/11/2023 10:30,72.29
3/11/2023 10:45,72.29
3/11/2023 11:00,72.29
3/11/2023 11:15,72.29
3/11/2023 11:30,72.41
3/11/2023 11:45,72.65
3/11/2023 12:00,72.86
3/11/2023 12:15,72.95
3/11/2023 12:30,73.16
3/11/2023 12:45,73.29
3/11/2023 13:00,73.34
3/11/2023 13:15,73.29
3/11/2023 13:30,73.34
3/11/2023 13:45,73.34
3/11/2023 14:00,73.34
3/11/2023 14:15,73.45
3/11/2023 14:30,73.57
3/11/2023 14:45,73.65
3/11/2023 15:00,73.89
3/11/2023 15:15,73.93
3/11/2023 15:30,74.13
3/11/2023 15:45,74.13
3/11/2023 16:00,74.27
3/11/2023 16:15,74.44
3/11/2023 16:30,74.54
3/11/2023 16:45,74.54
3/11/2023 17:00,74.68
3/11/2023 17:15,74.8
3/11/2023 17:30,75.05
3/11/2023 17:45,75.4
3/11/2023 18:00,75.4
3/11/2023 18:15,75.4
3/11/2023 18:30,75.58
3/11/2023 18:45,75.68
3/11/2023 19:00,75.77
3/11/2023 19:15,75.84
3/11/2023 19:30,75.89
3/11/2023 19:45,75.96
3/11/2023 20:00,75.99
3/11/2023 20:15,75.99
3/11/2023 20:30,76
3/11/2023 20:45,76
3/11/2023 21:00,76.01
3/11/2023 21:15,76.04
3/11/2023 21:30,76.04
3/11/2023 21:45,76.12
3/11/2023 22:00,76.09
3/11/2023 22:15,76.14
3/11/2023 22:30,76.14
3/11/2023 22:45,76.14
3/11/2023 23:00,76.14
3/11/2023 23:15,76.14
3/11/2023 23:30,76.14
3/11/2023 23:45,76.09
3/12/2023 0:00,76.09
3/12/2023 0:15,76.09
3/12/2023 0:30,76.09
3/12/2023 0:45,76.09
3/12/2023 1:00,76.06
3/12/2023 1:15,76.06
3/12/2023 1:30,76.05
3/12/2023 1:45,76.05
3/12/2023 2:00,76.05
3/12/2023 2:15,76.05
3/12/2023 2:30,76.05
3/12/2023 2:45,76.05
3/12/2023 3:00,76.05
3/12/2023 3:15,76.05
3/12/2023 3:30,76.01
3/12/2023 3:45,76.01
3/12/2023 4:00,76.01
3/12/2023 4:15,76.05
3/12/2023 4:30,76.08
3/12/2023 4:45,76.13
3/12/2023 5:00,76.16
3/12/2023 5:15,76.24
3/12/2023 5:30,76.6
3/12/2023 5:45,76.94
3/12/2023 6:00,77.15
3/12/2023 6:15,77.15
3/12/2023 6:30,77.15
3/12/2023 6:45,77.15
3/12/2023 7:00,77.15
3/12/2023 7:15,77.15
3/12/2023 7:30,76.86
3/12/2023 7:45,76.7
3/12/2023 8:00,76.7
3/12/2023 8:15,76.7
3/12/2023 8:30,76.7
3/12/2023 8:45,76.49
3/12/2023 9:00,76.49
3/12/2023 9:15,75.73
3/12/2023 9:30,75.03
3/12/2023 9:45,74.3
3/12/2023 10:00,73.48
3/12/2023 10:15,72.82
3/12/2023 10:30,72.28
3/12/2023 10:45,72.16
3/12/2023 11:00,72.12
3/12/2023 11:15,72.12
3/12/2023 11:30,72
3/12/2023 11:45,71.66
3/12/2023 12:00,71.42
3/12/2023 12:15,71.42
3/12/2023 12:30,71.42
3/12/2023 12:45,71.66
3/12/2023 13:00,72
3/12/2023 13:15,72
3/12/2023 13:30,72.12
3/12/2023 13:45,72.24
3/12/2023 14:00,72.48
3/12/2023 14:15,72.48
3/12/2023 14:30,72.66
3/12/2023 14:45,72.72
3/12/2023 15:00,72.78
3/12/2023 15:15,73.04
3/12/2023 15:30,73.32
3/12/2023 15:45,73.44
3/12/2023 16:00,73.58
3/12/2023 16:15,73.77
3/12/2023 16:30,74.5
3/12/2023 16:45,75.16
3/12/2023 17:00,75.4
3/12/2023 17:15,75.61
3/12/2023 17:30,75.78
3/12/2023 17:45,75.94
3/12/2023 18:00,76.16
3/12/2023 18:15,76.39
3/12/2023 18:30,76.39
3/12/2023 18:45,76.39
3/12/2023 19:00,76.39
3/12/2023 19:15,76.39
3/12/2023 19:30,76.39
3/12/2023 19:45,76.39
3/12/2023 20:00,76.45
3/12/2023 20:15,76.53
3/12/2023 20:30,76.53
3/12/2023 20:45,76.53
3/12/2023 21:00,76.53
3/12/2023 21:15,76.62
3/12/2023 21:30,76.57
3/12/2023 21:45,76.36
3/12/2023 22:00,76.36
3/12/2023 22:15,76.16
3/12/2023 22:30,76.08
3/12/2023 22:45,76.08
3/12/2023 23:00,76.08
3/12/2023 23:15,76.08
3/12/2023 23:30,76.08
3/12/2023 23:45,76.12
3/13/2023 0:00,76.12
3/13/2023 0:15,76.12
3/13/2023 0:30,76.19
3/13/2023 0:45,76.24
3/13/2023 1:00,76.19
3/13/2023 1:15,76.19
3/13/2023 1:30,76.19
3/13/2023 1:45,76.18
3/13/2023 2:00,76.18
3/13/2023 2:15,76.12
3/13/2023 2:30,76.18
3/13/2023 2:45,76.21
3/13/2023 3:00,76.21
3/13/2023 3:15,76.23
3/13/2023 3:30,76.28
3/13/2023 3:45,76.32
3/13/2023 4:00,76.32
3/13/2023 4:15,76.44
3/13/2023 4:30,76.57
3/13/2023 4:45,76.66
3/13/2023 5:00,76.83
3/13/2023 5:15,76.96
3/13/2023 5:30,77
3/13/2023 5:45,77.05
3/13/2023 6:00,77.05
3/13/2023 6:15,77.19
3/13/2023 6:30,77.28
3/13/2023 6:45,77.28
3/13/2023 7:00,77.28
3/13/2023 7:15,77.28
3/13/2023 7:30,77.28
3/13/2023 7:45,77.28
3/13/2023 8:00,77.28
3/13/2023 8:15,77.19
3/13/2023 8:30,76.93
3/13/2023 8:45,76.68
3/13/2023 9:00,76.58
3/13/2023 9:15,76.52
3/13/2023 9:30,76.35
3/13/2023 9:45,74.89
3/13/2023 10:00,73.39
3/13/2023 10:15,73.21
3/13/2023 10:30,73.18
3/13/2023 10:45,72.9
3/13/2023 11:00,72.6
3/13/2023 11:15,72.57
3/13/2023 11:30,72.47
3/13/2023 11:45,72.36
3/13/2023 12:00,72.36
3/13/2023 12:15,72.36
3/13/2023 12:30,72.36
3/13/2023 12:45,72.36
3/13/2023 13:00,72.47
3/13/2023 13:15,72.57
3/13/2023 13:30,72.59
3/13/2023 13:45,72.9
3/13/2023 14:00,73.18
3/13/2023 14:15,73.23
3/13/2023 14:30,73.7
3/13/2023 14:45,74.26
3/13/2023 15:00,74.44
3/13/2023 15:15,74.47
3/13/2023 15:30,75.07
3/13/2023 15:45,75.74
3/13/2023 16:00,75.74
3/13/2023 16:15,75.86
3/13/2023 16:30,75.97
3/13/2023 16:45,76.15
3/13/2023 17:00,76.15
3/13/2023 17:15,76.48
3/13/2023 17:30,76.82
3/13/2023 17:45,76.97
3/13/2023 18:00,77
3/13/2023 18:15,77
3/13/2023 18:30,77
3/13/2023 18:45,77.02
3/13/2023 19:00,77.02
3/13/2023 19:15,77.06
3/13/2023 19:30,77.23
3/13/2023 19:45,77.45
3/13/2023 20:00,77.57
3/13/2023 20:15,77.67
3/13/2023 20:30,77.84
3/13/2023 20:45,78.18
3/13/2023 21:00,78.5
3/13/2023 21:15,78.53
3/13/2023 21:30,78.53
3/13/2023 21:45,78.63
3/13/2023 22:00,78.73
3/13/2023 22:15,78.87
3/13/2023 22:30,79.02
3/13/2023 22:45,79.09
3/13/2023 23:00,79.09
3/13/2023 23:15,79.11
3/13/2023 23:30,79.11
3/13/2023 23:45,79.15
3/14/2023 0:00,79.17
3/14/2023 0:15,79.31
3/14/2023 0:30,79.47
3/14/2023 0:45,79.49
3/14/2023 1:00,79.49
3/14/2023 1:15,79.49
3/14/2023 1:30,79.49
3/14/2023 1:45,79.52
3/14/2023 2:00,79.5
3/14/2023 2:15,79.5
3/14/2023 2:30,79.52
3/14/2023 2:45,79.58
3/14/2023 3:00,79.61
3/14/2023 3:15,79.61
3/14/2023 3:30,79.61
3/14/2023 3:45,79.71
3/14/2023 4:00,79.81
3/14/2023 4:15,79.81
3/14/2023 4:30,79.81
3/14/2023 4:45,79.81
3/14/2023 5:00,79.71
3/14/2023 5:15,79.61
3/14/2023 5:30,79.52
3/14/2023 5:45,79.45
3/14/2023 6:00,79.45
3/14/2023 6:15,79.4
3/14/2023 6:30,79.35
3/14/2023 6:45,79.17
3/14/2023 7:00,79
3/14/2023 7:15,79
3/14/2023 7:30,78.96
3/14/2023 7:45,78.92
3/14/2023 8:00,78.87
3/14/2023 8:15,78.56
3/14/2023 8:30,78.17
3/14/2023 8:45,78
3/14/2023 9:00,77.83
3/14/2023 9:15,77.21
3/14/2023 9:30,76.1
3/14/2023 9:45,74.54
3/14/2023 10:00,73.03
3/14/2023 10:15,72.4
3/14/2023 10:30,72.24
3/14/2023 10:45,72.11
3/14/2023 11:00,71.94
3/14/2023 11:15,71.79
3/14/2023 11:30,71.69
3/14/2023 11:45,71.59
3/14/2023 12:00,71.47
3/14/2023 12:15,71.4
3/14/2023 12:30,71.4
3/14/2023 12:45,71.4
3/14/2023 13:00,71.47
3/14/2023 13:15,71.47
3/14/2023 13:30,71.47
3/14/2023 13:45,71.59
3/14/2023 14:00,71.69
3/14/2023 14:15,71.69
3/14/2023 14:30,71.69
3/14/2023 14:45,71.9
3/14/2023 15:00,71.9
3/14/2023 15:15,72.19
3/14/2023 15:30,72.22
3/14/2023 15:45,72.26
3/14/2023 16:00,72.3
3/14/2023 16:15,72.45
3/14/2023 16:30,72.86
3/14/2023 16:45,73.52
3/14/2023 17:00,74
3/14/2023 17:15,74.27
3/14/2023 17:30,74.47
3/14/2023 17:45,74.66
3/14/2023 18:00,75.08
3/14/2023 18:15,75.73
3/14/2023 18:30,76.64
3/14/2023 18:45,77.25
3/14/2023 19:00,77.25
3/14/2023 19:15,77.4
3/14/2023 19:30,77.4
3/14/2023 19:45,77.4
3/14/2023 20:00,77.4
3/14/2023 20:15,77.44
3/14/2023 20:30,77.44
3/14/2023 20:45,77.48
3/14/2023 21:00,77.53
3/14/2023 21:15,77.53
3/14/2023 21:30,77.53
3/14/2023 21:45,77.53
3/14/2023 22:00,77.59
3/14/2023 22:15,77.59
3/14/2023 22:30,77.59
3/14/2023 22:45,77.59
3/14/2023 23:00,77.59
3/14/2023 23:15,77.59
3/14/2023 23:30,77.73
3/14/2023 23:45,77.73
3/15/2023 0:00,77.86
3/15/2023 0:15,77.86
3/15/2023 0:30,78
3/15/2023 0:45,78.12
3/15/2023 1:00,78.12
3/15/2023 1:15,78.21
3/15/2023 1:30,78.32
3/15/2023 1:45,78.32
3/15/2023 2:00,78.32
3/15/2023 2:15,78.21
3/15/2023 2:30,78.32
3/15/2023 2:45,78.35
3/15/2023 3:00,78.35
3/15/2023 3:15,78.32
3/15/2023 3:30,78.29
3/15/2023 3:45,78.29
3/15/2023 4:00,78.21
3/15/2023 4:15,78.28
3/15/2023 4:30,78.28
3/15/2023 4:45,78.27
3/15/2023 5:00,78.21
3/15/2023 5:15,78.21
3/15/2023 5:30,78.21
3/15/2023 5:45,78.06
3/15/2023 6:00,78.06
3/15/2023 6:15,77.83
3/15/2023 6:30,77.65
3/15/2023 6:45,77.65
3/15/2023 7:00,77.57
3/15/2023 7:15,77.41
3/15/2023 7:30,77.27
3/15/2023 7:45,77.15
3/15/2023 8:00,76.9
3/15/2023 8:15,76.57
3/15/2023 8:30,76.34
3/15/2023 8:45,76.24
3/15/2023 9:00,76.13
3/15/2023 9:15,75.99
3/15/2023 9:30,75.52
3/15/2023 9:45,75.14
3/15/2023 10:00,75.03
3/15/2023 10:15,74.74
3/15/2023 10:30,74.6
3/15/2023 10:45,74.54
3/15/2023 11:00,74.49
3/15/2023 11:15,74.49
3/15/2023 11:30,74.49
3/15/2023 11:45,74.49
3/15/2023 12:00,74.49
3/15/2023 12:15,74.49
3/15/2023 12:30,74.51
3/15/2023 12:45,74.51
3/15/2023 13:00,74.6
3/15/2023 13:15,74.78
3/15/2023 13:30,75.47
3/15/2023 13:45,76.85
3/15/2023 14:00,77.74
3/15/2023 14:15,77.89
3/15/2023 14:30,78.16
3/15/2023 14:45,78.39
3/15/2023 15:00,78.56
3/15/2023 15:15,80.04
3/15/2023 15:30,81.48
3/15/2023 15:45,81.59
3/15/2023 16:00,81.59
3/15/2023 16:15,81.93
3/15/2023 16:30,82.3
3/15/2023 16:45,82.37
3/15/2023 17:00,82.43
3/15/2023 17:15,82.45
3/15/2023 17:30,82.6
3/15/2023 17:45,82.75
3/15/2023 18:00,82.85
3/15/2023 18:15,82.85
3/15/2023 18:30,82.96
3/15/2023 18:45,83.02
3/15/2023 19:00,83.06
3/15/2023 19:15,83.16
3/15/2023 19:30,83.26
3/15/2023 19:45,83.38
3/15/2023 20:00,83.58
3/15/2023 20:15,83.65
3/15/2023 20:30,83.69
3/15/2023 20:45,83.69
3/15/2023 21:00,83.71
3/15/2023 21:15,83.75
3/15/2023 21:30,83.78
3/15/2023 21:45,83.78
3/15/2023 22:00,83.84
3/15/2023 22:15,83.93
3/15/2023 22:30,84
3/15/2023 22:45,83.93
3/15/2023 23:00,83.93
3/15/2023 23:15,83.84
3/15/2023 23:30,83.78
3/15/2023 23:45,83.75
3/16/2023 0:00,83.75
3/16/2023 0:15,83.74
3/16/2023 0:30,83.78
3/16/2023 0:45,83.71
3/16/2023 1:00,83.71
3/16/2023 1:15,83.84
3/16/2023 1:30,83.84
3/16/2023 1:45,83.93
3/16/2023 2:00,84
3/16/2023 2:15,83.93
3/16/2023 2:30,83.97
3/16/2023 2:45,84.05
3/16/2023 3:00,84.05
3/16/2023 3:15,84.05
3/16/2023 3:30,84.09
3/16/2023 3:45,84.09
3/16/2023 4:00,84.12
3/16/2023 4:15,84.24
3/16/2023 4:30,84.25
3/16/2023 4:45,84.29
3/16/2023 5:00,84.36
3/16/2023 5:15,84.44
3/16/2023 5:30,84.47
3/16/2023 5:45,84.47
3/16/2023 6:00,84.47
3/16/2023 6:15,84.44
3/16/2023 6:30,84.36
3/16/2023 6:45,84.29
3/16/2023 7:00,84.25
3/16/2023 7:15,84.29
3/16/2023 7:30,84.25
3/16/2023 7:45,84.22
3/16/2023 8:00,84.19
3/16/2023 8:15,84.18
3/16/2023 8:30,84.12
3/16/2023 8:45,84.12
3/16/2023 9:00,84.04
3/16/2023 9:15,83.96
3/16/2023 9:30,83.86
3/16/2023 9:45,83.74
3/16/2023 10:00,83.67
3/16/2023 10:15,83.59
3/16/2023 10:30,83.3
3/16/2023 10:45,83.04
3/16/2023 11:00,82.91
3/16/2023 11:15,82.47
3/16/2023 11:30,82.09
3/16/2023 11:45,82.03
3/16/2023 12:00,82.03
3/16/2023 12:15,82.03
3/16/2023 12:30,82.03
3/16/2023 12:45,82.03
3/16/2023 13:00,82.03
3/16/2023 13:15,81.96
3/16/2023 13:30,81.86
3/16/2023 13:45,81.86
3/16/2023 14:00,81.96
3/16/2023 14:15,81.96
3/16/2023 14:30,82.03
3/16/2023 14:45,82.21
3/16/2023 15:00,82.44
3/16/2023 15:15,82.53
3/16/2023 15:30,82.59
3/16/2023 15:45,82.74
3/16/2023 16:00,82.77
3/16/2023 16:15,82.99
3/16/2023 16:30,83.12
3/16/2023 16:45,83.16
3/16/2023 17:00,83.28
3/16/2023 17:15,83.47
3/16/2023 17:30,83.54
3/16/2023 17:45,83.54
3/16/2023 18:00,83.77
3/16/2023 18:15,83.86
3/16/2023 18:30,83.91
3/16/2023 18:45,83.99
3/16/2023 19:00,83.99
3/16/2023 19:15,84
3/16/2023 19:30,84
3/16/2023 19:45,84.1
3/16/2023 20:00,84.17
3/16/2023 20:15,84.2
3/16/2023 20:30,84.22
3/16/2023 20:45,84.22
3/16/2023 21:00,84.25
3/16/2023 21:15,84.31
3/16/2023 21:30,84.45
3/16/2023 21:45,84.45
3/16/2023 22:00,84.45
3/16/2023 22:15,84.65
3/16/2023 22:30,84.72
3/16/2023 22:45,84.72
3/16/2023 23:00,84.74
3/16/2023 23:15,84.78
3/16/2023 23:30,84.82
3/16/2023 23:45,84.85
3/17/2023 0:00,84.87
3/17/2023 0:15,84.9
3/17/2023 0:30,84.96
3/17/2023 0:45,85.01
3/17/2023 1:00,85.01
3/17/2023 1:15,85.01
3/17/2023 1:30,84.96
3/17/2023 1:45,84.96
3/17/2023 2:00,84.89
3/17/2023 2:15,84.89
3/17/2023 2:30,84.83
3/17/2023 2:45,84.79
3/17/2023 3:00,84.73
3/17/2023 3:15,84.57
3/17/2023 3:30,84.4
3/17/2023 3:45,84.22
3/17/2023 4:00,84.02
3/17/2023 4:15,83.99
3/17/2023 4:30,83.99
3/17/2023 4:45,83.96
3/17/2023 5:00,83.8
3/17/2023 5:15,83.67
3/17/2023 5:30,83.61
3/17/2023 5:45,83.54
3/17/2023 6:00,83.5
3/17/2023 6:15,83.46
3/17/2023 6:30,83.46
3/17/2023 6:45,83.5
3/17/2023 7:00,83.6
3/17/2023 7:15,83.6
3/17/2023 7:30,83.6
3/17/2023 7:45,83.6
3/17/2023 8:00,83.6
3/17/2023 8:15,83.6
3/17/2023 8:30,83.6
3/17/2023 8:45,83.84
3/17/2023 9:00,84.03
3/17/2023 9:15,84.03
3/17/2023 9:30,83.84
3/17/2023 9:45,83.84
3/17/2023 10:00,83.93
3/17/2023 10:15,83.93
3/17/2023 10:30,83.93
3/17/2023 10:45,83.93
3/17/2023 11:00,83.93
3/17/2023 11:15,83.93
3/17/2023 11:30,83.93
3/17/2023 11:45,83.77
3/17/2023 12:00,83.64
3/17/2023 12:15,83.48
3/17/2023 12:30,83.36
3/17/2023 12:45,83.36
3/17/2023 13:00,83.32
3/17/2023 13:15,83.32
3/17/2023 13:30,83.24
3/17/2023 13:45,83.16
3/17/2023 14:00,83.06
3/17/2023 14:15,82.78
3/17/2023 14:30,82.5
3/17/2023 14:45,82.5
3/17/2023 15:00,82.5
3/17/2023 15:15,82.5
3/17/2023 15:30,82.5
3/17/2023 15:45,82.5
3/17/2023 16:00,82.5
3/17/2023 16:15,82.5
3/17/2023 16:30,82.78
3/17/2023 16:45,82.99
3/17/2023 17:00,83.11
3/17/2023 17:15,83.36
3/17/2023 17:30,83.65
3/17/2023 17:45,84
3/17/2023 18:00,84.57
3/17/2023 18:15,84.98
3/17/2023 18:30,85.03
3/17/2023 18:45,85.21
3/17/2023 19:00,85.4
3/17/2023 19:15,85.43
3/17/2023 19:30,85.46
3/17/2023 19:45,85.5
3/17/2023 20:00,85.53
3/17/2023 20:15,85.56
3/17/2023 20:30,85.61
3/17/2023 20:45,85.61
3/17/2023 21:00,85.61
3/17/2023 21:15,85.61
3/17/2023 21:30,85.61
3/17/2023 21:45,85.63
3/17/2023 22:00,85.65
3/17/2023 22:15,85.65
3/17/2023 22:30,85.65
3/17/2023 22:45,85.65
3/17/2023 23:00,85.61
3/17/2023 23:15,85.58
3/17/2023 23:30,85.44
3/17/2023 23:45,85.33
3/18/2023 0:00,85.3
3/18/2023 0:15,85.29
3/18/2023 0:30,85.27
3/18/2023 0:45,85.24
3/18/2023 1:00,85.18
3/18/2023 1:15,85.18
3/18/2023 1:30,85.18
3/18/2023 1:45,85.18
3/18/2023 2:00,85.24
3/18/2023 2:15,85.27
3/18/2023 2:30,85.29
3/18/2023 2:45,85.29
3/18/2023 3:00,85.29
3/18/2023 3:15,85.3
3/18/2023 3:30,85.3
3/18/2023 3:45,85.3
3/18/2023 4:00,85.3
3/18/2023 4:15,85.29
3/18/2023 4:30,85.34
3/18/2023 4:45,85.38
3/18/2023 5:00,85.41
3/18/2023 5:15,85.46
3/18/2023 5:30,85.47
3/18/2023 5:45,85.49
3/18/2023 6:00,85.52
3/18/2023 6:15,85.56
3/18/2023 6:30,85.54
3/18/2023 6:45,85.52
3/18/2023 7:00,85.47
3/18/2023 7:15,85.44
3/18/2023 7:30,85.41
3/18/2023 7:45,85.41
3/18/2023 8:00,85.39
3/18/2023 8:15,85.34
3/18/2023 8:30,85.34
3/18/2023 8:45,85.34
3/18/2023 9:00,85.34
3/18/2023 9:15,85.34
3/18/2023 9:30,85.06
3/18/2023 9:45,84.5
3/18/2023 10:00,83.83
3/18/2023 10:15,82.97
3/18/2023 10:30,82.39
3/18/2023 10:45,82.39
3/18/2023 11:00,82.26
3/18/2023 11:15,82.22
3/18/2023 11:30,81.93
3/18/2023 11:45,81.64
3/18/2023 12:00,81.59
3/18/2023 12:15,81.59
3/18/2023 12:30,81.59
3/18/2023 12:45,81.59
3/18/2023 13:00,81.59
3/18/2023 13:15,81.64
3/18/2023 13:30,81.91
3/18/2023 13:45,82.2
3/18/2023 14:00,82.2
3/18/2023 14:15,82.33
3/18/2023 14:30,82.59
3/18/2023 14:45,82.75
3/18/2023 15:00,82.8
3/18/2023 15:15,82.92
3/18/2023 15:30,83.26
3/18/2023 15:45,83.49
3/18/2023 16:00,83.72
3/18/2023 16:15,84.01
3/18/2023 16:30,84.09
3/18/2023 16:45,84.31
3/18/2023 17:00,84.78
3/18/2023 17:15,85.06
3/18/2023 17:30,85.12
3/18/2023 17:45,85.26
3/18/2023 18:00,85.44
3/18/2023 18:15,85.47
3/18/2023 18:30,85.62
3/18/2023 18:45,85.72
3/18/2023 19:00,85.74
3/18/2023 19:15,85.75
3/18/2023 19:30,85.75
3/18/2023 19:45,85.75
3/18/2023 20:00,85.77
3/18/2023 20:15,85.78
3/18/2023 20:30,85.78
3/18/2023 20:45,85.82
3/18/2023 21:00,85.82
3/18/2023 21:15,85.88
3/18/2023 21:30,85.92
3/18/2023 21:45,85.94
3/18/2023 22:00,85.98
3/18/2023 22:15,86.06
3/18/2023 22:30,86.11
3/18/2023 22:45,86.15
3/18/2023 23:00,86.26
3/18/2023 23:15,86.3
3/18/2023 23:30,86.3
3/18/2023 23:45,86.3
3/19/2023 0:00,86.3
3/19/2023 0:15,86.34
3/19/2023 0:30,86.34
3/19/2023 0:45,86.34
3/19/2023 1:00,86.35
3/19/2023 1:15,86.35
3/19/2023 1:30,86.35
3/19/2023 1:45,86.36
3/19/2023 2:00,86.35
3/19/2023 2:15,86.3
3/19/2023 2:30,86.25
3/19/2023 2:45,86.23
3/19/2023 3:00,86.23
3/19/2023 3:15,86.09
3/19/2023 3:30,85.97
3/19/2023 3:45,85.96
3/19/2023 4:00,85.94
3/19/2023 4:15,85.92
3/19/2023 4:30,85.92
3/19/2023 4:45,85.92
3/19/2023 5:00,85.92
3/19/2023 5:15,85.89
3/19/2023 5:30,85.85
3/19/2023 5:45,85.79
3/19/2023 6:00,85.76
3/19/2023 6:15,85.73
3/19/2023 6:30,85.69
3/19/2023 6:45,85.58
3/19/2023 7:00,85.45
3/19/2023 7:15,85.27
3/19/2023 7:30,85.1
3/19/2023 7:45,85.02
3/19/2023 8:00,84.84
3/19/2023 8:15,84.69
3/19/2023 8:30,84.55
3/19/2023 8:45,84.39
3/19/2023 9:00,84.32
3/19/2023 9:15,84.15
3/19/2023 9:30,83.46
3/19/2023 9:45,82.85
3/19/2023 10:00,82.75
3/19/2023 10:15,82.16
3/19/2023 10:30,81.49
3/19/2023 10:45,81.33
3/19/2023 11:00,81.1
3/19/2023 11:15,80.87
3/19/2023 11:30,80.54
3/19/2023 11:45,79.83
3/19/2023 12:00,79.37
3/19/2023 12:15,79.33
3/19/2023 12:30,79.05
3/19/2023 12:45,79.05
3/19/2023 13:00,79.05
3/19/2023 13:15,79.33
3/19/2023 13:30,79.37
3/19/2023 13:45,79.84
3/19/2023 14:00,79.38
3/19/2023 14:15,79.34
3/19/2023 14:30,79.34
3/19/2023 14:45,79.34
3/19/2023 15:00,79.29
3/19/2023 15:15,79.29
3/19/2023 15:30,79.34
3/19/2023 15:45,79.81
3/19/2023 16:00,80.31
3/19/2023 16:15,80.48
3/19/2023 16:30,80.67
3/19/2023 16:45,80.9
3/19/2023 17:00,81.18
3/19/2023 17:15,81.36
3/19/2023 17:30,81.51
3/19/2023 17:45,81.61
3/19/2023 18:00,81.7
3/19/2023 18:15,81.83
3/19/2023 18:30,82.06
3/19/2023 18:45,82.41
3/19/2023 19:00,82.66
3/19/2023 19:15,82.96
3/19/2023 19:30,83.07
3/19/2023 19:45,83.15
3/19/2023 20:00,83.26
3/19/2023 20:15,83.26
3/19/2023 20:30,83.26
3/19/2023 20:45,83.44
3/19/2023 21:00,83.63
3/19/2023 21:15,83.63
3/19/2023 21:30,83.66
3/19/2023 21:45,83.66
3/19/2023 22:00,83.67
3/19/2023 22:15,83.72
3/19/2023 22:30,83.72
3/19/2023 22:45,83.67
3/19/2023 23:00,83.67
3/19/2023 23:15,83.67
3/19/2023 23:30,83.67
3/19/2023 23:45,83.67
3/20/2023 0:00,83.67
3/20/2023 0:15,83.72
3/20/2023 0:30,83.72
3/20/2023 0:45,83.67
3/20/2023 1:00,83.72
3/20/2023 1:15,83.72
3/20/2023 1:30,83.72
3/20/2023 1:45,83.65
3/20/2023 2:00,83.68
3/20/2023 2:15,83.68
3/20/2023 2:30,83.62
3/20/2023 2:45,83.64
3/20/2023 3:00,83.58
3/20/2023 3:15,83.51
3/20/2023 3:30,83.47
3/20/2023 3:45,83.47
3/20/2023 4:00,83.41
3/20/2023 4:15,83.29
3/20/2023 4:30,83.15
3/20/2023 4:45,82.97
3/20/2023 5:00,82.82
3/20/2023 5:15,82.76
3/20/2023 5:30,82.76
3/20/2023 5:45,82.59
3/20/2023 6:00,82.28
3/20/2023 6:15,82.28
3/20/2023 6:30,82.12
3/20/2023 6:45,82.12
3/20/2023 7:00,82.11
3/20/2023 7:15,82.09
3/20/2023 7:30,82.09
3/20/2023 7:45,82.06
3/20/2023 8:00,81.99
3/20/2023 8:15,81.83
3/20/2023 8:30,81.73
3/20/2023 8:45,81.72
3/20/2023 9:00,81.62
3/20/2023 9:15,81.04
3/20/2023 9:30,80.53
3/20/2023 9:45,79.94
3/20/2023 10:00,79.39
3/20/2023 10:15,79.39
3/20/2023 10:30,79.27
3/20/2023 10:45,79.27
3/20/2023 11:00,79.27
3/20/2023 11:15,79.27
3/20/2023 11:30,79.26
3/20/2023 11:45,79.26
3/20/2023 12:00,79.26
3/20/2023 12:15,79.26
3/20/2023 12:30,79.26
3/20/2023 12:45,79.38
3/20/2023 13:00,79.41
3/20/2023 13:15,79.63
3/20/2023 13:30,80
3/20/2023 13:45,80.3
3/20/2023 14:00,80.55
3/20/2023 14:15,80.92
3/20/2023 14:30,81.37
3/20/2023 14:45,81.59
3/20/2023 15:00,81.64
3/20/2023 15:15,81.64
3/20/2023 15:30,81.67
3/20/2023 15:45,81.67
3/20/2023 16:00,81.67
3/20/2023 16:15,81.74
3/20/2023 16:30,81.97
3/20/2023 16:45,82.21
3/20/2023 17:00,82.21
3/20/2023 17:15,81.97
3/20/2023 17:30,81.74
3/20/2023 17:45,81.67
3/20/2023 18:00,81.64
3/20/2023 18:15,81.67
3/20/2023 18:30,81.67
3/20/2023 18:45,81.64
3/20/2023 19:00,81.64
3/20/2023 19:15,81.71
3/20/2023 19:30,81.87
3/20/2023 19:45,81.87
3/20/2023 20:00,81.87
3/20/2023 20:15,81.96
3/20/2023 20:30,82.14
3/20/2023 20:45,82.14
3/20/2023 21:00,82.29
3/20/2023 21:15,82.36
3/20/2023 21:30,82.36
3/20/2023 21:45,82.36
3/20/2023 22:00,82.45
3/20/2023 22:15,82.62
3/20/2023 22:30,82.83
3/20/2023 22:45,82.93
3/20/2023 23:00,83.01
3/20/2023 23:15,83.1
3/20/2023 23:30,83.01
3/20/2023 23:45,83.2
3/21/2023 0:00,83.2
3/21/2023 0:15,83.01
3/21/2023 0:30,83.2
3/21/2023 0:45,83.37
3/21/2023 1:00,83.4
3/21/2023 1:15,83.46
3/21/2023 1:30,83.53
3/21/2023 1:45,83.62
3/21/2023 2:00,83.62
3/21/2023 2:15,83.54
3/21/2023 2:30,83.54
3/21/2023 2:45,83.54
3/21/2023 3:00,83.62
3/21/2023 3:15,83.79
3/21/2023 3:30,83.62
3/21/2023 3:45,83.73
3/21/2023 4:00,83.73
3/21/2023 4:15,83.73
3/21/2023 4:30,83.73
3/21/2023 4:45,83.74
3/21/2023 5:00,83.74
3/21/2023 5:15,83.74
3/21/2023 5:30,83.56
3/21/2023 5:45,83.56
3/21/2023 6:00,83.56
3/21/2023 6:15,83.56
3/21/2023 6:30,83.56
3/21/2023 6:45,83.56
3/21/2023 7:00,83.56
3/21/2023 7:15,83.56
3/21/2023 7:30,83.56
3/21/2023 7:45,83.56
3/21/2023 8:00,83.48
3/21/2023 8:15,83.31
3/21/2023 8:30,83.31
3/21/2023 8:45,83.14
3/21/2023 9:00,83.08
3/21/2023 9:15,83.08
3/21/2023 9:30,83
3/21/2023 9:45,82.71
3/21/2023 10:00,82.47
3/21/2023 10:15,82.3
3/21/2023 10:30,82.01
3/21/2023 10:45,81.71
3/21/2023 11:00,81.52
3/21/2023 11:15,81.42
3/21/2023 11:30,81.32
3/21/2023 11:45,81.23
3/21/2023 12:00,81.12
3/21/2023 12:15,80.99
3/21/2023 12:30,80.72
3/21/2023 12:45,80.48
3/21/2023 13:00,80.39
3/21/2023 13:15,80.35
3/21/2023 13:30,80.28
3/21/2023 13:45,80.17
3/21/2023 14:00,80.08
3/21/2023 14:15,80.04
3/21/2023 14:30,80.02
3/21/2023 14:45,80.02
3/21/2023 15:00,79.99
3/21/2023 15:15,79.99
3/21/2023 15:30,79.93
3/21/2023 15:45,79.93
3/21/2023 16:00,79.54
3/21/2023 16:15,79.49
3/21/2023 16:30,78.94
3/21/2023 16:45,78.94
3/21/2023 17:00,78.94
3/21/2023 17:15,78.8
3/21/2023 17:30,79.07
3/21/2023 17:45,79.07
3/21/2023 18:00,79.07
3/21/2023 18:15,79.07
3/21/2023 18:30,78.8
3/21/2023 18:45,78.8
3/21/2023 19:00,79.07
3/21/2023 19:15,79.07
3/21/2023 19:30,79.07
3/21/2023 19:45,79.07
3/21/2023 20:00,78.8
3/21/2023 20:15,78.8
3/21/2023 20:30,79.11
3/21/2023 20:45,78.94
3/21/2023 21:00,78.94
3/21/2023 21:15,78.94
3/21/2023 21:30,78.94
3/21/2023 21:45,78.94
3/21/2023 22:00,78.94
3/21/2023 22:15,78.95
3/21/2023 22:30,78.95
3/21/2023 22:45,78.95
3/21/2023 23:00,78.95
3/21/2023 23:15,78.95
3/21/2023 23:30,78.95
3/21/2023 23:45,78.95
3/22/2023 0:00,78.95
3/22/2023 0:15,78.95
3/22/2023 0:30,79.05
3/22/2023 0:45,78.95
3/22/2023 1:00,78.99
3/22/2023 1:15,78.95
3/22/2023 1:30,78.93
3/22/2023 1:45,78.94
3/22/2023 2:00,78.94
3/22/2023 2:15,78.82
3/22/2023 2:30,78.82
3/22/2023 2:45,78.69
3/22/2023 3:00,78.63
3/22/2023 3:15,78.63
3/22/2023 3:30,78.63
3/22/2023 3:45,78.63
3/22/2023 4:00,78.63
3/22/2023 4:15,78.6
3/22/2023 4:30,78.6
3/22/2023 4:45,78.6
3/22/2023 5:00,78.59
3/22/2023 5:15,78.54
3/22/2023 5:30,78.43
3/22/2023 5:45,78.43
3/22/2023 6:00,78.29
3/22/2023 6:15,78.29
3/22/2023 6:30,78.2
3/22/2023 6:45,78.14
3/22/2023 7:00,77.82
3/22/2023 7:15,77.63
3/22/2023 7:30,77.63
3/22/2023 7:45,77.62
3/22/2023 8:00,77.32
3/22/2023 8:15,77.19
3/22/2023 8:30,77.05
3/22/2023 8:45,76.91
3/22/2023 9:00,76.88
3/22/2023 9:15,76.88
3/22/2023 9:30,76.88
3/22/2023 9:45,76.86
3/22/2023 10:00,76.86
3/22/2023 10:15,76.83
3/22/2023 10:30,76.83
3/22/2023 10:45,76.83
3/22/2023 11:00,76.7
3/22/2023 11:15,76.7
3/22/2023 11:30,76.57
3/22/2023 11:45,76.49
3/22/2023 12:00,76.49
3/22/2023 12:15,76.28
3/22/2023 12:30,76.28
3/22/2023 12:45,76.28
3/22/2023 13:00,76.28
3/22/2023 13:15,75.85
3/22/2023 13:30,75.85
3/22/2023 13:45,75.85
3/22/2023 14:00,76
3/22/2023 14:15,76
3/22/2023 14:30,76.48
3/22/2023 14:45,76.48
3/22/2023 15:00,76.48
3/22/2023 15:15,76.55
3/22/2023 15:30,76.67
3/22/2023 15:45,76.87
3/22/2023 16:00,77.23
3/22/2023 16:15,77.59
3/22/2023 16:30,77.9
3/22/2023 16:45,77.9
3/22/2023 17:00,78.25
3/22/2023 17:15,78.55
3/22/2023 17:30,78.76
3/22/2023 17:45,78.89
3/22/2023 18:00,79.04
3/22/2023 18:15,79.22
3/22/2023 18:30,79.22
3/22/2023 18:45,79.37
3/22/2023 19:00,79.41
3/22/2023 19:15,79.63
3/22/2023 19:30,79.93
3/22/2023 19:45,80.07
3/22/2023 20:00,80.07
3/22/2023 20:15,80.18
3/22/2023 20:30,80.18
3/22/2023 20:45,80.27
3/22/2023 21:00,80.31
3/22/2023 21:15,80.4
3/22/2023 21:30,80.52
3/22/2023 21:45,80.61
3/22/2023 22:00,80.73
3/22/2023 22:15,81.08
3/22/2023 22:30,81.39
3/22/2023 22:45,81.36
3/22/2023 23:00,81.4
3/22/2023 23:15,81.48
3/22/2023 23:30,81.48
3/22/2023 23:45,81.48
3/23/2023 0:00,81.61
3/23/2023 0:15,81.61
3/23/2023 0:30,81.61
3/23/2023 0:45,81.64
3/23/2023 1:00,81.79
3/23/2023 1:15,81.78
3/23/2023 1:30,81.64
3/23/2023 1:45,81.64
3/23/2023 2:00,81.64
3/23/2023 2:15,81.56
3/23/2023 2:30,81.56
3/23/2023 2:45,81.36
3/23/2023 3:00,81.35
3/23/2023 3:15,81.22
3/23/2023 3:30,81.22
3/23/2023 3:45,81.04
3/23/2023 4:00,80.99
3/23/2023 4:15,80.99
3/23/2023 4:30,80.98
3/23/2023 4:45,80.98
3/23/2023 5:00,80.98
3/23/2023 5:15,80.85
3/23/2023 5:30,80.68
3/23/2023 5:45,80.51
3/23/2023 6:00,80.3
3/23/2023 6:15,80.22
3/23/2023 6:30,80.3
3/23/2023 6:45,80.3
3/23/2023 7:00,80.22
3/23/2023 7:15,80.08
3/23/2023 7:30,79.94
3/23/2023 7:45,79.93
3/23/2023 8:00,79.8
3/23/2023 8:15,79.8
3/23/2023 8:30,79.66
3/23/2023 8:45,79.66
3/23/2023 9:00,79.56
3/23/2023 9:15,79.31
3/23/2023 9:30,79.05
3/23/2023 9:45,78.78
3/23/2023 10:00,78.52
3/23/2023 10:15,78.39
3/23/2023 10:30,78.26
3/23/2023 10:45,78.17
3/23/2023 11:00,78.12
3/23/2023 11:15,78.12
3/23/2023 11:30,77.99
3/23/2023 11:45,77.99
3/23/2023 12:00,77.99
3/23/2023 12:15,77.99
3/23/2023 12:30,77.99
3/23/2023 12:45,77.99
3/23/2023 13:00,78.12
3/23/2023 13:15,78.16
3/23/2023 13:30,78.12
3/23/2023 13:45,78.02
3/23/2023 14:00,78.02
3/23/2023 14:15,78.11
3/23/2023 14:30,78.11
3/23/2023 14:45,78.06
3/23/2023 15:00,78.06
3/23/2023 15:15,78.06
3/23/2023 15:30,78.15
3/23/2023 15:45,78.2
3/23/2023 16:00,78.29
3/23/2023 16:15,78.37
3/23/2023 16:30,78.76
3/23/2023 16:45,79.07
3/23/2023 17:00,79.16
3/23/2023 17:15,79.41
3/23/2023 17:30,79.41
3/23/2023 17:45,79.5
3/23/2023 18:00,79.71
3/23/2023 18:15,80.09
3/23/2023 18:30,80.39
3/23/2023 18:45,80.61
3/23/2023 19:00,80.74
3/23/2023 19:15,80.75
3/23/2023 19:30,80.75
3/23/2023 19:45,80.75
3/23/2023 20:00,80.78
3/23/2023 20:15,80.82
3/23/2023 20:30,80.91
3/23/2023 20:45,81.26
3/23/2023 21:00,81.68
3/23/2023 21:15,82.11
3/23/2023 21:30,82.36
3/23/2023 21:45,82.46
3/23/2023 22:00,82.36
3/23/2023 22:15,82.49
3/23/2023 22:30,82.62
3/23/2023 22:45,82.62
3/23/2023 23:00,82.62
3/23/2023 23:15,82.62
3/23/2023 23:30,82.62
3/23/2023 23:45,82.63
3/24/2023 0:00,82.63
3/24/2023 0:15,82.72
3/24/2023 0:30,82.72
3/24/2023 0:45,82.72
3/24/2023 1:00,82.72
3/24/2023 1:15,82.72
3/24/2023 1:30,82.72
3/24/2023 1:45,82.72
3/24/2023 2:00,82.72
3/24/2023 2:15,82.72
3/24/2023 2:30,82.72
3/24/2023 2:45,82.72
3/24/2023 3:00,82.72
3/24/2023 3:15,82.72
3/24/2023 3:30,82.72
3/24/2023 3:45,82.72
3/24/2023 4:00,82.72
3/24/2023 4:15,82.85
3/24/2023 4:30,82.87
3/24/2023 4:45,82.84
3/24/2023 5:00,82.84
3/24/2023 5:15,82.74
3/24/2023 5:30,82.74
3/24/2023 5:45,82.74
3/24/2023 6:00,82.74
3/24/2023 6:15,82.74
3/24/2023 6:30,82.74
3/24/2023 6:45,82.74
3/24/2023 7:00,82.53
3/24/2023 7:15,82.2
3/24/2023 7:30,81.83
3/24/2023 7:45,81.57
3/24/2023 8:00,81.45
3/24/2023 8:15,81.44
3/24/2023 8:30,81.05
3/24/2023 8:45,80.53
3/24/2023 9:00,80.19
3/24/2023 9:15,79.97
3/24/2023 9:30,79.83
3/24/2023 9:45,79.32
3/24/2023 10:00,78.76
3/24/2023 10:15,78.54
3/24/2023 10:30,78.42
3/24/2023 10:45,78.29
3/24/2023 11:00,78.02
3/24/2023 11:15,78.01
3/24/2023 11:30,78.01
3/24/2023 11:45,78.01
3/24/2023 12:00,77.7
3/24/2023 12:15,77.7
3/24/2023 12:30,77.58
3/24/2023 12:45,77.58
3/24/2023 13:00,77.58
3/24/2023 13:15,77.7
3/24/2023 13:30,77.8
3/24/2023 13:45,77.87
3/24/2023 14:00,77.94
3/24/2023 14:15,77.93
3/24/2023 14:30,77.94
3/24/2023 14:45,77.94
3/24/2023 15:00,78.08
3/24/2023 15:15,78.47
3/24/2023 15:30,78.79
3/24/2023 15:45,78.92
3/24/2023 16:00,79.24
3/24/2023 16:15,79.54
3/24/2023 16:30,79.67
3/24/2023 16:45,79.67
3/24/2023 17:00,79.76
3/24/2023 17:15,79.89
3/24/2023 17:30,80.03
3/24/2023 17:45,80.14
3/24/2023 18:00,80.26
3/24/2023 18:15,80.35
3/24/2023 18:30,80.44
3/24/2023 18:45,80.44
3/24/2023 19:00,80.57
3/24/2023 19:15,80.71
3/24/2023 19:30,80.76
3/24/2023 19:45,80.92
3/24/2023 20:00,80.92
3/24/2023 20:15,81.04
3/24/2023 20:30,81.05
3/24/2023 20:45,81.05
3/24/2023 21:00,81.05
3/24/2023 21:15,81.04
3/24/2023 21:30,81.04
3/24/2023 21:45,81.04
3/24/2023 22:00,81.04
3/24/2023 22:15,81.04
3/24/2023 22:30,81.05
3/24/2023 22:45,81.18
3/24/2023 23:00,81.18
3/24/2023 23:15,81.18
3/24/2023 23:30,81.18
3/24/2023 23:45,81.18
3/25/2023 0:00,81.2
3/25/2023 0:15,81.04
3/25/2023 0:30,81.2
3/25/2023 0:45,81.2
3/25/2023 1:00,81.49
3/25/2023 1:15,81.62
3/25/2023 1:30,81.62
3/25/2023 1:45,81.71
3/25/2023 2:00,81.79
3/25/2023 2:15,82.02
3/25/2023 2:30,82.29
3/25/2023 2:45,82.4
3/25/2023 3:00,82.49
3/25/2023 3:15,82.52
3/25/2023 3:30,82.61
3/25/2023 3:45,82.74
3/25/2023 4:00,82.77
3/25/2023 4:15,82.77
3/25/2023 4:30,82.89
3/25/2023 4:45,83.02
3/25/2023 5:00,83.03
3/25/2023 5:15,83.03
3/25/2023 5:30,83.21
3/25/2023 5:45,83.45
3/25/2023 6:00,83.56
3/25/2023 6:15,83.69
3/25/2023 6:30,83.79
3/25/2023 6:45,83.9
3/25/2023 7:00,84.12
3/25/2023 7:15,85.01
3/25/2023 7:30,85.82
3/25/2023 7:45,85.82
3/25/2023 8:00,85.82
3/25/2023 8:15,85.82
3/25/2023 8:30,85.82
3/25/2023 8:45,85.82
3/25/2023 9:00,85.82
3/25/2023 9:15,85.82
3/25/2023 9:30,85.82
3/25/2023 9:45,85.82
3/25/2023 10:00,82.94
3/25/2023 10:15,79.72
3/25/2023 10:30,79.33
3/25/2023 10:45,78.89
3/25/2023 11:00,78.41
3/25/2023 11:15,77.98
3/25/2023 11:30,77.51
3/25/2023 11:45,77.37
3/25/2023 12:00,77.19
3/25/2023 12:15,77.05
3/25/2023 12:30,77.05
3/25/2023 12:45,77.05
3/25/2023 13:00,77.17
3/25/2023 13:15,77.17
3/25/2023 13:30,77.37
3/25/2023 13:45,77.55
3/25/2023 14:00,77.55
3/25/2023 14:15,77.55
3/25/2023 14:30,77.55
3/25/2023 14:45,77.55
3/25/2023 15:00,77.55
3/25/2023 15:15,77.96
3/25/2023 15:30,78.34
3/25/2023 15:45,78.6
3/25/2023 16:00,78.77
3/25/2023 16:15,78.77
3/25/2023 16:30,78.87
3/25/2023 16:45,79.13
3/25/2023 17:00,79.56
3/25/2023 17:15,79.91
3/25/2023 17:30,80.08
3/25/2023 17:45,80.16
3/25/2023 18:00,80.33
3/25/2023 18:15,80.59
3/25/2023 18:30,80.81
3/25/2023 18:45,80.98
3/25/2023 19:00,81.23
3/25/2023 19:15,81.44
3/25/2023 19:30,81.48
3/25/2023 19:45,81.61
3/25/2023 20:00,81.7
3/25/2023 20:15,81.74
3/25/2023 20:30,81.77
3/25/2023 20:45,81.78
3/25/2023 21:00,81.87
3/25/2023 21:15,81.87
3/25/2023 21:30,81.87
3/25/2023 21:45,81.96
3/25/2023 22:00,81.96
3/25/2023 22:15,81.87
3/25/2023 22:30,81.96
3/25/2023 22:45,81.87
3/25/2023 23:00,81.87
3/25/2023 23:15,81.87
3/25/2023 23:30,81.87
3/25/2023 23:45,82.05
3/26/2023 0:00,82.14
3/26/2023 0:15,82.14
3/26/2023 0:30,82.19
3/26/2023 0:45,82.19
3/26/2023 1:00,82.19
3/26/2023 1:15,82.19
3/26/2023 1:30,82.19
3/26/2023 1:45,82.19
3/26/2023 2:00,82.23
3/26/2023 2:15,82.4
3/26/2023 2:30,82.69
3/26/2023 2:45,82.69
3/26/2023 3:00,82.69
3/26/2023 3:15,82.82
3/26/2023 3:30,82.82
3/26/2023 3:45,82.82
3/26/2023 4:00,82.73
3/26/2023 4:15,82.73
3/26/2023 4:30,82.82
3/26/2023 4:45,82.82
3/26/2023 5:00,82.82
3/26/2023 5:15,82.82
3/26/2023 5:30,82.73
3/26/2023 5:45,82.73
3/26/2023 6:00,82.73
3/26/2023 6:15,82.73
3/26/2023 6:30,82.64
3/26/2023 6:45,82.63
3/26/2023 7:00,82.59
3/26/2023 7:15,82.55
3/26/2023 7:30,82.37
3/26/2023 7:45,82.06
3/26/2023 8:00,82.06
3/26/2023 8:15,81.87
3/26/2023 8:30,81.3
3/26/2023 8:45,80.56
3/26/2023 9:00,80.42
3/26/2023 9:15,80.35
3/26/2023 9:30,80.26
3/26/2023 9:45,79.49
3/26/2023 10:00,78.53
3/26/2023 10:15,78.2
3/26/2023 10:30,78.03
3/26/2023 10:45,77.93
3/26/2023 11:00,77.66
3/26/2023 11:15,77.31
3/26/2023 11:30,77.11
3/26/2023 11:45,76.99
3/26/2023 12:00,76.99
3/26/2023 12:15,76.99
3/26/2023 12:30,76.99
3/26/2023 12:45,76.99
3/26/2023 13:00,76.99
3/26/2023 13:15,76.99
3/26/2023 13:30,76.91
3/26/2023 13:45,76.91
3/26/2023 14:00,76.99
3/26/2023 14:15,77.11
3/26/2023 14:30,77.33
3/26/2023 14:45,77.5
3/26/2023 15:00,77.53
3/26/2023 15:15,77.8
3/26/2023 15:30,78.11
3/26/2023 15:45,78.21
3/26/2023 16:00,78.27
3/26/2023 16:15,78.31
3/26/2023 16:30,78.36
3/26/2023 16:45,78.42
3/26/2023 17:00,78.62
3/26/2023 17:15,78.62
3/26/2023 17:30,78.88
3/26/2023 17:45,78.98
3/26/2023 18:00,79.06
3/26/2023 18:15,79.24
3/26/2023 18:30,79.43
3/26/2023 18:45,79.77
3/26/2023 19:00,80.05
3/26/2023 19:15,80.13
3/26/2023 19:30,80.27
3/26/2023 19:45,80.4
3/26/2023 20:00,80.51
3/26/2023 20:15,80.59
3/26/2023 20:30,80.64
3/26/2023 20:45,80.64
3/26/2023 21:00,80.85
3/26/2023 21:15,81.03
3/26/2023 21:30,81.06
3/26/2023 21:45,81.25
3/26/2023 22:00,81.44
3/26/2023 22:15,81.68
3/26/2023 22:30,82.03
3/26/2023 22:45,82.19
3/26/2023 23:00,82.26
3/26/2023 23:15,82.26
3/26/2023 23:30,82.26
3/26/2023 23:45,82.26
3/27/2023 0:00,82.22
3/27/2023 0:15,82.22
3/27/2023 0:30,82.22
3/27/2023 0:45,82.22
3/27/2023 1:00,82.19
3/27/2023 1:15,82.19
3/27/2023 1:30,82.12
3/27/2023 1:45,81.99
3/27/2023 2:00,81.99
3/27/2023 2:15,81.99
3/27/2023 2:30,81.89
3/27/2023 2:45,81.89
3/27/2023 3:00,81.89
3/27/2023 3:15,81.89
3/27/2023 3:30,81.89
3/27/2023 3:45,81.89
3/27/2023 4:00,81.89
3/27/2023 4:15,82.15
3/27/2023 4:30,82.21
3/27/2023 4:45,82.21
3/27/2023 5:00,82.14
3/27/2023 5:15,82.14
3/27/2023 5:30,82.14
3/27/2023 5:45,82.14
3/27/2023 6:00,82.14
3/27/2023 6:15,81.88
3/27/2023 6:30,81.88
3/27/2023 6:45,81.83
3/27/2023 7:00,81.46
3/27/2023 7:15,81.46
3/27/2023 7:30,81.16
3/27/2023 7:45,80.85
3/27/2023 8:00,80.69
3/27/2023 8:15,80.43
3/27/2023 8:30,80.13
3/27/2023 8:45,80.08
3/27/2023 9:00,80.04
3/27/2023 9:15,79.99
3/27/2023 9:30,79.49
3/27/2023 9:45,78.6
3/27/2023 10:00,78.5
3/27/2023 10:15,77.91
3/27/2023 10:30,77.26
3/27/2023 10:45,76.84
3/27/2023 11:00,76.72
3/27/2023 11:15,76.51
3/27/2023 11:30,76.34
3/27/2023 11:45,76.3
3/27/2023 12:00,76.13
3/27/2023 12:15,76.13
3/27/2023 12:30,76.13
3/27/2023 12:45,76.13
3/27/2023 13:00,76.13
3/27/2023 13:15,76.3
3/27/2023 13:30,76.34
3/27/2023 13:45,76.5
3/27/2023 14:00,76.52
3/27/2023 14:15,76.66
3/27/2023 14:30,76.52
3/27/2023 14:45,76.37
3/27/2023 15:00,76.34
3/27/2023 15:15,76.37
3/27/2023 15:30,76.52
3/27/2023 15:45,76.76
3/27/2023 16:00,76.96
3/27/2023 16:15,77.14
3/27/2023 16:30,77.26
3/27/2023 16:45,77.33
3/27/2023 17:00,77.52
3/27/2023 17:15,77.66
3/27/2023 17:30,77.72
3/27/2023 17:45,77.84
3/27/2023 18:00,78.05
3/27/2023 18:15,78.37
3/27/2023 18:30,78.55
3/27/2023 18:45,78.77
3/27/2023 19:00,79.16
3/27/2023 19:15,79.47
3/27/2023 19:30,79.78
3/27/2023 19:45,80.03
3/27/2023 20:00,80.24
3/27/2023 20:15,80.9
3/27/2023 20:30,81.46
3/27/2023 20:45,81.51
3/27/2023 21:00,81.54
3/27/2023 21:15,81.63
3/27/2023 21:30,81.71
3/27/2023 21:45,81.71
3/27/2023 22:00,81.72
3/27/2023 22:15,81.72
3/27/2023 22:30,81.96
3/27/2023 22:45,82.25
3/27/2023 23:00,82.58
3/27/2023 23:15,83.26
3/27/2023 23:30,83.88
3/27/2023 23:45,84.5
3/28/2023 0:00,85.38
3/28/2023 0:15,86.53
3/28/2023 0:30,87.27
3/28/2023 0:45,87.61
3/28/2023 1:00,88.25
3/28/2023 1:15,89.31
3/28/2023 1:30,90.25
3/28/2023 1:45,90.76
3/28/2023 2:00,91.14
3/28/2023 2:15,91.33
3/28/2023 2:30,92.24
3/28/2023 2:45,93.4
3/28/2023 3:00,93.91
3/28/2023 3:15,94.51
3/28/2023 3:30,94.92
3/28/2023 3:45,95.11
3/28/2023 4:00,95.3
3/28/2023 4:15,95.49
3/28/2023 4:30,96.12
3/28/2023 4:45,96.75
3/28/2023 5:00,97.12
3/28/2023 5:15,97.62
3/28/2023 5:30,98.07
3/28/2023 5:45,98.37
3/28/2023 6:00,98.56
3/28/2023 6:15,98.75
3/28/2023 6:30,98.95
3/28/2023 6:45,99
3/28/2023 7:00,99.03
3/28/2023 7:15,99.03
3/28/2023 7:30,99.03
3/28/2023 7:45,99.03
3/28/2023 8:00,99.03
3/28/2023 8:15,99.03
3/28/2023 8:30,99.03
3/28/2023 8:45,99.03
3/28/2023 9:00,99.03
3/28/2023 9:15,99
3/28/2023 9:30,98.98
3/28/2023 9:45,98.2
3/28/2023 10:00,96.45
3/28/2023 10:15,95.44
3/28/2023 10:30,94.54
3/28/2023 10:45,92.15
3/28/2023 11:00,86.97
3/28/2023 11:15,79.97
3/28/2023 11:30,76.44
3/28/2023 11:45,76.04
3/28/2023 12:00,75.82
3/28/2023 12:15,75.52
3/28/2023 12:30,75.52
3/28/2023 12:45,75.31
3/28/2023 13:00,75.08
3/28/2023 13:15,75.08
3/28/2023 13:30,75.08
3/28/2023 13:45,75.03
3/28/2023 14:00,74.84
3/28/2023 14:15,74.85
3/28/2023 14:30,75.04
3/28/2023 14:45,75.22
3/28/2023 15:00,75.22
3/28/2023 15:15,75.22
3/28/2023 15:30,75.31
3/28/2023 15:45,75.59
3/28/2023 16:00,75.93
3/28/2023 16:15,75.59
3/28/2023 16:30,75.77
3/28/2023 16:45,75.93
3/28/2023 17:00,76.03
3/28/2023 17:15,76.04
3/28/2023 17:30,76.04
3/28/2023 17:45,76.04
3/28/2023 18:00,76.3
3/28/2023 18:15,76.43
3/28/2023 18:30,76.43
3/28/2023 18:45,76.51
3/28/2023 19:00,76.52
3/28/2023 19:15,76.55
3/28/2023 19:30,76.53
3/28/2023 19:45,76.55
3/28/2023 20:00,76.53
3/28/2023 20:15,76.53
3/28/2023 20:30,76.53
3/28/2023 20:45,76.81
3/28/2023 21:00,76.97
3/28/2023 21:15,76.97
3/28/2023 21:30,76.97
3/28/2023 21:45,77.17
3/28/2023 22:00,77.19
3/28/2023 22:15,77.19
3/28/2023 22:30,77.29
3/28/2023 22:45,77.29
3/28/2023 23:00,77.29
3/28/2023 23:15,77.29
3/28/2023 23:30,77.07
3/28/2023 23:45,77.29
3/29/2023 0:00,77.29
3/29/2023 0:15,77.32
3/29/2023 0:30,77.32
3/29/2023 0:45,77.32
3/29/2023 1:00,77.39
3/29/2023 1:15,77.32
3/29/2023 1:30,77.32
3/29/2023 1:45,77.32
3/29/2023 2:00,77.39
3/29/2023 2:15,77.48
3/29/2023 2:30,77.59
3/29/2023 2:45,77.68
3/29/2023 3:00,77.75
3/29/2023 3:15,77.76
3/29/2023 3:30,77.88
3/29/2023 3:45,77.88
3/29/2023 4:00,77.95
3/29/2023 4:15,77.97
3/29/2023 4:30,78.16
3/29/2023 4:45,78.33
3/29/2023 5:00,78.33
3/29/2023 5:15,78.14
3/29/2023 5:30,78.33
3/29/2023 5:45,78.34
3/29/2023 6:00,78.34
3/29/2023 6:15,78.34
3/29/2023 6:30,78.34
3/29/2023 6:45,78.34
3/29/2023 7:00,78.33
3/29/2023 7:15,78.33
3/29/2023 7:30,78.33
3/29/2023 7:45,78.17
3/29/2023 8:00,77.93
3/29/2023 8:15,77.79
3/29/2023 8:30,77.74
3/29/2023 8:45,77.66
3/29/2023 9:00,77.4
3/29/2023 9:15,77.09
3/29/2023 9:30,76.26
3/29/2023 9:45,75.55
3/29/2023 10:00,75.55
3/29/2023 10:15,75.39
3/29/2023 10:30,75.02
3/29/2023 10:45,74.76
3/29/2023 11:00,74.67
3/29/2023 11:15,74.53
3/29/2023 11:30,74.43
3/29/2023 11:45,74.4
3/29/2023 12:00,74.4
3/29/2023 12:15,74.24
3/29/2023 12:30,74.24
3/29/2023 12:45,74.24
3/29/2023 13:00,74.4
3/29/2023 13:15,74.4
3/29/2023 13:30,74.43
3/29/2023 13:45,74.43
3/29/2023 14:00,74.53
3/29/2023 14:15,74.7
3/29/2023 14:30,74.82
3/29/2023 14:45,74.53
3/29/2023 15:00,74.53
3/29/2023 15:15,74.82
3/29/2023 15:30,75.05
3/29/2023 15:45,75.11
3/29/2023 16:00,75.42
3/29/2023 16:15,75.71
3/29/2023 16:30,75.76
3/29/2023 16:45,75.81
3/29/2023 17:00,75.82
3/29/2023 17:15,75.95
3/29/2023 17:30,76.15
3/29/2023 17:45,76.27
3/29/2023 18:00,76.58
3/29/2023 18:15,76.84
3/29/2023 18:30,76.86
3/29/2023 18:45,76.87
3/29/2023 19:00,76.87
3/29/2023 19:15,76.99
3/29/2023 19:30,77.09
3/29/2023 19:45,77.13
3/29/2023 20:00,77.13
3/29/2023 20:15,77.23
3/29/2023 20:30,77.23
3/29/2023 20:45,77.23
3/29/2023 21:00,77.13
3/29/2023 21:15,77.1
3/29/2023 21:30,77.1
3/29/2023 21:45,77.1
3/29/2023 22:00,77.06
3/29/2023 22:15,76.97
3/29/2023 22:30,76.87
3/29/2023 22:45,76.87
3/29/2023 23:00,76.84
3/29/2023 23:15,76.77
3/29/2023 23:30,76.73
3/29/2023 23:45,76.72
3/30/2023 0:00,76.72
3/30/2023 0:15,76.72
3/30/2023 0:30,76.72
3/30/2023 0:45,76.72
3/30/2023 1:00,76.68
3/30/2023 1:15,76.68
3/30/2023 1:30,76.68
3/30/2023 1:45,76.68
3/30/2023 2:00,76.6
3/30/2023 2:15,76.6
3/30/2023 2:30,76.46
3/30/2023 2:45,76.46
3/30/2023 3:00,76.26
3/30/2023 3:15,76.26
3/30/2023 3:30,76.31
3/30/2023 3:45,76.31
3/30/2023 4:00,76.51
3/30/2023 4:15,76.51
3/30/2023 4:30,76.69
3/30/2023 4:45,76.73
3/30/2023 5:00,76.69
3/30/2023 5:15,76.69
3/30/2023 5:30,76.69
3/30/2023 5:45,76.69
3/30/2023 6:00,76.54
3/30/2023 6:15,76.5
3/30/2023 6:30,76.5
3/30/2023 6:45,76.5
3/30/2023 7:00,76.5
3/30/2023 7:15,76.5
3/30/2023 7:30,76.5
3/30/2023 7:45,76.31
3/30/2023 8:00,76.31
3/30/2023 8:15,76.2
3/30/2023 8:30,76.12
3/30/2023 8:45,76.06
3/30/2023 9:00,75.91
3/30/2023 9:15,75.71
3/30/2023 9:30,75.58
3/30/2023 9:45,75.5
3/30/2023 10:00,75.47
3/30/2023 10:15,75.29
3/30/2023 10:30,75.07
3/30/2023 10:45,74.92
3/30/2023 11:00,74.42
3/30/2023 11:15,73.91
3/30/2023 11:30,73.86
3/30/2023 11:45,73.78
3/30/2023 12:00,73.78
3/30/2023 12:15,73.75
3/30/2023 12:30,73.73
3/30/2023 12:45,73.73
3/30/2023 13:00,73.73
3/30/2023 13:15,73.75
3/30/2023 13:30,73.75
3/30/2023 13:45,73.77
3/30/2023 14:00,73.77
3/30/2023 14:15,73.86
3/30/2023 14:30,73.86
3/30/2023 14:45,73.79
3/30/2023 15:00,73.84
3/30/2023 15:15,73.97
3/30/2023 15:30,74.08
3/30/2023 15:45,74.32
3/30/2023 16:00,74.49
3/30/2023 16:15,74.53
3/30/2023 16:30,74.64
3/30/2023 16:45,74.83
3/30/2023 17:00,75.13
3/30/2023 17:15,75.42
3/30/2023 17:30,75.7
3/30/2023 17:45,75.94
3/30/2023 18:00,76.44
3/30/2023 18:15,77.2
3/30/2023 18:30,77.69
3/30/2023 18:45,77.94
3/30/2023 19:00,77.99
3/30/2023 19:15,78.2
3/30/2023 19:30,78.49
3/30/2023 19:45,78.49
3/30/2023 20:00,78.64
3/30/2023 20:15,78.68
3/30/2023 20:30,78.75
3/30/2023 20:45,78.83
3/30/2023 21:00,78.89
3/30/2023 21:15,78.92
3/30/2023 21:30,78.92
3/30/2023 21:45,78.92
3/30/2023 22:00,78.92
3/30/2023 22:15,79.11
3/30/2023 22:30,79.48
3/30/2023 22:45,79.68
3/30/2023 23:00,79.86
3/30/2023 23:15,80.02
3/30/2023 23:30,80.11
3/30/2023 23:45,80.2
3/31/2023 0:00,80.34
3/31/2023 0:15,80.48
3/31/2023 0:30,80.48
3/31/2023 0:45,80.49
3/31/2023 1:00,80.49
3/31/2023 1:15,80.53
3/31/2023 1:30,80.6
3/31/2023 1:45,80.6
3/31/2023 2:00,80.96
3/31/2023 2:15,81.44
3/31/2023 2:30,81.68
3/31/2023 2:45,81.68
3/31/2023 3:00,81.68
3/31/2023 3:15,81.52
3/31/2023 3:30,81.52
3/31/2023 3:45,81.52
3/31/2023 4:00,81.52
3/31/2023 4:15,81.52
3/31/2023 4:30,81.52
3/31/2023 4:45,81.51
3/31/2023 5:00,81.1
3/31/2023 5:15,80.79
3/31/2023 5:30,80.42
3/31/2023 5:45,80.17
3/31/2023 6:00,80.07
3/31/2023 6:15,79.74
3/31/2023 6:30,78.99
3/31/2023 6:45,78.41
3/31/2023 7:00,78.29
3/31/2023 7:15,77.64
3/31/2023 7:30,76.72
3/31/2023 7:45,76.04
3/31/2023 8:00,75.68
3/31/2023 8:15,75.56
3/31/2023 8:30,75.25
3/31/2023 8:45,75.07
3/31/2023 9:00,75.05
3/31/2023 9:15,75.05
3/31/2023 9:30,75.05
3/31/2023 9:45,75.05
3/31/2023 10:00,75.05
3/31/2023 10:15,74.95
3/31/2023 10:30,74.83
3/31/2023 10:45,74.74
3/31/2023 11:00,74.64
3/31/2023 11:15,74.64
3/31/2023 11:30,74.64
3/31/2023 11:45,74.69
3/31/2023 12:00,74.91
3/31/2023 12:15,75.06
3/31/2023 12:30,75.06
3/31/2023 12:45,75.1
3/31/2023 13:00,75.29
3/31/2023 13:15,75.47
3/31/2023 13:30,75.55
3/31/2023 13:45,75.55
3/31/2023 14:00,75.55
3/31/2023 14:15,75.47
3/31/2023 14:30,75.29
3/31/2023 14:45,75.11
3/31/2023 15:00,75.11
3/31/2023 15:15,75.3
3/31/2023 15:30,75.55
3/31/2023 15:45,75.66
3/31/2023 16:00,75.87
3/31/2023 16:15,76.2
3/31/2023 16:30,76.4
3/31/2023 16:45,76.46
3/31/2023 17:00,76.76
3/31/2023 17:15,77.19
3/31/2023 17:30,77.37
3/31/2023 17:45,77.37
3/31/2023 18:00,77.37
3/31/2023 18:15,77.4
3/31/2023 18:30,77.77
3/31/2023 18:45,78.11
3/31/2023 19:00,78.16
3/31/2023 19:15,78.31
3/31/2023 19:30,78.42
3/31/2023 19:45,78.48
3/31/2023 20:00,78.56
3/31/2023 20:15,78.62
3/31/2023 20:30,78.64
3/31/2023 20:45,78.94
3/31/2023 21:00,79.21
3/31/2023 21:15,79.23
3/31/2023 21:30,79.57
3/31/2023 21:45,79.85
3/31/2023 22:00,79.85
3/31/2023 22:15,79.85
3/31/2023 22:30,79.96
3/31/2023 22:45,79.96
3/31/2023 23:00,80.03
3/31/2023 23:15,80.03
3/31/2023 23:30,80.05
3/31/2023 23:45,80.05
4/1/2023 0:00,80.23
4/1/2023 0:15,80.23
4/1/2023 0:30,80.18
4/1/2023 0:45,80.35
4/1/2023 1:00,80.35
4/1/2023 1:15,80.35
4/1/2023 1:30,80.35
4/1/2023 1:45,80.51
4/1/2023 2:00,80.85
4/1/2023 2:15,81.16
4/1/2023 2:30,81.26
4/1/2023 2:45,81.26
4/1/2023 3:00,81.41
4/1/2023 3:15,81.62
4/1/2023 3:30,81.69
4/1/2023 3:45,81.71
4/1/2023 4:00,81.72
4/1/2023 4:15,81.81
4/1/2023 4:30,82.01
4/1/2023 4:45,81.81
4/1/2023 5:00,82.01
4/1/2023 5:15,82.17
4/1/2023 5:30,82.17
4/1/2023 5:45,82.17
4/1/2023 6:00,82.17
4/1/2023 6:15,82.05
4/1/2023 6:30,81.81
4/1/2023 6:45,81.71
4/1/2023 7:00,81.71
4/1/2023 7:15,81.69
4/1/2023 7:30,81.61
4/1/2023 7:45,81.61
4/1/2023 8:00,81.15
4/1/2023 8:15,80.71
4/1/2023 8:30,80.34
4/1/2023 8:45,79.89
4/1/2023 9:00,79.77
4/1/2023 9:15,79.75
4/1/2023 9:30,79.2
4/1/2023 9:45,77.52
4/1/2023 10:00,75.91
4/1/2023 10:15,75.38
4/1/2023 10:30,75.11
4/1/2023 10:45,74.78
4/1/2023 11:00,74.62
4/1/2023 11:15,74.59
4/1/2023 11:30,74.23
4/1/2023 11:45,74.06
4/1/2023 12:00,73.89
4/1/2023 12:15,73.86
4/1/2023 12:30,73.76
4/1/2023 12:45,73.68
4/1/2023 13:00,73.67
4/1/2023 13:15,73.48
4/1/2023 13:30,73.2
4/1/2023 13:45,73.04
4/1/2023 14:00,72.95
4/1/2023 14:15,72.95
4/1/2023 14:30,72.95
4/1/2023 14:45,73.04
4/1/2023 15:00,73.15
4/1/2023 15:15,73.15
4/1/2023 15:30,73.3
4/1/2023 15:45,73.48
4/1/2023 16:00,73.67
4/1/2023 16:15,73.68
4/1/2023 16:30,73.75
4/1/2023 16:45,73.75
4/1/2023 17:00,73.75
4/1/2023 17:15,73.89
4/1/2023 17:30,73.97
4/1/2023 17:45,74.03
4/1/2023 18:00,74.62
4/1/2023 18:15,75.3
4/1/2023 18:30,75.48
4/1/2023 18:45,76.53
4/1/2023 19:00,77.81
4/1/2023 19:15,78.23
4/1/2023 19:30,78.39
4/1/2023 19:45,78.71
4/1/2023 20:00,78.71
4/1/2023 20:15,79
4/1/2023 20:30,79.1
4/1/2023 20:45,79.21
4/1/2023 21:00,79.23
4/1/2023 21:15,79.31
4/1/2023 21:30,79.41
4/1/2023 21:45,79.41
4/1/2023 22:00,79.41
4/1/2023 22:15,79.51
4/1/2023 22:30,79.41
4/1/2023 22:45,79.49
4/1/2023 23:00,79.61
4/1/2023 23:15,79.61
4/1/2023 23:30,79.53
4/1/2023 23:45,79.72
4/2/2023 0:00,79.83
4/2/2023 0:15,79.83
4/2/2023 0:30,79.83
4/2/2023 0:45,79.83
4/2/2023 1:00,79.83
4/2/2023 1:15,79.83
4/2/2023 1:30,79.72
4/2/2023 1:45,79.53
4/2/2023 2:00,79.37
4/2/2023 2:15,79.05
4/2/2023 2:30,78.61
4/2/2023 2:45,78.4
4/2/2023 3:00,78.2
4/2/2023 3:15,78.2
4/2/2023 3:30,78.08
4/2/2023 3:45,78.08
4/2/2023 4:00,78.08
4/2/2023 4:15,78.08
4/2/2023 4:30,78
4/2/2023 4:45,77.92
4/2/2023 5:00,77.83
4/2/2023 5:15,77.76
4/2/2023 5:30,77.74
4/2/2023 5:45,77.67
4/2/2023 6:00,77.74
4/2/2023 6:15,77.74
4/2/2023 6:30,77.63
4/2/2023 6:45,77.52
4/2/2023 7:00,77.52
4/2/2023 7:15,77.52
4/2/2023 7:30,77.45
4/2/2023 7:45,77.12
4/2/2023 8:00,76.81
4/2/2023 8:15,76.54
4/2/2023 8:30,76.29
4/2/2023 8:45,76.23
4/2/2023 9:00,76
4/2/2023 9:15,75.73
4/2/2023 9:30,75.55
4/2/2023 9:45,75.16
4/2/2023 10:00,74.79
4/2/2023 10:15,74.79
4/2/2023 10:30,74.65
4/2/2023 10:45,74.54
4/2/2023 11:00,74.54
4/2/2023 11:15,74.54
4/2/2023 11:30,74.45
4/2/2023 11:45,74.45
4/2/2023 12:00,74.45
4/2/2023 12:15,74.45
4/2/2023 12:30,74.45
4/2/2023 12:45,74.54
4/2/2023 13:00,74.62
4/2/2023 13:15,74.66
4/2/2023 13:30,74.69
4/2/2023 13:45,74.79
4/2/2023 14:00,74.89
4/2/2023 14:15,74.89
4/2/2023 14:30,75.11
4/2/2023 14:45,75.36
4/2/2023 15:00,75.44
4/2/2023 15:15,75.45
4/2/2023 15:30,75.51
4/2/2023 15:45,75.59
4/2/2023 16:00,75.64
4/2/2023 16:15,75.7
4/2/2023 16:30,75.78
4/2/2023 16:45,75.92
4/2/2023 17:00,76.17
4/2/2023 17:15,76.41
4/2/2023 17:30,76.41
4/2/2023 17:45,76.61
4/2/2023 18:00,76.73
4/2/2023 18:15,76.86
4/2/2023 18:30,77.55
4/2/2023 18:45,78.25
4/2/2023 19:00,78.56
4/2/2023 19:15,78.56
4/2/2023 19:30,78.83
4/2/2023 19:45,78.9
4/2/2023 20:00,79
4/2/2023 20:15,79.13
4/2/2023 20:30,79.18
4/2/2023 20:45,79.33
4/2/2023 21:00,79.48
4/2/2023 21:15,79.52
4/2/2023 21:30,79.52
4/2/2023 21:45,79.52
4/2/2023 22:00,79.61
4/2/2023 22:15,79.61
4/2/2023 22:30,79.73
4/2/2023 22:45,79.73
4/2/2023 23:00,79.73
4/2/2023 23:15,79.89
4/2/2023 23:30,79.89
4/2/2023 23:45,79.89
4/3/2023 0:00,80
4/3/2023 0:15,80
4/3/2023 0:30,80
4/3/2023 0:45,79.89
4/3/2023 1:00,80.07
4/3/2023 1:15,80.07
4/3/2023 1:30,80.13
4/3/2023 1:45,80.12
4/3/2023 2:00,80.12
4/3/2023 2:15,80.25
4/3/2023 2:30,80.33
4/3/2023 2:45,80.43
4/3/2023 3:00,80.47
4/3/2023 3:15,80.49
4/3/2023 3:30,80.49
4/3/2023 3:45,80.47
4/3/2023 4:00,80.43
4/3/2023 4:15,80.43
4/3/2023 4:30,80.47
4/3/2023 4:45,80.71
4/3/2023 5:00,81.04
4/3/2023 5:15,81.04
4/3/2023 5:30,81.04
4/3/2023 5:45,81.22
4/3/2023 6:00,81.04
4/3/2023 6:15,81.22
4/3/2023 6:30,81.34
4/3/2023 6:45,81.34
4/3/2023 7:00,81.34
4/3/2023 7:15,81.12
4/3/2023 7:30,81.12
4/3/2023 7:45,81.09
4/3/2023 8:00,80.87
4/3/2023 8:15,80.76
4/3/2023 8:30,80.61
4/3/2023 8:45,80.61
4/3/2023 9:00,80.61
4/3/2023 9:15,80.23
4/3/2023 9:30,79.73
4/3/2023 9:45,79.24
4/3/2023 10:00,78.88
4/3/2023 10:15,78.68
4/3/2023 10:30,78.23
4/3/2023 10:45,77.86
4/3/2023 11:00,77.76
4/3/2023 11:15,77.64
4/3/2023 11:30,77.64
4/3/2023 11:45,77.64
4/3/2023 12:00,77.64
4/3/2023 12:15,77.64
4/3/2023 12:30,77.64
4/3/2023 12:45,77.64
4/3/2023 13:00,77.76
4/3/2023 13:15,77.76
4/3/2023 13:30,77.76
4/3/2023 13:45,77.8
4/3/2023 14:00,77.94
4/3/2023 14:15,77.94
4/3/2023 14:30,78.25
4/3/2023 14:45,78.54
4/3/2023 15:00,78.89
4/3/2023 15:15,79.37
4/3/2023 15:30,79.64
4/3/2023 15:45,79.82
4/3/2023 16:00,80.07
4/3/2023 16:15,80.34
4/3/2023 16:30,80.46
4/3/2023 16:45,80.55
4/3/2023 17:00,80.72
4/3/2023 17:15,81.13
4/3/2023 17:30,81.58
4/3/2023 17:45,81.98
4/3/2023 18:00,82.38
4/3/2023 18:15,82.64
4/3/2023 18:30,82.87
4/3/2023 18:45,83.06
4/3/2023 19:00,83.16
4/3/2023 19:15,83.25
4/3/2023 19:30,83.28
4/3/2023 19:45,83.31
4/3/2023 20:00,83.52
4/3/2023 20:15,83.75
4/3/2023 20:30,83.8
4/3/2023 20:45,83.89
4/3/2023 21:00,83.96
4/3/2023 21:15,84
4/3/2023 21:30,84.07
4/3/2023 21:45,84.17
4/3/2023 22:00,84.22
4/3/2023 22:15,84.22
4/3/2023 22:30,84.22
4/3/2023 22:45,84.22
4/3/2023 23:00,84.12
4/3/2023 23:15,84.22
4/3/2023 23:30,84.27
4/3/2023 23:45,84.3
4/4/2023 0:00,84.42
4/4/2023 0:15,84.64
4/4/2023 0:30,84.76
4/4/2023 0:45,84.77
4/4/2023 1:00,84.85
4/4/2023 1:15,84.92
4/4/2023 1:30,84.92
4/4/2023 1:45,84.92
4/4/2023 2:00,84.85
4/4/2023 2:15,84.77
4/4/2023 2:30,84.85
4/4/2023 2:45,84.92
4/4/2023 3:00,84.97
4/4/2023 3:15,85.03
4/4/2023 3:30,85.06
4/4/2023 3:45,85.1
4/4/2023 4:00,85.13
4/4/2023 4:15,85.15
4/4/2023 4:30,85.17
4/4/2023 4:45,85.19
4/4/2023 5:00,85.26
4/4/2023 5:15,85.45
4/4/2023 5:30,85.45
4/4/2023 5:45,85.45
4/4/2023 6:00,85.45
4/4/2023 6:15,85.45
4/4/2023 6:30,85.45
4/4/2023 6:45,85.45
4/4/2023 7:00,85.45
4/4/2023 7:15,85.45
4/4/2023 7:30,85.45
4/4/2023 7:45,85.11
4/4/2023 8:00,84.88
4/4/2023 8:15,84.47
4/4/2023 8:30,83.83
4/4/2023 8:45,83.83
4/4/2023 9:00,83.83
4/4/2023 9:15,83.83
4/4/2023 9:30,83.83
4/4/2023 9:45,83.83
4/4/2023 10:00,83.83
4/4/2023 10:15,83.83
4/4/2023 10:30,83.83
4/4/2023 10:45,83.84
4/4/2023 11:00,83.84
4/4/2023 11:15,83.99
4/4/2023 11:30,83.99
4/4/2023 11:45,84.15
4/4/2023 12:00,84.35
4/4/2023 12:15,84.61
4/4/2023 12:30,84.76
4/4/2023 12:45,84.85
4/4/2023 13:00,84.91
4/4/2023 13:15,84.95
4/4/2023 13:30,84.95
4/4/2023 13:45,84.95
4/4/2023 14:00,84.91
4/4/2023 14:15,84.91
4/4/2023 14:30,84.91
4/4/2023 14:45,84.91
4/4/2023 15:00,84.91
4/4/2023 15:15,84.94
4/4/2023 15:30,85.01
4/4/2023 15:45,85.18
4/4/2023 16:00,85.35
4/4/2023 16:15,85.35
4/4/2023 16:30,85.35
4/4/2023 16:45,85.35
4/4/2023 17:00,85.35
4/4/2023 17:15,85.35
4/4/2023 17:30,85.18
4/4/2023 17:45,84.98
4/4/2023 18:00,84.86
4/4/2023 18:15,84.78
4/4/2023 18:30,84.78
4/4/2023 18:45,84.56
4/4/2023 19:00,84.41
4/4/2023 19:15,84.31
4/4/2023 19:30,84.31
4/4/2023 19:45,84.31
4/4/2023 20:00,84.31
4/4/2023 20:15,84.31
4/4/2023 20:30,84.31
4/4/2023 20:45,84.31
4/4/2023 21:00,84.31
4/4/2023 21:15,84.31
4/4/2023 21:30,84.34
4/4/2023 21:45,84.37
4/4/2023 22:00,84.53
4/4/2023 22:15,84.53
4/4/2023 22:30,84.53
4/4/2023 22:45,84.65
4/4/2023 23:00,84.65
4/4/2023 23:15,84.65
4/4/2023 23:30,84.65
4/4/2023 23:45,84.65
4/5/2023 0:00,84.65
4/5/2023 0:15,84.65
4/5/2023 0:30,84.46
4/5/2023 0:45,84.2
4/5/2023 1:00,84.1
4/5/2023 1:15,84.05
4/5/2023 1:30,83.9
4/5/2023 1:45,83.77
4/5/2023 2:00,83.7
4/5/2023 2:15,83.63
4/5/2023 2:30,83.57
4/5/2023 2:45,83.57
4/5/2023 3:00,83.52
4/5/2023 3:15,83.47
4/5/2023 3:30,83.4
4/5/2023 3:45,83.3
4/5/2023 4:00,83.27
4/5/2023 4:15,83.27
4/5/2023 4:30,83.27
4/5/2023 4:45,83.27
4/5/2023 5:00,83.27
4/5/2023 5:15,83.27
4/5/2023 5:30,83.41
4/5/2023 5:45,83.47
4/5/2023 6:00,83.62
4/5/2023 6:15,83.62
4/5/2023 6:30,83.67
4/5/2023 6:45,83.72
4/5/2023 7:00,83.81
4/5/2023 7:15,83.95
4/5/2023 7:30,83.95
4/5/2023 7:45,83.95
4/5/2023 8:00,83.95
4/5/2023 8:15,83.95
4/5/2023 8:30,83.95
4/5/2023 8:45,83.95
4/5/2023 9:00,83.95
4/5/2023 9:15,83.84
4/5/2023 9:30,83.76
4/5/2023 9:45,83.67
4/5/2023 10:00,83.56
4/5/2023 10:15,83.46
4/5/2023 10:30,83.42
4/5/2023 10:45,83.4
4/5/2023 11:00,83.2
4/5/2023 11:15,82.99
4/5/2023 11:30,82.92
4/5/2023 11:45,82.68
4/5/2023 12:00,82.68
4/5/2023 12:15,82.68
4/5/2023 12:30,82.68
4/5/2023 12:45,82.68
4/5/2023 13:00,82.68
4/5/2023 13:15,82.93
4/5/2023 13:30,83.06
4/5/2023 13:45,83.17
4/5/2023 14:00,83.17
4/5/2023 14:15,83.06
4/5/2023 14:30,82.9
4/5/2023 14:45,82.78
4/5/2023 15:00,82.78
4/5/2023 15:15,82.96
4/5/2023 15:30,83.17
4/5/2023 15:45,83.27
4/5/2023 16:00,83.33
4/5/2023 16:15,83.58
4/5/2023 16:30,83.86
4/5/2023 16:45,84.09
4/5/2023 17:00,84.36
4/5/2023 17:15,84.43
4/5/2023 17:30,84.56
4/5/2023 17:45,84.56
4/5/2023 18:00,84.85
4/5/2023 18:15,84.85
4/5/2023 18:30,85.13
4/5/2023 18:45,85.29
4/5/2023 19:00,85.36
4/5/2023 19:15,85.85
4/5/2023 19:30,86.62
4/5/2023 19:45,87.08
4/5/2023 20:00,87.29
4/5/2023 20:15,87.51
4/5/2023 20:30,87.74
4/5/2023 20:45,87.86
4/5/2023 21:00,87.91
4/5/2023 21:15,88.05
4/5/2023 21:30,88.05
4/5/2023 21:45,88.12
4/5/2023 22:00,88.12
4/5/2023 22:15,88.12
4/5/2023 22:30,88.12
4/5/2023 22:45,88
4/5/2023 23:00,87.91
4/5/2023 23:15,87.84
4/5/2023 23:30,87.84
4/5/2023 23:45,87.73
4/6/2023 0:00,87.54
4/6/2023 0:15,87.38
4/6/2023 0:30,87.38
4/6/2023 0:45,87.33
4/6/2023 1:00,87.3
4/6/2023 1:15,87.24
4/6/2023 1:30,87.14
4/6/2023 1:45,87.07
4/6/2023 2:00,86.98
4/6/2023 2:15,86.87
4/6/2023 2:30,86.79
4/6/2023 2:45,86.75
4/6/2023 3:00,86.72
4/6/2023 3:15,86.61
4/6/2023 3:30,86.48
4/6/2023 3:45,86.46
4/6/2023 4:00,86.46
4/6/2023 4:15,86.36
4/6/2023 4:30,86.18
4/6/2023 4:45,86.07
4/6/2023 5:00,85.98
4/6/2023 5:15,85.79
4/6/2023 5:30,85.58
4/6/2023 5:45,85.44
4/6/2023 6:00,85.44
4/6/2023 6:15,85.44
4/6/2023 6:30,85.44
4/6/2023 6:45,85.32
4/6/2023 7:00,85.27
4/6/2023 7:15,85.27
4/6/2023 7:30,85.27
4/6/2023 7:45,85.26
4/6/2023 8:00,85.2
4/6/2023 8:15,85.11
4/6/2023 8:30,84.99
4/6/2023 8:45,84.87
4/6/2023 9:00,84.77
4/6/2023 9:15,84.53
4/6/2023 9:30,84.22
4/6/2023 9:45,83.63
4/6/2023 10:00,82.86
4/6/2023 10:15,82.14
4/6/2023 10:30,82.03
4/6/2023 10:45,81.92
4/6/2023 11:00,81.85
4/6/2023 11:15,81.76
4/6/2023 11:30,81.66
4/6/2023 11:45,81.59
4/6/2023 12:00,81.59
4/6/2023 12:15,81.59
4/6/2023 12:30,81.59
4/6/2023 12:45,81.59
4/6/2023 13:00,81.59
4/6/2023 13:15,81.59
4/6/2023 13:30,81.56
4/6/2023 13:45,81.59
4/6/2023 14:00,81.56
4/6/2023 14:15,81.56
4/6/2023 14:30,81.51
4/6/2023 14:45,81.51
4/6/2023 15:00,81.56
4/6/2023 15:15,81.6
4/6/2023 15:30,81.73
4/6/2023 15:45,81.88
4/6/2023 16:00,81.93
4/6/2023 16:15,82.12
4/6/2023 16:30,82.36
4/6/2023 16:45,82.48
4/6/2023 17:00,82.57
4/6/2023 17:15,82.64
4/6/2023 17:30,82.64
4/6/2023 17:45,82.64
4/6/2023 18:00,82.78
4/6/2023 18:15,82.88
4/6/2023 18:30,83.1
4/6/2023 18:45,83.31
4/6/2023 19:00,83.68
4/6/2023 19:15,84.08
4/6/2023 19:30,84.23
4/6/2023 19:45,84.49
4/6/2023 20:00,84.79
4/6/2023 20:15,85.01
4/6/2023 20:30,85.15
4/6/2023 20:45,85.2
4/6/2023 21:00,85.23
4/6/2023 21:15,85.29
4/6/2023 21:30,85.35
4/6/2023 21:45,85.35
4/6/2023 22:00,85.39
4/6/2023 22:15,85.39
4/6/2023 22:30,85.35
4/6/2023 22:45,85.39
4/6/2023 23:00,85.4
4/6/2023 23:15,85.47
4/6/2023 23:30,85.47
4/6/2023 23:45,85.59
4/7/2023 0:00,85.59
4/7/2023 0:15,85.59
4/7/2023 0:30,85.67
4/7/2023 0:45,85.77
4/7/2023 1:00,85.86
4/7/2023 1:15,85.86
4/7/2023 1:30,85.94
4/7/2023 1:45,85.94
4/7/2023 2:00,86.02
4/7/2023 2:15,86.15
4/7/2023 2:30,86.38
4/7/2023 2:45,86.38
4/7/2023 3:00,86.54
4/7/2023 3:15,86.61
4/7/2023 3:30,86.64
4/7/2023 3:45,86.66
4/7/2023 4:00,86.71
4/7/2023 4:15,86.71
4/7/2023 4:30,86.81
4/7/2023 4:45,86.81
4/7/2023 5:00,86.9
4/7/2023 5:15,86.9
4/7/2023 5:30,86.9
4/7/2023 5:45,86.81
4/7/2023 6:00,86.81
4/7/2023 6:15,86.69
4/7/2023 6:30,86.63
4/7/2023 6:45,86.61
4/7/2023 7:00,86.54
4/7/2023 7:15,86.26
4/7/2023 7:30,85.86
4/7/2023 7:45,85.51
4/7/2023 8:00,85.21
4/7/2023 8:15,85.06
4/7/2023 8:30,85.02
4/7/2023 8:45,84.83
4/7/2023 9:00,84.33
4/7/2023 9:15,83.99
4/7/2023 9:30,83.72
4/7/2023 9:45,83.15
4/7/2023 10:00,82.53
4/7/2023 10:15,82.11
4/7/2023 10:30,81.97
4/7/2023 10:45,81.9
4/7/2023 11:00,81.83
4/7/2023 11:15,81.78
4/7/2023 11:30,81.74
4/7/2023 11:45,81.69
4/7/2023 12:00,81.69
4/7/2023 12:15,81.68
4/7/2023 12:30,81.68
4/7/2023 12:45,81.68
4/7/2023 13:00,81.68
4/7/2023 13:15,81.68
4/7/2023 13:30,81.72
4/7/2023 13:45,81.77
4/7/2023 14:00,81.72
4/7/2023 14:15,81.77
4/7/2023 14:30,81.9
4/7/2023 14:45,82.01
4/7/2023 15:00,82.01
4/7/2023 15:15,82.09
4/7/2023 15:30,82.15
4/7/2023 15:45,82.28
4/7/2023 16:00,82.47
4/7/2023 16:15,82.6
4/7/2023 16:30,82.68
4/7/2023 16:45,82.71
4/7/2023 17:00,82.72
4/7/2023 17:15,82.74
4/7/2023 17:30,82.87
4/7/2023 17:45,82.87
4/7/2023 18:00,83.04
4/7/2023 18:15,83.33
4/7/2023 18:30,83.71
4/7/2023 18:45,83.9
4/7/2023 19:00,84.13
4/7/2023 19:15,84.4
4/7/2023 19:30,84.69
4/7/2023 19:45,84.9
4/7/2023 20:00,85.1
4/7/2023 20:15,85.35
4/7/2023 20:30,85.43
4/7/2023 20:45,85.44
4/7/2023 21:00,85.46
4/7/2023 21:15,85.48
4/7/2023 21:30,85.59
4/7/2023 21:45,85.71
4/7/2023 22:00,85.78
4/7/2023 22:15,85.94
4/7/2023 22:30,85.94
4/7/2023 22:45,85.94
4/7/2023 23:00,86.37
4/7/2023 23:15,86.37
4/7/2023 23:30,86.37
4/7/2023 23:45,86.37
4/8/2023 0:00,86.37
4/8/2023 0:15,86.37
4/8/2023 0:30,86.37
4/8/2023 0:45,86.37
4/8/2023 1:00,86.37
4/8/2023 1:15,85.87
4/8/2023 1:30,85.87
4/8/2023 1:45,85.87
4/8/2023 2:00,85.87
4/8/2023 2:15,85.71
4/8/2023 2:30,85.7
4/8/2023 2:45,85.67
4/8/2023 3:00,85.61
4/8/2023 3:15,85.48
4/8/2023 3:30,85.48
4/8/2023 3:45,85.48
4/8/2023 4:00,85.3
4/8/2023 4:15,85.28
4/8/2023 4:30,85.28
4/8/2023 4:45,85.18
4/8/2023 5:00,85.16
4/8/2023 5:15,85.16
4/8/2023 5:30,85.16
4/8/2023 5:45,84.98
4/8/2023 6:00,84.98
4/8/2023 6:15,84.8
4/8/2023 6:30,84.78
4/8/2023 6:45,84.69
4/8/2023 7:00,84.6
4/8/2023 7:15,84.53
4/8/2023 7:30,84.49
4/8/2023 7:45,84.35
4/8/2023 8:00,84.02
4/8/2023 8:15,83.75
4/8/2023 8:30,83.58
4/8/2023 8:45,83.09
4/8/2023 9:00,82.46
4/8/2023 9:15,81.83
4/8/2023 9:30,81.38
4/8/2023 9:45,81.26
4/8/2023 10:00,80.89
4/8/2023 10:15,80.74
4/8/2023 10:30,80.74
4/8/2023 10:45,80.74
4/8/2023 11:00,80.74
4/8/2023 11:15,80.74
4/8/2023 11:30,80.74
4/8/2023 11:45,80.74
4/8/2023 12:00,80.74
4/8/2023 12:15,80.74
4/8/2023 12:30,80.74
4/8/2023 12:45,81.05
4/8/2023 13:00,81.47
4/8/2023 13:15,81.85
4/8/2023 13:30,82.13
4/8/2023 13:45,82.37
4/8/2023 14:00,82.6
4/8/2023 14:15,82.75
4/8/2023 14:30,82.78
4/8/2023 14:45,82.87
4/8/2023 15:00,82.98
4/8/2023 15:15,83.02
4/8/2023 15:30,83.15
4/8/2023 15:45,83.28
4/8/2023 16:00,83.4
4/8/2023 16:15,83.64
4/8/2023 16:30,83.77
4/8/2023 16:45,83.83
4/8/2023 17:00,84
4/8/2023 17:15,84.19
4/8/2023 17:30,84.28
4/8/2023 17:45,84.28
4/8/2023 18:00,84.35
4/8/2023 18:15,84.43
4/8/2023 18:30,84.46
4/8/2023 18:45,84.56
4/8/2023 19:00,84.56
4/8/2023 19:15,84.7
4/8/2023 19:30,84.85
4/8/2023 19:45,85
4/8/2023 20:00,85.05
4/8/2023 20:15,85.12
4/8/2023 20:30,85.33
4/8/2023 20:45,85.47
4/8/2023 21:00,85.47
4/8/2023 21:15,85.47
4/8/2023 21:30,85.5
4/8/2023 21:45,85.5
4/8/2023 22:00,85.59
4/8/2023 22:15,85.52
4/8/2023 22:30,85.52
4/8/2023 22:45,85.52
4/8/2023 23:00,85.52
4/8/2023 23:15,85.67
4/8/2023 23:30,85.72
4/8/2023 23:45,85.72
4/9/2023 0:00,85.72
4/9/2023 0:15,85.72
4/9/2023 0:30,85.72
4/9/2023 0:45,85.57
4/9/2023 1:00,85.52
4/9/2023 1:15,85.52
4/9/2023 1:30,85.52
4/9/2023 1:45,85.57
4/9/2023 2:00,85.72
4/9/2023 2:15,85.85
4/9/2023 2:30,85.85
4/9/2023 2:45,85.85
4/9/2023 3:00,85.8
4/9/2023 3:15,85.85
4/9/2023 3:30,85.85
4/9/2023 3:45,85.85
4/9/2023 4:00,85.85
4/9/2023 4:15,85.83
4/9/2023 4:30,85.83
4/9/2023 4:45,85.66
4/9/2023 5:00,85.53
4/9/2023 5:15,85.46
4/9/2023 5:30,85.39
4/9/2023 5:45,85.39
4/9/2023 6:00,85.37
4/9/2023 6:15,85.36
4/9/2023 6:30,85.22
4/9/2023 6:45,85.05
4/9/2023 7:00,84.87
4/9/2023 7:15,84.66
4/9/2023 7:30,84.57
4/9/2023 7:45,84.54
4/9/2023 8:00,84.54
4/9/2023 8:15,84.33
4/9/2023 8:30,83.87
4/9/2023 8:45,83.11
4/9/2023 9:00,82.13
4/9/2023 9:15,81.62
4/9/2023 9:30,81.49
4/9/2023 9:45,81.49
4/9/2023 10:00,81.39
4/9/2023 10:15,81.39
4/9/2023 10:30,81.39
4/9/2023 10:45,81.39
4/9/2023 11:00,81.39
4/9/2023 11:15,81.39
4/9/2023 11:30,81.39
4/9/2023 11:45,81.47
4/9/2023 12:00,81.62
4/9/2023 12:15,81.87
4/9/2023 12:30,82.33
4/9/2023 12:45,82.92
4/9/2023 13:00,83.35
4/9/2023 13:15,83.41
4/9/2023 13:30,83.55
4/9/2023 13:45,83.71
4/9/2023 14:00,83.85
4/9/2023 14:15,83.96
4/9/2023 14:30,84.02
4/9/2023 14:45,84.04
4/9/2023 15:00,84.15
4/9/2023 15:15,84.26
4/9/2023 15:30,84.26
4/9/2023 15:45,84.28
4/9/2023 16:00,84.28
4/9/2023 16:15,84.28
4/9/2023 16:30,84.28
4/9/2023 16:45,84.28
4/9/2023 17:00,84.28
4/9/2023 17:15,84.31
4/9/2023 17:30,84.38
4/9/2023 17:45,84.38
4/9/2023 18:00,84.35
4/9/2023 18:15,84.35
4/9/2023 18:30,84.35
4/9/2023 18:45,84.35
4/9/2023 19:00,84.3
4/9/2023 19:15,84.3
4/9/2023 19:30,84.24
4/9/2023 19:45,84.2
4/9/2023 20:00,84.06
4/9/2023 20:15,83.84
4/9/2023 20:30,83.84
4/9/2023 20:45,83.66
4/9/2023 21:00,83.66
4/9/2023 21:15,83.56
4/9/2023 21:30,83.56
4/9/2023 21:45,83.53
4/9/2023 22:00,83.47
4/9/2023 22:15,83.39
4/9/2023 22:30,83.39
4/9/2023 22:45,83.36
4/9/2023 23:00,83.36
4/9/2023 23:15,83.36
4/9/2023 23:30,83.36
4/9/2023 23:45,83.37
4/10/2023 0:00,83.37
4/10/2023 0:15,83.37
4/10/2023 0:30,83.37
4/10/2023 0:45,83.4
4/10/2023 1:00,83.5
4/10/2023 1:15,83.6
4/10/2023 1:30,83.6
4/10/2023 1:45,83.64
4/10/2023 2:00,83.67
4/10/2023 2:15,83.68
4/10/2023 2:30,83.75
4/10/2023 2:45,83.81
4/10/2023 3:00,83.85
4/10/2023 3:15,83.89
4/10/2023 3:30,83.9
4/10/2023 3:45,83.98
4/10/2023 4:00,84.09
4/10/2023 4:15,84.18
4/10/2023 4:30,84.28
4/10/2023 4:45,84.38
4/10/2023 5:00,84.48
4/10/2023 5:15,84.48
4/10/2023 5:30,84.48
4/10/2023 5:45,84.48
4/10/2023 6:00,84.48
4/10/2023 6:15,84.48
4/10/2023 6:30,84.48
4/10/2023 6:45,84.48
4/10/2023 7:00,84.48
4/10/2023 7:15,84.48
4/10/2023 7:30,84.4
4/10/2023 7:45,84.22
4/10/2023 8:00,84.02
4/10/2023 8:15,83.84
4/10/2023 8:30,83.63
4/10/2023 8:45,83.5
4/10/2023 9:00,83.44
4/10/2023 9:15,83.17
4/10/2023 9:30,82.8
4/10/2023 9:45,82.6
4/10/2023 10:00,82.25
4/10/2023 10:15,81.54
4/10/2023 10:30,80.96
4/10/2023 10:45,80.96
4/10/2023 11:00,80.96
4/10/2023 11:15,80.96
4/10/2023 11:30,80.96
4/10/2023 11:45,80.96
4/10/2023 12:00,80.96
4/10/2023 12:15,80.96
4/10/2023 12:30,80.96
4/10/2023 12:45,81.15
4/10/2023 13:00,81.22
4/10/2023 13:15,81.23
4/10/2023 13:30,81.32
4/10/2023 13:45,81.51
4/10/2023 14:00,81.63
4/10/2023 14:15,81.82
4/10/2023 14:30,82.17
4/10/2023 14:45,82.58
4/10/2023 15:00,82.88
4/10/2023 15:15,83.58
4/10/2023 15:30,84.23
4/10/2023 15:45,84.25
4/10/2023 16:00,84.27
4/10/2023 16:15,84.53
4/10/2023 16:30,86.88
4/10/2023 16:45,89.99
4/10/2023 17:00,91.15
4/10/2023 17:15,91.46
4/10/2023 17:30,91.8
4/10/2023 17:45,92.52
4/10/2023 18:00,93.16
4/10/2023 18:15,93.32
4/10/2023 18:30,93.43
4/10/2023 18:45,93.52
4/10/2023 19:00,93.61
4/10/2023 19:15,93.68
4/10/2023 19:30,93.78
4/10/2023 19:45,93.84
4/10/2023 20:00,93.85
4/10/2023 20:15,93.87
4/10/2023 20:30,93.95
4/10/2023 20:45,94.16
4/10/2023 21:00,94.38
4/10/2023 21:15,94.47
4/10/2023 21:30,94.47
4/10/2023 21:45,94.58
4/10/2023 22:00,94.58
4/10/2023 22:15,94.72
4/10/2023 22:30,94.77
4/10/2023 22:45,94.82
4/10/2023 23:00,94.86
4/10/2023 23:15,94.86
4/10/2023 23:30,94.86
4/10/2023 23:45,94.89
4/11/2023 0:00,94.96
4/11/2023 0:15,94.98
4/11/2023 0:30,94.98
4/11/2023 0:45,95.03
4/11/2023 1:00,95.05
4/11/2023 1:15,95.05
4/11/2023 1:30,95.1
4/11/2023 1:45,95.1
4/11/2023 2:00,95.12
4/11/2023 2:15,95.2
4/11/2023 2:30,95.2
4/11/2023 2:45,95.2
4/11/2023 3:00,95.2
4/11/2023 3:15,95.12
4/11/2023 3:30,95.12
4/11/2023 3:45,95.03
4/11/2023 4:00,94.98
4/11/2023 4:15,94.98
4/11/2023 4:30,94.95
4/11/2023 4:45,94.92
4/11/2023 5:00,94.89
4/11/2023 5:15,94.87
4/11/2023 5:30,94.87
4/11/2023 5:45,94.67
4/11/2023 6:00,94.46
4/11/2023 6:15,94.42
4/11/2023 6:30,94.34
4/11/2023 6:45,94.25
4/11/2023 7:00,94.21
4/11/2023 7:15,94.09
4/11/2023 7:30,93.9
4/11/2023 7:45,93.78
4/11/2023 8:00,93.7
4/11/2023 8:15,93.51
4/11/2023 8:30,93.38
4/11/2023 8:45,93.26
4/11/2023 9:00,93.12
4/11/2023 9:15,93
4/11/2023 9:30,92.86
4/11/2023 9:45,92.4
4/11/2023 10:00,91.78
4/11/2023 10:15,91.78
4/11/2023 10:30,91.78
4/11/2023 10:45,91.78
4/11/2023 11:00,91.78
4/11/2023 11:15,91.78
4/11/2023 11:30,91.78
4/11/2023 11:45,91.78
4/11/2023 12:00,91.78
4/11/2023 12:15,91.78
4/11/2023 12:30,92.01
4/11/2023 12:45,92.32
4/11/2023 13:00,93.15
4/11/2023 13:15,93.89
4/11/2023 13:30,94.58
4/11/2023 13:45,95.24
4/11/2023 14:00,96.05
4/11/2023 14:15,96.74
4/11/2023 14:30,96.84
4/11/2023 14:45,96.96
4/11/2023 15:00,97.23
4/11/2023 15:15,97.94
4/11/2023 15:30,99.18
4/11/2023 15:45,100.01
4/11/2023 16:00,100.36
4/11/2023 16:15,101.44
4/11/2023 16:30,102.51
4/11/2023 16:45,103.36
4/11/2023 17:00,104.15
4/11/2023 17:15,104.49
4/11/2023 17:30,104.73
4/11/2023 17:45,104.88
4/11/2023 18:00,105.05
4/11/2023 18:15,105.22
4/11/2023 18:30,105.53
4/11/2023 18:45,105.89
4/11/2023 19:00,105.89
4/11/2023 19:15,105.94
4/11/2023 19:30,106.07
4/11/2023 19:45,106.12
4/11/2023 20:00,106.33
4/11/2023 20:15,106.44
4/11/2023 20:30,106.44
4/11/2023 20:45,106.44
4/11/2023 21:00,106.44
4/11/2023 21:15,106.44
4/11/2023 21:30,106.44
4/11/2023 21:45,106.33
4/11/2023 22:00,106.17
4/11/2023 22:15,106.07
4/11/2023 22:30,106.02
4/11/2023 22:45,105.95
4/11/2023 23:00,105.95
4/11/2023 23:15,105.95
4/11/2023 23:30,105.9
4/11/2023 23:45,105.89
4/12/2023 0:00,105.89
4/12/2023 0:15,105.9
4/12/2023 0:30,105.87
4/12/2023 0:45,105.8
4/12/2023 1:00,105.64
4/12/2023 1:15,105.43
4/12/2023 1:30,105.43
4/12/2023 1:45,105.5
4/12/2023 2:00,105.41
4/12/2023 2:15,105.5
4/12/2023 2:30,105.5
4/12/2023 2:45,105.41
4/12/2023 3:00,105.3
4/12/2023 3:15,105.3
4/12/2023 3:30,105.41
4/12/2023 3:45,105.41
4/12/2023 4:00,105.3
4/12/2023 4:15,105.24
4/12/2023 4:30,105.24
4/12/2023 4:45,105.15
4/12/2023 5:00,105.04
4/12/2023 5:15,104.96
4/12/2023 5:30,104.96
4/12/2023 5:45,104.91
4/12/2023 6:00,104.83
4/12/2023 6:15,104.83
4/12/2023 6:30,104.69
4/12/2023 6:45,104.62
4/12/2023 7:00,104.6
4/12/2023 7:15,104.56
4/12/2023 7:30,104.39
4/12/2023 7:45,104.25
4/12/2023 8:00,104.23
4/12/2023 8:15,104.18
4/12/2023 8:30,104.15
4/12/2023 8:45,104.06
4/12/2023 9:00,103.66
4/12/2023 9:15,103.33
4/12/2023 9:30,103.11
4/12/2023 9:45,102.79
4/12/2023 10:00,102.79
4/12/2023 10:15,102.6
4/12/2023 10:30,102.6
4/12/2023 10:45,102.6
4/12/2023 11:00,102.6
4/12/2023 11:15,102.6
4/12/2023 11:30,102.6
4/12/2023 11:45,102.6
4/12/2023 12:00,102.71
4/12/2023 12:15,102.9
4/12/2023 12:30,103.11
4/12/2023 12:45,103.4
4/12/2023 13:00,103.84
4/12/2023 13:15,105.31
4/12/2023 13:30,108.1
4/12/2023 13:45,109.82
4/12/2023 14:00,109.89
4/12/2023 14:15,110.38
4/12/2023 14:30,110.38
4/12/2023 14:45,110.38
4/12/2023 15:00,110.38
4/12/2023 15:15,110.51
4/12/2023 15:30,110.51
4/12/2023 15:45,110.92
4/12/2023 16:00,111.08
4/12/2023 16:15,111.23
4/12/2023 16:30,111.08
4/12/2023 16:45,111.08
4/12/2023 17:00,111.22
4/12/2023 17:15,111.33
4/12/2023 17:30,111.22
4/12/2023 17:45,111.08
4/12/2023 18:00,110.92
4/12/2023 18:15,110.87
4/12/2023 18:30,110.87
4/12/2023 18:45,110.87
4/12/2023 19:00,110.71
4/12/2023 19:15,110.71
4/12/2023 19:30,110.71
4/12/2023 19:45,110.87
4/12/2023 20:00,110.87
4/12/2023 20:15,110.94
4/12/2023 20:30,111.01
4/12/2023 20:45,110.94
4/12/2023 21:00,110.94
4/12/2023 21:15,110.87
4/12/2023 21:30,110.87
4/12/2023 21:45,110.78
4/12/2023 22:00,110.68
4/12/2023 22:15,110.61
4/12/2023 22:30,110.68
4/12/2023 22:45,110.68
4/12/2023 23:00,110.61
4/12/2023 23:15,110.61
4/12/2023 23:30,110.68
4/12/2023 23:45,110.61
4/13/2023 0:00,110.6
4/13/2023 0:15,110.37
4/13/2023 0:30,110.37
4/13/2023 0:45,110.2
4/13/2023 1:00,110.18
4/13/2023 1:15,110.16
4/13/2023 1:30,110.05
4/13/2023 1:45,110.05
4/13/2023 2:00,109.93
4/13/2023 2:15,109.89
4/13/2023 2:30,109.79
4/13/2023 2:45,109.62
4/13/2023 3:00,109.52
4/13/2023 3:15,109.46
4/13/2023 3:30,109.38
4/13/2023 3:45,109.38
4/13/2023 4:00,109.29
4/13/2023 4:15,109.08
4/13/2023 4:30,108.86
4/13/2023 4:45,108.77
4/13/2023 5:00,108.77
4/13/2023 5:15,108.77
4/13/2023 5:30,108.77
4/13/2023 5:45,108.81
4/13/2023 6:00,108.81
4/13/2023 6:15,108.77
4/13/2023 6:30,108.69
4/13/2023 6:45,108.63
4/13/2023 7:00,108.57
4/13/2023 7:15,108.53
4/13/2023 7:30,108.45
4/13/2023 7:45,108.37
4/13/2023 8:00,108.36
4/13/2023 8:15,108.29
4/13/2023 8:30,108.2
4/13/2023 8:45,108.17
4/13/2023 9:00,108.06
4/13/2023 9:15,107.94
4/13/2023 9:30,107.9
4/13/2023 9:45,107.87
4/13/2023 10:00,107.84
4/13/2023 10:15,107.66
4/13/2023 10:30,107.42
4/13/2023 10:45,107.07
4/13/2023 11:00,106.76
4/13/2023 11:15,106.62
4/13/2023 11:30,106.5
4/13/2023 11:45,106.46
4/13/2023 12:00,106.43
4/13/2023 12:15,106.24
4/13/2023 12:30,106.24
4/13/2023 12:45,106.24
4/13/2023 13:00,106.24
4/13/2023 13:15,106.24
4/13/2023 13:30,106.42
4/13/2023 13:45,106.42
4/13/2023 14:00,106.45
4/13/2023 14:15,106.46
4/13/2023 14:30,106.46
4/13/2023 14:45,106.5
4/13/2023 15:00,106.66
4/13/2023 15:15,106.8
4/13/2023 15:30,106.92
4/13/2023 15:45,107.13
4/13/2023 16:00,107.24
4/13/2023 16:15,107.69
4/13/2023 16:30,108.2
4/13/2023 16:45,108.37
4/13/2023 17:00,108.56
4/13/2023 17:15,108.7
4/13/2023 17:30,108.79
4/13/2023 17:45,108.88
4/13/2023 18:00,108.95
4/13/2023 18:15,109.04
4/13/2023 18:30,109.11
4/13/2023 18:45,109.11
4/13/2023 19:00,109.19
4/13/2023 19:15,109.3
4/13/2023 19:30,109.3
4/13/2023 19:45,109.36
4/13/2023 20:00,109.3
4/13/2023 20:15,109.19
4/13/2023 20:30,109.23
4/13/2023 20:45,109.38
4/13/2023 21:00,109.23
4/13/2023 21:15,109.35
4/13/2023 21:30,109.35
4/13/2023 21:45,109.35
4/13/2023 22:00,109.35
4/13/2023 22:15,109.35
4/13/2023 22:30,109.35
4/13/2023 22:45,109.18
4/13/2023 23:00,108.92
4/13/2023 23:15,108.83
4/13/2023 23:30,108.76
4/13/2023 23:45,108.76
4/14/2023 0:00,108.7
4/14/2023 0:15,108.64
4/14/2023 0:30,108.56
4/14/2023 0:45,108.45
4/14/2023 1:00,108.19
4/14/2023 1:15,108
4/14/2023 1:30,107.94
4/14/2023 1:45,107.85
4/14/2023 2:00,107.8
4/14/2023 2:15,107.71
4/14/2023 2:30,107.71
4/14/2023 2:45,107.71
4/14/2023 3:00,107.64
4/14/2023 3:15,107.5
4/14/2023 3:30,107.41
4/14/2023 3:45,107.41
4/14/2023 4:00,107.41
4/14/2023 4:15,107.41
4/14/2023 4:30,107.35
4/14/2023 4:45,107.27
4/14/2023 5:00,107.27
4/14/2023 5:15,107.27
4/14/2023 5:30,107.19
4/14/2023 5:45,107.16
4/14/2023 6:00,107.12
4/14/2023 6:15,107.12
4/14/2023 6:30,107.16
4/14/2023 6:45,107.16
4/14/2023 7:00,107.16
4/14/2023 7:15,107.16
4/14/2023 7:30,107.12
4/14/2023 7:45,107.09
4/14/2023 8:00,106.93
4/14/2023 8:15,106.69
4/14/2023 8:30,106.6
4/14/2023 8:45,106.56
4/14/2023 9:00,106.54
4/14/2023 9:15,106.53
4/14/2023 9:30,106.53
4/14/2023 9:45,106.38
4/14/2023 10:00,106.24
4/14/2023 10:15,106.35
4/14/2023 10:30,106.35
4/14/2023 10:45,106.19
4/14/2023 11:00,106.12
4/14/2023 11:15,106.07
4/14/2023 11:30,106.05
4/14/2023 11:45,106
4/14/2023 12:00,105.93
4/14/2023 12:15,105.86
4/14/2023 12:30,105.79
4/14/2023 12:45,105.75
4/14/2023 13:00,105.72
4/14/2023 13:15,105.72
4/14/2023 13:30,105.54
4/14/2023 13:45,105.43
4/14/2023 14:00,105.41
4/14/2023 14:15,105.4
4/14/2023 14:30,105.28
4/14/2023 14:45,105.28
4/14/2023 15:00,105.15
4/14/2023 15:15,105.15
4/14/2023 15:30,105.15
4/14/2023 15:45,105.15
4/14/2023 16:00,105.27
4/14/2023 16:15,105.27
4/14/2023 16:30,105.4
4/14/2023 16:45,105.4
4/14/2023 17:00,105.42
4/14/2023 17:15,105.52
4/14/2023 17:30,105.79
4/14/2023 17:45,106.5
4/14/2023 18:00,107.06
4/14/2023 18:15,107.06
4/14/2023 18:30,107.14
4/14/2023 18:45,107.28
4/14/2023 19:00,107.28
4/14/2023 19:15,107.4
4/14/2023 19:30,107.4
4/14/2023 19:45,107.4
4/14/2023 20:00,107.4
4/14/2023 20:15,107.4
4/14/2023 20:30,107.4
4/14/2023 20:45,107.28
4/14/2023 21:00,107.14
4/14/2023 21:15,107.12
4/14/2023 21:30,107.06
4/14/2023 21:45,106.98
4/14/2023 22:00,106.94
4/14/2023 22:15,106.91
4/14/2023 22:30,106.9
4/14/2023 22:45,106.86
4/14/2023 23:00,106.78
4/14/2023 23:15,106.64
4/14/2023 23:30,106.64
4/14/2023 23:45,106.64
4/15/2023 0:00,106.64
4/15/2023 0:15,106.5
4/15/2023 0:30,106.56
4/15/2023 0:45,106.5
4/15/2023 1:00,106.41
4/15/2023 1:15,106.36
4/15/2023 1:30,106.36
4/15/2023 1:45,106.36
4/15/2023 2:00,106.33
4/15/2023 2:15,106.32
4/15/2023 2:30,106.21
4/15/2023 2:45,106.11
4/15/2023 3:00,106.11
4/15/2023 3:15,105.98
4/15/2023 3:30,105.82
4/15/2023 3:45,105.75
4/15/2023 4:00,105.63
4/15/2023 4:15,105.49
4/15/2023 4:30,105.47
4/15/2023 4:45,105.46
4/15/2023 5:00,105.45
4/15/2023 5:15,105.37
4/15/2023 5:30,105.28
4/15/2023 5:45,105.23
4/15/2023 6:00,105.15
4/15/2023 6:15,104.98
4/15/2023 6:30,104.5
4/15/2023 6:45,104.02
4/15/2023 7:00,103.73
4/15/2023 7:15,103.6
4/15/2023 7:30,103.53
4/15/2023 7:45,103.47
4/15/2023 8:00,103.39
4/15/2023 8:15,103.25
4/15/2023 8:30,102.9
4/15/2023 8:45,102.5
4/15/2023 9:00,102.34
4/15/2023 9:15,102.26
4/15/2023 9:30,102.2
4/15/2023 9:45,101.52
4/15/2023 10:00,100.78
4/15/2023 10:15,100.61
4/15/2023 10:30,100.61
4/15/2023 10:45,100.49
4/15/2023 11:00,100.49
4/15/2023 11:15,100.49
4/15/2023 11:30,100.49
4/15/2023 11:45,100.46
4/15/2023 12:00,100.41
4/15/2023 12:15,100.41
4/15/2023 12:30,100.41
4/15/2023 12:45,100.41
4/15/2023 13:00,100.46
4/15/2023 13:15,100.47
4/15/2023 13:30,100.58
4/15/2023 13:45,100.69
4/15/2023 14:00,100.75
4/15/2023 14:15,100.88
4/15/2023 14:30,100.88
4/15/2023 14:45,100.88
4/15/2023 15:00,100.88
4/15/2023 15:15,100.88
4/15/2023 15:30,100.88
4/15/2023 15:45,100.89
4/15/2023 16:00,100.89
4/15/2023 16:15,100.92
4/15/2023 16:30,100.92
4/15/2023 16:45,101.3
4/15/2023 17:00,101.61
4/15/2023 17:15,101.67
4/15/2023 17:30,101.68
4/15/2023 17:45,101.71
4/15/2023 18:00,101.71
4/15/2023 18:15,101.71
4/15/2023 18:30,101.71
4/15/2023 18:45,101.71
4/15/2023 19:00,101.71
4/15/2023 19:15,102
4/15/2023 19:30,102.06
4/15/2023 19:45,102.37
4/15/2023 20:00,102.47
4/15/2023 20:15,102.47
4/15/2023 20:30,102.61
4/15/2023 20:45,102.77
4/15/2023 21:00,102.84
4/15/2023 21:15,102.84
4/15/2023 21:30,102.84
4/15/2023 21:45,102.93
4/15/2023 22:00,102.99
4/15/2023 22:15,102.99
4/15/2023 22:30,103.06
4/15/2023 22:45,103.23
4/15/2023 23:00,103.35
4/15/2023 23:15,103.24
4/15/2023 23:30,103.24
4/15/2023 23:45,103.24
4/16/2023 0:00,103.24
4/16/2023 0:15,103.35
4/16/2023 0:30,103.35
4/16/2023 0:45,103.43
4/16/2023 1:00,103.54
4/16/2023 1:15,103.6
4/16/2023 1:30,103.6
4/16/2023 1:45,103.6
4/16/2023 2:00,103.6
4/16/2023 2:15,103.6
4/16/2023 2:30,103.6
4/16/2023 2:45,103.39
4/16/2023 3:00,103.21
4/16/2023 3:15,103.15
4/16/2023 3:30,103.11
4/16/2023 3:45,103.11
4/16/2023 4:00,102.98
4/16/2023 4:15,102.98
4/16/2023 4:30,102.86
4/16/2023 4:45,102.89
4/16/2023 5:00,102.85
4/16/2023 5:15,102.79
4/16/2023 5:30,102.56
4/16/2023 5:45,102.3
4/16/2023 6:00,102.23
4/16/2023 6:15,102.12
4/16/2023 6:30,101.94
4/16/2023 6:45,101.83
4/16/2023 7:00,101.82
4/16/2023 7:15,101.79
4/16/2023 7:30,101.41
4/16/2023 7:45,100.92
4/16/2023 8:00,100.74
4/16/2023 8:15,100.59
4/16/2023 8:30,100.11
4/16/2023 8:45,99.67
4/16/2023 9:00,99.46
4/16/2023 9:15,99.17
4/16/2023 9:30,98.95
4/16/2023 9:45,98.45
4/16/2023 10:00,97.51
4/16/2023 10:15,96.8
4/16/2023 10:30,96.62
4/16/2023 10:45,96.45
4/16/2023 11:00,96.45
4/16/2023 11:15,96.36
4/16/2023 11:30,96.36
4/16/2023 11:45,96.36
4/16/2023 12:00,96.36
4/16/2023 12:15,96.36
4/16/2023 12:30,96.36
4/16/2023 12:45,96.36
4/16/2023 13:00,96.47
4/16/2023 13:15,96.56
4/16/2023 13:30,96.62
4/16/2023 13:45,96.69
4/16/2023 14:00,97.12
4/16/2023 14:15,98.03
4/16/2023 14:30,98.65
4/16/2023 14:45,99.02
4/16/2023 15:00,99.6
4/16/2023 15:15,100.37
4/16/2023 15:30,100.92
4/16/2023 15:45,101.35
4/16/2023 16:00,101.79
4/16/2023 16:15,101.96
4/16/2023 16:30,102.07
4/16/2023 16:45,102.37
4/16/2023 17:00,102.7
4/16/2023 17:15,102.81
4/16/2023 17:30,102.9
4/16/2023 17:45,103.02
4/16/2023 18:00,103.17
4/16/2023 18:15,103.28
4/16/2023 18:30,103.37
4/16/2023 18:45,103.4
4/16/2023 19:00,103.54
4/16/2023 19:15,103.68
4/16/2023 19:30,103.7
4/16/2023 19:45,104
4/16/2023 20:00,104.33
4/16/2023 20:15,104.33
4/16/2023 20:30,104.33
4/16/2023 20:45,104.33
4/16/2023 21:00,104.33
4/16/2023 21:15,104.33
4/16/2023 21:30,104.33
4/16/2023 21:45,104.33
4/16/2023 22:00,104.33
4/16/2023 22:15,104.33
4/16/2023 22:30,104.28
4/16/2023 22:45,104.16
4/16/2023 23:00,104.01
4/16/2023 23:15,103.81
4/16/2023 23:30,103.66
4/16/2023 23:45,103.48
4/17/2023 0:00,103.31
4/17/2023 0:15,103.27
4/17/2023 0:30,103.27
4/17/2023 0:45,103.22
4/17/2023 1:00,103.13
4/17/2023 1:15,102.9
4/17/2023 1:30,102.65
4/17/2023 1:45,102.51
4/17/2023 2:00,102.41
4/17/2023 2:15,102.34
4/17/2023 2:30,102.25
4/17/2023 2:45,102.25
4/17/2023 3:00,102.25
4/17/2023 3:15,102.34
4/17/2023 3:30,102.37
4/17/2023 3:45,102.51
4/17/2023 4:00,102.51
4/17/2023 4:15,102.51
4/17/2023 4:30,102.51
4/17/2023 4:45,102.51
4/17/2023 5:00,102.51
4/17/2023 5:15,102.37
4/17/2023 5:30,102.25
4/17/2023 5:45,102.18
4/17/2023 6:00,102.07
4/17/2023 6:15,101.86
4/17/2023 6:30,101.58
4/17/2023 6:45,101.58
4/17/2023 7:00,101.24
4/17/2023 7:15,100.93
4/17/2023 7:30,100.75
4/17/2023 7:45,100.67
4/17/2023 8:00,100.62
4/17/2023 8:15,100.29
4/17/2023 8:30,99.62
4/17/2023 8:45,99.22
4/17/2023 9:00,99.18
4/17/2023 9:15,99.04
4/17/2023 9:30,98.93
4/17/2023 9:45,98.8
4/17/2023 10:00,98.65
4/17/2023 10:15,98.65
4/17/2023 10:30,98.61
4/17/2023 10:45,98.61
4/17/2023 11:00,98.61
4/17/2023 11:15,98.61
4/17/2023 11:30,98.61
4/17/2023 11:45,98.61
4/17/2023 12:00,98.61
4/17/2023 12:15,98.61
4/17/2023 12:30,98.83
4/17/2023 12:45,98.83
4/17/2023 13:00,99.07
4/17/2023 13:15,99.29
4/17/2023 13:30,99.66
4/17/2023 13:45,100.05
4/17/2023 14:00,100.56
4/17/2023 14:15,101.79
4/17/2023 14:30,103.42
4/17/2023 14:45,104.16
4/17/2023 15:00,104.42
4/17/2023 15:15,104.73
4/17/2023 15:30,106.41
4/17/2023 15:45,108.24
4/17/2023 16:00,108.51
4/17/2023 16:15,109.25
4/17/2023 16:30,110.35
4/17/2023 16:45,110.92
4/17/2023 17:00,111.57
4/17/2023 17:15,112.15
4/17/2023 17:30,112.27
4/17/2023 17:45,112.31
4/17/2023 18:00,112.41
4/17/2023 18:15,112.62
4/17/2023 18:30,112.87
4/17/2023 18:45,113.02
4/17/2023 19:00,113.08
4/17/2023 19:15,113.12
4/17/2023 19:30,113.12
4/17/2023 19:45,113.12
4/17/2023 20:00,113.12
4/17/2023 20:15,113.12
4/17/2023 20:30,113.12
4/17/2023 20:45,113.12
4/17/2023 21:00,113.12
4/17/2023 21:15,113.12
4/17/2023 21:30,113.08
4/17/2023 21:45,112.86
4/17/2023 22:00,112.62
4/17/2023 22:15,112.57
4/17/2023 22:30,112.52
4/17/2023 22:45,112.43
4/17/2023 23:00,112.3
4/17/2023 23:15,112.19
4/17/2023 23:30,112.03
4/17/2023 23:45,111.9
4/18/2023 0:00,111.84
4/18/2023 0:15,111.73
4/18/2023 0:30,111.38
4/18/2023 0:45,110.93
4/18/2023 1:00,110.8
4/18/2023 1:15,110.8
4/18/2023 1:30,110.8
4/18/2023 1:45,110.8
4/18/2023 2:00,110.73
4/18/2023 2:15,110.69
4/18/2023 2:30,110.69
4/18/2023 2:45,110.69
4/18/2023 3:00,110.69
4/18/2023 3:15,110.69
4/18/2023 3:30,110.73
4/18/2023 3:45,110.74
4/18/2023 4:00,110.74
4/18/2023 4:15,110.77
4/18/2023 4:30,110.81
4/18/2023 4:45,110.83
4/18/2023 5:00,110.85
4/18/2023 5:15,110.87
4/18/2023 5:30,110.91
4/18/2023 5:45,110.91
4/18/2023 6:00,110.91
4/18/2023 6:15,110.86
4/18/2023 6:30,110.85
4/18/2023 6:45,110.83
4/18/2023 7:00,110.83
4/18/2023 7:15,110.83
4/18/2023 7:30,110.81
4/18/2023 7:45,110.81
4/18/2023 8:00,110.78
4/18/2023 8:15,110.65
4/18/2023 8:30,110.45
4/18/2023 8:45,110.27
4/18/2023 9:00,109.86
4/18/2023 9:15,109.58
4/18/2023 9:30,109.48
4/18/2023 9:45,109.39
4/18/2023 10:00,109.39
4/18/2023 10:15,109.19
4/18/2023 10:30,109.19
4/18/2023 10:45,108.98
4/18/2023 11:00,108.98
4/18/2023 11:15,108.98
4/18/2023 11:30,108.98
4/18/2023 11:45,108.98
4/18/2023 12:00,108.98
4/18/2023 12:15,108.98
4/18/2023 12:30,108.98
4/18/2023 12:45,109.21
4/18/2023 13:00,109.57
4/18/2023 13:15,109.74
4/18/2023 13:30,109.8
4/18/2023 13:45,110.02
4/18/2023 14:00,110.63
4/18/2023 14:15,111.09
4/18/2023 14:30,111.93
4/18/2023 14:45,112.83
4/18/2023 15:00,113.02
4/18/2023 15:15,114.25
4/18/2023 15:30,115.4
4/18/2023 15:45,115.5
4/18/2023 16:00,115.82
4/18/2023 16:15,116.12
4/18/2023 16:30,116.21
4/18/2023 16:45,116.27
4/18/2023 17:00,116.36
4/18/2023 17:15,116.52
4/18/2023 17:30,116.68
4/18/2023 17:45,116.75
4/18/2023 18:00,116.75
4/18/2023 18:15,116.76
4/18/2023 18:30,116.92
4/18/2023 18:45,117.08
4/18/2023 19:00,116.92
4/18/2023 19:15,116.93
4/18/2023 19:30,116.93
4/18/2023 19:45,116.78
4/18/2023 20:00,116.77
4/18/2023 20:15,116.74
4/18/2023 20:30,116.74
4/18/2023 20:45,116.67
4/18/2023 21:00,116.46
4/18/2023 21:15,116.27
4/18/2023 21:30,116.24
4/18/2023 21:45,116.15
4/18/2023 22:00,116.11
4/18/2023 22:15,116.02
4/18/2023 22:30,115.95
4/18/2023 22:45,115.92
4/18/2023 23:00,115.87
4/18/2023 23:15,115.79
4/18/2023 23:30,115.66
4/18/2023 23:45,115.6
4/19/2023 0:00,115.56
4/19/2023 0:15,115.44
4/19/2023 0:30,115.39
4/19/2023 0:45,115.28
4/19/2023 1:00,115.17
4/19/2023 1:15,115.17
4/19/2023 1:30,115.2
4/19/2023 1:45,115.17
4/19/2023 2:00,115.02
4/19/2023 2:15,114.89
4/19/2023 2:30,114.89
4/19/2023 2:45,114.88
4/19/2023 3:00,114.88
4/19/2023 3:15,114.88
4/19/2023 3:30,114.79
4/19/2023 3:45,114.79
4/19/2023 4:00,114.69
4/19/2023 4:15,114.69
4/19/2023 4:30,114.69
4/19/2023 4:45,114.66
4/19/2023 5:00,114.64
4/19/2023 5:15,114.64
4/19/2023 5:30,114.61
4/19/2023 5:45,114.59
4/19/2023 6:00,114.58
4/19/2023 6:15,114.44
4/19/2023 6:30,114.29
4/19/2023 6:45,114.26
4/19/2023 7:00,114.26
4/19/2023 7:15,114.25
4/19/2023 7:30,114.04
4/19/2023 7:45,113.84
4/19/2023 8:00,113.53
4/19/2023 8:15,113.22
4/19/2023 8:30,113.09
4/19/2023 8:45,112.93
4/19/2023 9:00,112.8
4/19/2023 9:15,112.52
4/19/2023 9:30,112.52
4/19/2023 9:45,112.51
4/19/2023 10:00,112.18
4/19/2023 10:15,112.17
4/19/2023 10:30,112.17
4/19/2023 10:45,111.95
4/19/2023 11:00,111.95
4/19/2023 11:15,111.95
4/19/2023 11:30,111.95
4/19/2023 11:45,111.95
4/19/2023 12:00,111.95
4/19/2023 12:15,112.17
4/19/2023 12:30,112.34
4/19/2023 12:45,112.51
4/19/2023 13:00,112.76
4/19/2023 13:15,112.98
4/19/2023 13:30,113.39
4/19/2023 13:45,113.84
4/19/2023 14:00,114.32
4/19/2023 14:15,114.88
4/19/2023 14:30,115.13
4/19/2023 14:45,115.28
4/19/2023 15:00,115.45
4/19/2023 15:15,115.78
4/19/2023 15:30,116.22
4/19/2023 15:45,116.89
4/19/2023 16:00,117.71
4/19/2023 16:15,118.09
4/19/2023 16:30,118.09
4/19/2023 16:45,118.09
4/19/2023 17:00,118.09
4/19/2023 17:15,118.09
4/19/2023 17:30,118.09
4/19/2023 17:45,118.09
4/19/2023 18:00,118.09
4/19/2023 18:15,118.09
4/19/2023 18:30,117.89
4/19/2023 18:45,117.7
4/19/2023 19:00,117.6
4/19/2023 19:15,117.54
4/19/2023 19:30,117.48
4/19/2023 19:45,117.48
4/19/2023 20:00,117.39
4/19/2023 20:15,117.19
4/19/2023 20:30,116.99
4/19/2023 20:45,116.81
4/19/2023 21:00,116.62
4/19/2023 21:15,116.62
4/19/2023 21:30,116.53
4/19/2023 21:45,116.45
4/19/2023 22:00,116.35
4/19/2023 22:15,116.27
4/19/2023 22:30,116.23
4/19/2023 22:45,116.15
4/19/2023 23:00,115.96
4/19/2023 23:15,115.96
4/19/2023 23:30,115.96
4/19/2023 23:45,116.02
4/20/2023 0:00,115.9
4/20/2023 0:15,115.84
4/20/2023 0:30,115.82
4/20/2023 0:45,115.81
4/20/2023 1:00,115.81
4/20/2023 1:15,115.77
4/20/2023 1:30,115.68
4/20/2023 1:45,115.62
4/20/2023 2:00,115.55
4/20/2023 2:15,115.46
4/20/2023 2:30,115.46
4/20/2023 2:45,115.46
4/20/2023 3:00,115.42
4/20/2023 3:15,115.45
4/20/2023 3:30,115.45
4/20/2023 3:45,115.35
4/20/2023 4:00,115.3
4/20/2023 4:15,115.3
4/20/2023 4:30,115.27
4/20/2023 4:45,115.24
4/20/2023 5:00,115.17
4/20/2023 5:15,115.09
4/20/2023 5:30,115.07
4/20/2023 5:45,115.05
4/20/2023 6:00,115.02
4/20/2023 6:15,114.93
4/20/2023 6:30,114.93
4/20/2023 6:45,114.73
4/20/2023 7:00,114.24
4/20/2023 7:15,113.76
4/20/2023 7:30,113.53
4/20/2023 7:45,113.43
4/20/2023 8:00,113.31
4/20/2023 8:15,113.06
4/20/2023 8:30,112.74
4/20/2023 8:45,112.57
4/20/2023 9:00,112.57
4/20/2023 9:15,112.49
4/20/2023 9:30,112.24
4/20/2023 9:45,111.94
4/20/2023 10:00,111.77
4/20/2023 10:15,111.37
4/20/2023 10:30,110.96
4/20/2023 10:45,110.91
4/20/2023 11:00,110.75
4/20/2023 11:15,110.59
4/20/2023 11:30,110.59
4/20/2023 11:45,110.59
4/20/2023 12:00,110.49
4/20/2023 12:15,110.49
4/20/2023 12:30,110.4
4/20/2023 12:45,110.4
4/20/2023 13:00,110.49
4/20/2023 13:15,110.49
4/20/2023 13:30,110.49
4/20/2023 13:45,110.41
4/20/2023 14:00,110.49
4/20/2023 14:15,110.41
4/20/2023 14:30,110.49
4/20/2023 14:45,110.69
4/20/2023 15:00,110.81
4/20/2023 15:15,110.82
4/20/2023 15:30,110.84
4/20/2023 15:45,110.92
4/20/2023 16:00,111.14
4/20/2023 16:15,111.36
4/20/2023 16:30,111.36
4/20/2023 16:45,111.36
4/20/2023 17:00,111.43
4/20/2023 17:15,111.5
4/20/2023 17:30,111.62
4/20/2023 17:45,111.55
4/20/2023 18:00,111.71
4/20/2023 18:15,111.82
4/20/2023 18:30,111.82
4/20/2023 18:45,111.82
4/20/2023 19:00,111.96
4/20/2023 19:15,111.96
4/20/2023 19:30,111.96
4/20/2023 19:45,111.96
4/20/2023 20:00,111.82
4/20/2023 20:15,111.75
4/20/2023 20:30,111.75
4/20/2023 20:45,111.73
4/20/2023 21:00,111.71
4/20/2023 21:15,111.71
4/20/2023 21:30,111.66
4/20/2023 21:45,111.66
4/20/2023 22:00,111.57
4/20/2023 22:15,111.44
4/20/2023 22:30,111.17
4/20/2023 22:45,111.17
4/20/2023 23:00,111.17
4/20/2023 23:15,111.17
4/20/2023 23:30,111.17
4/20/2023 23:45,111.04
4/21/2023 0:00,110.98
4/21/2023 0:15,111.07
4/21/2023 0:30,110.98
4/21/2023 0:45,110.98
4/21/2023 1:00,110.93
4/21/2023 1:15,110.93
4/21/2023 1:30,110.98
4/21/2023 1:45,111.07
4/21/2023 2:00,111.17
4/21/2023 2:15,111.29
4/21/2023 2:30,111.29
4/21/2023 2:45,111.29
4/21/2023 3:00,111.34
4/21/2023 3:15,111.39
4/21/2023 3:30,111.43
4/21/2023 3:45,111.43
4/21/2023 4:00,111.4
4/21/2023 4:15,111.37
4/21/2023 4:30,111.34
4/21/2023 4:45,111.34
4/21/2023 5:00,111.34
4/21/2023 5:15,111.34
4/21/2023 5:30,111.34
4/21/2023 5:45,111.34
4/21/2023 6:00,111.34
4/21/2023 6:15,111.24
4/21/2023 6:30,111.12
4/21/2023 6:45,110.96
4/21/2023 7:00,110.96
4/21/2023 7:15,110.96
4/21/2023 7:30,110.8
4/21/2023 7:45,110.8
4/21/2023 8:00,110.61
4/21/2023 8:15,110.34
4/21/2023 8:30,110.22
4/21/2023 8:45,110.12
4/21/2023 9:00,109.9
4/21/2023 9:15,109.71
4/21/2023 9:30,109.63
4/21/2023 9:45,109.58
4/21/2023 10:00,109.43
4/21/2023 10:15,109.32
4/21/2023 10:30,109.27
4/21/2023 10:45,108.7
4/21/2023 11:00,107.33
4/21/2023 11:15,106.31
4/21/2023 11:30,106.31
4/21/2023 11:45,106.14
4/21/2023 12:00,106.14
4/21/2023 12:15,106.14
4/21/2023 12:30,106.14
4/21/2023 12:45,106.14
4/21/2023 13:00,106.14
4/21/2023 13:15,106.14
4/21/2023 13:30,106.14
4/21/2023 13:45,106.14
4/21/2023 14:00,106.27
4/21/2023 14:15,106.54
4/21/2023 14:30,106.94
4/21/2023 14:45,107.39
4/21/2023 15:00,107.71
4/21/2023 15:15,107.92
4/21/2023 15:30,108.08
4/21/2023 15:45,108.23
4/21/2023 16:00,108.33
4/21/2023 16:15,108.42
4/21/2023 16:30,108.48
4/21/2023 16:45,108.5
4/21/2023 17:00,108.51
4/21/2023 17:15,108.51
4/21/2023 17:30,108.51
4/21/2023 17:45,108.51
4/21/2023 18:00,108.53
4/21/2023 18:15,108.53
4/21/2023 18:30,108.53
4/21/2023 18:45,108.54
4/21/2023 19:00,108.54
4/21/2023 19:15,108.54
4/21/2023 19:30,108.54
4/21/2023 19:45,108.54
4/21/2023 20:00,108.51
4/21/2023 20:15,108.51
4/21/2023 20:30,108.5
4/21/2023 20:45,108.5
4/21/2023 21:00,108.5
4/21/2023 21:15,108.43
4/21/2023 21:30,108.42
4/21/2023 21:45,108.34
4/21/2023 22:00,108.25
4/21/2023 22:15,108.25
4/21/2023 22:30,108.17
4/21/2023 22:45,108.26
4/21/2023 23:00,108.14
4/21/2023 23:15,108.14
4/21/2023 23:30,108.14
4/21/2023 23:45,108.12
4/22/2023 0:00,108.11
4/22/2023 0:15,107.97
4/22/2023 0:30,108.11
4/22/2023 0:45,108.06
4/22/2023 1:00,107.93
4/22/2023 1:15,107.93
4/22/2023 1:30,107.93
4/22/2023 1:45,107.93
4/22/2023 2:00,108.06
4/22/2023 2:15,108.06
4/22/2023 2:30,108.06
4/22/2023 2:45,108.11
4/22/2023 3:00,108.11
4/22/2023 3:15,108.11
4/22/2023 3:30,108.11
4/22/2023 3:45,108.06
4/22/2023 4:00,108.06
4/22/2023 4:15,108.06
4/22/2023 4:30,108.02
4/22/2023 4:45,108.02
4/22/2023 5:00,108.02
4/22/2023 5:15,108.02
4/22/2023 5:30,108.01
4/22/2023 5:45,107.97
4/22/2023 6:00,107.97
4/22/2023 6:15,107.85
4/22/2023 6:30,107.76
4/22/2023 6:45,107.71
4/22/2023 7:00,107.58
4/22/2023 7:15,107.58
4/22/2023 7:30,107.45
4/22/2023 7:45,107.4
4/22/2023 8:00,107.3
4/22/2023 8:15,107.3
4/22/2023 8:30,107.3
4/22/2023 8:45,107.26
4/22/2023 9:00,107.22
4/22/2023 9:15,107.14
4/22/2023 9:30,106.94
4/22/2023 9:45,106.69
4/22/2023 10:00,106.5
4/22/2023 10:15,106.35
4/22/2023 10:30,106.35
4/22/2023 10:45,106.26
4/22/2023 11:00,106.2
4/22/2023 11:15,106.13
4/22/2023 11:30,106.04
4/22/2023 11:45,106.04
4/22/2023 12:00,106.04
4/22/2023 12:15,106.13
4/22/2023 12:30,106.2
4/22/2023 12:45,106.31
4/22/2023 13:00,106.3
4/22/2023 13:15,106.3
4/22/2023 13:30,106.3
4/22/2023 13:45,106.3
4/22/2023 14:00,106.36
4/22/2023 14:15,106.38
4/22/2023 14:30,106.4
4/22/2023 14:45,106.46
4/22/2023 15:00,106.54
4/22/2023 15:15,106.66
4/22/2023 15:30,106.76
4/22/2023 15:45,107.06
4/22/2023 16:00,107.41
4/22/2023 16:15,107.55
4/22/2023 16:30,107.71
4/22/2023 16:45,107.96
4/22/2023 17:00,108.56
4/22/2023 17:15,109.05
4/22/2023 17:30,109.34
4/22/2023 17:45,109.62
4/22/2023 18:00,109.62
4/22/2023 18:15,109.62
4/22/2023 18:30,109.68
4/22/2023 18:45,109.7
4/22/2023 19:00,109.76
4/22/2023 19:15,109.83
4/22/2023 19:30,109.93
4/22/2023 19:45,110.11
4/22/2023 20:00,110.39
4/22/2023 20:15,110.58
4/22/2023 20:30,110.58
4/22/2023 20:45,110.95
4/22/2023 21:00,111.31
4/22/2023 21:15,111.34
4/22/2023 21:30,111.38
4/22/2023 21:45,111.5
4/22/2023 22:00,111.5
4/22/2023 22:15,111.6
4/22/2023 22:30,111.6
4/22/2023 22:45,111.62
4/22/2023 23:00,111.64
4/22/2023 23:15,111.66
4/22/2023 23:30,111.66
4/22/2023 23:45,111.63
4/23/2023 0:00,111.6
4/23/2023 0:15,111.63
4/23/2023 0:30,111.63
4/23/2023 0:45,111.63
4/23/2023 1:00,111.66
4/23/2023 1:15,111.72
4/23/2023 1:30,111.72
4/23/2023 1:45,111.64
4/23/2023 2:00,111.6
4/23/2023 2:15,111.62
4/23/2023 2:30,111.62
4/23/2023 2:45,111.64
4/23/2023 3:00,111.66
4/23/2023 3:15,111.66
4/23/2023 3:30,111.66
4/23/2023 3:45,111.64
4/23/2023 4:00,111.64
4/23/2023 4:15,111.64
4/23/2023 4:30,111.71
4/23/2023 4:45,111.8
4/23/2023 5:00,111.83
4/23/2023 5:15,111.8
4/23/2023 5:30,111.8
4/23/2023 5:45,111.71
4/23/2023 6:00,111.64
4/23/2023 6:15,111.62
4/23/2023 6:30,111.56
4/23/2023 6:45,111.56
4/23/2023 7:00,111.56
4/23/2023 7:15,111.24
4/23/2023 7:30,110.91
4/23/2023 7:45,110.85
4/23/2023 8:00,110.71
4/23/2023 8:15,110.38
4/23/2023 8:30,110.14
4/23/2023 8:45,110.06
4/23/2023 9:00,109.87
4/23/2023 9:15,109.7
4/23/2023 9:30,109.57
4/23/2023 9:45,108.66
4/23/2023 10:00,107.87
4/23/2023 10:15,107.7
4/23/2023 10:30,107.7
4/23/2023 10:45,107.64
4/23/2023 11:00,107.64
4/23/2023 11:15,107.64
4/23/2023 11:30,107.62
4/23/2023 11:45,107.62
4/23/2023 12:00,107.62
4/23/2023 12:15,107.62
4/23/2023 12:30,107.62
4/23/2023 12:45,107.72
4/23/2023 13:00,107.8
4/23/2023 13:15,107.95
4/23/2023 13:30,108.1
4/23/2023 13:45,108.44
4/23/2023 14:00,108.72
4/23/2023 14:15,109.01
4/23/2023 14:30,109.4
4/23/2023 14:45,110.11
4/23/2023 15:00,111.33
4/23/2023 15:15,111.97
4/23/2023 15:30,112.11
4/23/2023 15:45,112.33
4/23/2023 16:00,112.68
4/23/2023 16:15,112.98
4/23/2023 16:30,113.04
4/23/2023 16:45,113.36
4/23/2023 17:00,113.56
4/23/2023 17:15,113.66
4/23/2023 17:30,113.71
4/23/2023 17:45,113.85
4/23/2023 18:00,113.95
4/23/2023 18:15,114.01
4/23/2023 18:30,114.14
4/23/2023 18:45,114.27
4/23/2023 19:00,114.27
4/23/2023 19:15,114.32
4/23/2023 19:30,114.41
4/23/2023 19:45,114.48
4/23/2023 20:00,114.53
4/23/2023 20:15,114.53
4/23/2023 20:30,114.52
4/23/2023 20:45,114.52
4/23/2023 21:00,114.47
4/23/2023 21:15,114.47
4/23/2023 21:30,114.47
4/23/2023 21:45,114.47
4/23/2023 22:00,114.47
4/23/2023 22:15,114.47
4/23/2023 22:30,114.38
4/23/2023 22:45,114.24
4/23/2023 23:00,114.19
4/23/2023 23:15,114.15
4/23/2023 23:30,114.15
4/23/2023 23:45,114.11
4/24/2023 0:00,114.15
4/24/2023 0:15,114.11
4/24/2023 0:30,114.08
4/24/2023 0:45,114.06
4/24/2023 1:00,113.98
4/24/2023 1:15,113.8
4/24/2023 1:30,113.62
4/24/2023 1:45,113.62
4/24/2023 2:00,113.5
4/24/2023 2:15,113.43
4/24/2023 2:30,113.43
4/24/2023 2:45,113.32
4/24/2023 3:00,113.21
4/24/2023 3:15,113.2
4/24/2023 3:30,113.16
4/24/2023 3:45,113.13
4/24/2023 4:00,113.06
4/24/2023 4:15,112.9
4/24/2023 4:30,112.63
4/24/2023 4:45,112.47
4/24/2023 5:00,112.36
4/24/2023 5:15,112.28
4/24/2023 5:30,112.25
4/24/2023 5:45,112.21
4/24/2023 6:00,112.17
4/24/2023 6:15,112.1
4/24/2023 6:30,111.94
4/24/2023 6:45,111.78
4/24/2023 7:00,111.5
4/24/2023 7:15,111.25
4/24/2023 7:30,111.16
4/24/2023 7:45,111.1
4/24/2023 8:00,110.98
4/24/2023 8:15,110.74
4/24/2023 8:30,110.6
4/24/2023 8:45,110.55
4/24/2023 9:00,110.42
4/24/2023 9:15,110.23
4/24/2023 9:30,110.23
4/24/2023 9:45,110
4/24/2023 10:00,110
4/24/2023 10:15,110
4/24/2023 10:30,110
4/24/2023 10:45,110.1
4/24/2023 11:00,110.1
4/24/2023 11:15,110.1
4/24/2023 11:30,110.1
4/24/2023 11:45,110.45
4/24/2023 12:00,110.45
4/24/2023 12:15,110.62
4/24/2023 12:30,110.68
4/24/2023 12:45,110.8
4/24/2023 13:00,111.25
4/24/2023 13:15,112.21
4/24/2023 13:30,112.84
4/24/2023 13:45,113
4/24/2023 14:00,113.62
4/24/2023 14:15,114.51
4/24/2023 14:30,114.95
4/24/2023 14:45,115.76
4/24/2023 15:00,116.57
4/24/2023 15:15,116.79
4/24/2023 15:30,117.16
4/24/2023 15:45,117.38
4/24/2023 16:00,117.52
4/24/2023 16:15,117.91
4/24/2023 16:30,117.91
4/24/2023 16:45,118.35
4/24/2023 17:00,118.35
4/24/2023 17:15,118.35
4/24/2023 17:30,118.55
4/24/2023 17:45,118.57
4/24/2023 18:00,118.57
4/24/2023 18:15,118.57
4/24/2023 18:30,118.56
4/24/2023 18:45,118.56
4/24/2023 19:00,118.56
4/24/2023 19:15,118.37
4/24/2023 19:30,118.04
4/24/2023 19:45,118.04
4/24/2023 20:00,118.04
4/24/2023 20:15,117.9
4/24/2023 20:30,117.82
4/24/2023 20:45,117.69
4/24/2023 21:00,117.6
4/24/2023 21:15,117.51
4/24/2023 21:30,117.6
4/24/2023 21:45,117.51
4/24/2023 22:00,117.4
4/24/2023 22:15,117.35
4/24/2023 22:30,117.31
4/24/2023 22:45,117.12
4/24/2023 23:00,116.91
4/24/2023 23:15,116.91
4/24/2023 23:30,116.91
4/24/2023 23:45,116.95
4/25/2023 0:00,116.9
4/25/2023 0:15,116.84
4/25/2023 0:30,116.9
4/25/2023 0:45,116.84
4/25/2023 1:00,116.8
4/25/2023 1:15,116.76
4/25/2023 1:30,116.76
4/25/2023 1:45,116.73
4/25/2023 2:00,116.76
4/25/2023 2:15,116.76
4/25/2023 2:30,116.73
4/25/2023 2:45,116.73
4/25/2023 3:00,116.73
4/25/2023 3:15,116.76
4/25/2023 3:30,116.73
4/25/2023 3:45,116.66
4/25/2023 4:00,116.56
4/25/2023 4:15,116.51
4/25/2023 4:30,116.41
4/25/2023 4:45,116.34
4/25/2023 5:00,116.34
4/25/2023 5:15,116.32
4/25/2023 5:30,116.28
4/25/2023 5:45,116.24
4/25/2023 6:00,116.14
4/25/2023 6:15,116.14
4/25/2023 6:30,116.02
4/25/2023 6:45,115.87
4/25/2023 7:00,115.63
4/25/2023 7:15,115.63
4/25/2023 7:30,115.35
4/25/2023 7:45,114.83
4/25/2023 8:00,114.31
4/25/2023 8:15,114.05
4/25/2023 8:30,113.7
4/25/2023 8:45,113.31
4/25/2023 9:00,113.04
4/25/2023 9:15,112.78
4/25/2023 9:30,112.6
4/25/2023 9:45,112.52
4/25/2023 10:00,112.52
4/25/2023 10:15,112.47
4/25/2023 10:30,112.42
4/25/2023 10:45,112.4
4/25/2023 11:00,112.4
4/25/2023 11:15,112.4
4/25/2023 11:30,112.4
4/25/2023 11:45,112.4
4/25/2023 12:00,112.4
4/25/2023 12:15,112.4
4/25/2023 12:30,112.4
4/25/2023 12:45,112.43
4/25/2023 13:00,112.51
4/25/2023 13:15,112.64
4/25/2023 13:30,112.97
4/25/2023 13:45,113.31
4/25/2023 14:00,113.57
4/25/2023 14:15,113.57
4/25/2023 14:30,113.57
4/25/2023 14:45,113.67
4/25/2023 15:00,113.77
4/25/2023 15:15,113.92
4/25/2023 15:30,114
4/25/2023 15:45,114
4/25/2023 16:00,114.02
4/25/2023 16:15,114.06
4/25/2023 16:30,114.06
4/25/2023 16:45,114.06
4/25/2023 17:00,114.06
4/25/2023 17:15,114
4/25/2023 17:30,113.98
4/25/2023 17:45,113.88
4/25/2023 18:00,113.76
4/25/2023 18:15,113.84
4/25/2023 18:30,113.76
4/25/2023 18:45,113.76
4/25/2023 19:00,113.76
4/25/2023 19:15,113.84
4/25/2023 19:30,113.92
4/25/2023 19:45,113.84
4/25/2023 20:00,113.76
4/25/2023 20:15,113.66
4/25/2023 20:30,113.57
4/25/2023 20:45,113.54
4/25/2023 21:00,113.48
4/25/2023 21:15,113.43
4/25/2023 21:30,113.36
4/25/2023 21:45,113.43
4/25/2023 22:00,113.48
4/25/2023 22:15,113.43
4/25/2023 22:30,113.41
4/25/2023 22:45,113.41
4/25/2023 23:00,113.41
4/25/2023 23:15,113.41
4/25/2023 23:30,113.41
4/25/2023 23:45,113.41
4/26/2023 0:00,113.41
4/26/2023 0:15,113.38
4/26/2023 0:30,113.37
4/26/2023 0:45,113.33
4/26/2023 1:00,113.33
4/26/2023 1:15,113.27
4/26/2023 1:30,113.27
4/26/2023 1:45,113.27
4/26/2023 2:00,113.27
4/26/2023 2:15,113.27
4/26/2023 2:30,113.24
4/26/2023 2:45,113.1
4/26/2023 3:00,112.95
4/26/2023 3:15,112.81
4/26/2023 3:30,112.81
4/26/2023 3:45,112.81
4/26/2023 4:00,112.81
4/26/2023 4:15,112.81
4/26/2023 4:30,112.92
4/26/2023 4:45,112.81
4/26/2023 5:00,112.78
4/26/2023 5:15,112.78
4/26/2023 5:30,112.63
4/26/2023 5:45,112.63
4/26/2023 6:00,112.49
4/26/2023 6:15,112.33
4/26/2023 6:30,112.33
4/26/2023 6:45,112.13
4/26/2023 7:00,112.12
4/26/2023 7:15,112.05
4/26/2023 7:30,112.05
4/26/2023 7:45,112.03
4/26/2023 8:00,111.87
4/26/2023 8:15,111.49
4/26/2023 8:30,111.08
4/26/2023 8:45,110.84
4/26/2023 9:00,110.74
4/26/2023 9:15,110.61
4/26/2023 9:30,110.44
4/26/2023 9:45,110.38
4/26/2023 10:00,110.24
4/26/2023 10:15,110.03
4/26/2023 10:30,109.88
4/26/2023 10:45,109.82
4/26/2023 11:00,109.82
4/26/2023 11:15,109.78
4/26/2023 11:30,109.74
4/26/2023 11:45,109.74
4/26/2023 12:00,109.68
4/26/2023 12:15,109.68
4/26/2023 12:30,109.64
4/26/2023 12:45,109.63
4/26/2023 13:00,109.63
4/26/2023 13:15,109.63
4/26/2023 13:30,109.65
4/26/2023 13:45,109.68
4/26/2023 14:00,109.72
4/26/2023 14:15,109.72
4/26/2023 14:30,109.73
4/26/2023 14:45,109.72
4/26/2023 15:00,109.72
4/26/2023 15:15,109.75
4/26/2023 15:30,109.8
4/26/2023 15:45,109.8
4/26/2023 16:00,109.75
4/26/2023 16:15,109.8
4/26/2023 16:30,109.84
4/26/2023 16:45,109.87
4/26/2023 17:00,109.92
4/26/2023 17:15,109.96
4/26/2023 17:30,110
4/26/2023 17:45,110.04
4/26/2023 18:00,110.06
4/26/2023 18:15,110.12
4/26/2023 18:30,110.28
4/26/2023 18:45,110.29
4/26/2023 19:00,110.29
4/26/2023 19:15,110.57
4/26/2023 19:30,110.57
4/26/2023 19:45,110.75
4/26/2023 20:00,110.81
4/26/2023 20:15,110.86
4/26/2023 20:30,110.86
4/26/2023 20:45,110.86
4/26/2023 21:00,110.9
4/26/2023 21:15,110.9
4/26/2023 21:30,110.95
4/26/2023 21:45,110.97
4/26/2023 22:00,111.03
4/26/2023 22:15,111.03
4/26/2023 22:30,111.07
4/26/2023 22:45,111.03
4/26/2023 23:00,111.07
4/26/2023 23:15,111.03
4/26/2023 23:30,111.03
4/26/2023 23:45,111.02
4/27/2023 0:00,111.02
4/27/2023 0:15,111.03
4/27/2023 0:30,111.03
4/27/2023 0:45,111.03
4/27/2023 1:00,111.02
4/27/2023 1:15,111.02
4/27/2023 1:30,111.02
4/27/2023 1:45,111.02
4/27/2023 2:00,111.02
4/27/2023 2:15,111.02
4/27/2023 2:30,111.01
4/27/2023 2:45,110.96
4/27/2023 3:00,110.93
4/27/2023 3:15,110.93
4/27/2023 3:30,110.86
4/27/2023 3:45,110.81
4/27/2023 4:00,110.8
4/27/2023 4:15,110.8
4/27/2023 4:30,110.84
4/27/2023 4:45,110.84
4/27/2023 5:00,110.84
4/27/2023 5:15,110.78
4/27/2023 5:30,110.72
4/27/2023 5:45,110.67
4/27/2023 6:00,110.62
4/27/2023 6:15,110.62
4/27/2023 6:30,110.62
4/27/2023 6:45,110.7
4/27/2023 7:00,110.72
4/27/2023 7:15,110.72
4/27/2023 7:30,110.63
4/27/2023 7:45,110.61
4/27/2023 8:00,110.52
4/27/2023 8:15,110.47
4/27/2023 8:30,110.47
4/27/2023 8:45,110.22
4/27/2023 9:00,110.18
4/27/2023 9:15,110.01
4/27/2023 9:30,110
4/27/2023 9:45,109.97
4/27/2023 10:00,109.97
4/27/2023 10:15,109.87
4/27/2023 10:30,109.97
4/27/2023 10:45,110
4/27/2023 11:00,110.15
4/27/2023 11:15,110.12
4/27/2023 11:30,110.12
4/27/2023 11:45,110.12
4/27/2023 12:00,110.12
4/27/2023 12:15,110.26
4/27/2023 12:30,110.26
4/27/2023 12:45,110.26
4/27/2023 13:00,110.41
4/27/2023 13:15,110.77
4/27/2023 13:30,111.09
4/27/2023 13:45,111.23
4/27/2023 14:00,111.37
4/27/2023 14:15,111.78
4/27/2023 14:30,112.18
4/27/2023 14:45,112.29
4/27/2023 15:00,112.34
4/27/2023 15:15,112.5
4/27/2023 15:30,112.75
4/27/2023 15:45,112.97
4/27/2023 16:00,113.14
4/27/2023 16:15,113.42
4/27/2023 16:30,113.75
4/27/2023 16:45,113.91
4/27/2023 17:00,114.03
4/27/2023 17:15,114.13
4/27/2023 17:30,114.16
4/27/2023 17:45,114.19
4/27/2023 18:00,114.26
4/27/2023 18:15,114.32
4/27/2023 18:30,114.33
4/27/2023 18:45,114.39
4/27/2023 19:00,114.42
4/27/2023 19:15,114.43
4/27/2023 19:30,114.55
4/27/2023 19:45,114.55
4/27/2023 20:00,114.55
4/27/2023 20:15,114.6
4/27/2023 20:30,114.72
4/27/2023 20:45,114.72
4/27/2023 21:00,114.79
4/27/2023 21:15,114.86
4/27/2023 21:30,114.93
4/27/2023 21:45,114.98
4/27/2023 22:00,115.06
4/27/2023 22:15,115.11
4/27/2023 22:30,115.11
4/27/2023 22:45,115.06
4/27/2023 23:00,114.98
4/27/2023 23:15,114.98
4/27/2023 23:30,114.89
4/27/2023 23:45,114.89
4/28/2023 0:00,114.82
4/28/2023 0:15,114.82
4/28/2023 0:30,114.87
4/28/2023 0:45,114.87
4/28/2023 1:00,114.87
4/28/2023 1:15,114.87
4/28/2023 1:30,114.81
4/28/2023 1:45,114.81
4/28/2023 2:00,114.76
4/28/2023 2:15,114.76
4/28/2023 2:30,114.76
4/28/2023 2:45,114.76
4/28/2023 3:00,114.7
4/28/2023 3:15,114.65
4/28/2023 3:30,114.65
4/28/2023 3:45,114.65
4/28/2023 4:00,114.6
4/28/2023 4:15,114.5
4/28/2023 4:30,114.5
4/28/2023 4:45,114.5
4/28/2023 5:00,114.61
4/28/2023 5:15,114.5
4/28/2023 5:30,114.44
4/28/2023 5:45,114.43
4/28/2023 6:00,114.38
4/28/2023 6:15,114.28
4/28/2023 6:30,114.28
4/28/2023 6:45,114.37
4/28/2023 7:00,114.37
4/28/2023 7:15,114.28
4/28/2023 7:30,114.22
4/28/2023 7:45,114.21
4/28/2023 8:00,114.21
4/28/2023 8:15,114.21
4/28/2023 8:30,114.15
4/28/2023 8:45,114.09
4/28/2023 9:00,114
4/28/2023 9:15,113.82
4/28/2023 9:30,113.55
4/28/2023 9:45,113.36
4/28/2023 10:00,113.28
4/28/2023 10:15,113.17
4/28/2023 10:30,113.02
4/28/2023 10:45,112.89
4/28/2023 11:00,112.69
4/28/2023 11:15,112.5
4/28/2023 11:30,112.5
4/28/2023 11:45,112.5
4/28/2023 12:00,112.5
4/28/2023 12:15,112.47
4/28/2023 12:30,112.42
4/28/2023 12:45,112.42
4/28/2023 13:00,112.42
4/28/2023 13:15,112.47
4/28/2023 13:30,112.47
4/28/2023 13:45,112.42
4/28/2023 14:00,112.42
4/28/2023 14:15,112.44
4/28/2023 14:30,112.4
4/28/2023 14:45,112.4
4/28/2023 15:00,112.44
4/28/2023 15:15,112.45
4/28/2023 15:30,112.57
4/28/2023 15:45,112.69
4/28/2023 16:00,112.7
4/28/2023 16:15,112.77
4/28/2023 16:30,112.9
4/28/2023 16:45,112.9
4/28/2023 17:00,112.99
4/28/2023 17:15,113.04
4/28/2023 17:30,113.06
4/28/2023 17:45,113.06
4/28/2023 18:00,113.06
4/28/2023 18:15,113.09
4/28/2023 18:30,113.12
4/28/2023 18:45,113.22
4/28/2023 19:00,113.22
4/28/2023 19:15,113.22
4/28/2023 19:30,113.31
4/28/2023 19:45,113.53
4/28/2023 20:00,113.72
4/28/2023 20:15,113.72
4/28/2023 20:30,113.75
4/28/2023 20:45,113.75
4/28/2023 21:00,113.75
4/28/2023 21:15,113.75
4/28/2023 21:30,113.78
4/28/2023 21:45,113.81
4/28/2023 22:00,113.81
4/28/2023 22:15,113.78
4/28/2023 22:30,113.78
4/28/2023 22:45,113.75
4/28/2023 23:00,113.73
4/28/2023 23:15,113.73
4/28/2023 23:30,113.73
4/28/2023 23:45,113.73
4/29/2023 0:00,113.73
4/29/2023 0:15,113.65
4/29/2023 0:30,113.56
4/29/2023 0:45,113.41
4/29/2023 1:00,113.27
4/29/2023 1:15,113.26
4/29/2023 1:30,113.25
4/29/2023 1:45,113.23
4/29/2023 2:00,113.2
4/29/2023 2:15,113.14
4/29/2023 2:30,113.08
4/29/2023 2:45,113.06
4/29/2023 3:00,113.06
4/29/2023 3:15,113.01
4/29/2023 3:30,112.94
4/29/2023 3:45,112.94
4/29/2023 4:00,112.92
4/29/2023 4:15,112.94
4/29/2023 4:30,112.92
4/29/2023 4:45,112.9
4/29/2023 5:00,112.86
4/29/2023 5:15,112.77
4/29/2023 5:30,112.67
4/29/2023 5:45,112.64
4/29/2023 6:00,112.51
4/29/2023 6:15,112.41
4/29/2023 6:30,112.4
4/29/2023 6:45,112.3
4/29/2023 7:00,112.19
4/29/2023 7:15,112.18
4/29/2023 7:30,112.15
4/29/2023 7:45,112.11
4/29/2023 8:00,112.01
4/29/2023 8:15,111.84
4/29/2023 8:30,111.76
4/29/2023 8:45,111.75
4/29/2023 9:00,111.71
4/29/2023 9:15,111.45
4/29/2023 9:30,111.01
4/29/2023 9:45,110.84
4/29/2023 10:00,110.78
4/29/2023 10:15,110.64
4/29/2023 10:30,110.49
4/29/2023 10:45,110.49
4/29/2023 11:00,110.44
4/29/2023 11:15,110.44
4/29/2023 11:30,110.44
4/29/2023 11:45,110.44
4/29/2023 12:00,110.44
4/29/2023 12:15,110.46
4/29/2023 12:30,110.57
4/29/2023 12:45,110.7
4/29/2023 13:00,110.78
4/29/2023 13:15,110.79
4/29/2023 13:30,110.86
4/29/2023 13:45,110.92
4/29/2023 14:00,111.54
4/29/2023 14:15,112.49
4/29/2023 14:30,113.47
4/29/2023 14:45,114.13
4/29/2023 15:00,114.44
4/29/2023 15:15,114.79
4/29/2023 15:30,114.94
4/29/2023 15:45,115.12
4/29/2023 16:00,115.31
4/29/2023 16:15,115.52
4/29/2023 16:30,115.67
4/29/2023 16:45,115.76
4/29/2023 17:00,115.84
4/29/2023 17:15,116.18
4/29/2023 17:30,116.54
4/29/2023 17:45,116.81
4/29/2023 18:00,117.13
4/29/2023 18:15,117.25
4/29/2023 18:30,117.31
4/29/2023 18:45,117.33
4/29/2023 19:00,117.33
4/29/2023 19:15,117.33
4/29/2023 19:30,117.33
4/29/2023 19:45,117.33
4/29/2023 20:00,117.37
4/29/2023 20:15,117.47
4/29/2023 20:30,117.47
4/29/2023 20:45,117.37
4/29/2023 21:00,117.37
4/29/2023 21:15,117.39
4/29/2023 21:30,117.39
4/29/2023 21:45,117.39
4/29/2023 22:00,117.35
4/29/2023 22:15,117.3
4/29/2023 22:30,117.3
4/29/2023 22:45,117.3
4/29/2023 23:00,117.26
4/29/2023 23:15,117.26
4/29/2023 23:30,117.26
4/29/2023 23:45,117.26
4/30/2023 0:00,117.33
4/30/2023 0:15,117.46
4/30/2023 0:30,117.46
4/30/2023 0:45,117.46
4/30/2023 1:00,117.31
4/30/2023 1:15,117.21
4/30/2023 1:30,117.18
4/30/2023 1:45,117.18
4/30/2023 2:00,117.18
4/30/2023 2:15,117.09
4/30/2023 2:30,116.83
4/30/2023 2:45,116.83
4/30/2023 3:00,116.82
4/30/2023 3:15,116.64
4/30/2023 3:30,116.57
4/30/2023 3:45,116.44
4/30/2023 4:00,116.4
4/30/2023 4:15,116.36
4/30/2023 4:30,116.34
4/30/2023 4:45,116.33
4/30/2023 5:00,116.24
4/30/2023 5:15,116.15
4/30/2023 5:30,116.15
4/30/2023 5:45,116.12
4/30/2023 6:00,116.05
4/30/2023 6:15,116.05
4/30/2023 6:30,115.96
4/30/2023 6:45,115.81
4/30/2023 7:00,115.64
4/30/2023 7:15,115.43
4/30/2023 7:30,115.24
4/30/2023 7:45,115.14
4/30/2023 8:00,115.02
4/30/2023 8:15,114.96
4/30/2023 8:30,114.94
4/30/2023 8:45,114.9
4/30/2023 9:00,114.88
4/30/2023 9:15,114.82
4/30/2023 9:30,114.81
4/30/2023 9:45,114.74
4/30/2023 10:00,114.74
4/30/2023 10:15,114.73
4/30/2023 10:30,114.73
4/30/2023 10:45,114.73
4/30/2023 11:00,114.73
4/30/2023 11:15,114.73
4/30/2023 11:30,114.73
4/30/2023 11:45,114.77
4/30/2023 12:00,114.83
4/30/2023 12:15,114.86
4/30/2023 12:30,114.86
4/30/2023 12:45,115.29
4/30/2023 13:00,115.91
4/30/2023 13:15,116.25
4/30/2023 13:30,116.51
4/30/2023 13:45,116.91
4/30/2023 14:00,117.49
4/30/2023 14:15,117.91
4/30/2023 14:30,118.11
4/30/2023 14:45,118.24
4/30/2023 15:00,118.32
4/30/2023 15:15,118.32
4/30/2023 15:30,118.48
4/30/2023 15:45,118.65
4/30/2023 16:00,118.7
4/30/2023 16:15,118.93
4/30/2023 16:30,119.01
4/30/2023 16:45,119.2
4/30/2023 17:00,119.25
4/30/2023 17:15,119.28
4/30/2023 17:30,119.34
4/30/2023 17:45,119.31
4/30/2023 18:00,119.31
4/30/2023 18:15,119.42
4/30/2023 18:30,119.42
4/30/2023 18:45,119.5
4/30/2023 19:00,119.5
4/30/2023 19:15,119.5
4/30/2023 19:30,119.5
4/30/2023 19:45,119.41
4/30/2023 20:00,119.41
4/30/2023 20:15,119.41
4/30/2023 20:30,119.41
4/30/2023 20:45,119.41
4/30/2023 21:00,119.35
4/30/2023 21:15,119.16
4/30/2023 21:30,119.16
4/30/2023 21:45,119
4/30/2023 22:00,118.88
4/30/2023 22:15,118.74
4/30/2023 22:30,118.41
4/30/2023 22:45,118.19
4/30/2023 23:00,118.19
4/30/2023 23:15,118.14
4/30/2023 23:30,118.11
4/30/2023 23:45,118.11
5/1/2023 0:00,118.11
5/1/2023 0:15,118.08
5/1/2023 0:30,118.02
5/1/2023 0:45,117.97
5/1/2023 1:00,117.95
5/1/2023 1:15,117.95
5/1/2023 1:30,117.95
5/1/2023 1:45,117.92
5/1/2023 2:00,117.88
5/1/2023 2:15,117.88
5/1/2023 2:30,117.88
5/1/2023 2:45,117.88
5/1/2023 3:00,117.83
5/1/2023 3:15,117.74
5/1/2023 3:30,117.74
5/1/2023 3:45,117.74
5/1/2023 4:00,117.57
5/1/2023 4:15,117.45
5/1/2023 4:30,117.39
5/1/2023 4:45,117.35
5/1/2023 5:00,117.27
5/1/2023 5:15,117.23
5/1/2023 5:30,117.15
5/1/2023 5:45,116.98
5/1/2023 6:00,116.76
5/1/2023 6:15,116.55
5/1/2023 6:30,116.41
5/1/2023 6:45,116.29
5/1/2023 7:00,116.19
5/1/2023 7:15,116.01
5/1/2023 7:30,115.77
5/1/2023 7:45,115.46
5/1/2023 8:00,115.18
5/1/2023 8:15,115.04
5/1/2023 8:30,114.89
5/1/2023 8:45,114.67
5/1/2023 9:00,114.36
5/1/2023 9:15,114.19
5/1/2023 9:30,114.13
5/1/2023 9:45,113.83
5/1/2023 10:00,113.83
5/1/2023 10:15,113.57
5/1/2023 10:30,113.57
5/1/2023 10:45,113.57
5/1/2023 11:00,113.57
5/1/2023 11:15,113.71
5/1/2023 11:30,113.71
5/1/2023 11:45,113.71
5/1/2023 12:00,113.92
5/1/2023 12:15,114.03
5/1/2023 12:30,114.03
5/1/2023 12:45,114.09
5/1/2023 13:00,114.26
5/1/2023 13:15,114.35
5/1/2023 13:30,114.4
5/1/2023 13:45,114.88
5/1/2023 14:00,115.8
5/1/2023 14:15,116.34
5/1/2023 14:30,116.46
5/1/2023 14:45,116.83
5/1/2023 15:00,117.23
5/1/2023 15:15,117.41
5/1/2023 15:30,117.67
5/1/2023 15:45,118.04
5/1/2023 16:00,118.52
5/1/2023 16:15,118.76
5/1/2023 16:30,118.81
5/1/2023 16:45,118.85
5/1/2023 17:00,118.93
5/1/2023 17:15,119.02
5/1/2023 17:30,119.1
5/1/2023 17:45,119.22
5/1/2023 18:00,119.41
5/1/2023 18:15,119.57
5/1/2023 18:30,119.65
5/1/2023 18:45,119.71
5/1/2023 19:00,119.71
5/1/2023 19:15,119.65
5/1/2023 19:30,119.74
5/1/2023 19:45,119.84
5/1/2023 20:00,119.84
5/1/2023 20:15,119.84
5/1/2023 20:30,119.74
5/1/2023 20:45,119.84
5/1/2023 21:00,119.84
5/1/2023 21:15,119.74
5/1/2023 21:30,119.74
5/1/2023 21:45,119.84
5/1/2023 22:00,119.84
5/1/2023 22:15,119.84
5/1/2023 22:30,119.84
5/1/2023 22:45,119.9
5/1/2023 23:00,119.9
5/1/2023 23:15,119.97
5/1/2023 23:30,119.97
5/1/2023 23:45,119.86
5/2/2023 0:00,119.86
5/2/2023 0:15,119.86
5/2/2023 0:30,119.86
5/2/2023 0:45,119.73
5/2/2023 1:00,119.78
5/2/2023 1:15,119.78
5/2/2023 1:30,119.78
5/2/2023 1:45,119.73
5/2/2023 2:00,119.78
5/2/2023 2:15,119.78
5/2/2023 2:30,119.73
5/2/2023 2:45,119.63
5/2/2023 3:00,119.57
5/2/2023 3:15,119.39
5/2/2023 3:30,119.39
5/2/2023 3:45,119.3
5/2/2023 4:00,119.17
5/2/2023 4:15,119.12
5/2/2023 4:30,119
5/2/2023 4:45,118.86
5/2/2023 5:00,118.58
5/2/2023 5:15,118.35
5/2/2023 5:30,118.04
5/2/2023 5:45,117.9
5/2/2023 6:00,117.9
5/2/2023 6:15,117.84
5/2/2023 6:30,117.75
5/2/2023 6:45,117.57
5/2/2023 7:00,117.42
5/2/2023 7:15,117.36
5/2/2023 7:30,117.36
5/2/2023 7:45,117.18
5/2/2023 8:00,117.01
5/2/2023 8:15,116.79
5/2/2023 8:30,116.53
5/2/2023 8:45,116.37
5/2/2023 9:00,116.16
5/2/2023 9:15,116.02
5/2/2023 9:30,115.72
5/2/2023 9:45,115.67
5/2/2023 10:00,115.43
5/2/2023 10:15,115.35
5/2/2023 10:30,115.3
5/2/2023 10:45,115.28
5/2/2023 11:00,115.24
5/2/2023 11:15,115.19
5/2/2023 11:30,115.19
5/2/2023 11:45,115.19
5/2/2023 12:00,115.19
5/2/2023 12:15,115.24
5/2/2023 12:30,115.24
5/2/2023 12:45,115.24
5/2/2023 13:00,115.28
5/2/2023 13:15,115.32
5/2/2023 13:30,115.32
5/2/2023 13:45,115.36
5/2/2023 14:00,115.47
5/2/2023 14:15,115.72
5/2/2023 14:30,115.89
5/2/2023 14:45,116.02
5/2/2023 15:00,116.33
5/2/2023 15:15,116.6
5/2/2023 15:30,117.06
5/2/2023 15:45,117.62
5/2/2023 16:00,117.97
5/2/2023 16:15,118.35
5/2/2023 16:30,118.59
5/2/2023 16:45,119.55
5/2/2023 17:00,120.47
5/2/2023 17:15,121.05
5/2/2023 17:30,122.53
5/2/2023 17:45,123.57
5/2/2023 18:00,123.57
5/2/2023 18:15,123.57
5/2/2023 18:30,123.59
5/2/2023 18:45,123.59
5/2/2023 19:00,123.59
5/2/2023 19:15,123.59
5/2/2023 19:30,123.59
5/2/2023 19:45,123.59
5/2/2023 20:00,123.59
5/2/2023 20:15,123.59
5/2/2023 20:30,122.84
5/2/2023 20:45,122.13
5/2/2023 21:00,122.05
5/2/2023 21:15,121.96
5/2/2023 21:30,121.8
5/2/2023 21:45,121.6
5/2/2023 22:00,121.45
5/2/2023 22:15,121.22
5/2/2023 22:30,121.14
5/2/2023 22:45,120.85
5/2/2023 23:00,120.64
5/2/2023 23:15,120.59
5/2/2023 23:30,120.52
5/2/2023 23:45,120.42
5/3/2023 0:00,120.23
5/3/2023 0:15,120.05
5/3/2023 0:30,120.05
5/3/2023 0:45,120.05
5/3/2023 1:00,120.05
5/3/2023 1:15,120.04
5/3/2023 1:30,120.04
5/3/2023 1:45,120.04
5/3/2023 2:00,120.06
5/3/2023 2:15,120.23
5/3/2023 2:30,120.23
5/3/2023 2:45,120.23
5/3/2023 3:00,120.23
5/3/2023 3:15,120.06
5/3/2023 3:30,120.04
5/3/2023 3:45,120.04
5/3/2023 4:00,120.04
5/3/2023 4:15,120.04
5/3/2023 4:30,120.04
5/3/2023 4:45,120.25
5/3/2023 5:00,120.25
5/3/2023 5:15,120.25
5/3/2023 5:30,120.04
5/3/2023 5:45,119.92
5/3/2023 6:00,119.79
5/3/2023 6:15,119.73
5/3/2023 6:30,119.63
5/3/2023 6:45,119.43
5/3/2023 7:00,119.13
5/3/2023 7:15,118.89
5/3/2023 7:30,118.5
5/3/2023 7:45,117.96
5/3/2023 8:00,117.71
5/3/2023 8:15,117.64
5/3/2023 8:30,117.62
5/3/2023 8:45,117.39
5/3/2023 9:00,117.02
5/3/2023 9:15,116.81
5/3/2023 9:30,116.61
5/3/2023 9:45,116.43
5/3/2023 10:00,116.43
5/3/2023 10:15,116.34
5/3/2023 10:30,116.34
5/3/2023 10:45,116.34
5/3/2023 11:00,116.34
5/3/2023 11:15,116.34
5/3/2023 11:30,116.43
5/3/2023 11:45,116.43
5/3/2023 12:00,116.61
5/3/2023 12:15,116.68
5/3/2023 12:30,117.29
5/3/2023 12:45,117.72
5/3/2023 13:00,118.22
5/3/2023 13:15,118.8
5/3/2023 13:30,119.03
5/3/2023 13:45,119.35
5/3/2023 14:00,119.54
5/3/2023 14:15,119.89
5/3/2023 14:30,120.4
5/3/2023 14:45,120.64
5/3/2023 15:00,120.83
5/3/2023 15:15,121.48
5/3/2023 15:30,122.13
5/3/2023 15:45,122.37
5/3/2023 16:00,122.63
5/3/2023 16:15,122.87
5/3/2023 16:30,123.16
5/3/2023 16:45,123.46
5/3/2023 17:00,123.7
5/3/2023 17:15,123.85
5/3/2023 17:30,124.28
5/3/2023 17:45,124.86
5/3/2023 18:00,125.32
5/3/2023 18:15,125.8
5/3/2023 18:30,126.31
5/3/2023 18:45,127.26
5/3/2023 19:00,127.93
5/3/2023 19:15,127.93
5/3/2023 19:30,128.1
5/3/2023 19:45,128.1
5/3/2023 20:00,128.27
5/3/2023 20:15,128.27
5/3/2023 20:30,128.27
5/3/2023 20:45,128.27
5/3/2023 21:00,128.27
5/3/2023 21:15,128.1
5/3/2023 21:30,127.93
5/3/2023 21:45,127.84
5/3/2023 22:00,127.68
5/3/2023 22:15,127.53
5/3/2023 22:30,127.05
5/3/2023 22:45,126.48
5/3/2023 23:00,126.94
5/3/2023 23:15,126.48
5/3/2023 23:30,126.34
5/3/2023 23:45,126.31
5/4/2023 0:00,126.03
5/4/2023 0:15,126.03
5/4/2023 0:30,125.71
5/4/2023 0:45,125.56
5/4/2023 1:00,125.43
5/4/2023 1:15,125.37
5/4/2023 1:30,125.18
5/4/2023 1:45,124.96
5/4/2023 2:00,124.77
5/4/2023 2:15,124.72
5/4/2023 2:30,124.59
5/4/2023 2:45,124.25
5/4/2023 3:00,123.78
5/4/2023 3:15,123.53
5/4/2023 3:30,123.44
5/4/2023 3:45,123.44
5/4/2023 4:00,123.39
5/4/2023 4:15,123.39
5/4/2023 4:30,123.27
5/4/2023 4:45,123.09
5/4/2023 5:00,123.16
5/4/2023 5:15,122.92
5/4/2023 5:30,122.84
5/4/2023 5:45,122.83
5/4/2023 6:00,122.77
5/4/2023 6:15,122.59
5/4/2023 6:30,122.42
5/4/2023 6:45,122.07
5/4/2023 7:00,121.73
5/4/2023 7:15,121.6
5/4/2023 7:30,121.42
5/4/2023 7:45,121.24
5/4/2023 8:00,121.11
5/4/2023 8:15,121.05
5/4/2023 8:30,120.96
5/4/2023 8:45,120.81
5/4/2023 9:00,120.61
5/4/2023 9:15,120.52
5/4/2023 9:30,120.63
5/4/2023 9:45,120.52
5/4/2023 10:00,120.46
5/4/2023 10:15,120.39
5/4/2023 10:30,120.23
5/4/2023 10:45,119.9
5/4/2023 11:00,119.65
5/4/2023 11:15,119.65
5/4/2023 11:30,119.65
5/4/2023 11:45,119.65
5/4/2023 12:00,119.65
5/4/2023 12:15,119.71
5/4/2023 12:30,119.71
5/4/2023 12:45,119.88
5/4/2023 13:00,119.88
5/4/2023 13:15,120.1
5/4/2023 13:30,120.27
5/4/2023 13:45,120.39
5/4/2023 14:00,120.48
5/4/2023 14:15,120.58
5/4/2023 14:30,120.78
5/4/2023 14:45,121.21
5/4/2023 15:00,121.58
5/4/2023 15:15,121.88
5/4/2023 15:30,121.98
5/4/2023 15:45,122.12
5/4/2023 16:00,122.22
5/4/2023 16:15,122.46
5/4/2023 16:30,123.1
5/4/2023 16:45,123.59
5/4/2023 17:00,123.74
5/4/2023 17:15,124.18
5/4/2023 17:30,124.58
5/4/2023 17:45,124.74
5/4/2023 18:00,125.25
5/4/2023 18:15,125.72
5/4/2023 18:30,125.77
5/4/2023 18:45,125.86
5/4/2023 19:00,125.94
5/4/2023 19:15,125.94
5/4/2023 19:30,125.94
5/4/2023 19:45,125.94
5/4/2023 20:00,125.94
5/4/2023 20:15,125.97
5/4/2023 20:30,125.97
5/4/2023 20:45,125.94
5/4/2023 21:00,125.86
5/4/2023 21:15,125.77
5/4/2023 21:30,125.72
5/4/2023 21:45,125.72
5/4/2023 22:00,125.72
5/4/2023 22:15,125.66
5/4/2023 22:30,125.53
5/4/2023 22:45,125.44
5/4/2023 23:00,125.16
5/4/2023 23:15,124.86
5/4/2023 23:30,124.86
5/4/2023 23:45,124.83
5/5/2023 0:00,124.81
5/5/2023 0:15,124.81
5/5/2023 0:30,124.72
5/5/2023 0:45,124.54
5/5/2023 1:00,124.4
5/5/2023 1:15,124.22
5/5/2023 1:30,124.06
5/5/2023 1:45,124
5/5/2023 2:00,123.95
5/5/2023 2:15,123.95
5/5/2023 2:30,123.89
5/5/2023 2:45,123.82
5/5/2023 3:00,123.68
5/5/2023 3:15,123.52
5/5/2023 3:30,123.43
5/5/2023 3:45,123.22
5/5/2023 4:00,122.92
5/5/2023 4:15,122.75
5/5/2023 4:30,122.67
5/5/2023 4:45,122.57
5/5/2023 5:00,122.51
5/5/2023 5:15,122.46
5/5/2023 5:30,122.34
5/5/2023 5:45,122.09
5/5/2023 6:00,122.34
5/5/2023 6:15,122.09
5/5/2023 6:30,121.75
5/5/2023 6:45,121.59
5/5/2023 7:00,121.55
5/5/2023 7:15,121.43
5/5/2023 7:30,120.94
5/5/2023 7:45,120.28
5/5/2023 8:00,119.91
5/5/2023 8:15,119.78
5/5/2023 8:30,119.65
5/5/2023 8:45,119.44
5/5/2023 9:00,119.29
5/5/2023 9:15,119.08
5/5/2023 9:30,118.77
5/5/2023 9:45,118.59
5/5/2023 10:00,118.49
5/5/2023 10:15,118.49
5/5/2023 10:30,118.39
5/5/2023 10:45,118.39
5/5/2023 11:00,118.31
5/5/2023 11:15,118.31
5/5/2023 11:30,118.28
5/5/2023 11:45,118.28
5/5/2023 12:00,118.31
5/5/2023 12:15,118.43
5/5/2023 12:30,118.43
5/5/2023 12:45,118.43
5/5/2023 13:00,118.54
5/5/2023 13:15,118.54
5/5/2023 13:30,118.43
5/5/2023 13:45,118.43
5/5/2023 14:00,118.54
5/5/2023 14:15,118.62
5/5/2023 14:30,118.86
5/5/2023 14:45,119.07
5/5/2023 15:00,119.14
5/5/2023 15:15,119.14
5/5/2023 15:30,119.33
5/5/2023 15:45,119.6
5/5/2023 16:00,119.84
5/5/2023 16:15,120.36
5/5/2023 16:30,120.91
5/5/2023 16:45,121.23
5/5/2023 17:00,121.48
5/5/2023 17:15,121.77
5/5/2023 17:30,121.77
5/5/2023 17:45,121.77
5/5/2023 18:00,121.77
5/5/2023 18:15,121.77
5/5/2023 18:30,121.77
5/5/2023 18:45,121.77
5/5/2023 19:00,121.77
5/5/2023 19:15,121.77
5/5/2023 19:30,121.34
5/5/2023 19:45,121
5/5/2023 20:00,120.39
5/5/2023 20:15,119.84
5/5/2023 20:30,119.6
5/5/2023 20:45,119.28
5/5/2023 21:00,118.71
5/5/2023 21:15,118.11
5/5/2023 21:30,117.81
5/5/2023 21:45,117.39
5/5/2023 22:00,117.14
5/5/2023 22:15,117.02
5/5/2023 22:30,116.45
5/5/2023 22:45,116.03
5/5/2023 23:00,115.91
5/5/2023 23:15,115.76
5/5/2023 23:30,115.65
5/5/2023 23:45,115.59
5/6/2023 0:00,115.45
5/6/2023 0:15,115.19
5/6/2023 0:30,115.06
5/6/2023 0:45,115.04
5/6/2023 1:00,115.02
5/6/2023 1:15,114.98
5/6/2023 1:30,114.87
5/6/2023 1:45,114.74
5/6/2023 2:00,114.74
5/6/2023 2:15,114.63
5/6/2023 2:30,114.63
5/6/2023 2:45,114.63
5/6/2023 3:00,114.56
5/6/2023 3:15,114.5
5/6/2023 3:30,114.42
5/6/2023 3:45,114.26
5/6/2023 4:00,114.13
5/6/2023 4:15,114.02
5/6/2023 4:30,113.95
5/6/2023 4:45,113.9
5/6/2023 5:00,113.83
5/6/2023 5:15,113.83
5/6/2023 5:30,113.75
5/6/2023 5:45,113.75
5/6/2023 6:00,113.61
5/6/2023 6:15,113.52
5/6/2023 6:30,113.29
5/6/2023 6:45,113.02
5/6/2023 7:00,112.94
5/6/2023 7:15,112.89
5/6/2023 7:30,112.82
5/6/2023 7:45,112.46
5/6/2023 8:00,112.1
5/6/2023 8:15,111.85
5/6/2023 8:30,111.61
5/6/2023 8:45,111.4
5/6/2023 9:00,111.06
5/6/2023 9:15,110.57
5/6/2023 9:30,110.21
5/6/2023 9:45,110.05
5/6/2023 10:00,109.72
5/6/2023 10:15,109.71
5/6/2023 10:30,109.71
5/6/2023 10:45,109.48
5/6/2023 11:00,109.41
5/6/2023 11:15,109.41
5/6/2023 11:30,109.41
5/6/2023 11:45,109.41
5/6/2023 12:00,109.43
5/6/2023 12:15,109.41
5/6/2023 12:30,109.41
5/6/2023 12:45,109.41
5/6/2023 13:00,109.41
5/6/2023 13:15,109.43
5/6/2023 13:30,109.43
5/6/2023 13:45,109.51
5/6/2023 14:00,109.74
5/6/2023 14:15,109.97
5/6/2023 14:30,110.06
5/6/2023 14:45,110.11
5/6/2023 15:00,110.18
5/6/2023 15:15,110.25
5/6/2023 15:30,110.25
5/6/2023 15:45,110.32
5/6/2023 16:00,110.37
5/6/2023 16:15,110.55
5/6/2023 16:30,110.82
5/6/2023 16:45,111.39
5/6/2023 17:00,111.95
5/6/2023 17:15,111.95
5/6/2023 17:30,111.95
5/6/2023 17:45,112.21
5/6/2023 18:00,112.41
5/6/2023 18:15,112.41
5/6/2023 18:30,112.45
5/6/2023 18:45,112.45
5/6/2023 19:00,112.45
5/6/2023 19:15,112.48
5/6/2023 19:30,112.5
5/6/2023 19:45,112.5
5/6/2023 20:00,112.51
5/6/2023 20:15,112.55
5/6/2023 20:30,112.55
5/6/2023 20:45,112.55
5/6/2023 21:00,112.38
5/6/2023 21:15,112.38
5/6/2023 21:30,112.24
5/6/2023 21:45,112.23
5/6/2023 22:00,112.2
5/6/2023 22:15,112.2
5/6/2023 22:30,112.2
5/6/2023 22:45,112.16
5/6/2023 23:00,112.14
5/6/2023 23:15,111.93
5/6/2023 23:30,111.66
5/6/2023 23:45,111.5
5/7/2023 0:00,110.27
5/7/2023 0:15,109.07
5/7/2023 0:30,108.83
5/7/2023 0:45,108.73
5/7/2023 1:00,108.6
5/7/2023 1:15,108.47
5/7/2023 1:30,108.39
5/7/2023 1:45,108.33
5/7/2023 2:00,108.33
5/7/2023 2:15,108.23
5/7/2023 2:30,108.23
5/7/2023 2:45,108.15
5/7/2023 3:00,108.2
5/7/2023 3:15,107.98
5/7/2023 3:30,107.98
5/7/2023 3:45,107.82
5/7/2023 4:00,107.74
5/7/2023 4:15,107.74
5/7/2023 4:30,107.59
5/7/2023 4:45,107.59
5/7/2023 5:00,107.59
5/7/2023 5:15,107.47
5/7/2023 5:30,107.43
5/7/2023 5:45,107.4
5/7/2023 6:00,107.4
5/7/2023 6:15,107.27
5/7/2023 6:30,107.13
5/7/2023 6:45,107.04
5/7/2023 7:00,106.85
5/7/2023 7:15,106.69
5/7/2023 7:30,106.64
5/7/2023 7:45,106.61
5/7/2023 8:00,106.44
5/7/2023 8:15,106.25
5/7/2023 8:30,106.2
5/7/2023 8:45,106.17
5/7/2023 9:00,106.07
5/7/2023 9:15,105.89
5/7/2023 9:30,105.74
5/7/2023 9:45,105.72
5/7/2023 10:00,105.42
5/7/2023 10:15,105.42
5/7/2023 10:30,105.41
5/7/2023 10:45,105.14
5/7/2023 11:00,105.03
5/7/2023 11:15,104.97
5/7/2023 11:30,104.97
5/7/2023 11:45,104.94
5/7/2023 12:00,104.94
5/7/2023 12:15,104.92
5/7/2023 12:30,104.92
5/7/2023 12:45,104.91
5/7/2023 13:00,104.92
5/7/2023 13:15,104.92
5/7/2023 13:30,104.92
5/7/2023 13:45,104.92
5/7/2023 14:00,104.92
5/7/2023 14:15,104.92
5/7/2023 14:30,104.92
5/7/2023 14:45,105.26
5/7/2023 15:00,105.6
5/7/2023 15:15,105.6
5/7/2023 15:30,105.66
5/7/2023 15:45,105.78
5/7/2023 16:00,105.83
5/7/2023 16:15,106.08
5/7/2023 16:30,106.53
5/7/2023 16:45,106.93
5/7/2023 17:00,107.11
5/7/2023 17:15,107.16
5/7/2023 17:30,107.36
5/7/2023 17:45,107.5
5/7/2023 18:00,107.52
5/7/2023 18:15,107.84
5/7/2023 18:30,108.23
5/7/2023 18:45,108.47
5/7/2023 19:00,108.66
5/7/2023 19:15,108.66
5/7/2023 19:30,108.66
5/7/2023 19:45,108.8
5/7/2023 20:00,108.8
5/7/2023 20:15,108.8
5/7/2023 20:30,108.66
5/7/2023 20:45,108.66
5/7/2023 21:00,108.8
5/7/2023 21:15,108.96
5/7/2023 21:30,108.96
5/7/2023 21:45,108.8
5/7/2023 22:00,108.66
5/7/2023 22:15,108.6
5/7/2023 22:30,108.45
5/7/2023 22:45,108.45
5/7/2023 23:00,108.45
5/7/2023 23:15,108.08
5/7/2023 23:30,108.08
5/7/2023 23:45,107.84
5/8/2023 0:00,107.8
5/8/2023 0:15,107.84
5/8/2023 0:30,108.08
5/8/2023 0:45,108.05
5/8/2023 1:00,108.16
5/8/2023 1:15,108.16
5/8/2023 1:30,108.27
5/8/2023 1:45,108.27
5/8/2023 2:00,108.16
5/8/2023 2:15,108.16
5/8/2023 2:30,107.98
5/8/2023 2:45,107.87
5/8/2023 3:00,107.87
5/8/2023 3:15,107.98
5/8/2023 3:30,107.98
5/8/2023 3:45,107.83
5/8/2023 4:00,107.83
5/8/2023 4:15,107.98
5/8/2023 4:30,107.98
5/8/2023 4:45,108.16
5/8/2023 5:00,108.29
5/8/2023 5:15,108.16
5/8/2023 5:30,107.98
5/8/2023 5:45,107.77
5/8/2023 6:00,107.67
5/8/2023 6:15,107.66
5/8/2023 6:30,107.65
5/8/2023 6:45,107.65
5/8/2023 7:00,107.49
5/8/2023 7:15,107.33
5/8/2023 7:30,107.16
5/8/2023 7:45,106.82
5/8/2023 8:00,106.61
5/8/2023 8:15,106.53
5/8/2023 8:30,106.36
5/8/2023 8:45,106.23
5/8/2023 9:00,106.19
5/8/2023 9:15,106.02
5/8/2023 9:30,105.72
5/8/2023 9:45,105.54
5/8/2023 10:00,105.35
5/8/2023 10:15,104.97
5/8/2023 10:30,104.73
5/8/2023 10:45,104.62
5/8/2023 11:00,104.51
5/8/2023 11:15,104.45
5/8/2023 11:30,104.28
5/8/2023 11:45,104.09
5/8/2023 12:00,103.83
5/8/2023 12:15,103.78
5/8/2023 12:30,103.78
5/8/2023 12:45,103.97
5/8/2023 13:00,103.97
5/8/2023 13:15,103.97
5/8/2023 13:30,103.97
5/8/2023 13:45,103.97
5/8/2023 14:00,103.97
5/8/2023 14:15,103.97
5/8/2023 14:30,104.09
5/8/2023 14:45,104.2
5/8/2023 15:00,104.35
5/8/2023 15:15,104.74
5/8/2023 15:30,105.04
5/8/2023 15:45,105.08
5/8/2023 16:00,105.17
5/8/2023 16:15,105.27
5/8/2023 16:30,105.4
5/8/2023 16:45,105.79
5/8/2023 17:00,106.18
5/8/2023 17:15,106.18
5/8/2023 17:30,106.3
5/8/2023 17:45,106.33
5/8/2023 18:00,106.38
5/8/2023 18:15,106.39
5/8/2023 18:30,106.65
5/8/2023 18:45,106.65
5/8/2023 19:00,107.07
5/8/2023 19:15,107.07
5/8/2023 19:30,107.07
5/8/2023 19:45,107.07
5/8/2023 20:00,107.07
5/8/2023 20:15,107.07
5/8/2023 20:30,106.79
5/8/2023 20:45,106.69
5/8/2023 21:00,106.69
5/8/2023 21:15,107.07
5/8/2023 21:30,107.07
5/8/2023 21:45,107.07
5/8/2023 22:00,106.69
5/8/2023 22:15,106.69
5/8/2023 22:30,106.62
5/8/2023 22:45,106.53
5/8/2023 23:00,106.53
5/8/2023 23:15,106.5
5/8/2023 23:30,106.5
5/8/2023 23:45,106.5
5/9/2023 0:00,106.5
5/9/2023 0:15,106.5
5/9/2023 0:30,106.5
5/9/2023 0:45,106.5
5/9/2023 1:00,106.57
5/9/2023 1:15,106.57
5/9/2023 1:30,106.59
5/9/2023 1:45,106.57
5/9/2023 2:00,106.57
5/9/2023 2:15,106.57
5/9/2023 2:30,106.57
5/9/2023 2:45,106.6
5/9/2023 3:00,106.6
5/9/2023 3:15,106.6
5/9/2023 3:30,106.62
5/9/2023 3:45,106.62
5/9/2023 4:00,106.62
5/9/2023 4:15,106.62
5/9/2023 4:30,106.6
5/9/2023 4:45,106.62
5/9/2023 5:00,106.44
5/9/2023 5:15,106.44
5/9/2023 5:30,106.3
5/9/2023 5:45,105.93
5/9/2023 6:00,105.62
5/9/2023 6:15,105.26
5/9/2023 6:30,105.16
5/9/2023 6:45,105.16
5/9/2023 7:00,105.16
5/9/2023 7:15,105.14
5/9/2023 7:30,104.9
5/9/2023 7:45,104.41
5/9/2023 8:00,104.12
5/9/2023 8:15,104.01
5/9/2023 8:30,103.89
5/9/2023 8:45,103.65
5/9/2023 9:00,103.4
5/9/2023 9:15,103.4
5/9/2023 9:30,103.14
5/9/2023 9:45,102.88
5/9/2023 10:00,102.8
5/9/2023 10:15,102.75
5/9/2023 10:30,102.68
5/9/2023 10:45,102.51
5/9/2023 11:00,102.3
5/9/2023 11:15,102.19
5/9/2023 11:30,102.19
5/9/2023 11:45,102.19
5/9/2023 12:00,102.19
5/9/2023 12:15,102.15
5/9/2023 12:30,102.11
5/9/2023 12:45,102.19
5/9/2023 13:00,102.28
5/9/2023 13:15,102.42
5/9/2023 13:30,102.28
5/9/2023 13:45,102.28
5/9/2023 14:00,102.14
5/9/2023 14:15,102.01
5/9/2023 14:30,102.01
5/9/2023 14:45,102.14
5/9/2023 15:00,102.14
5/9/2023 15:15,102.28
5/9/2023 15:30,102.42
5/9/2023 15:45,102.42
5/9/2023 16:00,102.5
5/9/2023 16:15,102.54
5/9/2023 16:30,102.61
5/9/2023 16:45,102.7
5/9/2023 17:00,102.7
5/9/2023 17:15,102.86
5/9/2023 17:30,103.17
5/9/2023 17:45,103.38
5/9/2023 18:00,103.42
5/9/2023 18:15,103.53
5/9/2023 18:30,103.73
5/9/2023 18:45,103.92
5/9/2023 19:00,104.04
5/9/2023 19:15,104.04
5/9/2023 19:30,104.09
5/9/2023 19:45,104.04
5/9/2023 20:00,104.04
5/9/2023 20:15,104.09
5/9/2023 20:30,104.09
5/9/2023 20:45,104.09
5/9/2023 21:00,104.13
5/9/2023 21:15,104.15
5/9/2023 21:30,104.15
5/9/2023 21:45,104.15
5/9/2023 22:00,104.09
5/9/2023 22:15,104.09
5/9/2023 22:30,104.15
5/9/2023 22:45,104.15
5/9/2023 23:00,104.15
5/9/2023 23:15,104.04
5/9/2023 23:30,103.97
5/9/2023 23:45,103.93
5/10/2023 0:00,103.93
5/10/2023 0:15,103.95
5/10/2023 0:30,103.95
5/10/2023 0:45,104.03
5/10/2023 1:00,104.15
5/10/2023 1:15,104.15
5/10/2023 1:30,104.15
5/10/2023 1:45,104.15
5/10/2023 2:00,104.08
5/10/2023 2:15,104.03
5/10/2023 2:30,104.08
5/10/2023 2:45,104.09
5/10/2023 3:00,104.09
5/10/2023 3:15,104.19
5/10/2023 3:30,104.19
5/10/2023 3:45,104.1
5/10/2023 4:00,104.2
5/10/2023 4:15,104.38
5/10/2023 4:30,104.51
5/10/2023 4:45,104.51
5/10/2023 5:00,104.51
5/10/2023 5:15,104.51
5/10/2023 5:30,104.51
5/10/2023 5:45,104.38
5/10/2023 6:00,104.3
5/10/2023 6:15,104.12
5/10/2023 6:30,104.12
5/10/2023 6:45,104.1
5/10/2023 7:00,104.1
5/10/2023 7:15,104.1
5/10/2023 7:30,104.03
5/10/2023 7:45,103.87
5/10/2023 8:00,103.8
5/10/2023 8:15,103.52
5/10/2023 8:30,103.2
5/10/2023 8:45,103.13
5/10/2023 9:00,102.55
5/10/2023 9:15,101.96
5/10/2023 9:30,101.83
5/10/2023 9:45,101.79
5/10/2023 10:00,101.56
5/10/2023 10:15,101.36
5/10/2023 10:30,101.36
5/10/2023 10:45,101.3
5/10/2023 11:00,101.06
5/10/2023 11:15,100.85
5/10/2023 11:30,100.85
5/10/2023 11:45,100.85
5/10/2023 12:00,100.75
5/10/2023 12:15,100.66
5/10/2023 12:30,100.75
5/10/2023 12:45,100.66
5/10/2023 13:00,100.65
5/10/2023 13:15,100.65
5/10/2023 13:30,100.63
5/10/2023 13:45,100.63
5/10/2023 14:00,100.65
5/10/2023 14:15,100.65
5/10/2023 14:30,100.68
5/10/2023 14:45,100.68
5/10/2023 15:00,100.79
5/10/2023 15:15,101.02
5/10/2023 15:30,101.02
5/10/2023 15:45,101.02
5/10/2023 16:00,101.23
5/10/2023 16:15,101.32
5/10/2023 16:30,101.44
5/10/2023 16:45,101.64
5/10/2023 17:00,101.64
5/10/2023 17:15,101.82
5/10/2023 17:30,101.96
5/10/2023 17:45,102.02
5/10/2023 18:00,102.02
5/10/2023 18:15,102.11
5/10/2023 18:30,102.2
5/10/2023 18:45,102.24
5/10/2023 19:00,102.24
5/10/2023 19:15,102.57
5/10/2023 19:30,102.96
5/10/2023 19:45,103.1
5/10/2023 20:00,103.1
5/10/2023 20:15,103.09
5/10/2023 20:30,103.16
5/10/2023 20:45,103.31
5/10/2023 21:00,103.46
5/10/2023 21:15,103.61
5/10/2023 21:30,103.78
5/10/2023 21:45,103.91
5/10/2023 22:00,104.06
5/10/2023 22:15,104.25
5/10/2023 22:30,104.4
5/10/2023 22:45,104.43
5/10/2023 23:00,104.48
5/10/2023 23:15,104.48
5/10/2023 23:30,104.48
5/10/2023 23:45,104.48
5/11/2023 0:00,104.54
5/11/2023 0:15,104.48
5/11/2023 0:30,104.54
5/11/2023 0:45,104.67
5/11/2023 1:00,104.84
5/11/2023 1:15,104.85
5/11/2023 1:30,104.85
5/11/2023 1:45,104.85
5/11/2023 2:00,104.85
5/11/2023 2:15,104.9
5/11/2023 2:30,104.9
5/11/2023 2:45,104.93
5/11/2023 3:00,104.93
5/11/2023 3:15,104.93
5/11/2023 3:30,104.93
5/11/2023 3:45,104.93
5/11/2023 4:00,104.85
5/11/2023 4:15,104.85
5/11/2023 4:30,104.85
5/11/2023 4:45,104.93
5/11/2023 5:00,104.85
5/11/2023 5:15,104.85
5/11/2023 5:30,104.73
5/11/2023 5:45,104.6
5/11/2023 6:00,104.35
5/11/2023 6:15,104.29
5/11/2023 6:30,104.29
5/11/2023 6:45,104.14
5/11/2023 7:00,103.94
5/11/2023 7:15,103.68
5/11/2023 7:30,103.68
5/11/2023 7:45,103.3
5/11/2023 8:00,102.98
5/11/2023 8:15,102.98
5/11/2023 8:30,102.93
5/11/2023 8:45,102.87
5/11/2023 9:00,102.73
5/11/2023 9:15,102.56
5/11/2023 9:30,102.42
5/11/2023 9:45,102.21
5/11/2023 10:00,102.03
5/11/2023 10:15,101.95
5/11/2023 10:30,101.69
5/11/2023 10:45,101.25
5/11/2023 11:00,100.94
5/11/2023 11:15,100.94
5/11/2023 11:30,100.89
5/11/2023 11:45,100.89
5/11/2023 12:00,100.86
5/11/2023 12:15,100.77
5/11/2023 12:30,100.55
5/11/2023 12:45,100.63
5/11/2023 13:00,100.49
5/11/2023 13:15,100.49
5/11/2023 13:30,100.48
5/11/2023 13:45,100.56
5/11/2023 14:00,100.58
5/11/2023 14:15,100.58
5/11/2023 14:30,100.56
5/11/2023 14:45,100.54
5/11/2023 15:00,100.54
5/11/2023 15:15,100.5
5/11/2023 15:30,100.5
5/11/2023 15:45,100.52
5/11/2023 16:00,100.49
5/11/2023 16:15,100.49
5/11/2023 16:30,100.52
5/11/2023 16:45,100.52
5/11/2023 17:00,100.54
5/11/2023 17:15,100.56
5/11/2023 17:30,100.58
5/11/2023 17:45,100.6
5/11/2023 18:00,100.6
5/11/2023 18:15,100.63
5/11/2023 18:30,100.86
5/11/2023 18:45,100.63
5/11/2023 19:00,100.56
5/11/2023 19:15,100.63
5/11/2023 19:30,100.63
5/11/2023 19:45,100.86
5/11/2023 20:00,101
5/11/2023 20:15,101.46
5/11/2023 20:30,101.54
5/11/2023 20:45,101.61
5/11/2023 21:00,101.66
5/11/2023 21:15,101.74
5/11/2023 21:30,101.74
5/11/2023 21:45,101.81
5/11/2023 22:00,101.81
5/11/2023 22:15,101.81
5/11/2023 22:30,101.76
5/11/2023 22:45,101.77
5/11/2023 23:00,101.83
5/11/2023 23:15,101.77
5/11/2023 23:30,101.77
5/11/2023 23:45,101.77
5/12/2023 0:00,101.77
5/12/2023 0:15,101.77
5/12/2023 0:30,101.77
5/12/2023 0:45,101.75
5/12/2023 1:00,101.72
5/12/2023 1:15,101.72
5/12/2023 1:30,101.72
5/12/2023 1:45,101.72
5/12/2023 2:00,101.72
5/12/2023 2:15,101.72
5/12/2023 2:30,101.72
5/12/2023 2:45,101.72
5/12/2023 3:00,101.75
5/12/2023 3:15,101.91
5/12/2023 3:30,101.95
5/12/2023 3:45,101.99
5/12/2023 4:00,102.04
5/12/2023 4:15,102.25
5/12/2023 4:30,102.4
5/12/2023 4:45,102.5
5/12/2023 5:00,102.5
5/12/2023 5:15,102.5
5/12/2023 5:30,102.5
5/12/2023 5:45,102.5
5/12/2023 6:00,102.52
5/12/2023 6:15,102.5
5/12/2023 6:30,102.5
5/12/2023 6:45,102.4
5/12/2023 7:00,102.25
5/12/2023 7:15,102.17
5/12/2023 7:30,101.96
5/12/2023 7:45,101.6
5/12/2023 8:00,101.17
5/12/2023 8:15,100.92
5/12/2023 8:30,100.75
5/12/2023 8:45,100.6
5/12/2023 9:00,100.54
5/12/2023 9:15,100.49
5/12/2023 9:30,100.35
5/12/2023 9:45,100.11
5/12/2023 10:00,99.94
5/12/2023 10:15,99.85
5/12/2023 10:30,99.85
5/12/2023 10:45,99.81
5/12/2023 11:00,99.64
5/12/2023 11:15,99.4
5/12/2023 11:30,99.3
5/12/2023 11:45,99.14
5/12/2023 12:00,99.01
5/12/2023 12:15,98.98
5/12/2023 12:30,98.91
5/12/2023 12:45,98.81
5/12/2023 13:00,98.81
5/12/2023 13:15,98.91
5/12/2023 13:30,98.91
5/12/2023 13:45,98.81
5/12/2023 14:00,98.81
5/12/2023 14:15,98.69
5/12/2023 14:30,98.81
5/12/2023 14:45,98.81
5/12/2023 15:00,98.97
5/12/2023 15:15,98.97
5/12/2023 15:30,98.94
5/12/2023 15:45,98.69
5/12/2023 16:00,98.8
5/12/2023 16:15,99
5/12/2023 16:30,99
5/12/2023 16:45,99.17
5/12/2023 17:00,99.28
5/12/2023 17:15,99.43
5/12/2023 17:30,99.43
5/12/2023 17:45,99.43
5/12/2023 18:00,99.29
5/12/2023 18:15,99.2
5/12/2023 18:30,99.17
5/12/2023 18:45,99.2
5/12/2023 19:00,99.2
5/12/2023 19:15,99.29
5/12/2023 19:30,99.29
5/12/2023 19:45,99.25
5/12/2023 20:00,99.25
5/12/2023 20:15,99.25
5/12/2023 20:30,99.33
5/12/2023 20:45,99.47
5/12/2023 21:00,99.62
5/12/2023 21:15,99.67
5/12/2023 21:30,99.78
5/12/2023 21:45,99.91
5/12/2023 22:00,99.91
5/12/2023 22:15,99.99
5/12/2023 22:30,99.99
5/12/2023 22:45,100.24
5/12/2023 23:00,100.24
5/12/2023 23:15,100.44
5/12/2023 23:30,100.44
5/12/2023 23:45,100.24
5/13/2023 0:00,100.24
5/13/2023 0:15,100.25
5/13/2023 0:30,100.19
5/13/2023 0:45,100.19
5/13/2023 1:00,100.19
5/13/2023 1:15,100.46
5/13/2023 1:30,100.46
5/13/2023 1:45,100.24
5/13/2023 2:00,100.12
5/13/2023 2:15,100.06
5/13/2023 2:30,99.7
5/13/2023 2:45,99.7
5/13/2023 3:00,99.33
5/13/2023 3:15,99.19
5/13/2023 3:30,99.19
5/13/2023 3:45,99.05
5/13/2023 4:00,99.05
5/13/2023 4:15,98.96
5/13/2023 4:30,98.96
5/13/2023 4:45,99.05
5/13/2023 5:00,99.05
5/13/2023 5:15,98.96
5/13/2023 5:30,98.96
5/13/2023 5:45,98.96
5/13/2023 6:00,99.01
5/13/2023 6:15,99.01
5/13/2023 6:30,99.01
5/13/2023 6:45,99.01
5/13/2023 7:00,98.91
5/13/2023 7:15,98.77
5/13/2023 7:30,98.77
5/13/2023 7:45,98.69
5/13/2023 8:00,98.69
5/13/2023 8:15,98.65
5/13/2023 8:30,98.58
5/13/2023 8:45,98.58
5/13/2023 9:00,98.58
5/13/2023 9:15,98.6
5/13/2023 9:30,98.36
5/13/2023 9:45,98.15
5/13/2023 10:00,98.16
5/13/2023 10:15,98.11
5/13/2023 10:30,98.11
5/13/2023 10:45,98.11
5/13/2023 11:00,98.11
5/13/2023 11:15,98.11
5/13/2023 11:30,98.11
5/13/2023 11:45,98.11
5/13/2023 12:00,98.12
5/13/2023 12:15,98.12
5/13/2023 12:30,98.47
5/13/2023 12:45,99.06
5/13/2023 13:00,99.38
5/13/2023 13:15,99.52
5/13/2023 13:30,99.61
5/13/2023 13:45,99.61
5/13/2023 14:00,99.61
5/13/2023 14:15,99.61
5/13/2023 14:30,99.61
5/13/2023 14:45,99.61
5/13/2023 15:00,99.61
5/13/2023 15:15,99.61
5/13/2023 15:30,99.61
5/13/2023 15:45,99.61
5/13/2023 16:00,99.64
5/13/2023 16:15,99.61
5/13/2023 16:30,99.64
5/13/2023 16:45,99.64
5/13/2023 17:00,99.61
5/13/2023 17:15,99.64
5/13/2023 17:30,99.85
5/13/2023 17:45,100.08
5/13/2023 18:00,99.9
5/13/2023 18:15,99.63
5/13/2023 18:30,99.63
5/13/2023 18:45,99.9
5/13/2023 19:00,100.08
5/13/2023 19:15,100
5/13/2023 19:30,100.08
5/13/2023 19:45,100.15
5/13/2023 20:00,100.23
5/13/2023 20:15,100.41
5/13/2023 20:30,100.61
5/13/2023 20:45,100.74
5/13/2023 21:00,100.83
5/13/2023 21:15,100.87
5/13/2023 21:30,100.87
5/13/2023 21:45,101.05
5/13/2023 22:00,101.46
5/13/2023 22:15,101.72
5/13/2023 22:30,101.72
5/13/2023 22:45,101.85
5/13/2023 23:00,101.99
5/13/2023 23:15,102.05
5/13/2023 23:30,102.05
5/13/2023 23:45,102.14
5/14/2023 0:00,102.17
5/14/2023 0:15,102.19
5/14/2023 0:30,102.21
5/14/2023 0:45,102.21
5/14/2023 1:00,102.25
5/14/2023 1:15,102.25
5/14/2023 1:30,102.25
5/14/2023 1:45,102.25
5/14/2023 2:00,102.32
5/14/2023 2:15,102.25
5/14/2023 2:30,102.21
5/14/2023 2:45,102.21
5/14/2023 3:00,102.05
5/14/2023 3:15,102.05
5/14/2023 3:30,102.21
5/14/2023 3:45,102.05
5/14/2023 4:00,101.89
5/14/2023 4:15,101.8
5/14/2023 4:30,101.89
5/14/2023 4:45,101.89
5/14/2023 5:00,101.8
5/14/2023 5:15,101.8
5/14/2023 5:30,101.7
5/14/2023 5:45,101.7
5/14/2023 6:00,101.59
5/14/2023 6:15,101.48
5/14/2023 6:30,101.41
5/14/2023 6:45,101
5/14/2023 7:00,100.5
5/14/2023 7:15,100.21
5/14/2023 7:30,100.16
5/14/2023 7:45,100
5/14/2023 8:00,100
5/14/2023 8:15,99.79
5/14/2023 8:30,99.79
5/14/2023 8:45,99.79
5/14/2023 9:00,99.79
5/14/2023 9:15,99.63
5/14/2023 9:30,99.47
5/14/2023 9:45,99.3
5/14/2023 10:00,99.14
5/14/2023 10:15,98.91
5/14/2023 10:30,98.75
5/14/2023 10:45,98.69
5/14/2023 11:00,98.66
5/14/2023 11:15,98.66
5/14/2023 11:30,98.59
5/14/2023 11:45,98.55
5/14/2023 12:00,98.55
5/14/2023 12:15,98.55
5/14/2023 12:30,98.55
5/14/2023 12:45,98.55
5/14/2023 13:00,98.55
5/14/2023 13:15,98.55
5/14/2023 13:30,98.55
5/14/2023 13:45,98.55
5/14/2023 14:00,98.55
5/14/2023 14:15,98.59
5/14/2023 14:30,98.72
5/14/2023 14:45,99
5/14/2023 15:00,99.46
5/14/2023 15:15,99.76
5/14/2023 15:30,99.93
5/14/2023 15:45,99.93
5/14/2023 16:00,100.07
5/14/2023 16:15,100.27
5/14/2023 16:30,100.27
5/14/2023 16:45,100.46
5/14/2023 17:00,100.53
5/14/2023 17:15,100.75
5/14/2023 17:30,100.9
5/14/2023 17:45,100.98
5/14/2023 18:00,100.98
5/14/2023 18:15,100.99
5/14/2023 18:30,101.1
5/14/2023 18:45,101.1
5/14/2023 19:00,101.1
5/14/2023 19:15,101.14
5/14/2023 19:30,101.14
5/14/2023 19:45,101.11
5/14/2023 20:00,101.11
5/14/2023 20:15,101.11
5/14/2023 20:30,101.1
5/14/2023 20:45,101.1
5/14/2023 21:00,101.01
5/14/2023 21:15,101
5/14/2023 21:30,101
5/14/2023 21:45,100.69
5/14/2023 22:00,100.42
5/14/2023 22:15,100.42
5/14/2023 22:30,100.18
5/14/2023 22:45,100.18
5/14/2023 23:00,100.42
5/14/2023 23:15,100.42
5/14/2023 23:30,100.41
5/14/2023 23:45,100.41
5/15/2023 0:00,100.41
5/15/2023 0:15,100.41
5/15/2023 0:30,100.47
5/15/2023 0:45,100.47
5/15/2023 1:00,100.47
5/15/2023 1:15,100.54
5/15/2023 1:30,100.71
5/15/2023 1:45,100.75
5/15/2023 2:00,100.83
5/15/2023 2:15,100.85
5/15/2023 2:30,100.87
5/15/2023 2:45,100.91
5/15/2023 3:00,101
5/15/2023 3:15,101.02
5/15/2023 3:30,101.02
5/15/2023 3:45,101.02
5/15/2023 4:00,101.16
5/15/2023 4:15,101.25
5/15/2023 4:30,101.35
5/15/2023 4:45,101.35
5/15/2023 5:00,101.35
5/15/2023 5:15,101.35
5/15/2023 5:30,101.36
5/15/2023 5:45,101.36
5/15/2023 6:00,101.27
5/15/2023 6:15,101.27
5/15/2023 6:30,101.25
5/15/2023 6:45,101.25
5/15/2023 7:00,101.1
5/15/2023 7:15,100.91
5/15/2023 7:30,100.59
5/15/2023 7:45,100.11
5/15/2023 8:00,99.8
5/15/2023 8:15,99.68
5/15/2023 8:30,99.8
5/15/2023 8:45,99.68
5/15/2023 9:00,99.56
5/15/2023 9:15,99.56
5/15/2023 9:30,99.56
5/15/2023 9:45,99.56
5/15/2023 10:00,99.58
5/15/2023 10:15,99.8
5/15/2023 10:30,99.8
5/15/2023 10:45,100.11
5/15/2023 11:00,100.37
5/15/2023 11:15,100.47
5/15/2023 11:30,100.69
5/15/2023 11:45,100.93
5/15/2023 12:00,101.56
5/15/2023 12:15,101.57
5/15/2023 12:30,101.57
5/15/2023 12:45,101.57
5/15/2023 13:00,101.57
5/15/2023 13:15,101.57
5/15/2023 13:30,101.57
5/15/2023 13:45,101.57
5/15/2023 14:00,101.57
5/15/2023 14:15,101.57
5/15/2023 14:30,101.27
5/15/2023 14:45,100.95
5/15/2023 15:00,100.68
5/15/2023 15:15,100.68
5/15/2023 15:30,100.6
5/15/2023 15:45,100.44
5/15/2023 16:00,100.33
5/15/2023 16:15,100.28
5/15/2023 16:30,100.28
5/15/2023 16:45,100.28
5/15/2023 17:00,100.13
5/15/2023 17:15,100.13
5/15/2023 17:30,100.28
5/15/2023 17:45,100.28
5/15/2023 18:00,100.28
5/15/2023 18:15,100.3
5/15/2023 18:30,100.28
5/15/2023 18:45,100.28
5/15/2023 19:00,100.28
5/15/2023 19:15,100.28
5/15/2023 19:30,100.28
5/15/2023 19:45,100.28
5/15/2023 20:00,100.18
5/15/2023 20:15,100.28
5/15/2023 20:30,100.28
5/15/2023 20:45,100.28
5/15/2023 21:00,100.31
5/15/2023 21:15,100.37
5/15/2023 21:30,100.37
5/15/2023 21:45,100.31
5/15/2023 22:00,100.31
5/15/2023 22:15,100.29
5/15/2023 22:30,100.29
5/15/2023 22:45,100.18
5/15/2023 23:00,100.18
5/15/2023 23:15,100.18
5/15/2023 23:30,100.18
5/15/2023 23:45,100
5/16/2023 0:00,100
5/16/2023 0:15,100
5/16/2023 0:30,100
5/16/2023 0:45,99.64
5/16/2023 1:00,99.64
5/16/2023 1:15,99.64
5/16/2023 1:30,99.71
5/16/2023 1:45,99.44
5/16/2023 2:00,99.31
5/16/2023 2:15,99.24
5/16/2023 2:30,99.24
5/16/2023 2:45,99.31
5/16/2023 3:00,99.31
5/16/2023 3:15,99.41
5/16/2023 3:30,99.41
5/16/2023 3:45,99.31
5/16/2023 4:00,99.31
5/16/2023 4:15,99.31
5/16/2023 4:30,99.21
5/16/2023 4:45,99.36
5/16/2023 5:00,99.46
5/16/2023 5:15,99.46
5/16/2023 5:30,99.46
5/16/2023 5:45,99.46
5/16/2023 6:00,99.46
5/16/2023 6:15,99.24
5/16/2023 6:30,99.01
5/16/2023 6:45,99.01
5/16/2023 7:00,99.01
5/16/2023 7:15,99.01
5/16/2023 7:30,98.75
5/16/2023 7:45,98.31
5/16/2023 8:00,97.98
5/16/2023 8:15,97.8
5/16/2023 8:30,97.8
5/16/2023 8:45,97.48
5/16/2023 9:00,97.48
5/16/2023 9:15,97.12
5/16/2023 9:30,97.02
5/16/2023 9:45,96.92
5/16/2023 10:00,96.69
5/16/2023 10:15,96.92
5/16/2023 10:30,96.69
5/16/2023 10:45,96.43
5/16/2023 11:00,96.24
5/16/2023 11:15,96.24
5/16/2023 11:30,96.24
5/16/2023 11:45,96.16
5/16/2023 12:00,96.19
5/16/2023 12:15,96.27
5/16/2023 12:30,96.27
5/16/2023 12:45,96.27
5/16/2023 13:00,96.31
5/16/2023 13:15,96.31
5/16/2023 13:30,96.31
5/16/2023 13:45,96.39
5/16/2023 14:00,96.39
5/16/2023 14:15,96.51
5/16/2023 14:30,96.61
5/16/2023 14:45,96.76
5/16/2023 15:00,96.76
5/16/2023 15:15,96.76
5/16/2023 15:30,97.02
5/16/2023 15:45,97.02
5/16/2023 16:00,97.17
5/16/2023 16:15,97.25
5/16/2023 16:30,97.4
5/16/2023 16:45,97.4
5/16/2023 17:00,97.54
5/16/2023 17:15,97.54
5/16/2023 17:30,97.4
5/16/2023 17:45,97.3
5/16/2023 18:00,97.3
5/16/2023 18:15,97.4
5/16/2023 18:30,97.4
5/16/2023 18:45,97.48
5/16/2023 19:00,97.54
5/16/2023 19:15,97.54
5/16/2023 19:30,97.48
5/16/2023 19:45,97.54
5/16/2023 20:00,97.54
5/16/2023 20:15,97.49
5/16/2023 20:30,97.49
5/16/2023 20:45,97.49
5/16/2023 21:00,97.49
5/16/2023 21:15,97.49
5/16/2023 21:30,97.55
5/16/2023 21:45,97.55
5/16/2023 22:00,97.55
5/16/2023 22:15,97.68
5/16/2023 22:30,98.03
5/16/2023 22:45,98.15
5/16/2023 23:00,98.15
5/16/2023 23:15,97.89
5/16/2023 23:30,98.15
5/16/2023 23:45,98.31
5/17/2023 0:00,98.15
5/17/2023 0:15,98.15
5/17/2023 0:30,98.31
5/17/2023 0:45,98.31
5/17/2023 1:00,98.31
5/17/2023 1:15,98.35
5/17/2023 1:30,98.64
5/17/2023 1:45,98.98
5/17/2023 2:00,98.64
5/17/2023 2:15,98.35
5/17/2023 2:30,98.35
5/17/2023 2:45,98.64
5/17/2023 3:00,98.35
5/17/2023 3:15,98.35
5/17/2023 3:30,98.61
5/17/2023 3:45,98.98
5/17/2023 4:00,98.98
5/17/2023 4:15,98.98
5/17/2023 4:30,99.05
5/17/2023 4:45,98.97
5/17/2023 5:00,98.97
5/17/2023 5:15,98.93
5/17/2023 5:30,98.52
5/17/2023 5:45,98.52
5/17/2023 6:00,98.52
5/17/2023 6:15,98.01
5/17/2023 6:30,97.65
5/17/2023 6:45,97.47
5/17/2023 7:00,97.31
5/17/2023 7:15,97.31
5/17/2023 7:30,97.01
5/17/2023 7:45,96.86
5/17/2023 8:00,96.79
5/17/2023 8:15,96.66
5/17/2023 8:30,96.59
5/17/2023 8:45,96.49
5/17/2023 9:00,96.36
5/17/2023 9:15,96.36
5/17/2023 9:30,96.26
5/17/2023 9:45,96.12
5/17/2023 10:00,95.97
5/17/2023 10:15,95.97
5/17/2023 10:30,95.8
5/17/2023 10:45,95.87
5/17/2023 11:00,95.87
5/17/2023 11:15,95.87
5/17/2023 11:30,95.87
5/17/2023 11:45,95.92
5/17/2023 12:00,95.92
5/17/2023 12:15,95.59
5/17/2023 12:30,95.59
5/17/2023 12:45,95.67
5/17/2023 13:00,95.84
5/17/2023 13:15,95.84
5/17/2023 13:30,95.84
5/17/2023 13:45,96.07
5/17/2023 14:00,96.07
5/17/2023 14:15,96.07
5/17/2023 14:30,96.07
5/17/2023 14:45,96.07
5/17/2023 15:00,96.09
5/17/2023 15:15,96.01
5/17/2023 15:30,96.01
5/17/2023 15:45,95.96
5/17/2023 16:00,95.82
5/17/2023 16:15,95.7
5/17/2023 16:30,95.7
5/17/2023 16:45,95.69
5/17/2023 17:00,95.66
5/17/2023 17:15,95.66
5/17/2023 17:30,95.61
5/17/2023 17:45,95.55
5/17/2023 18:00,95.5
5/17/2023 18:15,95.5
5/17/2023 18:30,95.55
5/17/2023 18:45,95.55
5/17/2023 19:00,95.55
5/17/2023 19:15,95.55
5/17/2023 19:30,95.55
5/17/2023 19:45,95.55
5/17/2023 20:00,95.55
5/17/2023 20:15,95.53
5/17/2023 20:30,95.57
5/17/2023 20:45,95.57
5/17/2023 21:00,95.57
5/17/2023 21:15,95.61
5/17/2023 21:30,95.61
5/17/2023 21:45,95.6
5/17/2023 22:00,95.71
5/17/2023 22:15,95.71
5/17/2023 22:30,96.22
5/17/2023 22:45,96.47
5/17/2023 23:00,96.47
5/17/2023 23:15,96.03
5/17/2023 23:30,95.99
5/17/2023 23:45,95.86
5/18/2023 0:00,95.81
5/18/2023 0:15,95.81
5/18/2023 0:30,95.89
5/18/2023 0:45,96.03
5/18/2023 1:00,96.03
5/18/2023 1:15,96.03
5/18/2023 1:30,96.03
5/18/2023 1:45,96.03
5/18/2023 2:00,96.03
5/18/2023 2:15,96.03
5/18/2023 2:30,96.03
5/18/2023 2:45,96.03
5/18/2023 3:00,95.91
5/18/2023 3:15,95.91
5/18/2023 3:30,95.91
5/18/2023 3:45,95.87
5/18/2023 4:00,95.87
5/18/2023 4:15,95.87
5/18/2023 4:30,95.83
5/18/2023 4:45,95.83
5/18/2023 5:00,95.77
5/18/2023 5:15,95.77
5/18/2023 5:30,95.7
5/18/2023 5:45,95.55
5/18/2023 6:00,95.4
5/18/2023 6:15,95.29
5/18/2023 6:30,95.29
5/18/2023 6:45,95.29
5/18/2023 7:00,95.13
5/18/2023 7:15,95.13
5/18/2023 7:30,95.13
5/18/2023 7:45,95.09
5/18/2023 8:00,95.05
5/18/2023 8:15,95.06
5/18/2023 8:30,94.99
5/18/2023 8:45,94.99
5/18/2023 9:00,94.99
5/18/2023 9:15,94.99
5/18/2023 9:30,94.95
5/18/2023 9:45,94.89
5/18/2023 10:00,94.89
5/18/2023 10:15,94.82
5/18/2023 10:30,94.89
5/18/2023 10:45,94.89
5/18/2023 11:00,94.9
5/18/2023 11:15,94.9
5/18/2023 11:30,94.9
5/18/2023 11:45,94.9
5/18/2023 12:00,94.95
5/18/2023 12:15,94.9
5/18/2023 12:30,94.9
5/18/2023 12:45,94.9
5/18/2023 13:00,94.9
5/18/2023 13:15,94.8
5/18/2023 13:30,94.8
5/18/2023 13:45,94.63
5/18/2023 14:00,94.61
5/18/2023 14:15,94.47
5/18/2023 14:30,94.61
5/18/2023 14:45,94.78
5/18/2023 15:00,94.78
5/18/2023 15:15,94.85
5/18/2023 15:30,94.85
5/18/2023 15:45,94.78
5/18/2023 16:00,94.61
5/18/2023 16:15,94.75
5/18/2023 16:30,94.63
5/18/2023 16:45,94.63
5/18/2023 17:00,94.47
5/18/2023 17:15,94.63
5/18/2023 17:30,94.4
5/18/2023 17:45,94.31
5/18/2023 18:00,94.4
5/18/2023 18:15,94.31
5/18/2023 18:30,94.55
5/18/2023 18:45,94.55
5/18/2023 19:00,94.8
5/18/2023 19:15,95.01
5/18/2023 19:30,94.98
5/18/2023 19:45,94.98
5/18/2023 20:00,94.98
5/18/2023 20:15,94.98
5/18/2023 20:30,94.98
5/18/2023 20:45,95.26
5/18/2023 21:00,95.43
5/18/2023 21:15,95.49
5/18/2023 21:30,95.56
5/18/2023 21:45,95.55
5/18/2023 22:00,95.55
5/18/2023 22:15,95.52
5/18/2023 22:30,95.52
5/18/2023 22:45,95.58
5/18/2023 23:00,95.52
5/18/2023 23:15,95.7
5/18/2023 23:30,95.7
5/18/2023 23:45,95.7
5/19/2023 0:00,95.7
5/19/2023 0:15,95.83
5/19/2023 0:30,95.83
5/19/2023 0:45,95.7
5/19/2023 1:00,95.52
5/19/2023 1:15,95.42
5/19/2023 1:30,95.33
5/19/2023 1:45,95.26
5/19/2023 2:00,95.26
5/19/2023 2:15,95.26
5/19/2023 2:30,95.22
5/19/2023 2:45,95.18
5/19/2023 3:00,95.18
5/19/2023 3:15,95.18
5/19/2023 3:30,95.13
5/19/2023 3:45,95.05
5/19/2023 4:00,95.05
5/19/2023 4:15,95
5/19/2023 4:30,95
5/19/2023 4:45,94.93
5/19/2023 5:00,94.84
5/19/2023 5:15,94.8
5/19/2023 5:30,94.69
5/19/2023 5:45,94.69
5/19/2023 6:00,94.69
5/19/2023 6:15,94.52
5/19/2023 6:30,94.52
5/19/2023 6:45,94.52
5/19/2023 7:00,94.43
5/19/2023 7:15,94.34
5/19/2023 7:30,94.34
5/19/2023 7:45,94.18
5/19/2023 8:00,94.18
5/19/2023 8:15,94.18
5/19/2023 8:30,94.18
5/19/2023 8:45,94.22
5/19/2023 9:00,94.4
5/19/2023 9:15,94.44
5/19/2023 9:30,94.44
5/19/2023 9:45,94.44
5/19/2023 10:00,94.5
5/19/2023 10:15,94.5
5/19/2023 10:30,95.1
5/19/2023 10:45,96.01
5/19/2023 11:00,96.08
5/19/2023 11:15,96.41
5/19/2023 11:30,96.41
5/19/2023 11:45,96.41
5/19/2023 12:00,96.41
5/19/2023 12:15,96.41
5/19/2023 12:30,96.41
5/19/2023 12:45,96.41
5/19/2023 13:00,96.41
5/19/2023 13:15,96.42
5/19/2023 13:30,96.25
5/19/2023 13:45,96.1
5/19/2023 14:00,95.95
5/19/2023 14:15,95.85
5/19/2023 14:30,95.7
5/19/2023 14:45,95.54
5/19/2023 15:00,95.42
5/19/2023 15:15,95.39
5/19/2023 15:30,95.31
5/19/2023 15:45,94.94
5/19/2023 16:00,94.63
5/19/2023 16:15,94.59
5/19/2023 16:30,94.59
5/19/2023 16:45,94.59
5/19/2023 17:00,94.45
5/19/2023 17:15,94.29
5/19/2023 17:30,94.29
5/19/2023 17:45,94.23
5/19/2023 18:00,94.23
5/19/2023 18:15,94.23
5/19/2023 18:30,94.23
5/19/2023 18:45,94.19
5/19/2023 19:00,94.13
5/19/2023 19:15,94.09
5/19/2023 19:30,94.08
5/19/2023 19:45,94.02
5/19/2023 20:00,94.08
5/19/2023 20:15,94.08
5/19/2023 20:30,94.08
5/19/2023 20:45,94.02
5/19/2023 21:00,94.08
5/19/2023 21:15,94.02
5/19/2023 21:30,93.99
5/19/2023 21:45,93.99
5/19/2023 22:00,93.99
5/19/2023 22:15,93.95
5/19/2023 22:30,93.95
5/19/2023 22:45,93.95
5/19/2023 23:00,93.88
5/19/2023 23:15,93.82
5/19/2023 23:30,93.82
5/19/2023 23:45,93.82
5/20/2023 0:00,93.82
5/20/2023 0:15,93.91
5/20/2023 0:30,93.98
5/20/2023 0:45,93.98
5/20/2023 1:00,93.94
5/20/2023 1:15,93.94
5/20/2023 1:30,93.94
5/20/2023 1:45,93.94
5/20/2023 2:00,93.94
5/20/2023 2:15,93.94
5/20/2023 2:30,93.94
5/20/2023 2:45,93.91
5/20/2023 3:00,93.94
5/20/2023 3:15,93.94
5/20/2023 3:30,93.94
5/20/2023 3:45,93.94
5/20/2023 4:00,93.95
5/20/2023 4:15,93.95
5/20/2023 4:30,93.94
5/20/2023 4:45,93.91
5/20/2023 5:00,93.91
5/20/2023 5:15,93.83
5/20/2023 5:30,93.76
5/20/2023 5:45,93.76
5/20/2023 6:00,93.76
5/20/2023 6:15,93.76
5/20/2023 6:30,93.73
5/20/2023 6:45,93.76
5/20/2023 7:00,93.76
5/20/2023 7:15,93.76
5/20/2023 7:30,93.76
5/20/2023 7:45,93.74
5/20/2023 8:00,93.68
5/20/2023 8:15,93.68
5/20/2023 8:30,93.65
5/20/2023 8:45,93.61
5/20/2023 9:00,93.56
5/20/2023 9:15,93.53
5/20/2023 9:30,93.44
5/20/2023 9:45,93.35
5/20/2023 10:00,93.12
5/20/2023 10:15,93.03
5/20/2023 10:30,93.03
5/20/2023 10:45,92.82
5/20/2023 11:00,92.82
5/20/2023 11:15,92.7
5/20/2023 11:30,92.48
5/20/2023 11:45,92.47
5/20/2023 12:00,92.42
5/20/2023 12:15,92.42
5/20/2023 12:30,92.37
5/20/2023 12:45,92.37
5/20/2023 13:00,92.16
5/20/2023 13:15,92.16
5/20/2023 13:30,91.93
5/20/2023 13:45,91.87
5/20/2023 14:00,91.87
5/20/2023 14:15,91.91
5/20/2023 14:30,91.81
5/20/2023 14:45,91.72
5/20/2023 15:00,91.53
5/20/2023 15:15,91.18
5/20/2023 15:30,91.18
5/20/2023 15:45,91.03
5/20/2023 16:00,91.03
5/20/2023 16:15,91.03
5/20/2023 16:30,91.03
5/20/2023 16:45,91.03
5/20/2023 17:00,91.43
5/20/2023 17:15,91.43
5/20/2023 17:30,92.04
5/20/2023 17:45,92.04
5/20/2023 18:00,92.33
5/20/2023 18:15,92.33
5/20/2023 18:30,92.42
5/20/2023 18:45,92.52
5/20/2023 19:00,92.52
5/20/2023 19:15,92.59
5/20/2023 19:30,92.79
5/20/2023 19:45,92.8
5/20/2023 20:00,92.8
5/20/2023 20:15,93.12
5/20/2023 20:30,93.12
5/20/2023 20:45,93.39
5/20/2023 21:00,93.39
5/20/2023 21:15,93.32
5/20/2023 21:30,93.32
5/20/2023 21:45,93.32
5/20/2023 22:00,93.32
5/20/2023 22:15,93.28
5/20/2023 22:30,93.1
5/20/2023 22:45,92.89
5/20/2023 23:00,92.76
5/20/2023 23:15,92.89
5/20/2023 23:30,92.99
5/20/2023 23:45,93.15
5/21/2023 0:00,93.28
5/21/2023 0:15,93.28
5/21/2023 0:30,93.28
5/21/2023 0:45,93.3
5/21/2023 1:00,93.32
5/21/2023 1:15,93.32
5/21/2023 1:30,93.32
5/21/2023 1:45,93.28
5/21/2023 2:00,93.25
5/21/2023 2:15,93.15
5/21/2023 2:30,93.07
5/21/2023 2:45,92.91
5/21/2023 3:00,92.78
5/21/2023 3:15,92.78
5/21/2023 3:30,92.78
5/21/2023 3:45,92.78
5/21/2023 4:00,92.78
5/21/2023 4:15,92.72
5/21/2023 4:30,92.7
5/21/2023 4:45,92.7
5/21/2023 5:00,92.66
5/21/2023 5:15,92.6
5/21/2023 5:30,92.47
5/21/2023 5:45,92.38
5/21/2023 6:00,92.31
5/21/2023 6:15,92.27
5/21/2023 6:30,92.25
5/21/2023 6:45,92.25
5/21/2023 7:00,92.25
5/21/2023 7:15,92.23
5/21/2023 7:30,92.21
5/21/2023 7:45,92.17
5/21/2023 8:00,92
5/21/2023 8:15,91.9
5/21/2023 8:30,91.84
5/21/2023 8:45,91.8
5/21/2023 9:00,91.8
5/21/2023 9:15,91.8
5/21/2023 9:30,91.75
5/21/2023 9:45,91.75
5/21/2023 10:00,91.69
5/21/2023 10:15,91.6
5/21/2023 10:30,91.43
5/21/2023 10:45,91.43
5/21/2023 11:00,91.32
5/21/2023 11:15,91.32
5/21/2023 11:30,91.32
5/21/2023 11:45,91.32
5/21/2023 12:00,91.29
5/21/2023 12:15,91.19
5/21/2023 12:30,91.09
5/21/2023 12:45,91.08
5/21/2023 13:00,91
5/21/2023 13:15,91
5/21/2023 13:30,91.08
5/21/2023 13:45,91.08
5/21/2023 14:00,91.08
5/21/2023 14:15,91.09
5/21/2023 14:30,91.2
5/21/2023 14:45,91.2
5/21/2023 15:00,91.32
5/21/2023 15:15,91.33
5/21/2023 15:30,91.36
5/21/2023 15:45,91.76
5/21/2023 16:00,92.25
5/21/2023 16:15,92.36
5/21/2023 16:30,92.45
5/21/2023 16:45,92.53
5/21/2023 17:00,92.63
5/21/2023 17:15,93.06
5/21/2023 17:30,94.62
5/21/2023 17:45,96.59
5/21/2023 18:00,97.75
5/21/2023 18:15,98.62
5/21/2023 18:30,100.08
5/21/2023 18:45,101.01
5/21/2023 19:00,101.01
5/21/2023 19:15,101.01
5/21/2023 19:30,101.01
5/21/2023 19:45,101.01
5/21/2023 20:00,101.01
5/21/2023 20:15,101.01
5/21/2023 20:30,101.01
5/21/2023 20:45,101.01
5/21/2023 21:00,100.1
5/21/2023 21:15,99.08
5/21/2023 21:30,98.75
5/21/2023 21:45,98.37
5/21/2023 22:00,98.09
5/21/2023 22:15,97.98
5/21/2023 22:30,97.8
5/21/2023 22:45,97.66
5/21/2023 23:00,97.54
5/21/2023 23:15,97.54
5/21/2023 23:30,97.54
5/21/2023 23:45,97.42
5/22/2023 0:00,97.25
5/22/2023 0:15,97.05
5/22/2023 0:30,96.7
5/22/2023 0:45,96.36
5/22/2023 1:00,96.22
5/22/2023 1:15,96.14
5/22/2023 1:30,96.08
5/22/2023 1:45,96
5/22/2023 2:00,96
5/22/2023 2:15,96
5/22/2023 2:30,95.83
5/22/2023 2:45,95.61
5/22/2023 3:00,95.61
5/22/2023 3:15,95.61
5/22/2023 3:30,95.52
5/22/2023 3:45,95.52
5/22/2023 4:00,95.52
5/22/2023 4:15,95.47
5/22/2023 4:30,95.31
5/22/2023 4:45,95.06
5/22/2023 5:00,94.71
5/22/2023 5:15,94.48
5/22/2023 5:30,94.43
5/22/2023 5:45,94.31
5/22/2023 6:00,94.31
5/22/2023 6:15,94.15
5/22/2023 6:30,94.07
5/22/2023 6:45,93.97
5/22/2023 7:00,93.81
5/22/2023 7:15,93.72
5/22/2023 7:30,93.63
5/22/2023 7:45,93.5
5/22/2023 8:00,93.41
5/22/2023 8:15,93.34
5/22/2023 8:30,93.27
5/22/2023 8:45,93.25
5/22/2023 9:00,93.15
5/22/2023 9:15,92.94
5/22/2023 9:30,92.78
5/22/2023 9:45,92.64
5/22/2023 10:00,92.64
5/22/2023 10:15,92.51
5/22/2023 10:30,92.45
5/22/2023 10:45,92.39
5/22/2023 11:00,92.29
5/22/2023 11:15,92.22
5/22/2023 11:30,91.93
5/22/2023 11:45,91.45
5/22/2023 12:00,91.21
5/22/2023 12:15,91.14
5/22/2023 12:30,90.9
5/22/2023 12:45,90.69
5/22/2023 13:00,90.69
5/22/2023 13:15,90.57
5/22/2023 13:30,90.57
5/22/2023 13:45,90.51
5/22/2023 14:00,90.44
5/22/2023 14:15,90.28
5/22/2023 14:30,90.14
5/22/2023 14:45,90.04
5/22/2023 15:00,89.95
5/22/2023 15:15,89.95
5/22/2023 15:30,89.95
5/22/2023 15:45,89.71
5/22/2023 16:00,89.47
5/22/2023 16:15,89.71
5/22/2023 16:30,89.71
5/22/2023 16:45,89.47
5/22/2023 17:00,89.47
5/22/2023 17:15,89.47
5/22/2023 17:30,89.71
5/22/2023 17:45,89.71
5/22/2023 18:00,89.71
5/22/2023 18:15,90.13
5/22/2023 18:30,90.13
5/22/2023 18:45,90.36
5/22/2023 19:00,90.6
5/22/2023 19:15,90.86
5/22/2023 19:30,91.17
5/22/2023 19:45,91.58
5/22/2023 20:00,91.77
5/22/2023 20:15,91.84
5/22/2023 20:30,91.86
5/22/2023 20:45,91.91
5/22/2023 21:00,91.98
5/22/2023 21:15,92.03
5/22/2023 21:30,92.25
5/22/2023 21:45,92.25
5/22/2023 22:00,92.25
5/22/2023 22:15,92.54
5/22/2023 22:30,92.54
5/22/2023 22:45,92.54
5/22/2023 23:00,92.64
5/22/2023 23:15,92.64
5/22/2023 23:30,92.64
5/22/2023 23:45,92.64
5/23/2023 0:00,92.64
5/23/2023 0:15,92.64
5/23/2023 0:30,92.65
5/23/2023 0:45,92.67
5/23/2023 1:00,92.65
5/23/2023 1:15,92.67
5/23/2023 1:30,92.67
5/23/2023 1:45,92.67
5/23/2023 2:00,92.61
5/23/2023 2:15,92.51
5/23/2023 2:30,92.44
5/23/2023 2:45,92.51
5/23/2023 3:00,92.44
5/23/2023 3:15,92.44
5/23/2023 3:30,92.44
5/23/2023 3:45,92.51
5/23/2023 4:00,92.51
5/23/2023 4:15,92.57
5/23/2023 4:30,92.62
5/23/2023 4:45,92.66
5/23/2023 5:00,92.66
5/23/2023 5:15,92.66
5/23/2023 5:30,92.62
5/23/2023 5:45,92.57
5/23/2023 6:00,92.57
5/23/2023 6:15,92.44
5/23/2023 6:30,92.24
5/23/2023 6:45,92.01
5/23/2023 7:00,91.85
5/23/2023 7:15,91.82
5/23/2023 7:30,91.67
5/23/2023 7:45,91.53
5/23/2023 8:00,91.53
5/23/2023 8:15,91.48
5/23/2023 8:30,91.42
5/23/2023 8:45,91.32
5/23/2023 9:00,91.19
5/23/2023 9:15,91.13
5/23/2023 9:30,91.08
5/23/2023 9:45,90.92
5/23/2023 10:00,90.78
5/23/2023 10:15,90.71
5/23/2023 10:30,90.53
5/23/2023 10:45,90.35
5/23/2023 11:00,90
5/23/2023 11:15,89.39
5/23/2023 11:30,89
5/23/2023 11:45,88.91
5/23/2023 12:00,88.87
5/23/2023 12:15,88.77
5/23/2023 12:30,88.67
5/23/2023 12:45,88.67
5/23/2023 13:00,88.67
5/23/2023 13:15,88.59
5/23/2023 13:30,88.59
5/23/2023 13:45,88.67
5/23/2023 14:00,88.67
5/23/2023 14:15,88.67
5/23/2023 14:30,88.67
5/23/2023 14:45,88.67
5/23/2023 15:00,88.77
5/23/2023 15:15,88.92
5/23/2023 15:30,89.02
5/23/2023 15:45,89.1
5/23/2023 16:00,89.1
5/23/2023 16:15,89.1
5/23/2023 16:30,89.17
5/23/2023 16:45,89.18
5/23/2023 17:00,89.18
5/23/2023 17:15,89.18
5/23/2023 17:30,89.19
5/23/2023 17:45,89.18
5/23/2023 18:00,89.19
5/23/2023 18:15,89.19
5/23/2023 18:30,89.19
5/23/2023 18:45,89.19
5/23/2023 19:00,89.19
5/23/2023 19:15,89.19
5/23/2023 19:30,89.41
5/23/2023 19:45,89.77
5/23/2023 20:00,89.77
5/23/2023 20:15,89.94
5/23/2023 20:30,90.11
5/23/2023 20:45,90.49
5/23/2023 21:00,90.81
5/23/2023 21:15,90.94
5/23/2023 21:30,91.1
5/23/2023 21:45,91.4
5/23/2023 22:00,91.72
5/23/2023 22:15,91.84
5/23/2023 22:30,91.94
5/23/2023 22:45,92.08
5/23/2023 23:00,92.11
5/23/2023 23:15,92.11
5/23/2023 23:30,92.17
5/23/2023 23:45,92.24
5/24/2023 0:00,92.24
5/24/2023 0:15,92.26
5/24/2023 0:30,92.28
5/24/2023 0:45,92.28
5/24/2023 1:00,92.39
5/24/2023 1:15,92.28
5/24/2023 1:30,92.28
5/24/2023 1:45,92.28
5/24/2023 2:00,92.28
5/24/2023 2:15,92.28
5/24/2023 2:30,92.21
5/24/2023 2:45,92.21
5/24/2023 3:00,92.25
5/24/2023 3:15,92.25
5/24/2023 3:30,92.19
5/24/2023 3:45,92.13
5/24/2023 4:00,92.09
5/24/2023 4:15,92.06
5/24/2023 4:30,91.89
5/24/2023 4:45,91.81
5/24/2023 5:00,91.89
5/24/2023 5:15,91.81
5/24/2023 5:30,91.78
5/24/2023 5:45,91.64
5/24/2023 6:00,91.5
5/24/2023 6:15,91.5
5/24/2023 6:30,91.41
5/24/2023 6:45,91.21
5/24/2023 7:00,90.89
5/24/2023 7:15,90.8
5/24/2023 7:30,90.8
5/24/2023 7:45,90.44
5/24/2023 8:00,90.13
5/24/2023 8:15,90.13
5/24/2023 8:30,90.19
5/24/2023 8:45,90.19
5/24/2023 9:00,90.13
5/24/2023 9:15,90.06
5/24/2023 9:30,90.02
5/24/2023 9:45,89.85
5/24/2023 10:00,89.56
5/24/2023 10:15,89.41
5/24/2023 10:30,89.18
5/24/2023 10:45,89.18
5/24/2023 11:00,89.18
5/24/2023 11:15,89.18
5/24/2023 11:30,88.88
5/24/2023 11:45,88.88
5/24/2023 12:00,88.68
5/24/2023 12:15,88.68
5/24/2023 12:30,88.35
5/24/2023 12:45,88.11
5/24/2023 13:00,88.35
5/24/2023 13:15,88.35
5/24/2023 13:30,88.1
5/24/2023 13:45,88.05
5/24/2023 14:00,88.05
5/24/2023 14:15,88.05
5/24/2023 14:30,88.05
5/24/2023 14:45,88.05
5/24/2023 15:00,87.96
5/24/2023 15:15,87.96
5/24/2023 15:30,88.05
5/24/2023 15:45,88.04
5/24/2023 16:00,87.96
5/24/2023 16:15,87.73
5/24/2023 16:30,87.91
5/24/2023 16:45,87.73
5/24/2023 17:00,87.73
5/24/2023 17:15,87.61
5/24/2023 17:30,87.61
5/24/2023 17:45,87.51
5/24/2023 18:00,87.51
5/24/2023 18:15,87.39
5/24/2023 18:30,87.51
5/24/2023 18:45,87.61
5/24/2023 19:00,87.61
5/24/2023 19:15,87.61
5/24/2023 19:30,87.74
5/24/2023 19:45,87.74
5/24/2023 20:00,87.78
5/24/2023 20:15,87.61
5/24/2023 20:30,87.61
5/24/2023 20:45,87.51
5/24/2023 21:00,87.61
5/24/2023 21:15,87.54
5/24/2023 21:30,87.54
5/24/2023 21:45,87.54
5/24/2023 22:00,87.54
5/24/2023 22:15,87.84
5/24/2023 22:30,87.84
5/24/2023 22:45,88.2
5/24/2023 23:00,87.81
5/24/2023 23:15,88.06
5/24/2023 23:30,88.06
5/24/2023 23:45,88.06
5/25/2023 0:00,88.06
5/25/2023 0:15,88.06
5/25/2023 0:30,88.06
5/25/2023 0:45,88.2
5/25/2023 1:00,88.2
5/25/2023 1:15,88.32
5/25/2023 1:30,88.32
5/25/2023 1:45,88.42
5/25/2023 2:00,88.58
5/25/2023 2:15,88.58
5/25/2023 2:30,88.76
5/25/2023 2:45,89.14
5/25/2023 3:00,89.14
5/25/2023 3:15,89.49
5/25/2023 3:30,89.5
5/25/2023 3:45,89.56
5/25/2023 4:00,89.67
5/25/2023 4:15,89.77
5/25/2023 4:30,89.67
5/25/2023 4:45,89.72
5/25/2023 5:00,89.76
5/25/2023 5:15,89.76
5/25/2023 5:30,89.76
5/25/2023 5:45,89.61
5/25/2023 6:00,89.76
5/25/2023 6:15,89.76
5/25/2023 6:30,89.59
5/25/2023 6:45,89.5
5/25/2023 7:00,89.85
5/25/2023 7:15,89.85
5/25/2023 7:30,89.5
5/25/2023 7:45,89.44
5/25/2023 8:00,89.44
5/25/2023 8:15,89.17
5/25/2023 8:30,89.04
5/25/2023 8:45,88.95
5/25/2023 9:00,88.79
5/25/2023 9:15,88.7
5/25/2023 9:30,88.62
5/25/2023 9:45,88.45
5/25/2023 10:00,88.45
5/25/2023 10:15,88.45
5/25/2023 10:30,88.62
5/25/2023 10:45,88.62
5/25/2023 11:00,88.47
5/25/2023 11:15,88.47
5/25/2023 11:30,88.4
5/25/2023 11:45,88.35
5/25/2023 12:00,88.35
5/25/2023 12:15,88.17
5/25/2023 12:30,87.8
5/25/2023 12:45,87.55
5/25/2023 13:00,87.55
5/25/2023 13:15,87.46
5/25/2023 13:30,87.46
5/25/2023 13:45,87.8
5/25/2023 14:00,87.46
5/25/2023 14:15,87.28
5/25/2023 14:30,87.28
5/25/2023 14:45,87.15
5/25/2023 15:00,87.06
5/25/2023 15:15,86.94
5/25/2023 15:30,86.94
5/25/2023 15:45,86.7
5/25/2023 16:00,86.53
5/25/2023 16:15,86.7
5/25/2023 16:30,86.7
5/25/2023 16:45,86.94
5/25/2023 17:00,86.94
5/25/2023 17:15,86.94
5/25/2023 17:30,86.85
5/25/2023 17:45,86.7
5/25/2023 18:00,86.7
5/25/2023 18:15,86.94
5/25/2023 18:30,86.94
5/25/2023 18:45,86.94
5/25/2023 19:00,87.25
5/25/2023 19:15,87.25
5/25/2023 19:30,87.46
5/25/2023 19:45,87.46
5/25/2023 20:00,87.54
5/25/2023 20:15,87.54
5/25/2023 20:30,87.59
5/25/2023 20:45,87.78
5/25/2023 21:00,87.97
5/25/2023 21:15,87.97
5/25/2023 21:30,88.23
5/25/2023 21:45,88.44
5/25/2023 22:00,88.44
5/25/2023 22:15,88.44
5/25/2023 22:30,88.54
5/25/2023 22:45,88.54
5/25/2023 23:00,88.73
5/25/2023 23:15,88.95
5/25/2023 23:30,88.95
5/25/2023 23:45,89.07
5/26/2023 0:00,89.07
5/26/2023 0:15,89.07
5/26/2023 0:30,89.07
5/26/2023 0:45,89.23
5/26/2023 1:00,89.47
5/26/2023 1:15,89.8
5/26/2023 1:30,89.8
5/26/2023 1:45,89.8
5/26/2023 2:00,89.8
5/26/2023 2:15,89.51
5/26/2023 2:30,89.52
5/26/2023 2:45,89.52
5/26/2023 3:00,89.52
5/26/2023 3:15,89.87
5/26/2023 3:30,89.96
5/26/2023 3:45,90.42
5/26/2023 4:00,90.42
5/26/2023 4:15,90.42
5/26/2023 4:30,90.42
5/26/2023 4:45,90.3
5/26/2023 5:00,90.3
5/26/2023 5:15,90.3
5/26/2023 5:30,90.3
5/26/2023 5:45,89.95
5/26/2023 6:00,89.52
5/26/2023 6:15,89.38
5/26/2023 6:30,89.14
5/26/2023 6:45,89.14
5/26/2023 7:00,89.14
5/26/2023 7:15,88.65
5/26/2023 7:30,88.52
5/26/2023 7:45,88.44
5/26/2023 8:00,88.33
5/26/2023 8:15,88.3
5/26/2023 8:30,88.24
5/26/2023 8:45,88.04
5/26/2023 9:00,87.74
5/26/2023 9:15,87.44
5/26/2023 9:30,87.23
5/26/2023 9:45,87.22
5/26/2023 10:00,87.08
5/26/2023 10:15,87.08
5/26/2023 10:30,87.08
5/26/2023 10:45,87.08
5/26/2023 11:00,86.91
5/26/2023 11:15,86.76
5/26/2023 11:30,86.63
5/26/2023 11:45,86.63
5/26/2023 12:00,86.63
5/26/2023 12:15,86.41
5/26/2023 12:30,86.25
5/26/2023 12:45,86.16
5/26/2023 13:00,86.25
5/26/2023 13:15,86.25
5/26/2023 13:30,86.25
5/26/2023 13:45,86.25
5/26/2023 14:00,86.2
5/26/2023 14:15,85.98
5/26/2023 14:30,85.98
5/26/2023 14:45,85.98
5/26/2023 15:00,85.98
5/26/2023 15:15,86.2
5/26/2023 15:30,86.33
5/26/2023 15:45,86.2
5/26/2023 16:00,86.24
5/26/2023 16:15,86.24
5/26/2023 16:30,86.29
5/26/2023 16:45,86.29
5/26/2023 17:00,86.19
5/26/2023 17:15,86.26
5/26/2023 17:30,86.34
5/26/2023 17:45,86.38
5/26/2023 18:00,86.34
5/26/2023 18:15,86.36
5/26/2023 18:30,86.36
5/26/2023 18:45,86.36
5/26/2023 19:00,86.36
5/26/2023 19:15,86.4
5/26/2023 19:30,86.4
5/26/2023 19:45,86.4
5/26/2023 20:00,86.54
5/26/2023 20:15,86.54
5/26/2023 20:30,86.69
5/26/2023 20:45,86.86
5/26/2023 21:00,86.86
5/26/2023 21:15,87.29
5/26/2023 21:30,87.29
5/26/2023 21:45,87.65
5/26/2023 22:00,87.72
5/26/2023 22:15,87.79
5/26/2023 22:30,87.79
5/26/2023 22:45,87.79
5/26/2023 23:00,87.79
5/26/2023 23:15,87.79
5/26/2023 23:30,87.72
5/26/2023 23:45,87.64
5/27/2023 0:00,87.72
5/27/2023 0:15,87.78
5/27/2023 0:30,87.9
5/27/2023 0:45,87.97
5/27/2023 1:00,88
5/27/2023 1:15,88.07
5/27/2023 1:30,88.07
5/27/2023 1:45,88.31
5/27/2023 2:00,88.55
5/27/2023 2:15,88.55
5/27/2023 2:30,88.55
5/27/2023 2:45,88.75
5/27/2023 3:00,88.98
5/27/2023 3:15,88.98
5/27/2023 3:30,89.07
5/27/2023 3:45,89.07
5/27/2023 4:00,89.31
5/27/2023 4:15,89.58
5/27/2023 4:30,89.64
5/27/2023 4:45,89.64
5/27/2023 5:00,89.71
5/27/2023 5:15,89.71
5/27/2023 5:30,89.77
5/27/2023 5:45,89.71
5/27/2023 6:00,89.71
5/27/2023 6:15,89.64
5/27/2023 6:30,89.35
5/27/2023 6:45,89.08
5/27/2023 7:00,89.08
5/27/2023 7:15,88.88
5/27/2023 7:30,89.08
5/27/2023 7:45,88.88
5/27/2023 8:00,88.47
5/27/2023 8:15,88.72
5/27/2023 8:30,88.46
5/27/2023 8:45,88.16
5/27/2023 9:00,87.98
5/27/2023 9:15,87.77
5/27/2023 9:30,87.55
5/27/2023 9:45,87.37
5/27/2023 10:00,87.37
5/27/2023 10:15,87.51
5/27/2023 10:30,87.37
5/27/2023 10:45,87.37
5/27/2023 11:00,87.37
5/27/2023 11:15,87.33
5/27/2023 11:30,87.33
5/27/2023 11:45,87.3
5/27/2023 12:00,86.65
5/27/2023 12:15,86.01
5/27/2023 12:30,85.94
5/27/2023 12:45,85.94
5/27/2023 13:00,85.94
5/27/2023 13:15,85.83
5/27/2023 13:30,85.67
5/27/2023 13:45,85.57
5/27/2023 14:00,85.57
5/27/2023 14:15,85.51
5/27/2023 14:30,85.51
5/27/2023 14:45,85.57
5/27/2023 15:00,85.5
5/27/2023 15:15,85.31
5/27/2023 15:30,85.5
5/27/2023 15:45,85.5
5/27/2023 16:00,85.5
5/27/2023 16:15,85.26
5/27/2023 16:30,85.01
5/27/2023 16:45,84.84
5/27/2023 17:00,85.01
5/27/2023 17:15,85.08
5/27/2023 17:30,84.81
5/27/2023 17:45,84.48
5/27/2023 18:00,84.33
5/27/2023 18:15,84.33
5/27/2023 18:30,84.33
5/27/2023 18:45,84.21
5/27/2023 19:00,84.33
5/27/2023 19:15,84.71
5/27/2023 19:30,84.33
5/27/2023 19:45,84.33
5/27/2023 20:00,84.71
5/27/2023 20:15,85.2
5/27/2023 20:30,85.2
5/27/2023 20:45,85.23
5/27/2023 21:00,85.23
5/27/2023 21:15,85.36
5/27/2023 21:30,85.37
5/27/2023 21:45,85.37
5/27/2023 22:00,85.37
5/27/2023 22:15,85.36
5/27/2023 22:30,85.37
5/27/2023 22:45,85.54
5/27/2023 23:00,85.84
5/27/2023 23:15,86.12
5/27/2023 23:30,86.34
5/27/2023 23:45,86.34
5/28/2023 0:00,86.34
5/28/2023 0:15,86.33
5/28/2023 0:30,86.51
5/28/2023 0:45,86.69
5/28/2023 1:00,86.52
5/28/2023 1:15,86.52
5/28/2023 1:30,86.88
5/28/2023 1:45,87.22
5/28/2023 2:00,87.44
5/28/2023 2:15,87.76
5/28/2023 2:30,87.9
5/28/2023 2:45,87.97
5/28/2023 3:00,88.07
5/28/2023 3:15,88.07
5/28/2023 3:30,88.37
5/28/2023 3:45,88.64
5/28/2023 4:00,88.75
5/28/2023 4:15,88.75
5/28/2023 4:30,88.64
5/28/2023 4:45,88.64
5/28/2023 5:00,88.39
5/28/2023 5:15,88.39
5/28/2023 5:30,88.39
5/28/2023 5:45,88.39
5/28/2023 6:00,88.51
5/28/2023 6:15,88.26
5/28/2023 6:30,88.09
5/28/2023 6:45,87.97
5/28/2023 7:00,87.75
5/28/2023 7:15,87.5
5/28/2023 7:30,87.22
5/28/2023 7:45,86.84
5/28/2023 8:00,86.61
5/28/2023 8:15,86.61
5/28/2023 8:30,86.57
5/28/2023 8:45,86.44
5/28/2023 9:00,86.19
5/28/2023 9:15,86.05
5/28/2023 9:30,85.61
5/28/2023 9:45,85.43
5/28/2023 10:00,85.08
5/28/2023 10:15,84.89
5/28/2023 10:30,84.89
5/28/2023 10:45,84.82
5/28/2023 11:00,84.77
5/28/2023 11:15,84.77
5/28/2023 11:30,84.71
5/28/2023 11:45,84.46
5/28/2023 12:00,84.2
5/28/2023 12:15,84.16
5/28/2023 12:30,84.01
5/28/2023 12:45,83.81
5/28/2023 13:00,83.81
5/28/2023 13:15,83.69
5/28/2023 13:30,83.67
5/28/2023 13:45,83.67
5/28/2023 14:00,83.76
5/28/2023 14:15,83.76
5/28/2023 14:30,83.77
5/28/2023 14:45,83.68
5/28/2023 15:00,83.52
5/28/2023 15:15,83.52
5/28/2023 15:30,83.36
5/28/2023 15:45,83.09
5/28/2023 16:00,82.91
5/28/2023 16:15,82.91
5/28/2023 16:30,83.05
5/28/2023 16:45,83.03
5/28/2023 17:00,83.03
5/28/2023 17:15,83.17
5/28/2023 17:30,83.17
5/28/2023 17:45,83.22
5/28/2023 18:00,83.22
5/28/2023 18:15,83.26
5/28/2023 18:30,83.36
5/28/2023 18:45,83.36
5/28/2023 19:00,83.36
5/28/2023 19:15,83.6
5/28/2023 19:30,83.63
5/28/2023 19:45,83.99
5/28/2023 20:00,84.31
5/28/2023 20:15,84.55
5/28/2023 20:30,84.87
5/28/2023 20:45,85.14
5/28/2023 21:00,85.21
5/28/2023 21:15,85.47
5/28/2023 21:30,85.47
5/28/2023 21:45,85.81
5/28/2023 22:00,86.01
5/28/2023 22:15,86.2
5/28/2023 22:30,86.2
5/28/2023 22:45,86.45
5/28/2023 23:00,86.64
5/28/2023 23:15,86.75
5/28/2023 23:30,86.85
5/28/2023 23:45,86.85
5/29/2023 0:00,86.93
5/29/2023 0:15,87.01
5/29/2023 0:30,87.01
5/29/2023 0:45,87.01
5/29/2023 1:00,87.31
5/29/2023 1:15,87.69
5/29/2023 1:30,87.75
5/29/2023 1:45,87.79
5/29/2023 2:00,87.79
5/29/2023 2:15,87.75
5/29/2023 2:30,87.75
5/29/2023 2:45,87.75
5/29/2023 3:00,87.75
5/29/2023 3:15,87.75
5/29/2023 3:30,87.75
5/29/2023 3:45,87.75
5/29/2023 4:00,87.75
5/29/2023 4:15,87.49
5/29/2023 4:30,87.15
5/29/2023 4:45,87.15
5/29/2023 5:00,86.94
5/29/2023 5:15,86.94
5/29/2023 5:30,86.94
5/29/2023 5:45,86.82
5/29/2023 6:00,86.8
5/29/2023 6:15,86.72
5/29/2023 6:30,86.48
5/29/2023 6:45,86.28
5/29/2023 7:00,86.15
5/29/2023 7:15,86.15
5/29/2023 7:30,86.28
5/29/2023 7:45,86.28
5/29/2023 8:00,86.28
5/29/2023 8:15,86.28
5/29/2023 8:30,86.28
5/29/2023 8:45,86.14
5/29/2023 9:00,86.08
5/29/2023 9:15,85.68
5/29/2023 9:30,85.53
5/29/2023 9:45,85.05
5/29/2023 10:00,84.73
5/29/2023 10:15,84.41
5/29/2023 10:30,84.26
5/29/2023 10:45,84.11
5/29/2023 11:00,83.9
5/29/2023 11:15,83.9
5/29/2023 11:30,83.98
5/29/2023 11:45,83.98
5/29/2023 12:00,83.85
5/29/2023 12:15,83.75
5/29/2023 12:30,83.6
5/29/2023 12:45,83.39
5/29/2023 13:00,83.29
5/29/2023 13:15,83.25
5/29/2023 13:30,83.22
5/29/2023 13:45,83.13
5/29/2023 14:00,82.79
5/29/2023 14:15,82.33
5/29/2023 14:30,82.33
5/29/2023 14:45,82.33
5/29/2023 15:00,82.05
5/29/2023 15:15,82.05
5/29/2023 15:30,81.96
5/29/2023 15:45,81.68
5/29/2023 16:00,81.4
5/29/2023 16:15,81.38
5/29/2023 16:30,81.36
5/29/2023 16:45,81.26
5/29/2023 17:00,81.33
5/29/2023 17:15,81.25
5/29/2023 17:30,81.32
5/29/2023 17:45,81.25
5/29/2023 18:00,81.25
5/29/2023 18:15,81.32
5/29/2023 18:30,81.32
5/29/2023 18:45,81.32
5/29/2023 19:00,81.33
5/29/2023 19:15,81.33
5/29/2023 19:30,81.33
5/29/2023 19:45,81.33
5/29/2023 20:00,81.62
5/29/2023 20:15,81.62
5/29/2023 20:30,81.95
5/29/2023 20:45,82.06
5/29/2023 21:00,82.21
5/29/2023 21:15,82.49
5/29/2023 21:30,82.84
5/29/2023 21:45,82.84
5/29/2023 22:00,82.98
5/29/2023 22:15,82.98
5/29/2023 22:30,83.04
5/29/2023 22:45,83.14
5/29/2023 23:00,83.14
5/29/2023 23:15,83.23
5/29/2023 23:30,83.23
5/29/2023 23:45,83.46
5/30/2023 0:00,83.66
5/30/2023 0:15,83.73
5/30/2023 0:30,83.73
5/30/2023 0:45,83.73
5/30/2023 1:00,83.73
5/30/2023 1:15,83.47
5/30/2023 1:30,83.73
5/30/2023 1:45,83.5
5/30/2023 2:00,83.73
5/30/2023 2:15,83.97
5/30/2023 2:30,83.77
5/30/2023 2:45,83.97
5/30/2023 3:00,84.25
5/30/2023 3:15,84.25
5/30/2023 3:30,84.4
5/30/2023 3:45,84.4
5/30/2023 4:00,84.53
5/30/2023 4:15,84.53
5/30/2023 4:30,84.63
5/30/2023 4:45,84.6
5/30/2023 5:00,84.6
5/30/2023 5:15,84.51
5/30/2023 5:30,84.51
5/30/2023 5:45,84.51
5/30/2023 6:00,84.51
5/30/2023 6:15,84.51
5/30/2023 6:30,84.38
5/30/2023 6:45,84.51
5/30/2023 7:00,84.44
5/30/2023 7:15,84.02
5/30/2023 7:30,83.92
5/30/2023 7:45,83.46
5/30/2023 8:00,83.22
5/30/2023 8:15,83.22
5/30/2023 8:30,83.03
5/30/2023 8:45,82.96
5/30/2023 9:00,82.88
5/30/2023 9:15,82.78
5/30/2023 9:30,82.7
5/30/2023 9:45,82.68
5/30/2023 10:00,82.63
5/30/2023 10:15,82.56
5/30/2023 10:30,82.63
5/30/2023 10:45,82.56
5/30/2023 11:00,82.56
5/30/2023 11:15,82.35
5/30/2023 11:30,82.04
5/30/2023 11:45,81.86
5/30/2023 12:00,81.86
5/30/2023 12:15,81.86
5/30/2023 12:30,81.86
5/30/2023 12:45,81.86
5/30/2023 13:00,82
5/30/2023 13:15,81.86
5/30/2023 13:30,81.77
5/30/2023 13:45,81.62
5/30/2023 14:00,81.35
5/30/2023 14:15,81.24
5/30/2023 14:30,81.24
5/30/2023 14:45,81.02
5/30/2023 15:00,80.8
5/30/2023 15:15,80.8
5/30/2023 15:30,80.7
5/30/2023 15:45,80.66
5/30/2023 16:00,80.66
5/30/2023 16:15,80.59
5/30/2023 16:30,80.46
5/30/2023 16:45,80.43
5/30/2023 17:00,80.43
5/30/2023 17:15,80.3
5/30/2023 17:30,80.3
5/30/2023 17:45,80.3
5/30/2023 18:00,80.3
5/30/2023 18:15,80.3
5/30/2023 18:30,80.43
5/30/2023 18:45,80.3
5/30/2023 19:00,80.42
5/30/2023 19:15,80.42
5/30/2023 19:30,80.42
5/30/2023 19:45,80.43
5/30/2023 20:00,80.63
5/30/2023 20:15,80.88
5/30/2023 20:30,80.88
5/30/2023 20:45,81
5/30/2023 21:00,81.08
5/30/2023 21:15,81.1
5/30/2023 21:30,81.16
5/30/2023 21:45,81.16
5/30/2023 22:00,81.23
5/30/2023 22:15,81.32
5/30/2023 22:30,81.32
5/30/2023 22:45,81.67
5/30/2023 23:00,81.67
5/30/2023 23:15,81.67
5/30/2023 23:30,81.97
5/30/2023 23:45,82.06
5/31/2023 0:00,82.06
5/31/2023 0:15,82.17
5/31/2023 0:30,82.17
5/31/2023 0:45,82.17
5/31/2023 1:00,82.06
5/31/2023 1:15,82.09
5/31/2023 1:30,82.09
5/31/2023 1:45,82.21
5/31/2023 2:00,82.24
5/31/2023 2:15,82.3
5/31/2023 2:30,82.72
5/31/2023 2:45,83.14
5/31/2023 3:00,83.23
5/31/2023 3:15,83.23
5/31/2023 3:30,83.23
5/31/2023 3:45,83.23
5/31/2023 4:00,83.23
5/31/2023 4:15,83.4
5/31/2023 4:30,83.4
5/31/2023 4:45,83.29
5/31/2023 5:00,83.29
5/31/2023 5:15,83.23
5/31/2023 5:30,83.29
5/31/2023 5:45,83.29
5/31/2023 6:00,83.29
5/31/2023 6:15,83.46
5/31/2023 6:30,83.46
5/31/2023 6:45,83.46
5/31/2023 7:00,83.29
5/31/2023 7:15,83.24
5/31/2023 7:30,83.01
5/31/2023 7:45,82.8
5/31/2023 8:00,82.69
5/31/2023 8:15,82.69
5/31/2023 8:30,82.59
5/31/2023 8:45,82.69
5/31/2023 9:00,82.72
5/31/2023 9:15,82.72
5/31/2023 9:30,82.8
5/31/2023 9:45,82.8
5/31/2023 10:00,82.72
5/31/2023 10:15,82.72
5/31/2023 10:30,82.63
5/31/2023 10:45,82.63
5/31/2023 11:00,82.58
5/31/2023 11:15,82.47
5/31/2023 11:30,82.58
5/31/2023 11:45,82.44
5/31/2023 12:00,82.44
5/31/2023 12:15,82.44
5/31/2023 12:30,82.46
5/31/2023 12:45,82.26
5/31/2023 13:00,82.49
5/31/2023 13:15,82.26
5/31/2023 13:30,82.19
5/31/2023 13:45,82.19
5/31/2023 14:00,82.19
5/31/2023 14:15,82.19
5/31/2023 14:30,82.19
5/31/2023 14:45,82.19
5/31/2023 15:00,82.37
5/31/2023 15:15,82.64
5/31/2023 15:30,82.78
5/31/2023 15:45,82.89
5/31/2023 16:00,82.95
5/31/2023 16:15,82.99
5/31/2023 16:30,83.23
5/31/2023 16:45,83.56
5/31/2023 17:00,83.56
5/31/2023 17:15,83.77
5/31/2023 17:30,83.77
5/31/2023 17:45,83.88
5/31/2023 18:00,83.94
5/31/2023 18:15,83.99
5/31/2023 18:30,84.05
5/31/2023 18:45,84.05
5/31/2023 19:00,84.3
5/31/2023 19:15,84.58
5/31/2023 19:30,84.7
5/31/2023 19:45,84.7
5/31/2023 20:00,84.7
5/31/2023 20:15,84.72
5/31/2023 20:30,84.87
5/31/2023 20:45,84.81
5/31/2023 21:00,84.85
5/31/2023 21:15,84.92
5/31/2023 21:30,85.04
5/31/2023 21:45,85.27
5/31/2023 22:00,85.49
5/31/2023 22:15,85.78
5/31/2023 22:30,85.78
5/31/2023 22:45,85.49
5/31/2023 23:00,85.78
5/31/2023 23:15,85.78
5/31/2023 23:30,85.99
5/31/2023 23:45,86.04
6/1/2023 0:00,86.09
6/1/2023 0:15,86.09
6/1/2023 0:30,86.09
6/1/2023 0:45,86.09
6/1/2023 1:00,86.25
6/1/2023 1:15,86.25
6/1/2023 1:30,86.26
6/1/2023 1:45,86.32
6/1/2023 2:00,86.94
6/1/2023 2:15,87.47
6/1/2023 2:30,87.47
6/1/2023 2:45,87.47
6/1/2023 3:00,87.47
6/1/2023 3:15,87.46
6/1/2023 3:30,87.46
6/1/2023 3:45,87.46
6/1/2023 4:00,87.34
6/1/2023 4:15,86.85
6/1/2023 4:30,86.85
6/1/2023 4:45,86.85
6/1/2023 5:00,86.47
6/1/2023 5:15,86.47
6/1/2023 5:30,86.47
6/1/2023 5:45,86.47
6/1/2023 6:00,86.35
6/1/2023 6:15,86.35
6/1/2023 6:30,86.35
6/1/2023 6:45,86.27
6/1/2023 7:00,86.05
6/1/2023 7:15,85.83
6/1/2023 7:30,85.6
6/1/2023 7:45,85.42
6/1/2023 8:00,85.6
6/1/2023 8:15,85.47
6/1/2023 8:30,85.1
6/1/2023 8:45,84.86
6/1/2023 9:00,84.81
6/1/2023 9:15,84.68
6/1/2023 9:30,84.62
6/1/2023 9:45,84.54
6/1/2023 10:00,84.54
6/1/2023 10:15,84.54
6/1/2023 10:30,84.54
6/1/2023 10:45,84.66
6/1/2023 11:00,84.54
6/1/2023 11:15,84.54
6/1/2023 11:30,84.36
6/1/2023 11:45,84.54
6/1/2023 12:00,84.66
6/1/2023 12:15,84.81
6/1/2023 12:30,84.81
6/1/2023 12:45,84.92
6/1/2023 13:00,84.92
6/1/2023 13:15,84.92
6/1/2023 13:30,84.79
6/1/2023 13:45,85.24
6/1/2023 14:00,85.39
6/1/2023 14:15,85.39
6/1/2023 14:30,85.39
6/1/2023 14:45,85.47
6/1/2023 15:00,85.47
6/1/2023 15:15,85.47
6/1/2023 15:30,85.39
6/1/2023 15:45,85.37
6/1/2023 16:00,85.37
6/1/2023 16:15,85.37
6/1/2023 16:30,85.37
6/1/2023 16:45,85.35
6/1/2023 17:00,85.35
6/1/2023 17:15,85.35
6/1/2023 17:30,85.35
6/1/2023 17:45,85.35
6/1/2023 18:00,85.32
6/1/2023 18:15,85.32
6/1/2023 18:30,85.35
6/1/2023 18:45,85.32
6/1/2023 19:00,85.13
6/1/2023 19:15,85.13
6/1/2023 19:30,85.22
6/1/2023 19:45,85.05
6/1/2023 20:00,84.77
6/1/2023 20:15,84.41
6/1/2023 20:30,84.77
6/1/2023 20:45,84.96
6/1/2023 21:00,84.96
6/1/2023 21:15,84.77
6/1/2023 21:30,84.75
6/1/2023 21:45,84.95
6/1/2023 22:00,85.05
6/1/2023 22:15,85.05
6/1/2023 22:30,85.15
6/1/2023 22:45,85.15
6/1/2023 23:00,85.05
6/1/2023 23:15,85.05
6/1/2023 23:30,85.05
6/1/2023 23:45,85.15
6/2/2023 0:00,85.22
6/2/2023 0:15,85.22
6/2/2023 0:30,85.52
6/2/2023 0:45,85.52
6/2/2023 1:00,85.77
6/2/2023 1:15,85.77
6/2/2023 1:30,85.77
6/2/2023 1:45,85.77
6/2/2023 2:00,86.16
6/2/2023 2:15,86.16
6/2/2023 2:30,86.61
6/2/2023 2:45,86.61
6/2/2023 3:00,86.61
6/2/2023 3:15,86.61
6/2/2023 3:30,86.61
6/2/2023 3:45,86.16
6/2/2023 4:00,86.61
6/2/2023 4:15,86.61
6/2/2023 4:30,86.61
6/2/2023 4:45,86.2
6/2/2023 5:00,85.81
6/2/2023 5:15,85.64
6/2/2023 5:30,85.42
6/2/2023 5:45,85.42
6/2/2023 6:00,85.32
6/2/2023 6:15,85.32
6/2/2023 6:30,85.22
6/2/2023 6:45,84.96
6/2/2023 7:00,84.74
6/2/2023 7:15,84.74
6/2/2023 7:30,84.44
6/2/2023 7:45,84.44
6/2/2023 8:00,84.25
6/2/2023 8:15,84.05
6/2/2023 8:30,83.84
6/2/2023 8:45,84.05
6/2/2023 9:00,83.81
6/2/2023 9:15,83.66
6/2/2023 9:30,83.62
6/2/2023 9:45,83.5
6/2/2023 10:00,83.38
6/2/2023 10:15,83.38
6/2/2023 10:30,83.29
6/2/2023 10:45,83.29
6/2/2023 11:00,83.29
6/2/2023 11:15,83.29
6/2/2023 11:30,83.29
6/2/2023 11:45,82.91
6/2/2023 12:00,82.91
6/2/2023 12:15,82.74
6/2/2023 12:30,82.04
6/2/2023 12:45,81.65
6/2/2023 13:00,81.65
6/2/2023 13:15,81.65
6/2/2023 13:30,82.04
6/2/2023 13:45,82.04
6/2/2023 14:00,82.04
6/2/2023 14:15,81.74
6/2/2023 14:30,81.74
6/2/2023 14:45,81.78
6/2/2023 15:00,81.71
6/2/2023 15:15,81.71
6/2/2023 15:30,81.56
6/2/2023 15:45,81.3
6/2/2023 16:00,81.3
6/2/2023 16:15,81.09
6/2/2023 16:30,81.09
6/2/2023 16:45,81.13
6/2/2023 17:00,81.27
6/2/2023 17:15,81.45
6/2/2023 17:30,81.56
6/2/2023 17:45,81.66
6/2/2023 18:00,81.66
6/2/2023 18:15,81.71
6/2/2023 18:30,81.71
6/2/2023 18:45,81.71
6/2/2023 19:00,81.86
6/2/2023 19:15,82.08
6/2/2023 19:30,82.08
6/2/2023 19:45,82.33
6/2/2023 20:00,82.54
6/2/2023 20:15,82.54
6/2/2023 20:30,82.69
6/2/2023 20:45,82.78
6/2/2023 21:00,82.78
6/2/2023 21:15,83.18
6/2/2023 21:30,83.71
6/2/2023 21:45,83.91
6/2/2023 22:00,83.98
6/2/2023 22:15,84.1
6/2/2023 22:30,84.1
6/2/2023 22:45,84.21
6/2/2023 23:00,84.11
6/2/2023 23:15,84.28
6/2/2023 23:30,84.16
6/2/2023 23:45,84.16
6/3/2023 0:00,84.28
6/3/2023 0:15,84.49
6/3/2023 0:30,84.49
6/3/2023 0:45,84.37
6/3/2023 1:00,84.37
6/3/2023 1:15,84.54
6/3/2023 1:30,84.54
6/3/2023 1:45,84.54
6/3/2023 2:00,84.54
6/3/2023 2:15,84.54
6/3/2023 2:30,84.69
6/3/2023 2:45,84.54
6/3/2023 3:00,84.54
6/3/2023 3:15,84.5
6/3/2023 3:30,84.62
6/3/2023 3:45,84.69
6/3/2023 4:00,84.69
6/3/2023 4:15,84.69
6/3/2023 4:30,84.8
6/3/2023 4:45,84.85
6/3/2023 5:00,84.77
6/3/2023 5:15,84.77
6/3/2023 5:30,84.77
6/3/2023 5:45,84.77
6/3/2023 6:00,84.77
6/3/2023 6:15,84.76
6/3/2023 6:30,84.64
6/3/2023 6:45,84.5
6/3/2023 7:00,84.5
6/3/2023 7:15,83.92
6/3/2023 7:30,83.34
6/3/2023 7:45,83.2
6/3/2023 8:00,82.83
6/3/2023 8:15,82.68
6/3/2023 8:30,82.68
6/3/2023 8:45,82.64
6/3/2023 9:00,82.51
6/3/2023 9:15,82.41
6/3/2023 9:30,82.4
6/3/2023 9:45,82.32
6/3/2023 10:00,82.13
6/3/2023 10:15,81.98
6/3/2023 10:30,81.89
6/3/2023 10:45,81.89
6/3/2023 11:00,81.89
6/3/2023 11:15,81.98
6/3/2023 11:30,81.98
6/3/2023 11:45,81.89
6/3/2023 12:00,81.89
6/3/2023 12:15,81.89
6/3/2023 12:30,81.89
6/3/2023 12:45,81.89
6/3/2023 13:00,81.89
6/3/2023 13:15,81.94
6/3/2023 13:30,81.94
6/3/2023 13:45,81.94
6/3/2023 14:00,81.94
6/3/2023 14:15,81.83
6/3/2023 14:30,81.84
6/3/2023 14:45,81.95
6/3/2023 15:00,82.06
6/3/2023 15:15,82.14
6/3/2023 15:30,82.2
6/3/2023 15:45,82.2
6/3/2023 16:00,82.14
6/3/2023 16:15,82.14
6/3/2023 16:30,82.14
6/3/2023 16:45,82.14
6/3/2023 17:00,82.14
6/3/2023 17:15,82.01
6/3/2023 17:30,81.9
6/3/2023 17:45,81.81
6/3/2023 18:00,81.9
6/3/2023 18:15,81.81
6/3/2023 18:30,81.76
6/3/2023 18:45,81.76
6/3/2023 19:00,81.9
6/3/2023 19:15,81.9
6/3/2023 19:30,81.96
6/3/2023 19:45,81.79
6/3/2023 20:00,81.79
6/3/2023 20:15,81.79
6/3/2023 20:30,81.62
6/3/2023 20:45,81.62
6/3/2023 21:00,81.79
6/3/2023 21:15,81.79
6/3/2023 21:30,81.95
6/3/2023 21:45,81.98
6/3/2023 22:00,82.02
6/3/2023 22:15,82.1
6/3/2023 22:30,82.21
6/3/2023 22:45,82.3
6/3/2023 23:00,82.3
6/3/2023 23:15,82.49
6/3/2023 23:30,82.73
6/3/2023 23:45,82.73
6/4/2023 0:00,82.62
6/4/2023 0:15,82.62
6/4/2023 0:30,82.62
6/4/2023 0:45,82.73
6/4/2023 1:00,82.91
6/4/2023 1:15,82.75
6/4/2023 1:30,82.75
6/4/2023 1:45,82.67
6/4/2023 2:00,82.62
6/4/2023 2:15,82.67
6/4/2023 2:30,82.67
6/4/2023 2:45,82.74
6/4/2023 3:00,82.8
6/4/2023 3:15,82.95
6/4/2023 3:30,83.31
6/4/2023 3:45,83.31
6/4/2023 4:00,83.64
6/4/2023 4:15,83.64
6/4/2023 4:30,83.31
6/4/2023 4:45,83.64
6/4/2023 5:00,84.08
6/4/2023 5:15,84.08
6/4/2023 5:30,83.96
6/4/2023 5:45,83.31
6/4/2023 6:00,83.31
6/4/2023 6:15,83.31
6/4/2023 6:30,83.31
6/4/2023 6:45,83.45
6/4/2023 7:00,83.45
6/4/2023 7:15,83.24
6/4/2023 7:30,82.96
6/4/2023 7:45,82.96
6/4/2023 8:00,82.63
6/4/2023 8:15,82.28
6/4/2023 8:30,82.05
6/4/2023 8:45,81.82
6/4/2023 9:00,81.82
6/4/2023 9:15,81.59
6/4/2023 9:30,81.42
6/4/2023 9:45,81.32
6/4/2023 10:00,81.32
6/4/2023 10:15,81.42
6/4/2023 10:30,81.32
6/4/2023 10:45,81.31
6/4/2023 11:00,81.31
6/4/2023 11:15,81.31
6/4/2023 11:30,81.31
6/4/2023 11:45,81.25
6/4/2023 12:00,81.25
6/4/2023 12:15,81.17
6/4/2023 12:30,81.09
6/4/2023 12:45,80.84
6/4/2023 13:00,80.52
6/4/2023 13:15,80.4
6/4/2023 13:30,80.3
6/4/2023 13:45,80.13
6/4/2023 14:00,80.03
6/4/2023 14:15,79.7
6/4/2023 14:30,79.7
6/4/2023 14:45,79.34
6/4/2023 15:00,79.06
6/4/2023 15:15,79.06
6/4/2023 15:30,79.06
6/4/2023 15:45,79.06
6/4/2023 16:00,79.06
6/4/2023 16:15,79.06
6/4/2023 16:30,79.09
6/4/2023 16:45,79.02
6/4/2023 17:00,79.29
6/4/2023 17:15,79.02
6/4/2023 17:30,79.02
6/4/2023 17:45,79.02
6/4/2023 18:00,79.02
6/4/2023 18:15,79.02
6/4/2023 18:30,79.02
6/4/2023 18:45,79.02
6/4/2023 19:00,79.29
6/4/2023 19:15,79.39
6/4/2023 19:30,79.29
6/4/2023 19:45,79.29
6/4/2023 20:00,79.29
6/4/2023 20:15,79.29
6/4/2023 20:30,79.29
6/4/2023 20:45,79.29
6/4/2023 21:00,79.29
6/4/2023 21:15,79.29
6/4/2023 21:30,79.51
6/4/2023 21:45,79.83
6/4/2023 22:00,79.83
6/4/2023 22:15,79.93
6/4/2023 22:30,79.83
6/4/2023 22:45,79.83
6/4/2023 23:00,79.93
6/4/2023 23:15,80.14
6/4/2023 23:30,80.14
6/4/2023 23:45,80.14
6/5/2023 0:00,80.14
6/5/2023 0:15,80.36
6/5/2023 0:30,80.51
6/5/2023 0:45,80.51
6/5/2023 1:00,80.65
6/5/2023 1:15,80.81
6/5/2023 1:30,80.97
6/5/2023 1:45,81
6/5/2023 2:00,81.21
6/5/2023 2:15,81.43
6/5/2023 2:30,81.43
6/5/2023 2:45,81.62
6/5/2023 3:00,81.84
6/5/2023 3:15,82.07
6/5/2023 3:30,82.07
6/5/2023 3:45,81.77
6/5/2023 4:00,81.92
6/5/2023 4:15,81.92
6/5/2023 4:30,82.08
6/5/2023 4:45,82.08
6/5/2023 5:00,81.92
6/5/2023 5:15,82.08
6/5/2023 5:30,81.92
6/5/2023 5:45,82.06
6/5/2023 6:00,82.06
6/5/2023 6:15,81.85
6/5/2023 6:30,81.85
6/5/2023 6:45,81.85
6/5/2023 7:00,81.75
6/5/2023 7:15,81.67
6/5/2023 7:30,81.67
6/5/2023 7:45,81.58
6/5/2023 8:00,81.45
6/5/2023 8:15,80.94
6/5/2023 8:30,80.44
6/5/2023 8:45,80.22
6/5/2023 9:00,80.06
6/5/2023 9:15,79.99
6/5/2023 9:30,79.99
6/5/2023 9:45,79.5
6/5/2023 10:00,80.06
6/5/2023 10:15,79.5
6/5/2023 10:30,79.43
6/5/2023 10:45,78.93
6/5/2023 11:00,78.93
6/5/2023 11:15,78.93
6/5/2023 11:30,79.13
6/5/2023 11:45,79.13
6/5/2023 12:00,79.13
6/5/2023 12:15,79.28
6/5/2023 12:30,79.15
6/5/2023 12:45,79.28
6/5/2023 13:00,79.15
6/5/2023 13:15,79.23
6/5/2023 13:30,79.28
6/5/2023 13:45,79.28
6/5/2023 14:00,79.28
6/5/2023 14:15,79.31
6/5/2023 14:30,79.31
6/5/2023 14:45,79.31
6/5/2023 15:00,79.28
6/5/2023 15:15,79.28
6/5/2023 15:30,79.23
6/5/2023 15:45,79.23
6/5/2023 16:00,79.18
6/5/2023 16:15,79.13
6/5/2023 16:30,79.13
6/5/2023 16:45,79.08
6/5/2023 17:00,79
6/5/2023 17:15,78.91
6/5/2023 17:30,78.91
6/5/2023 17:45,78.91
6/5/2023 18:00,78.96
6/5/2023 18:15,78.96
6/5/2023 18:30,78.96
6/5/2023 18:45,78.96
6/5/2023 19:00,79.04
6/5/2023 19:15,79.04
6/5/2023 19:30,79.04
6/5/2023 19:45,79.28
6/5/2023 20:00,79.35
6/5/2023 20:15,79.44
6/5/2023 20:30,79.72
6/5/2023 20:45,80
6/5/2023 21:00,80.15
6/5/2023 21:15,80.38
6/5/2023 21:30,80.59
6/5/2023 21:45,80.68
6/5/2023 22:00,80.74
6/5/2023 22:15,80.84
6/5/2023 22:30,80.84
6/5/2023 22:45,80.99
6/5/2023 23:00,80.84
6/5/2023 23:15,80.99
6/5/2023 23:30,81.08
6/5/2023 23:45,81.08
6/6/2023 0:00,81.08
6/6/2023 0:15,80.99
6/6/2023 0:30,80.99
6/6/2023 0:45,81.08
6/6/2023 1:00,81.08
6/6/2023 1:15,81.08
6/6/2023 1:30,81.08
6/6/2023 1:45,81.03
6/6/2023 2:00,80.95
6/6/2023 2:15,80.95
6/6/2023 2:30,80.95
6/6/2023 2:45,80.95
6/6/2023 3:00,80.94
6/6/2023 3:15,80.94
6/6/2023 3:30,80.94
6/6/2023 3:45,80.91
6/6/2023 4:00,80.94
6/6/2023 4:15,80.91
6/6/2023 4:30,80.85
6/6/2023 4:45,80.85
6/6/2023 5:00,80.8
6/6/2023 5:15,80.8
6/6/2023 5:30,80.78
6/6/2023 5:45,80.72
6/6/2023 6:00,80.67
6/6/2023 6:15,80.67
6/6/2023 6:30,80.52
6/6/2023 6:45,80.14
6/6/2023 7:00,79.86
6/6/2023 7:15,79.77
6/6/2023 7:30,79.77
6/6/2023 7:45,79.77
6/6/2023 8:00,79.64
6/6/2023 8:15,79.59
6/6/2023 8:30,79.57
6/6/2023 8:45,79.4
6/6/2023 9:00,79.24
6/6/2023 9:15,78.94
6/6/2023 9:30,78.94
6/6/2023 9:45,78.94
6/6/2023 10:00,78.55
6/6/2023 10:15,78.55
6/6/2023 10:30,78.4
6/6/2023 10:45,78.27
6/6/2023 11:00,78.27
6/6/2023 11:15,78.27
6/6/2023 11:30,78.27
6/6/2023 11:45,77.99
6/6/2023 12:00,77.99
6/6/2023 12:15,77.56
6/6/2023 12:30,77.31
6/6/2023 12:45,77.22
6/6/2023 13:00,77.22
6/6/2023 13:15,77.47
6/6/2023 13:30,77.45
6/6/2023 13:45,77.65
6/6/2023 14:00,77.3
6/6/2023 14:15,77.09
6/6/2023 14:30,76.85
6/6/2023 14:45,76.53
6/6/2023 15:00,76.37
6/6/2023 15:15,76.37
6/6/2023 15:30,76.37
6/6/2023 15:45,76.37
6/6/2023 16:00,76.27
6/6/2023 16:15,76.27
6/6/2023 16:30,76.27
6/6/2023 16:45,76.24
6/6/2023 17:00,76.24
6/6/2023 17:15,76.29
6/6/2023 17:30,76.37
6/6/2023 17:45,76.43
6/6/2023 18:00,76.43
6/6/2023 18:15,76.43
6/6/2023 18:30,76.44
6/6/2023 18:45,76.44
6/6/2023 19:00,76.54
6/6/2023 19:15,76.89
6/6/2023 19:30,77.54
6/6/2023 19:45,78.38
6/6/2023 20:00,79.68
6/6/2023 20:15,80.6
6/6/2023 20:30,80.85
6/6/2023 20:45,81.29
6/6/2023 21:00,81.62
6/6/2023 21:15,81.62
6/6/2023 21:30,81.62
6/6/2023 21:45,81.81
6/6/2023 22:00,81.81
6/6/2023 22:15,81.81
6/6/2023 22:30,81.81
6/6/2023 22:45,81.81
6/6/2023 23:00,81.86
6/6/2023 23:15,81.66
6/6/2023 23:30,81.66
6/6/2023 23:45,81.53
6/7/2023 0:00,81.53
6/7/2023 0:15,81.3
6/7/2023 0:30,81.3
6/7/2023 0:45,81.3
6/7/2023 1:00,81.06
6/7/2023 1:15,81.07
6/7/2023 1:30,81.07
6/7/2023 1:45,81.07
6/7/2023 2:00,81.04
6/7/2023 2:15,81.07
6/7/2023 2:30,81.07
6/7/2023 2:45,81.07
6/7/2023 3:00,81.16
6/7/2023 3:15,81.14
6/7/2023 3:30,81.14
6/7/2023 3:45,81.14
6/7/2023 4:00,80.89
6/7/2023 4:15,81.14
6/7/2023 4:30,81.39
6/7/2023 4:45,81.39
6/7/2023 5:00,81.14
6/7/2023 5:15,81.14
6/7/2023 5:30,80.89
6/7/2023 5:45,80.69
6/7/2023 6:00,80.48
6/7/2023 6:15,80.15
6/7/2023 6:30,79.72
6/7/2023 6:45,79.45
6/7/2023 7:00,79.72
6/7/2023 7:15,79.4
6/7/2023 7:30,79.31
6/7/2023 7:45,79.11
6/7/2023 8:00,78.96
6/7/2023 8:15,78.93
6/7/2023 8:30,78.93
6/7/2023 8:45,78.89
6/7/2023 9:00,78.72
6/7/2023 9:15,78.72
6/7/2023 9:30,78.37
6/7/2023 9:45,78.72
6/7/2023 10:00,78.37
6/7/2023 10:15,78.37
6/7/2023 10:30,78.12
6/7/2023 10:45,78.04
6/7/2023 11:00,78.04
6/7/2023 11:15,78.12
6/7/2023 11:30,78.12
6/7/2023 11:45,78.12
6/7/2023 12:00,78.04
6/7/2023 12:15,78.04
6/7/2023 12:30,78.04
6/7/2023 12:45,77.89
6/7/2023 13:00,77.89
6/7/2023 13:15,77.73
6/7/2023 13:30,77.66
6/7/2023 13:45,77.49
6/7/2023 14:00,77.49
6/7/2023 14:15,77.3
6/7/2023 14:30,77.3
6/7/2023 14:45,77.12
6/7/2023 15:00,76.9
6/7/2023 15:15,76.8
6/7/2023 15:30,76.8
6/7/2023 15:45,76.64
6/7/2023 16:00,76.6
6/7/2023 16:15,76.6
6/7/2023 16:30,76.6
6/7/2023 16:45,76.4
6/7/2023 17:00,76.4
6/7/2023 17:15,76.52
6/7/2023 17:30,76.21
6/7/2023 17:45,76.21
6/7/2023 18:00,76.01
6/7/2023 18:15,76.21
6/7/2023 18:30,76.21
6/7/2023 18:45,76.52
6/7/2023 19:00,76.52
6/7/2023 19:15,76.8
6/7/2023 19:30,76.9
6/7/2023 19:45,76.93
6/7/2023 20:00,76.96
6/7/2023 20:15,77.03
6/7/2023 20:30,77.26
6/7/2023 20:45,77.41
6/7/2023 21:00,77.6
6/7/2023 21:15,77.51
6/7/2023 21:30,77.68
6/7/2023 21:45,77.93
6/7/2023 22:00,78.2
6/7/2023 22:15,78.34
6/7/2023 22:30,78.45
6/7/2023 22:45,78.61
6/7/2023 23:00,78.73
6/7/2023 23:15,78.95
6/7/2023 23:30,79.18
6/7/2023 23:45,79.25
6/8/2023 0:00,79.25
6/8/2023 0:15,79.25
6/8/2023 0:30,79.25
6/8/2023 0:45,79.25
6/8/2023 1:00,79.58
6/8/2023 1:15,79.58
6/8/2023 1:30,79.58
6/8/2023 1:45,79.58
6/8/2023 2:00,79.95
6/8/2023 2:15,80.19
6/8/2023 2:30,80.04
6/8/2023 2:45,80.19
6/8/2023 3:00,80.24
6/8/2023 3:15,80.09
6/8/2023 3:30,80.04
6/8/2023 3:45,79.94
6/8/2023 4:00,79.6
6/8/2023 4:15,79.6
6/8/2023 4:30,79.2
6/8/2023 4:45,79.2
6/8/2023 5:00,79.6
6/8/2023 5:15,79.2
6/8/2023 5:30,79.14
6/8/2023 5:45,79.14
6/8/2023 6:00,78.9
6/8/2023 6:15,78.87
6/8/2023 6:30,78.64
6/8/2023 6:45,78.86
6/8/2023 7:00,78.64
6/8/2023 7:15,78.39
6/8/2023 7:30,78.35
6/8/2023 7:45,78.31
6/8/2023 8:00,78.16
6/8/2023 8:15,78.03
6/8/2023 8:30,77.81
6/8/2023 8:45,77.81
6/8/2023 9:00,77.81
6/8/2023 9:15,77.47
6/8/2023 9:30,77.28
6/8/2023 9:45,77.21
6/8/2023 10:00,77.17
6/8/2023 10:15,77.11
6/8/2023 10:30,77.02
6/8/2023 10:45,76.96
6/8/2023 11:00,76.37
6/8/2023 11:15,75.84
6/8/2023 11:30,75.84
6/8/2023 11:45,75.77
6/8/2023 12:00,75.7
6/8/2023 12:15,75.7
6/8/2023 12:30,75.64
6/8/2023 12:45,75.64
6/8/2023 13:00,75.43
6/8/2023 13:15,75.24
6/8/2023 13:30,75.19
6/8/2023 13:45,75.09
6/8/2023 14:00,74.91
6/8/2023 14:15,74.91
6/8/2023 14:30,74.88
6/8/2023 14:45,74.76
6/8/2023 15:00,74.77
6/8/2023 15:15,74.76
6/8/2023 15:30,74.65
6/8/2023 15:45,74.65
6/8/2023 16:00,74.65
6/8/2023 16:15,74.5
6/8/2023 16:30,74.5
6/8/2023 16:45,74.45
6/8/2023 17:00,74.41
6/8/2023 17:15,74.37
6/8/2023 17:30,74.37
6/8/2023 17:45,74.35
6/8/2023 18:00,74.35
6/8/2023 18:15,74.35
6/8/2023 18:30,74.37
6/8/2023 18:45,74.41
6/8/2023 19:00,74.41
6/8/2023 19:15,74.41
6/8/2023 19:30,74.41
6/8/2023 19:45,74.48
6/8/2023 20:00,74.48
6/8/2023 20:15,74.63
6/8/2023 20:30,74.75
6/8/2023 20:45,74.75
6/8/2023 21:00,75.08
6/8/2023 21:15,75.42
6/8/2023 21:30,75.46
6/8/2023 21:45,75.46
6/8/2023 22:00,75.49
6/8/2023 22:15,75.74
6/8/2023 22:30,75.98
6/8/2023 22:45,76.09
6/8/2023 23:00,76.2
6/8/2023 23:15,76.2
6/8/2023 23:30,76.28
6/8/2023 23:45,76.42
6/9/2023 0:00,76.48
6/9/2023 0:15,76.58
6/9/2023 0:30,76.93
6/9/2023 0:45,77.27
6/9/2023 1:00,77.38
6/9/2023 1:15,77.55
6/9/2023 1:30,77.73
6/9/2023 1:45,77.73
6/9/2023 2:00,77.73
6/9/2023 2:15,77.55
6/9/2023 2:30,77.55
6/9/2023 2:45,77.67
6/9/2023 3:00,77.73
6/9/2023 3:15,77.73
6/9/2023 3:30,77.83
6/9/2023 3:45,78.07
6/9/2023 4:00,78.35
6/9/2023 4:15,78.48
6/9/2023 4:30,78.85
6/9/2023 4:45,79.3
6/9/2023 5:00,79.3
6/9/2023 5:15,79.3
6/9/2023 5:30,79.3
6/9/2023 5:45,78.99
6/9/2023 6:00,78.48
6/9/2023 6:15,78.35
6/9/2023 6:30,78.05
6/9/2023 6:45,77.63
6/9/2023 7:00,77.55
6/9/2023 7:15,77.55
6/9/2023 7:30,77.55
6/9/2023 7:45,77.42
6/9/2023 8:00,77.18
6/9/2023 8:15,77
6/9/2023 8:30,76.86
6/9/2023 8:45,76.72
6/9/2023 9:00,76.36
6/9/2023 9:15,75.94
6/9/2023 9:30,75.93
6/9/2023 9:45,75.88
6/9/2023 10:00,75.85
6/9/2023 10:15,75.8
6/9/2023 10:30,75.8
6/9/2023 10:45,75.69
6/9/2023 11:00,75.58
6/9/2023 11:15,75.58
6/9/2023 11:30,75.51
6/9/2023 11:45,75.42
6/9/2023 12:00,75.34
6/9/2023 12:15,75.25
6/9/2023 12:30,75.08
6/9/2023 12:45,74.91
6/9/2023 13:00,74.85
6/9/2023 13:15,74.8
6/9/2023 13:30,74.8
6/9/2023 13:45,74.81
6/9/2023 14:00,74.78
6/9/2023 14:15,74.72
6/9/2023 14:30,74.67
6/9/2023 14:45,74.69
6/9/2023 15:00,74.67
6/9/2023 15:15,74.5
6/9/2023 15:30,74.35
6/9/2023 15:45,74.35
6/9/2023 16:00,74.3
6/9/2023 16:15,74.09
6/9/2023 16:30,73.74
6/9/2023 16:45,73.64
6/9/2023 17:00,73.83
6/9/2023 17:15,73.83
6/9/2023 17:30,73.83
6/9/2023 17:45,73.83
6/9/2023 18:00,73.64
6/9/2023 18:15,73.64
6/9/2023 18:30,73.68
6/9/2023 18:45,73.59
6/9/2023 19:00,73.59
6/9/2023 19:15,73.68
6/9/2023 19:30,73.9
6/9/2023 19:45,73.9
6/9/2023 20:00,74.16
6/9/2023 20:15,74.25
6/9/2023 20:30,74.26
6/9/2023 20:45,74.26
6/9/2023 21:00,74.47
6/9/2023 21:15,74.73
6/9/2023 21:30,74.89
6/9/2023 21:45,75.1
6/9/2023 22:00,75.1
6/9/2023 22:15,75.26
6/9/2023 22:30,75.26
6/9/2023 22:45,75.32
6/9/2023 23:00,75.33
6/9/2023 23:15,75.33
6/9/2023 23:30,75.34
6/9/2023 23:45,75.34
6/10/2023 0:00,75.34
6/10/2023 0:15,75.33
6/10/2023 0:30,75.34
6/10/2023 0:45,75.49
6/10/2023 1:00,75.49
6/10/2023 1:15,75.66
6/10/2023 1:30,75.66
6/10/2023 1:45,75.66
6/10/2023 2:00,75.66
6/10/2023 2:15,75.66
6/10/2023 2:30,75.66
6/10/2023 2:45,75.66
6/10/2023 3:00,75.98
6/10/2023 3:15,76.32
6/10/2023 3:30,76.39
6/10/2023 3:45,76.4
6/10/2023 4:00,76.4
6/10/2023 4:15,76.6
6/10/2023 4:30,76.87
6/10/2023 4:45,76.87
6/10/2023 5:00,76.98
6/10/2023 5:15,76.98
6/10/2023 5:30,76.98
6/10/2023 5:45,76.98
6/10/2023 6:00,76.87
6/10/2023 6:15,76.87
6/10/2023 6:30,76.78
6/10/2023 6:45,76.63
6/10/2023 7:00,76.45
6/10/2023 7:15,76.4
6/10/2023 7:30,76.39
6/10/2023 7:45,76.26
6/10/2023 8:00,76.07
6/10/2023 8:15,75.93
6/10/2023 8:30,75.53
6/10/2023 8:45,75.1
6/10/2023 9:00,74.99
6/10/2023 9:15,74.93
6/10/2023 9:30,74.93
6/10/2023 9:45,74.78
6/10/2023 10:00,74.68
6/10/2023 10:15,74.68
6/10/2023 10:30,74.61
6/10/2023 10:45,74.35
6/10/2023 11:00,74.11
6/10/2023 11:15,74.05
6/10/2023 11:30,74.05
6/10/2023 11:45,74.05
6/10/2023 12:00,74
6/10/2023 12:15,73.85
6/10/2023 12:30,73.75
6/10/2023 12:45,73.73
6/10/2023 13:00,73.64
6/10/2023 13:15,73.48
6/10/2023 13:30,73.35
6/10/2023 13:45,73.17
6/10/2023 14:00,72.97
6/10/2023 14:15,72.97
6/10/2023 14:30,72.84
6/10/2023 14:45,72.84
6/10/2023 15:00,72.78
6/10/2023 15:15,72.68
6/10/2023 15:30,72.69
6/10/2023 15:45,72.69
6/10/2023 16:00,72.69
6/10/2023 16:15,72.78
6/10/2023 16:30,72.69
6/10/2023 16:45,72.69
6/10/2023 17:00,72.62
6/10/2023 17:15,72.78
6/10/2023 17:30,72.78
6/10/2023 17:45,72.62
6/10/2023 18:00,72.62
6/10/2023 18:15,72.78
6/10/2023 18:30,72.78
6/10/2023 18:45,72.92
6/10/2023 19:00,72.96
6/10/2023 19:15,72.96
6/10/2023 19:30,73.05
6/10/2023 19:45,73.11
6/10/2023 20:00,73.15
6/10/2023 20:15,73.21
6/10/2023 20:30,73.28
6/10/2023 20:45,73.32
6/10/2023 21:00,73.48
6/10/2023 21:15,73.68
6/10/2023 21:30,73.79
6/10/2023 21:45,73.79
6/10/2023 22:00,73.79
6/10/2023 22:15,73.87
6/10/2023 22:30,74.14
6/10/2023 22:45,74.44
6/10/2023 23:00,74.6
6/10/2023 23:15,74.72
6/10/2023 23:30,74.77
6/10/2023 23:45,74.84
6/11/2023 0:00,74.89
6/11/2023 0:15,74.89
6/11/2023 0:30,75.04
6/11/2023 0:45,75.37
6/11/2023 1:00,75.61
6/11/2023 1:15,75.71
6/11/2023 1:30,75.74
6/11/2023 1:45,75.74
6/11/2023 2:00,75.94
6/11/2023 2:15,76.03
6/11/2023 2:30,76.18
6/11/2023 2:45,76.42
6/11/2023 3:00,76.68
6/11/2023 3:15,76.68
6/11/2023 3:30,76.83
6/11/2023 3:45,76.98
6/11/2023 4:00,76.98
6/11/2023 4:15,77.05
6/11/2023 4:30,77.27
6/11/2023 4:45,77.27
6/11/2023 5:00,77.27
6/11/2023 5:15,77.27
6/11/2023 5:30,77.27
6/11/2023 5:45,77.27
6/11/2023 6:00,76.98
6/11/2023 6:15,76.44
6/11/2023 6:30,76.44
6/11/2023 6:45,76.07
6/11/2023 7:00,75.99
6/11/2023 7:15,75.97
6/11/2023 7:30,75.83
6/11/2023 7:45,75.53
6/11/2023 8:00,75.27
6/11/2023 8:15,75.17
6/11/2023 8:30,74.96
6/11/2023 8:45,74.77
6/11/2023 9:00,74.69
6/11/2023 9:15,74.57
6/11/2023 9:30,74.54
6/11/2023 9:45,74.46
6/11/2023 10:00,74.31
6/11/2023 10:15,73.97
6/11/2023 10:30,73.73
6/11/2023 10:45,73.69
6/11/2023 11:00,73.62
6/11/2023 11:15,73.56
6/11/2023 11:30,73.56
6/11/2023 11:45,73.56
6/11/2023 12:00,73.43
6/11/2023 12:15,73.23
6/11/2023 12:30,73
6/11/2023 12:45,73
6/11/2023 13:00,72.73
6/11/2023 13:15,72.79
6/11/2023 13:30,72.64
6/11/2023 13:45,72.64
6/11/2023 14:00,72.51
6/11/2023 14:15,72.51
6/11/2023 14:30,72.51
6/11/2023 14:45,72.47
6/11/2023 15:00,72.44
6/11/2023 15:15,72.57
6/11/2023 15:30,72.39
6/11/2023 15:45,72.45
6/11/2023 16:00,72.45
6/11/2023 16:15,72.57
6/11/2023 16:30,72.57
6/11/2023 16:45,72.47
6/11/2023 17:00,72.47
6/11/2023 17:15,72.47
6/11/2023 17:30,72.47
6/11/2023 17:45,72.47
6/11/2023 18:00,72.57
6/11/2023 18:15,72.47
6/11/2023 18:30,72.57
6/11/2023 18:45,72.57
6/11/2023 19:00,72.7
6/11/2023 19:15,72.7
6/11/2023 19:30,72.8
6/11/2023 19:45,72.83
6/11/2023 20:00,72.83
6/11/2023 20:15,72.83
6/11/2023 20:30,72.83
6/11/2023 20:45,72.9
6/11/2023 21:00,73.09
6/11/2023 21:15,73.09
6/11/2023 21:30,73.28
6/11/2023 21:45,73.37
6/11/2023 22:00,73.48
6/11/2023 22:15,73.6
6/11/2023 22:30,73.67
6/11/2023 22:45,73.68
6/11/2023 23:00,73.84
6/11/2023 23:15,73.84
6/11/2023 23:30,74
6/11/2023 23:45,74
6/12/2023 0:00,74.18
6/12/2023 0:15,74.5
6/12/2023 0:30,74.5
6/12/2023 0:45,74.68
6/12/2023 1:00,74.82
6/12/2023 1:15,74.96
6/12/2023 1:30,75.05
6/12/2023 1:45,75.1
6/12/2023 2:00,75.1
6/12/2023 2:15,75.19
6/12/2023 2:30,75.19
6/12/2023 2:45,75.19
6/12/2023 3:00,75.19
6/12/2023 3:15,75.32
6/12/2023 3:30,75.48
6/12/2023 3:45,75.62
6/12/2023 4:00,75.62
6/12/2023 4:15,75.62
6/12/2023 4:30,75.73
6/12/2023 4:45,76.01
6/12/2023 5:00,76.13
6/12/2023 5:15,76.13
6/12/2023 5:30,76.13
6/12/2023 5:45,76.25
6/12/2023 6:00,76.25
6/12/2023 6:15,76.25
6/12/2023 6:30,76.25
6/12/2023 6:45,76.13
6/12/2023 7:00,76.13
6/12/2023 7:15,76.13
6/12/2023 7:30,76.13
6/12/2023 7:45,76.13
6/12/2023 8:00,75.89
6/12/2023 8:15,75.56
6/12/2023 8:30,75.56
6/12/2023 8:45,75.56
6/12/2023 9:00,75.33
6/12/2023 9:15,75.3
6/12/2023 9:30,75.11
6/12/2023 9:45,74.96
6/12/2023 10:00,74.96
6/12/2023 10:15,74.91
6/12/2023 10:30,74.69
6/12/2023 10:45,74.69
6/12/2023 11:00,74.4
6/12/2023 11:15,74.26
6/12/2023 11:30,74.05
6/12/2023 11:45,73.9
6/12/2023 12:00,73.88
6/12/2023 12:15,73.77
6/12/2023 12:30,73.7
6/12/2023 12:45,73.51
6/12/2023 13:00,73.49
6/12/2023 13:15,73.38
6/12/2023 13:30,73.17
6/12/2023 13:45,73
6/12/2023 14:00,72.8
6/12/2023 14:15,72.8
6/12/2023 14:30,72.83
6/12/2023 14:45,72.61
6/12/2023 15:00,72.61
6/12/2023 15:15,72.53
6/12/2023 15:30,72.39
6/12/2023 15:45,72.19
6/12/2023 16:00,72.12
6/12/2023 16:15,72
6/12/2023 16:30,72.12
6/12/2023 16:45,72
6/12/2023 17:00,71.98
6/12/2023 17:15,71.77
6/12/2023 17:30,71.65
6/12/2023 17:45,71.65
6/12/2023 18:00,71.57
6/12/2023 18:15,71.57
6/12/2023 18:30,71.73
6/12/2023 18:45,71.73
6/12/2023 19:00,71.99
6/12/2023 19:15,72.14
6/12/2023 19:30,72.14
6/12/2023 19:45,72.2
6/12/2023 20:00,72.2
6/12/2023 20:15,72.22
6/12/2023 20:30,72.36
6/12/2023 20:45,72.49
6/12/2023 21:00,72.64
6/12/2023 21:15,73.1
6/12/2023 21:30,73.51
6/12/2023 21:45,73.53
6/12/2023 22:00,73.66
6/12/2023 22:15,73.79
6/12/2023 22:30,73.88
6/12/2023 22:45,73.96
6/12/2023 23:00,74.14
6/12/2023 23:15,74.35
6/12/2023 23:30,74.35
6/12/2023 23:45,74.35
6/13/2023 0:00,74.43
6/13/2023 0:15,74.43
6/13/2023 0:30,74.5
6/13/2023 0:45,74.57
6/13/2023 1:00,74.66
6/13/2023 1:15,74.69
6/13/2023 1:30,74.81
6/13/2023 1:45,74.7
6/13/2023 2:00,74.82
6/13/2023 2:15,74.94
6/13/2023 2:30,74.94
6/13/2023 2:45,75.05
6/13/2023 3:00,75.2
6/13/2023 3:15,75.55
6/13/2023 3:30,75.82
6/13/2023 3:45,75.82
6/13/2023 4:00,76.03
6/13/2023 4:15,76.34
6/13/2023 4:30,76.58
6/13/2023 4:45,76.58
6/13/2023 5:00,76.58
6/13/2023 5:15,76.58
6/13/2023 5:30,76.58
6/13/2023 5:45,76.58
6/13/2023 6:00,76.58
6/13/2023 6:15,76.34
6/13/2023 6:30,76.03
6/13/2023 6:45,76.03
6/13/2023 7:00,75.81
6/13/2023 7:15,75.65
6/13/2023 7:30,75.53
6/13/2023 7:45,75.41
6/13/2023 8:00,75.39
6/13/2023 8:15,75.29
6/13/2023 8:30,75.11
6/13/2023 8:45,74.92
6/13/2023 9:00,74.92
6/13/2023 9:15,74.79
6/13/2023 9:30,74.68
6/13/2023 9:45,74.68
6/13/2023 10:00,74.56
6/13/2023 10:15,74.34
6/13/2023 10:30,74.11
6/13/2023 10:45,74.03
6/13/2023 11:00,73.94
6/13/2023 11:15,73.82
6/13/2023 11:30,73.66
6/13/2023 11:45,73.46
6/13/2023 12:00,73.37
6/13/2023 12:15,73
6/13/2023 12:30,72.51
6/13/2023 12:45,72.09
6/13/2023 13:00,71.98
6/13/2023 13:15,71.89
6/13/2023 13:30,71.89
6/13/2023 13:45,71.89
6/13/2023 14:00,71.57
6/13/2023 14:15,71.57
6/13/2023 14:30,71.35
6/13/2023 14:45,71.32
6/13/2023 15:00,71.24
6/13/2023 15:15,71.18
6/13/2023 15:30,71.17
6/13/2023 15:45,71.17
6/13/2023 16:00,71.17
6/13/2023 16:15,71.17
6/13/2023 16:30,71.17
6/13/2023 16:45,71.17
6/13/2023 17:00,71.27
6/13/2023 17:15,71.34
6/13/2023 17:30,71.34
6/13/2023 17:45,71.34
6/13/2023 18:00,71.34
6/13/2023 18:15,71.34
6/13/2023 18:30,71.34
6/13/2023 18:45,71.34
6/13/2023 19:00,71.34
6/13/2023 19:15,71.34
6/13/2023 19:30,71.39
6/13/2023 19:45,71.39
6/13/2023 20:00,71.54
6/13/2023 20:15,71.86
6/13/2023 20:30,72.3
6/13/2023 20:45,72.56
6/13/2023 21:00,72.69
6/13/2023 21:15,72.91
6/13/2023 21:30,73.1
6/13/2023 21:45,73.18
6/13/2023 22:00,73.38
6/13/2023 22:15,73.6
6/13/2023 22:30,73.67
6/13/2023 22:45,73.84
6/13/2023 23:00,73.88
6/13/2023 23:15,74.2
6/13/2023 23:30,74.2
6/13/2023 23:45,74.41
6/14/2023 0:00,74.25
6/14/2023 0:15,74.41
6/14/2023 0:30,74.55
6/14/2023 0:45,74.61
6/14/2023 1:00,74.66
6/14/2023 1:15,74.7
6/14/2023 1:30,74.73
6/14/2023 1:45,74.73
6/14/2023 2:00,74.73
6/14/2023 2:15,74.73
6/14/2023 2:30,74.73
6/14/2023 2:45,74.73
6/14/2023 3:00,74.94
6/14/2023 3:15,74.73
6/14/2023 3:30,74.94
6/14/2023 3:45,75.17
6/14/2023 4:00,74.94
6/14/2023 4:15,74.94
6/14/2023 4:30,74.94
6/14/2023 4:45,74.94
6/14/2023 5:00,74.94
6/14/2023 5:15,75.02
6/14/2023 5:30,74.78
6/14/2023 5:45,74.72
6/14/2023 6:00,74.51
6/14/2023 6:15,74.5
6/14/2023 6:30,74.44
6/14/2023 6:45,74.38
6/14/2023 7:00,74.38
6/14/2023 7:15,74.12
6/14/2023 7:30,73.86
6/14/2023 7:45,73.81
6/14/2023 8:00,73.75
6/14/2023 8:15,73.7
6/14/2023 8:30,73.67
6/14/2023 8:45,73.67
6/14/2023 9:00,73.67
6/14/2023 9:15,73.67
6/14/2023 9:30,73.6
6/14/2023 9:45,73.47
6/14/2023 10:00,73.28
6/14/2023 10:15,72.85
6/14/2023 10:30,72.53
6/14/2023 10:45,72.37
6/14/2023 11:00,72.21
6/14/2023 11:15,72.21
6/14/2023 11:30,72.21
6/14/2023 11:45,72.21
6/14/2023 12:00,72.29
6/14/2023 12:15,72.29
6/14/2023 12:30,72
6/14/2023 12:45,71.7
6/14/2023 13:00,71.7
6/14/2023 13:15,71.55
6/14/2023 13:30,71.52
6/14/2023 13:45,71.4
6/14/2023 14:00,71.34
6/14/2023 14:15,71.34
6/14/2023 14:30,71.07
6/14/2023 14:45,71.07
6/14/2023 15:00,70.65
6/14/2023 15:15,70.4
6/14/2023 15:30,70.4
6/14/2023 15:45,70.4
6/14/2023 16:00,70.65
6/14/2023 16:15,70.4
6/14/2023 16:30,70.4
6/14/2023 16:45,70.31
6/14/2023 17:00,70.31
6/14/2023 17:15,70.31
6/14/2023 17:30,70.31
6/14/2023 17:45,70.31
6/14/2023 18:00,70.31
6/14/2023 18:15,70.31
6/14/2023 18:30,70.31
6/14/2023 18:45,70.31
6/14/2023 19:00,70.59
6/14/2023 19:15,70.9
6/14/2023 19:30,70.94
6/14/2023 19:45,71.01
6/14/2023 20:00,71.11
6/14/2023 20:15,71.2
6/14/2023 20:30,71.25
6/14/2023 20:45,71.26
6/14/2023 21:00,71.26
6/14/2023 21:15,71.33
6/14/2023 21:30,71.33
6/14/2023 21:45,71.41
6/14/2023 22:00,71.61
6/14/2023 22:15,71.8
6/14/2023 22:30,71.61
6/14/2023 22:45,71.8
6/14/2023 23:00,71.79
6/14/2023 23:15,71.81
6/14/2023 23:30,71.79
6/14/2023 23:45,71.81
6/15/2023 0:00,71.96
6/15/2023 0:15,72.06
6/15/2023 0:30,72.06
6/15/2023 0:45,72.06
6/15/2023 1:00,72.06
6/15/2023 1:15,72.06
6/15/2023 1:30,72.12
6/15/2023 1:45,72.12
6/15/2023 2:00,72.12
6/15/2023 2:15,72.12
6/15/2023 2:30,72.12
6/15/2023 2:45,72.12
6/15/2023 3:00,72.12
6/15/2023 3:15,72.12
6/15/2023 3:30,72.21
6/15/2023 3:45,72.42
6/15/2023 4:00,72.6
6/15/2023 4:15,72.9
6/15/2023 4:30,72.9
6/15/2023 4:45,72.6
6/15/2023 5:00,72.42
6/15/2023 5:15,72.42
6/15/2023 5:30,72.42
6/15/2023 5:45,72.42
6/15/2023 6:00,72.52
6/15/2023 6:15,72.6
6/15/2023 6:30,72.6
6/15/2023 6:45,72.6
6/15/2023 7:00,72.71
6/15/2023 7:15,72.6
6/15/2023 7:30,72.58
6/15/2023 7:45,72.58
6/15/2023 8:00,72.58
6/15/2023 8:15,72.58
6/15/2023 8:30,72.47
6/15/2023 8:45,72.32
6/15/2023 9:00,72.25
6/15/2023 9:15,72.06
6/15/2023 9:30,72.06
6/15/2023 9:45,71.98
6/15/2023 10:00,71.89
6/15/2023 10:15,71.89
6/15/2023 10:30,72.1
6/15/2023 10:45,72.1
6/15/2023 11:00,71.89
6/15/2023 11:15,71.77
6/15/2023 11:30,71.7
6/15/2023 11:45,71.62
6/15/2023 12:00,71.46
6/15/2023 12:15,71.46
6/15/2023 12:30,71.29
6/15/2023 12:45,71.03
6/15/2023 13:00,70.78
6/15/2023 13:15,70.78
6/15/2023 13:30,70.58
6/15/2023 13:45,70.34
6/15/2023 14:00,70.28
6/15/2023 14:15,70.22
6/15/2023 14:30,70.15
6/15/2023 14:45,69.96
6/15/2023 15:00,69.71
6/15/2023 15:15,69.82
6/15/2023 15:30,69.82
6/15/2023 15:45,69.82
6/15/2023 16:00,69.82
6/15/2023 16:15,69.71
6/15/2023 16:30,69.71
6/15/2023 16:45,69.71
6/15/2023 17:00,69.71
6/15/2023 17:15,69.82
6/15/2023 17:30,69.66
6/15/2023 17:45,69.66
6/15/2023 18:00,69.82
6/15/2023 18:15,69.82
6/15/2023 18:30,69.82
6/15/2023 18:45,69.94
6/15/2023 19:00,69.96
6/15/2023 19:15,70.04
6/15/2023 19:30,70.11
6/15/2023 19:45,70.16
6/15/2023 20:00,70.2
6/15/2023 20:15,70.28
6/15/2023 20:30,70.28
6/15/2023 20:45,70.28
6/15/2023 21:00,70.36
6/15/2023 21:15,70.41
6/15/2023 21:30,70.57
6/15/2023 21:45,70.57
6/15/2023 22:00,70.74
6/15/2023 22:15,70.8
6/15/2023 22:30,71.12
6/15/2023 22:45,71.18
6/15/2023 23:00,70.9
6/15/2023 23:15,71.2
6/15/2023 23:30,71.51
6/15/2023 23:45,71.67
6/16/2023 0:00,71.72
6/16/2023 0:15,71.72
6/16/2023 0:30,71.77
6/16/2023 0:45,71.77
6/16/2023 1:00,71.84
6/16/2023 1:15,71.77
6/16/2023 1:30,71.72
6/16/2023 1:45,71.72
6/16/2023 2:00,71.77
6/16/2023 2:15,71.84
6/16/2023 2:30,71.93
6/16/2023 2:45,71.93
6/16/2023 3:00,72
6/16/2023 3:15,72.17
6/16/2023 3:30,72.17
6/16/2023 3:45,72.23
6/16/2023 4:00,72.32
6/16/2023 4:15,72.41
6/16/2023 4:30,72.41
6/16/2023 4:45,72.41
6/16/2023 5:00,72.62
6/16/2023 5:15,72.41
6/16/2023 5:30,72.54
6/16/2023 5:45,72.54
6/16/2023 6:00,72.54
6/16/2023 6:15,72.54
6/16/2023 6:30,72.54
6/16/2023 6:45,72.37
6/16/2023 7:00,72.17
6/16/2023 7:15,72.06
6/16/2023 7:30,71.95
6/16/2023 7:45,71.88
6/16/2023 8:00,71.88
6/16/2023 8:15,71.88
6/16/2023 8:30,71.95
6/16/2023 8:45,71.88
6/16/2023 9:00,71.84
6/16/2023 9:15,71.61
6/16/2023 9:30,71.32
6/16/2023 9:45,71.32
6/16/2023 10:00,71.21
6/16/2023 10:15,71.18
6/16/2023 10:30,71.08
6/16/2023 10:45,70.95
6/16/2023 11:00,70.76
6/16/2023 11:15,70.58
6/16/2023 11:30,70.48
6/16/2023 11:45,70.38
6/16/2023 12:00,70.25
6/16/2023 12:15,70.05
6/16/2023 12:30,70
6/16/2023 12:45,69.85
6/16/2023 13:00,69.78
6/16/2023 13:15,69.71
6/16/2023 13:30,69.62
6/16/2023 13:45,69.38
6/16/2023 14:00,69.33
6/16/2023 14:15,69.22
6/16/2023 14:30,69.11
6/16/2023 14:45,68.95
6/16/2023 15:00,68.95
6/16/2023 15:15,68.86
6/16/2023 15:30,68.86
6/16/2023 15:45,68.86
6/16/2023 16:00,68.87
6/16/2023 16:15,68.87
6/16/2023 16:30,68.92
6/16/2023 16:45,68.98
6/16/2023 17:00,68.83
6/16/2023 17:15,68.98
6/16/2023 17:30,68.98
6/16/2023 17:45,69.07
6/16/2023 18:00,68.93
6/16/2023 18:15,68.93
6/16/2023 18:30,68.83
6/16/2023 18:45,68.83
6/16/2023 19:00,68.82
6/16/2023 19:15,68.81
6/16/2023 19:30,68.83
6/16/2023 19:45,68.93
6/16/2023 20:00,68.93
6/16/2023 20:15,69.07
6/16/2023 20:30,69.07
6/16/2023 20:45,69.16
6/16/2023 21:00,69.32
6/16/2023 21:15,69.49
6/16/2023 21:30,69.53
6/16/2023 21:45,69.55
6/16/2023 22:00,69.62
6/16/2023 22:15,69.78
6/16/2023 22:30,69.78
6/16/2023 22:45,69.89
6/16/2023 23:00,69.98
6/16/2023 23:15,70.31
6/16/2023 23:30,70.62
6/16/2023 23:45,70.76
6/17/2023 0:00,70.89
6/17/2023 0:15,71.32
6/17/2023 0:30,71.78
6/17/2023 0:45,71.84
6/17/2023 1:00,72
6/17/2023 1:15,72.23
6/17/2023 1:30,72.23
6/17/2023 1:45,72.35
6/17/2023 2:00,72.44
6/17/2023 2:15,72.44
6/17/2023 2:30,72.55
6/17/2023 2:45,72.55
6/17/2023 3:00,72.72
6/17/2023 3:15,72.88
6/17/2023 3:30,72.72
6/17/2023 3:45,72.88
6/17/2023 4:00,72.92
6/17/2023 4:15,72.92
6/17/2023 4:30,72.93
6/17/2023 4:45,72.93
6/17/2023 5:00,72.84
6/17/2023 5:15,72.92
6/17/2023 5:30,72.92
6/17/2023 5:45,72.84
6/17/2023 6:00,72.73
6/17/2023 6:15,72.56
6/17/2023 6:30,72.56
6/17/2023 6:45,72.56
6/17/2023 7:00,72.47
6/17/2023 7:15,72.47
6/17/2023 7:30,72.35
6/17/2023 7:45,72.19
6/17/2023 8:00,71.99
6/17/2023 8:15,71.8
6/17/2023 8:30,71.8
6/17/2023 8:45,71.66
6/17/2023 9:00,71.54
6/17/2023 9:15,71.54
6/17/2023 9:30,71.48
6/17/2023 9:45,71.48
6/17/2023 10:00,71.44
6/17/2023 10:15,71.38
6/17/2023 10:30,71.14
6/17/2023 10:45,70.84
6/17/2023 11:00,70.75
6/17/2023 11:15,70.6
6/17/2023 11:30,70.67
6/17/2023 11:45,70.52
6/17/2023 12:00,70.32
6/17/2023 12:15,70.32
6/17/2023 12:30,70.32
6/17/2023 12:45,70.15
6/17/2023 13:00,70.04
6/17/2023 13:15,70.03
6/17/2023 13:30,69.87
6/17/2023 13:45,70.03
6/17/2023 14:00,70.03
6/17/2023 14:15,69.87
6/17/2023 14:30,69.87
6/17/2023 14:45,69.87
6/17/2023 15:00,70.03
6/17/2023 15:15,69.83
6/17/2023 15:30,70.03
6/17/2023 15:45,69.83
6/17/2023 16:00,69.63
6/17/2023 16:15,69.84
6/17/2023 16:30,69.63
6/17/2023 16:45,69.63
6/17/2023 17:00,69.63
6/17/2023 17:15,69.52
6/17/2023 17:30,69.52
6/17/2023 17:45,69.52
6/17/2023 18:00,69.52
6/17/2023 18:15,69.52
6/17/2023 18:30,69.52
6/17/2023 18:45,69.52
6/17/2023 19:00,69.42
6/17/2023 19:15,69.52
6/17/2023 19:30,69.42
6/17/2023 19:45,69.35
6/17/2023 20:00,69.35
6/17/2023 20:15,69.39
6/17/2023 20:30,69.39
6/17/2023 20:45,69.39
6/17/2023 21:00,69.66
6/17/2023 21:15,69.66
6/17/2023 21:30,70.11
6/17/2023 21:45,70.37
6/17/2023 22:00,70.48
6/17/2023 22:15,70.68
6/17/2023 22:30,70.72
6/17/2023 22:45,71.1
6/17/2023 23:00,71.1
6/17/2023 23:15,70.72
6/17/2023 23:30,70.72
6/17/2023 23:45,71.1
6/18/2023 0:00,71.46
6/18/2023 0:15,71.51
6/18/2023 0:30,71.51
6/18/2023 0:45,71.51
6/18/2023 1:00,71.47
6/18/2023 1:15,71.51
6/18/2023 1:30,71.51
6/18/2023 1:45,71.66
6/18/2023 2:00,71.81
6/18/2023 2:15,71.64
6/18/2023 2:30,71.64
6/18/2023 2:45,71.64
6/18/2023 3:00,71.64
6/18/2023 3:15,71.64
6/18/2023 3:30,71.81
6/18/2023 3:45,71.88
6/18/2023 4:00,72.02
6/18/2023 4:15,72.02
6/18/2023 4:30,72.22
6/18/2023 4:45,72.22
6/18/2023 5:00,72.38
6/18/2023 5:15,72.38
6/18/2023 5:30,72.38
6/18/2023 5:45,72.38
6/18/2023 6:00,72.38
6/18/2023 6:15,72.54
6/18/2023 6:30,72.38
6/18/2023 6:45,72.22
6/18/2023 7:00,72.5
6/18/2023 7:15,72.5
6/18/2023 7:30,72.17
6/18/2023 7:45,71.96
6/18/2023 8:00,71.86
6/18/2023 8:15,71.52
6/18/2023 8:30,71.3
6/18/2023 8:45,71.17
6/18/2023 9:00,71.05
6/18/2023 9:15,70.97
6/18/2023 9:30,70.77
6/18/2023 9:45,70.61
6/18/2023 10:00,70.48
6/18/2023 10:15,70.32
6/18/2023 10:30,70.22
6/18/2023 10:45,70.1
6/18/2023 11:00,70.06
6/18/2023 11:15,70.06
6/18/2023 11:30,70
6/18/2023 11:45,69.92
6/18/2023 12:00,69.88
6/18/2023 12:15,69.8
6/18/2023 12:30,69.6
6/18/2023 12:45,69.58
6/18/2023 13:00,69.41
6/18/2023 13:15,69.33
6/18/2023 13:30,69.33
6/18/2023 13:45,69.24
6/18/2023 14:00,69.33
6/18/2023 14:15,69.24
6/18/2023 14:30,69.16
6/18/2023 14:45,69.09
6/18/2023 15:00,69.09
6/18/2023 15:15,69.04
6/18/2023 15:30,69.13
6/18/2023 15:45,69.13
6/18/2023 16:00,69.01
6/18/2023 16:15,69.01
6/18/2023 16:30,69.08
6/18/2023 16:45,69.01
6/18/2023 17:00,69.08
6/18/2023 17:15,69.01
6/18/2023 17:30,68.83
6/18/2023 17:45,68.83
6/18/2023 18:00,68.64
6/18/2023 18:15,68.64
6/18/2023 18:30,68.64
6/18/2023 18:45,68.58
6/18/2023 19:00,68.58
6/18/2023 19:15,68.58
6/18/2023 19:30,68.58
6/18/2023 19:45,68.71
6/18/2023 20:00,68.84
6/18/2023 20:15,68.98
6/18/2023 20:30,68.98
6/18/2023 20:45,69.16
6/18/2023 21:00,69.28
6/18/2023 21:15,69.38
6/18/2023 21:30,69.38
6/18/2023 21:45,69.38
6/18/2023 22:00,69.38
6/18/2023 22:15,69.38
6/18/2023 22:30,69.4
6/18/2023 22:45,69.38
6/18/2023 23:00,69.38
6/18/2023 23:15,69.38
6/18/2023 23:30,69.38
6/18/2023 23:45,69.44
6/19/2023 0:00,69.52
6/19/2023 0:15,69.62
6/19/2023 0:30,69.67
6/19/2023 0:45,69.77
6/19/2023 1:00,69.83
6/19/2023 1:15,69.83
6/19/2023 1:30,69.94
6/19/2023 1:45,70.03
6/19/2023 2:00,70.05
6/19/2023 2:15,70.05
6/19/2023 2:30,70.16
6/19/2023 2:45,70.16
6/19/2023 3:00,70.16
6/19/2023 3:15,70.26
6/19/2023 3:30,70.26
6/19/2023 3:45,70.36
6/19/2023 4:00,70.4
6/19/2023 4:15,70.34
6/19/2023 4:30,70.3
6/19/2023 4:45,70.26
6/19/2023 5:00,70.3
6/19/2023 5:15,70.3
6/19/2023 5:30,70.3
6/19/2023 5:45,70.3
6/19/2023 6:00,70.3
6/19/2023 6:15,70.26
6/19/2023 6:30,70.26
6/19/2023 6:45,70.16
6/19/2023 7:00,70.16
6/19/2023 7:15,70.16
6/19/2023 7:30,70.09
6/19/2023 7:45,70.2
6/19/2023 8:00,70.2
6/19/2023 8:15,70.13
6/19/2023 8:30,70.13
6/19/2023 8:45,70.09
6/19/2023 9:00,70.07
6/19/2023 9:15,70.05
6/19/2023 9:30,70.05
6/19/2023 9:45,69.92
6/19/2023 10:00,69.78
6/19/2023 10:15,69.75
6/19/2023 10:30,69.64
6/19/2023 10:45,69.62
6/19/2023 11:00,69.41
6/19/2023 11:15,69.21
6/19/2023 11:30,69.07
6/19/2023 11:45,68.97
6/19/2023 12:00,68.85
6/19/2023 12:15,68.78
6/19/2023 12:30,68.67
6/19/2023 12:45,68.37
6/19/2023 13:00,68.12
6/19/2023 13:15,68.12
6/19/2023 13:30,68.12
6/19/2023 13:45,68.12
6/19/2023 14:00,68.12
6/19/2023 14:15,68.08
6/19/2023 14:30,68.12
6/19/2023 14:45,68.08
6/19/2023 15:00,68.08
6/19/2023 15:15,68.08
6/19/2023 15:30,68.08
6/19/2023 15:45,68.08
6/19/2023 16:00,68.08
6/19/2023 16:15,68.08
6/19/2023 16:30,68.08
6/19/2023 16:45,68.08
6/19/2023 17:00,68.08
6/19/2023 17:15,68.08
6/19/2023 17:30,68.09
6/19/2023 17:45,68.09
6/19/2023 18:00,68.16
6/19/2023 18:15,68.16
6/19/2023 18:30,68.08
6/19/2023 18:45,68.08
6/19/2023 19:00,68.08
6/19/2023 19:15,68.19
6/19/2023 19:30,68.08
6/19/2023 19:45,68.08
6/19/2023 20:00,68.19
6/19/2023 20:15,68.08
6/19/2023 20:30,68.19
6/19/2023 20:45,68.19
6/19/2023 21:00,68.29
6/19/2023 21:15,68.29
6/19/2023 21:30,68.29
6/19/2023 21:45,68.3
6/19/2023 22:00,68.31
6/19/2023 22:15,68.34
6/19/2023 22:30,68.34
6/19/2023 22:45,68.34
6/19/2023 23:00,68.35
6/19/2023 23:15,68.35
6/19/2023 23:30,68.42
6/19/2023 23:45,68.42
6/20/2023 0:00,68.35
6/20/2023 0:15,68.35
6/20/2023 0:30,68.52
6/20/2023 0:45,68.75
6/20/2023 1:00,68.75
6/20/2023 1:15,68.84
6/20/2023 1:30,68.84
6/20/2023 1:45,69.04
6/20/2023 2:00,69.25
6/20/2023 2:15,69.04
6/20/2023 2:30,69.15
6/20/2023 2:45,69.15
6/20/2023 3:00,68.98
6/20/2023 3:15,68.84
6/20/2023 3:30,68.84
6/20/2023 3:45,68.84
6/20/2023 4:00,68.84
6/20/2023 4:15,68.74
6/20/2023 4:30,68.64
6/20/2023 4:45,68.64
6/20/2023 5:00,68.74
6/20/2023 5:15,68.74
6/20/2023 5:30,68.64
6/20/2023 5:45,68.64
6/20/2023 6:00,68.48
6/20/2023 6:15,68.34
6/20/2023 6:30,68.48
6/20/2023 6:45,68.48
6/20/2023 7:00,68.48
6/20/2023 7:15,68.63
6/20/2023 7:30,68.59
6/20/2023 7:45,68.63
6/20/2023 8:00,68.65
6/20/2023 8:15,68.65
6/20/2023 8:30,68.65
6/20/2023 8:45,68.65
6/20/2023 9:00,68.65
6/20/2023 9:15,68.78
6/20/2023 9:30,68.78
6/20/2023 9:45,68.61
6/20/2023 10:00,68.56
6/20/2023 10:15,68.49
6/20/2023 10:30,68.49
6/20/2023 10:45,68.33
6/20/2023 11:00,68.33
6/20/2023 11:15,68.33
6/20/2023 11:30,68.33
6/20/2023 11:45,68.21
6/20/2023 12:00,68.19
6/20/2023 12:15,68.13
6/20/2023 12:30,68.05
6/20/2023 12:45,67.93
6/20/2023 13:00,67.85
6/20/2023 13:15,67.85
6/20/2023 13:30,67.85
6/20/2023 13:45,67.79
6/20/2023 14:00,67.79
6/20/2023 14:15,67.73
6/20/2023 14:30,67.57
6/20/2023 14:45,67.57
6/20/2023 15:00,67.57
6/20/2023 15:15,67.73
6/20/2023 15:30,67.57
6/20/2023 15:45,67.56
6/20/2023 16:00,67.58
6/20/2023 16:15,67.58
6/20/2023 16:30,67.58
6/20/2023 16:45,67.58
6/20/2023 17:00,67.58
6/20/2023 17:15,67.79
6/20/2023 17:30,67.74
6/20/2023 17:45,67.53
6/20/2023 18:00,67.53
6/20/2023 18:15,67.53
6/20/2023 18:30,67.38
6/20/2023 18:45,67.27
6/20/2023 19:00,67.5
6/20/2023 19:15,67.72
6/20/2023 19:30,67.89
6/20/2023 19:45,67.89
6/20/2023 20:00,67.99
6/20/2023 20:15,68.09
6/20/2023 20:30,68.21
6/20/2023 20:45,68.23
6/20/2023 21:00,68.23
6/20/2023 21:15,68.3
6/20/2023 21:30,68.35
6/20/2023 21:45,68.36
6/20/2023 22:00,68.48
6/20/2023 22:15,68.64
6/20/2023 22:30,68.64
6/20/2023 22:45,68.7
6/20/2023 23:00,68.73
6/20/2023 23:15,68.79
6/20/2023 23:30,68.92
6/20/2023 23:45,68.92
6/21/2023 0:00,68.92
6/21/2023 0:15,68.79
6/21/2023 0:30,68.92
6/21/2023 0:45,69.02
6/21/2023 1:00,69.02
6/21/2023 1:15,69.05
6/21/2023 1:30,69.05
6/21/2023 1:45,69.13
6/21/2023 2:00,69.13
6/21/2023 2:15,69.15
6/21/2023 2:30,69.15
6/21/2023 2:45,69.15
6/21/2023 3:00,69.25
6/21/2023 3:15,69.33
6/21/2023 3:30,69.39
6/21/2023 3:45,69.41
6/21/2023 4:00,69.45
6/21/2023 4:15,69.5
6/21/2023 4:30,69.6
6/21/2023 4:45,69.6
6/21/2023 5:00,69.6
6/21/2023 5:15,69.61
6/21/2023 5:30,69.6
6/21/2023 5:45,69.6
6/21/2023 6:00,69.61
6/21/2023 6:15,69.61
6/21/2023 6:30,69.61
6/21/2023 6:45,69.6
6/21/2023 7:00,69.51
6/21/2023 7:15,69.4
6/21/2023 7:30,69.4
6/21/2023 7:45,69.25
6/21/2023 8:00,69.09
6/21/2023 8:15,69.07
6/21/2023 8:30,69.03
6/21/2023 8:45,68.93
6/21/2023 9:00,68.81
6/21/2023 9:15,68.71
6/21/2023 9:30,68.62
6/21/2023 9:45,68.48
6/21/2023 10:00,68.31
6/21/2023 10:15,68.28
6/21/2023 10:30,68.19
6/21/2023 10:45,68.08
6/21/2023 11:00,68.08
6/21/2023 11:15,68
6/21/2023 11:30,67.94
6/21/2023 11:45,67.89
6/21/2023 12:00,67.89
6/21/2023 12:15,67.89
6/21/2023 12:30,67.85
6/21/2023 12:45,67.82
6/21/2023 13:00,67.8
6/21/2023 13:15,67.67
6/21/2023 13:30,67.39
6/21/2023 13:45,67.55
6/21/2023 14:00,67.55
6/21/2023 14:15,67.64
6/21/2023 14:30,67.64
6/21/2023 14:45,67.64
6/21/2023 15:00,67.76
6/21/2023 15:15,67.76
6/21/2023 15:30,67.81
6/21/2023 15:45,67.89
6/21/2023 16:00,67.81
6/21/2023 16:15,67.84
6/21/2023 16:30,67.84
6/21/2023 16:45,67.84
6/21/2023 17:00,67.84
6/21/2023 17:15,67.84
6/21/2023 17:30,67.92
6/21/2023 17:45,68.04
6/21/2023 18:00,68.13
6/21/2023 18:15,68.14
6/21/2023 18:30,68.14
6/21/2023 18:45,68.14
6/21/2023 19:00,68.13
6/21/2023 19:15,68.13
6/21/2023 19:30,68.11
6/21/2023 19:45,68.11
6/21/2023 20:00,68.06
6/21/2023 20:15,68.06
6/21/2023 20:30,68
6/21/2023 20:45,67.95
6/21/2023 21:00,68
6/21/2023 21:15,68.06
6/21/2023 21:30,68.06
6/21/2023 21:45,68.06
6/21/2023 22:00,68
6/21/2023 22:15,68
6/21/2023 22:30,68
6/21/2023 22:45,68
6/21/2023 23:00,67.93
6/21/2023 23:15,67.93
6/21/2023 23:30,68
6/21/2023 23:45,68
6/22/2023 0:00,68.09
6/22/2023 0:15,68.28
6/22/2023 0:30,68.39
6/22/2023 0:45,68.41
6/22/2023 1:00,68.41
6/22/2023 1:15,68.45
6/22/2023 1:30,68.45
6/22/2023 1:45,68.55
6/22/2023 2:00,68.55
6/22/2023 2:15,68.55
6/22/2023 2:30,68.55
6/22/2023 2:45,68.55
6/22/2023 3:00,68.55
6/22/2023 3:15,68.5
6/22/2023 3:30,68.5
6/22/2023 3:45,68.44
6/22/2023 4:00,68.44
6/22/2023 4:15,68.46
6/22/2023 4:30,68.37
6/22/2023 4:45,68.37
6/22/2023 5:00,68.31
6/22/2023 5:15,68.31
6/22/2023 5:30,68.26
6/22/2023 5:45,68.26
6/22/2023 6:00,68.31
6/22/2023 6:15,68.31
6/22/2023 6:30,68.27
6/22/2023 6:45,68.27
6/22/2023 7:00,68.27
6/22/2023 7:15,68.27
6/22/2023 7:30,68.27
6/22/2023 7:45,68.13
6/22/2023 8:00,68.13
6/22/2023 8:15,68.13
6/22/2023 8:30,68.13
6/22/2023 8:45,68.1
6/22/2023 9:00,68.1
6/22/2023 9:15,68.1
6/22/2023 9:30,68.25
6/22/2023 9:45,68.25
6/22/2023 10:00,68.25
6/22/2023 10:15,68.1
6/22/2023 10:30,68.1
6/22/2023 10:45,68.1
6/22/2023 11:00,68.04
6/22/2023 11:15,68.04
6/22/2023 11:30,68.1
6/22/2023 11:45,68.08
6/22/2023 12:00,67.97
6/22/2023 12:15,67.92
6/22/2023 12:30,67.87
6/22/2023 12:45,67.87
6/22/2023 13:00,67.87
6/22/2023 13:15,67.87
6/22/2023 13:30,67.83
6/22/2023 13:45,67.83
6/22/2023 14:00,67.83
6/22/2023 14:15,67.69
6/22/2023 14:30,67.47
6/22/2023 14:45,67.19
6/22/2023 15:00,67.22
6/22/2023 15:15,67.22
6/22/2023 15:30,67.04
6/22/2023 15:45,67.04
6/22/2023 16:00,67.01
6/22/2023 16:15,67.01
6/22/2023 16:30,67.01
6/22/2023 16:45,66.93
6/22/2023 17:00,66.93
6/22/2023 17:15,66.84
6/22/2023 17:30,66.84
6/22/2023 17:45,66.92
6/22/2023 18:00,67.01
6/22/2023 18:15,67.01
6/22/2023 18:30,66.94
6/22/2023 18:45,66.94
6/22/2023 19:00,67.01
6/22/2023 19:15,67.04
6/22/2023 19:30,67.11
6/22/2023 19:45,67.21
6/22/2023 20:00,67.32
6/22/2023 20:15,67.47
6/22/2023 20:30,67.6
6/22/2023 20:45,67.74
6/22/2023 21:00,67.82
6/22/2023 21:15,67.83
6/22/2023 21:30,67.83
6/22/2023 21:45,67.98
6/22/2023 22:00,68.15
6/22/2023 22:15,68.19
6/22/2023 22:30,68.21
6/22/2023 22:45,68.21
6/22/2023 23:00,68.21
6/22/2023 23:15,68.21
6/22/2023 23:30,68.22
6/22/2023 23:45,68.28
6/23/2023 0:00,68.42
6/23/2023 0:15,68.43
6/23/2023 0:30,68.44
6/23/2023 0:45,68.53
6/23/2023 1:00,68.57
6/23/2023 1:15,68.67
6/23/2023 1:30,68.67
6/23/2023 1:45,68.67
6/23/2023 2:00,68.76
6/23/2023 2:15,68.64
6/23/2023 2:30,68.76
6/23/2023 2:45,68.89
6/23/2023 3:00,68.93
6/23/2023 3:15,69.1
6/23/2023 3:30,69.14
6/23/2023 3:45,69.38
6/23/2023 4:00,69.64
6/23/2023 4:15,69.64
6/23/2023 4:30,69.54
6/23/2023 4:45,69.35
6/23/2023 5:00,69.4
6/23/2023 5:15,69.41
6/23/2023 5:30,69.35
6/23/2023 5:45,69.35
6/23/2023 6:00,69.35
6/23/2023 6:15,69.35
6/23/2023 6:30,69.35
6/23/2023 6:45,69.29
6/23/2023 7:00,69.19
6/23/2023 7:15,69.29
6/23/2023 7:30,69.29
6/23/2023 7:45,69.29
6/23/2023 8:00,69.17
6/23/2023 8:15,69.17
6/23/2023 8:30,69.08
6/23/2023 8:45,68.96
6/23/2023 9:00,68.84
6/23/2023 9:15,68.84
6/23/2023 9:30,68.84
6/23/2023 9:45,68.77
6/23/2023 10:00,68.77
6/23/2023 10:15,68.67
6/23/2023 10:30,68.67
6/23/2023 10:45,68.51
6/23/2023 11:00,68.51
6/23/2023 11:15,68.51
6/23/2023 11:30,68.36
6/23/2023 11:45,68.25
6/23/2023 12:00,68.16
6/23/2023 12:15,67.96
6/23/2023 12:30,67.88
6/23/2023 12:45,67.96
6/23/2023 13:00,67.88
6/23/2023 13:15,67.82
6/23/2023 13:30,67.75
6/23/2023 13:45,67.68
6/23/2023 14:00,67.68
6/23/2023 14:15,67.68
6/23/2023 14:30,67.68
6/23/2023 14:45,67.58
6/23/2023 15:00,67.58
6/23/2023 15:15,67.58
6/23/2023 15:30,67.68
6/23/2023 15:45,67.81
6/23/2023 16:00,67.68
6/23/2023 16:15,67.68
6/23/2023 16:30,68.01
6/23/2023 16:45,68.35
6/23/2023 17:00,68.41
6/23/2023 17:15,68.46
6/23/2023 17:30,68.51
6/23/2023 17:45,68.51
6/23/2023 18:00,68.62
6/23/2023 18:15,68.62
6/23/2023 18:30,68.72
6/23/2023 18:45,68.72
6/23/2023 19:00,68.62
6/23/2023 19:15,68.72
6/23/2023 19:30,68.73
6/23/2023 19:45,68.73
6/23/2023 20:00,68.75
6/23/2023 20:15,68.77
6/23/2023 20:30,68.75
6/23/2023 20:45,68.75
6/23/2023 21:00,68.75
6/23/2023 21:15,68.77
6/23/2023 21:30,68.79
6/23/2023 21:45,68.79
6/23/2023 22:00,68.79
6/23/2023 22:15,68.83
6/23/2023 22:30,68.87
6/23/2023 22:45,68.87
6/23/2023 23:00,68.91
6/23/2023 23:15,68.91
6/23/2023 23:30,69.02
6/23/2023 23:45,69.17
6/24/2023 0:00,69.23
6/24/2023 0:15,69.23
6/24/2023 0:30,69.44
6/24/2023 0:45,69.7
6/24/2023 1:00,69.7
6/24/2023 1:15,69.62
6/24/2023 1:30,69.7
6/24/2023 1:45,69.79
6/24/2023 2:00,69.84
6/24/2023 2:15,69.86
6/24/2023 2:30,69.87
6/24/2023 2:45,69.98
6/24/2023 3:00,70.13
6/24/2023 3:15,70.22
6/24/2023 3:30,70.16
6/24/2023 3:45,70.16
6/24/2023 4:00,70.22
6/24/2023 4:15,70.27
6/24/2023 4:30,70.49
6/24/2023 4:45,70.49
6/24/2023 5:00,70.75
6/24/2023 5:15,70.75
6/24/2023 5:30,70.61
6/24/2023 5:45,70.35
6/24/2023 6:00,70.35
6/24/2023 6:15,70.52
6/24/2023 6:30,70.35
6/24/2023 6:45,70.35
6/24/2023 7:00,70.29
6/24/2023 7:15,70.27
6/24/2023 7:30,70.2
6/24/2023 7:45,70.09
6/24/2023 8:00,69.93
6/24/2023 8:15,69.8
6/24/2023 8:30,69.65
6/24/2023 8:45,69.49
6/24/2023 9:00,69.44
6/24/2023 9:15,69.43
6/24/2023 9:30,69.27
6/24/2023 9:45,69.01
6/24/2023 10:00,68.89
6/24/2023 10:15,68.83
6/24/2023 10:30,68.74
6/24/2023 10:45,68.74
6/24/2023 11:00,68.62
6/24/2023 11:15,68.51
6/24/2023 11:30,68.44
6/24/2023 11:45,68.44
6/24/2023 12:00,68.44
6/24/2023 12:15,68.42
6/24/2023 12:30,68.35
6/24/2023 12:45,68.2
6/24/2023 13:00,68.11
6/24/2023 13:15,68.02
6/24/2023 13:30,68.02
6/24/2023 13:45,68.02
6/24/2023 14:00,68.02
6/24/2023 14:15,67.92
6/24/2023 14:30,67.89
6/24/2023 14:45,67.89
6/24/2023 15:00,67.89
6/24/2023 15:15,67.92
6/24/2023 15:30,67.92
6/24/2023 15:45,67.92
6/24/2023 16:00,68.02
6/24/2023 16:15,68.11
6/24/2023 16:30,68.11
6/24/2023 16:45,68.11
6/24/2023 17:00,68.18
6/24/2023 17:15,68.18
6/24/2023 17:30,68.18
6/24/2023 17:45,68.08
6/24/2023 18:00,68.08
6/24/2023 18:15,68.27
6/24/2023 18:30,68.08
6/24/2023 18:45,68.08
6/24/2023 19:00,68.08
6/24/2023 19:15,68.07
6/24/2023 19:30,68.16
6/24/2023 19:45,68.27
6/24/2023 20:00,68.16
6/24/2023 20:15,68.16
6/24/2023 20:30,68.27
6/24/2023 20:45,68.36
6/24/2023 21:00,68.36
6/24/2023 21:15,68.36
6/24/2023 21:30,68.36
6/24/2023 21:45,68.36
6/24/2023 22:00,68.22
6/24/2023 22:15,68.3
6/24/2023 22:30,68.39
6/24/2023 22:45,68.47
6/24/2023 23:00,68.54
6/24/2023 23:15,68.74
6/24/2023 23:30,68.88
6/24/2023 23:45,68.88
6/25/2023 0:00,68.89
6/25/2023 0:15,68.92
6/25/2023 0:30,68.99
6/25/2023 0:45,69.03
6/25/2023 1:00,69.05
6/25/2023 1:15,69.09
6/25/2023 1:30,69.09
6/25/2023 1:45,69.17
6/25/2023 2:00,69.17
6/25/2023 2:15,69.24
6/25/2023 2:30,69.29
6/25/2023 2:45,69.34
6/25/2023 3:00,69.36
6/25/2023 3:15,69.45
6/25/2023 3:30,69.45
6/25/2023 3:45,69.55
6/25/2023 4:00,69.55
6/25/2023 4:15,69.45
6/25/2023 4:30,69.45
6/25/2023 4:45,69.45
6/25/2023 5:00,69.45
6/25/2023 5:15,69.45
6/25/2023 5:30,69.45
6/25/2023 5:45,69.31
6/25/2023 6:00,69.31
6/25/2023 6:15,69.2
6/25/2023 6:30,69.3
6/25/2023 6:45,69.2
6/25/2023 7:00,69.2
6/25/2023 7:15,69.11
6/25/2023 7:30,69.08
6/25/2023 7:45,69.05
6/25/2023 8:00,68.99
6/25/2023 8:15,68.94
6/25/2023 8:30,68.88
6/25/2023 8:45,68.88
6/25/2023 9:00,68.88
6/25/2023 9:15,68.88
6/25/2023 9:30,68.88
6/25/2023 9:45,68.88
6/25/2023 10:00,68.82
6/25/2023 10:15,68.82
6/25/2023 10:30,68.79
6/25/2023 10:45,68.77
6/25/2023 11:00,68.74
6/25/2023 11:15,68.69
6/25/2023 11:30,68.6
6/25/2023 11:45,68.51
6/25/2023 12:00,68.46
6/25/2023 12:15,68.46
6/25/2023 12:30,68.43
6/25/2023 12:45,68.32
6/25/2023 13:00,68.13
6/25/2023 13:15,68.13
6/25/2023 13:30,68.13
6/25/2023 13:45,67.99
6/25/2023 14:00,67.99
6/25/2023 14:15,67.96
6/25/2023 14:30,67.96
6/25/2023 14:45,67.9
6/25/2023 15:00,67.96
6/25/2023 15:15,67.96
6/25/2023 15:30,67.88
6/25/2023 15:45,67.68
6/25/2023 16:00,67.87
6/25/2023 16:15,67.68
6/25/2023 16:30,67.68
6/25/2023 16:45,67.68
6/25/2023 17:00,67.68
6/25/2023 17:15,67.68
6/25/2023 17:30,67.68
6/25/2023 17:45,67.8
6/25/2023 18:00,67.87
6/25/2023 18:15,67.86
6/25/2023 18:30,67.87
6/25/2023 18:45,67.87
6/25/2023 19:00,67.87
6/25/2023 19:15,67.87
6/25/2023 19:30,67.87
6/25/2023 19:45,67.94
6/25/2023 20:00,67.94
6/25/2023 20:15,67.94
6/25/2023 20:30,67.94
6/25/2023 20:45,68.05
6/25/2023 21:00,67.99
6/25/2023 21:15,68.11
6/25/2023 21:30,68.17
6/25/2023 21:45,68.22
6/25/2023 22:00,68.22
6/25/2023 22:15,68.4
6/25/2023 22:30,68.22
6/25/2023 22:45,68.22
6/25/2023 23:00,68.21
6/25/2023 23:15,68.4
6/25/2023 23:30,68.4
6/25/2023 23:45,68.5
6/26/2023 0:00,68.54
6/26/2023 0:15,68.55
6/26/2023 0:30,68.55
6/26/2023 0:45,68.55
6/26/2023 1:00,68.55
6/26/2023 1:15,68.62
6/26/2023 1:30,68.8
6/26/2023 1:45,68.8
6/26/2023 2:00,68.8
6/26/2023 2:15,68.72
6/26/2023 2:30,68.88
6/26/2023 2:45,68.98
6/26/2023 3:00,68.98
6/26/2023 3:15,68.88
6/26/2023 3:30,68.98
6/26/2023 3:45,68.98
6/26/2023 4:00,69.01
6/26/2023 4:15,69.01
6/26/2023 4:30,69.01
6/26/2023 4:45,69.01
6/26/2023 5:00,69.05
6/26/2023 5:15,68.91
6/26/2023 5:30,68.91
6/26/2023 5:45,68.74
6/26/2023 6:00,68.72
6/26/2023 6:15,68.68
6/26/2023 6:30,68.65
6/26/2023 6:45,68.65
6/26/2023 7:00,68.68
6/26/2023 7:15,68.65
6/26/2023 7:30,68.65
6/26/2023 7:45,68.65
6/26/2023 8:00,68.64
6/26/2023 8:15,68.64
6/26/2023 8:30,68.64
6/26/2023 8:45,68.64
6/26/2023 9:00,68.59
6/26/2023 9:15,68.55
6/26/2023 9:30,68.55
6/26/2023 9:45,68.55
6/26/2023 10:00,68.47
6/26/2023 10:15,68.55
6/26/2023 10:30,68.47
6/26/2023 10:45,68.42
6/26/2023 11:00,68.42
6/26/2023 11:15,68.46
6/26/2023 11:30,68.46
6/26/2023 11:45,68.4
6/26/2023 12:00,68.4
6/26/2023 12:15,68.4
6/26/2023 12:30,68.31
6/26/2023 12:45,68.2
6/26/2023 13:00,68.12
6/26/2023 13:15,68.31
6/26/2023 13:30,68.12
6/26/2023 13:45,67.8
6/26/2023 14:00,67.8
6/26/2023 14:15,67.53
6/26/2023 14:30,67.53
6/26/2023 14:45,67.53
6/26/2023 15:00,67.47
6/26/2023 15:15,67.45
6/26/2023 15:30,67.45
6/26/2023 15:45,67.45
6/26/2023 16:00,67.39
6/26/2023 16:15,67.39
6/26/2023 16:30,67.39
6/26/2023 16:45,67.39
6/26/2023 17:00,67.33
6/26/2023 17:15,67.33
6/26/2023 17:30,67.34
6/26/2023 17:45,67.42
6/26/2023 18:00,67.53
6/26/2023 18:15,67.53
6/26/2023 18:30,67.61
6/26/2023 18:45,67.65
6/26/2023 19:00,67.66
6/26/2023 19:15,67.78
6/26/2023 19:30,67.78
6/26/2023 19:45,67.88
6/26/2023 20:00,68.01
6/26/2023 20:15,68.25
6/26/2023 20:30,68.21
6/26/2023 20:45,68.33
6/26/2023 21:00,68.41
6/26/2023 21:15,68.41
6/26/2023 21:30,68.5
6/26/2023 21:45,68.5
6/26/2023 22:00,68.57
6/26/2023 22:15,68.57
6/26/2023 22:30,68.57
6/26/2023 22:45,68.61
6/26/2023 23:00,68.57
6/26/2023 23:15,68.57
6/26/2023 23:30,68.61
6/26/2023 23:45,68.64
6/27/2023 0:00,68.7
6/27/2023 0:15,68.8
6/27/2023 0:30,68.7
6/27/2023 0:45,68.7
6/27/2023 1:00,68.8
6/27/2023 1:15,68.8
6/27/2023 1:30,68.88
6/27/2023 1:45,68.88
6/27/2023 2:00,68.88
6/27/2023 2:15,68.88
6/27/2023 2:30,68.81
6/27/2023 2:45,68.81
6/27/2023 3:00,68.81
6/27/2023 3:15,68.88
6/27/2023 3:30,68.88
6/27/2023 3:45,68.88
6/27/2023 4:00,68.89
6/27/2023 4:15,68.88
6/27/2023 4:30,68.89
6/27/2023 4:45,68.88
6/27/2023 5:00,68.88
6/27/2023 5:15,68.88
6/27/2023 5:30,68.88
6/27/2023 5:45,68.88
6/27/2023 6:00,68.88
6/27/2023 6:15,68.88
6/27/2023 6:30,68.87
6/27/2023 6:45,68.87
6/27/2023 7:00,68.88
6/27/2023 7:15,68.88
6/27/2023 7:30,68.88
6/27/2023 7:45,68.88
6/27/2023 8:00,68.94
6/27/2023 8:15,68.88
6/27/2023 8:30,68.88
6/27/2023 8:45,68.88
6/27/2023 9:00,68.88
6/27/2023 9:15,68.88
6/27/2023 9:30,68.87
6/27/2023 9:45,68.87
6/27/2023 10:00,68.87
6/27/2023 10:15,68.87
6/27/2023 10:30,68.87
6/27/2023 10:45,68.87
6/27/2023 11:00,68.87
6/27/2023 11:15,68.87
6/27/2023 11:30,68.8
6/27/2023 11:45,68.8
6/27/2023 12:00,68.79
6/27/2023 12:15,68.79
6/27/2023 12:30,68.75
6/27/2023 12:45,68.75
6/27/2023 13:00,68.75
6/27/2023 13:15,68.75
6/27/2023 13:30,68.82
6/27/2023 13:45,68.82
6/27/2023 14:00,68.75
6/27/2023 14:15,68.64
6/27/2023 14:30,68.75
6/27/2023 14:45,68.82
6/27/2023 15:00,68.82
6/27/2023 15:15,68.77
6/27/2023 15:30,68.77
6/27/2023 15:45,68.77
6/27/2023 16:00,68.69
6/27/2023 16:15,68.77
6/27/2023 16:30,68.82
6/27/2023 16:45,68.77
6/27/2023 17:00,68.76
6/27/2023 17:15,68.76
6/27/2023 17:30,68.73
6/27/2023 17:45,68.73
6/27/2023 18:00,68.73
6/27/2023 18:15,68.76
6/27/2023 18:30,68.76
6/27/2023 18:45,68.76
6/27/2023 19:00,68.76
6/27/2023 19:15,68.76
6/27/2023 19:30,68.73
6/27/2023 19:45,68.73
6/27/2023 20:00,68.69
6/27/2023 20:15,68.66
6/27/2023 20:30,68.64
6/27/2023 20:45,68.64
6/27/2023 21:00,68.63
6/27/2023 21:15,68.63
6/27/2023 21:30,68.63
6/27/2023 21:45,68.63
6/27/2023 22:00,68.55
6/27/2023 22:15,68.55
6/27/2023 22:30,68.55
6/27/2023 22:45,68.63
6/27/2023 23:00,68.55
6/27/2023 23:15,68.55
6/27/2023 23:30,68.55
6/27/2023 23:45,68.61
6/28/2023 0:00,68.61
6/28/2023 0:15,68.62
6/28/2023 0:30,68.79
6/28/2023 0:45,68.81
6/28/2023 1:00,69.04
6/28/2023 1:15,69.08
6/28/2023 1:30,69.1
6/28/2023 1:45,69.11
6/28/2023 2:00,69.15
6/28/2023 2:15,69.15
6/28/2023 2:30,69.15
6/28/2023 2:45,69.15
6/28/2023 3:00,69.15
6/28/2023 3:15,69.11
6/28/2023 3:30,69.19
6/28/2023 3:45,69.24
6/28/2023 4:00,69.24
6/28/2023 4:15,69.39
6/28/2023 4:30,69.39
6/28/2023 4:45,69.27
6/28/2023 5:00,69.27
6/28/2023 5:15,69.11
6/28/2023 5:30,69.18
6/28/2023 5:45,69.18
6/28/2023 6:00,69.11
6/28/2023 6:15,69.07
6/28/2023 6:30,69.07
6/28/2023 6:45,69.02
6/28/2023 7:00,68.96
6/28/2023 7:15,68.91
6/28/2023 7:30,68.86
6/28/2023 7:45,68.86
6/28/2023 8:00,68.86
6/28/2023 8:15,68.83
6/28/2023 8:30,68.73
6/28/2023 8:45,68.68
6/28/2023 9:00,68.68
6/28/2023 9:15,68.68
6/28/2023 9:30,68.68
6/28/2023 9:45,68.66
6/28/2023 10:00,68.66
6/28/2023 10:15,68.61
6/28/2023 10:30,68.47
6/28/2023 10:45,68.61
6/28/2023 11:00,68.45
6/28/2023 11:15,68.29
6/28/2023 11:30,68.22
6/28/2023 11:45,68.17
6/28/2023 12:00,68.12
6/28/2023 12:15,68.07
6/28/2023 12:30,68
6/28/2023 12:45,67.95
6/28/2023 13:00,67.95
6/28/2023 13:15,67.89
6/28/2023 13:30,67.77
6/28/2023 13:45,67.61
6/28/2023 14:00,67.51
6/28/2023 14:15,67.43
6/28/2023 14:30,67.43
6/28/2023 14:45,67.34
6/28/2023 15:00,67.34
6/28/2023 15:15,67.34
6/28/2023 15:30,67.34
6/28/2023 15:45,67.34
6/28/2023 16:00,67.34
6/28/2023 16:15,67.43
6/28/2023 16:30,67.34
6/28/2023 16:45,67.34
6/28/2023 17:00,67.43
6/28/2023 17:15,67.46
6/28/2023 17:30,67.46
6/28/2023 17:45,67.54
6/28/2023 18:00,67.66
6/28/2023 18:15,67.66
6/28/2023 18:30,67.71
6/28/2023 18:45,67.72
6/28/2023 19:00,67.74
6/28/2023 19:15,67.74
6/28/2023 19:30,67.83
6/28/2023 19:45,67.91
6/28/2023 20:00,67.98
6/28/2023 20:15,67.98
6/28/2023 20:30,67.98
6/28/2023 20:45,68.02
6/28/2023 21:00,68.06
6/28/2023 21:15,68.15
6/28/2023 21:30,68.35
6/28/2023 21:45,68.46
6/28/2023 22:00,68.49
6/28/2023 22:15,68.5
6/28/2023 22:30,68.53
6/28/2023 22:45,68.53
6/28/2023 23:00,68.58
6/28/2023 23:15,68.58
6/28/2023 23:30,68.53
6/28/2023 23:45,68.63
6/29/2023 0:00,68.53
6/29/2023 0:15,68.53
6/29/2023 0:30,68.53
6/29/2023 0:45,68.53
6/29/2023 1:00,68.5
6/29/2023 1:15,68.5
6/29/2023 1:30,68.5
6/29/2023 1:45,68.5
6/29/2023 2:00,68.49
6/29/2023 2:15,68.5
6/29/2023 2:30,68.5
6/29/2023 2:45,68.57
6/29/2023 3:00,68.57
6/29/2023 3:15,68.57
6/29/2023 3:30,68.57
6/29/2023 3:45,68.57
6/29/2023 4:00,68.57
6/29/2023 4:15,68.67
6/29/2023 4:30,68.7
6/29/2023 4:45,68.67
6/29/2023 5:00,68.7
6/29/2023 5:15,68.72
6/29/2023 5:30,68.72
6/29/2023 5:45,68.72
6/29/2023 6:00,68.75
6/29/2023 6:15,68.76
6/29/2023 6:30,68.76
6/29/2023 6:45,68.76
6/29/2023 7:00,68.76
6/29/2023 7:15,68.76
6/29/2023 7:30,68.78
6/29/2023 7:45,68.76
6/29/2023 8:00,68.78
6/29/2023 8:15,68.82
6/29/2023 8:30,68.75
6/29/2023 8:45,68.72
6/29/2023 9:00,68.7
6/29/2023 9:15,68.7
6/29/2023 9:30,68.65
6/29/2023 9:45,68.65
6/29/2023 10:00,68.64
6/29/2023 10:15,68.6
6/29/2023 10:30,68.6
6/29/2023 10:45,68.6
6/29/2023 11:00,68.45
6/29/2023 11:15,68.24
6/29/2023 11:30,68.01
6/29/2023 11:45,68.01
6/29/2023 12:00,67.64
6/29/2023 12:15,67.39
6/29/2023 12:30,67.26
6/29/2023 12:45,67.12
6/29/2023 13:00,67.01
6/29/2023 13:15,67.01
6/29/2023 13:30,67.01
6/29/2023 13:45,66.85
6/29/2023 14:00,66.85
6/29/2023 14:15,66.7
6/29/2023 14:30,66.7
6/29/2023 14:45,66.62
6/29/2023 15:00,66.62
6/29/2023 15:15,66.62
6/29/2023 15:30,66.62
6/29/2023 15:45,66.57
6/29/2023 16:00,66.57
6/29/2023 16:15,66.62
6/29/2023 16:30,66.62
6/29/2023 16:45,66.68
6/29/2023 17:00,66.73
6/29/2023 17:15,66.85
6/29/2023 17:30,66.83
6/29/2023 17:45,66.81
6/29/2023 18:00,66.81
6/29/2023 18:15,66.81
6/29/2023 18:30,66.81
6/29/2023 18:45,66.81
6/29/2023 19:00,66.81
6/29/2023 19:15,66.94
6/29/2023 19:30,66.94
6/29/2023 19:45,66.99
6/29/2023 20:00,67.09
6/29/2023 20:15,67.2
6/29/2023 20:30,67.09
6/29/2023 20:45,67.17
6/29/2023 21:00,67.17
6/29/2023 21:15,67.09
6/29/2023 21:30,67.17
6/29/2023 21:45,67.2
6/29/2023 22:00,67.27
6/29/2023 22:15,67.32
6/29/2023 22:30,67.41
6/29/2023 22:45,67.52
6/29/2023 23:00,67.61
6/29/2023 23:15,67.68
6/29/2023 23:30,67.72
6/29/2023 23:45,67.76
6/30/2023 0:00,67.76
6/30/2023 0:15,67.76
6/30/2023 0:30,67.82
6/30/2023 0:45,67.76
6/30/2023 1:00,67.73
6/30/2023 1:15,67.82
6/30/2023 1:30,67.9
6/30/2023 1:45,67.9
6/30/2023 2:00,67.92
6/30/2023 2:15,67.92
6/30/2023 2:30,68.02
6/30/2023 2:45,67.92
6/30/2023 3:00,67.92
6/30/2023 3:15,68.02
6/30/2023 3:30,68.03
6/30/2023 3:45,68.13
6/30/2023 4:00,68.13
6/30/2023 4:15,68.13
6/30/2023 4:30,68.13
6/30/2023 4:45,68.29
6/30/2023 5:00,68.45
6/30/2023 5:15,68.45
6/30/2023 5:30,68.45
6/30/2023 5:45,68.45
6/30/2023 6:00,68.45
6/30/2023 6:15,68.44
6/30/2023 6:30,68.44
6/30/2023 6:45,68.45
6/30/2023 7:00,68.44
6/30/2023 7:15,68.44
6/30/2023 7:30,68.41
6/30/2023 7:45,68.41
6/30/2023 8:00,68.45
6/30/2023 8:15,68.41
6/30/2023 8:30,68.36
6/30/2023 8:45,68.33
6/30/2023 9:00,68.17
6/30/2023 9:15,68.01
6/30/2023 9:30,68.01
6/30/2023 9:45,67.91
6/30/2023 10:00,67.81
6/30/2023 10:15,67.8
6/30/2023 10:30,67.64
6/30/2023 10:45,67.49
6/30/2023 11:00,67.26
6/30/2023 11:15,66.96
6/30/2023 11:30,66.96
6/30/2023 11:45,66.82
6/30/2023 12:00,66.67
6/30/2023 12:15,66.51
6/30/2023 12:30,66.35
6/30/2023 12:45,66.12
6/30/2023 13:00,65.99
6/30/2023 13:15,65.79
6/30/2023 13:30,65.59
6/30/2023 13:45,65.51
6/30/2023 14:00,65.44
6/30/2023 14:15,65.44
6/30/2023 14:30,65.44
6/30/2023 14:45,65.24
6/30/2023 15:00,65.24
6/30/2023 15:15,65.26
6/30/2023 15:30,65.26
6/30/2023 15:45,65.26
6/30/2023 16:00,65.5
6/30/2023 16:15,65.57
6/30/2023 16:30,65.57
6/30/2023 16:45,65.57
6/30/2023 17:00,65.5
6/30/2023 17:15,65.53
6/30/2023 17:30,65.57
6/30/2023 17:45,65.66
6/30/2023 18:00,65.66
6/30/2023 18:15,65.77
6/30/2023 18:30,65.77
6/30/2023 18:45,65.9
6/30/2023 19:00,65.9
6/30/2023 19:15,65.88
6/30/2023 19:30,65.88
6/30/2023 19:45,66.09
6/30/2023 20:00,66.34
6/30/2023 20:15,66.53
6/30/2023 20:30,66.59
6/30/2023 20:45,66.61
6/30/2023 21:00,66.68
6/30/2023 21:15,66.87
6/30/2023 21:30,67.09
6/30/2023 21:45,67.14
6/30/2023 22:00,67.15
6/30/2023 22:15,67.22
6/30/2023 22:30,67.27
6/30/2023 22:45,67.3
6/30/2023 23:00,67.41
6/30/2023 23:15,67.41
6/30/2023 23:30,67.41
6/30/2023 23:45,67.41
7/1/2023 0:00,67.57
7/1/2023 0:15,67.67
7/1/2023 0:30,67.67
7/1/2023 0:45,67.75
7/1/2023 1:00,67.8
7/1/2023 1:15,67.9
7/1/2023 1:30,68.01
7/1/2023 1:45,68.01
7/1/2023 2:00,68.1
7/1/2023 2:15,68.23
7/1/2023 2:30,68.42
7/1/2023 2:45,68.46
7/1/2023 3:00,68.46
7/1/2023 3:15,68.49
7/1/2023 3:30,68.49
7/1/2023 3:45,68.55
7/1/2023 4:00,68.55
7/1/2023 4:15,68.55
7/1/2023 4:30,68.58
7/1/2023 4:45,68.58
7/1/2023 5:00,68.57
7/1/2023 5:15,68.58
7/1/2023 5:30,68.57
7/1/2023 5:45,68.57
7/1/2023 6:00,68.54
7/1/2023 6:15,68.54
7/1/2023 6:30,68.46
7/1/2023 6:45,68.33
7/1/2023 7:00,68.21
7/1/2023 7:15,68.12
7/1/2023 7:30,67.96
7/1/2023 7:45,67.68
7/1/2023 8:00,67.47
7/1/2023 8:15,67.32
7/1/2023 8:30,67.32
7/1/2023 8:45,67.18
7/1/2023 9:00,67.1
7/1/2023 9:15,67.03
7/1/2023 9:30,66.97
7/1/2023 9:45,66.84
7/1/2023 10:00,66.84
7/1/2023 10:15,66.69
7/1/2023 10:30,66.59
7/1/2023 10:45,66.56
7/1/2023 11:00,66.56
7/1/2023 11:15,66.55
7/1/2023 11:30,66.59
7/1/2023 11:45,66.55
7/1/2023 12:00,66.41
7/1/2023 12:15,66.12
7/1/2023 12:30,66.12
7/1/2023 12:45,66.31
7/1/2023 13:00,66.31
7/1/2023 13:15,66.12
7/1/2023 13:30,66.12
7/1/2023 13:45,65.89
7/1/2023 14:00,65.66
7/1/2023 14:15,65.66
7/1/2023 14:30,65.57
7/1/2023 14:45,65.57
7/1/2023 15:00,65.57
7/1/2023 15:15,65.57
7/1/2023 15:30,65.29
7/1/2023 15:45,65.29
7/1/2023 16:00,65.57
7/1/2023 16:15,66.09
7/1/2023 16:30,65.67
7/1/2023 16:45,65.79
7/1/2023 17:00,65.79
7/1/2023 17:15,65.86
7/1/2023 17:30,65.65
7/1/2023 17:45,65.65
7/1/2023 18:00,65.65
7/1/2023 18:15,65.67
7/1/2023 18:30,65.59
7/1/2023 18:45,65.67
7/1/2023 19:00,65.86
7/1/2023 19:15,65.67
7/1/2023 19:30,65.86
7/1/2023 19:45,65.86
7/1/2023 20:00,65.86
7/1/2023 20:15,65.86
7/1/2023 20:30,65.99
7/1/2023 20:45,66.14
7/1/2023 21:00,66.14
7/1/2023 21:15,66.14
7/1/2023 21:30,66.3
7/1/2023 21:45,66.33
7/1/2023 22:00,66.33
7/1/2023 22:15,66.35
7/1/2023 22:30,66.38
7/1/2023 22:45,66.5
7/1/2023 23:00,66.8
7/1/2023 23:15,67.08
7/1/2023 23:30,67.19
7/1/2023 23:45,67.19
7/2/2023 0:00,67.23
7/2/2023 0:15,67.24
7/2/2023 0:30,67.24
7/2/2023 0:45,67.27
7/2/2023 1:00,67.36
7/2/2023 1:15,67.44
7/2/2023 1:30,67.62
7/2/2023 1:45,67.78
7/2/2023 2:00,67.92
7/2/2023 2:15,68.18
7/2/2023 2:30,68.33
7/2/2023 2:45,68.33
7/2/2023 3:00,68.36
7/2/2023 3:15,68.37
7/2/2023 3:30,68.42
7/2/2023 3:45,68.42
7/2/2023 4:00,68.42
7/2/2023 4:15,68.37
7/2/2023 4:30,68.42
7/2/2023 4:45,68.42
7/2/2023 5:00,68.42
7/2/2023 5:15,68.5
7/2/2023 5:30,68.5
7/2/2023 5:45,68.42
7/2/2023 6:00,68.35
7/2/2023 6:15,68.34
7/2/2023 6:30,68.42
7/2/2023 6:45,68.34
7/2/2023 7:00,68.18
7/2/2023 7:15,68.18
7/2/2023 7:30,68.05
7/2/2023 7:45,68.05
7/2/2023 8:00,68.01
7/2/2023 8:15,67.97
7/2/2023 8:30,67.71
7/2/2023 8:45,67.47
7/2/2023 9:00,67.47
7/2/2023 9:15,67.47
7/2/2023 9:30,67.31
7/2/2023 9:45,67.24
7/2/2023 10:00,67.14
7/2/2023 10:15,67.14
7/2/2023 10:30,67.11
7/2/2023 10:45,67.01
7/2/2023 11:00,66.91
7/2/2023 11:15,66.91
7/2/2023 11:30,66.81
7/2/2023 11:45,66.81
7/2/2023 12:00,66.64
7/2/2023 12:15,66.53
7/2/2023 12:30,66.53
7/2/2023 12:45,66.43
7/2/2023 13:00,66.27
7/2/2023 13:15,66.12
7/2/2023 13:30,65.83
7/2/2023 13:45,65.54
7/2/2023 14:00,65.5
7/2/2023 14:15,65.4
7/2/2023 14:30,65.27
7/2/2023 14:45,65.23
7/2/2023 15:00,65.19
7/2/2023 15:15,64.93
7/2/2023 15:30,64.63
7/2/2023 15:45,64.63
7/2/2023 16:00,64.63
7/2/2023 16:15,64.52
7/2/2023 16:30,64.63
7/2/2023 16:45,64.63
7/2/2023 17:00,64.63
7/2/2023 17:15,64.63
7/2/2023 17:30,64.7
7/2/2023 17:45,64.63
7/2/2023 18:00,64.63
7/2/2023 18:15,64.63
7/2/2023 18:30,64.63
7/2/2023 18:45,64.63
7/2/2023 19:00,64.7
7/2/2023 19:15,64.84
7/2/2023 19:30,65
7/2/2023 19:45,65.04
7/2/2023 20:00,65.04
7/2/2023 20:15,65.28
7/2/2023 20:30,65.53
7/2/2023 20:45,65.53
7/2/2023 21:00,65.53
7/2/2023 21:15,65.63
7/2/2023 21:30,65.63
7/2/2023 21:45,65.63
7/2/2023 22:00,65.63
7/2/2023 22:15,65.87
7/2/2023 22:30,65.87
7/2/2023 22:45,66.05
7/2/2023 23:00,66.18
7/2/2023 23:15,66.3
7/2/2023 23:30,66.35
7/2/2023 23:45,66.45
7/3/2023 0:00,66.45
7/3/2023 0:15,66.61
7/3/2023 0:30,66.63
7/3/2023 0:45,66.82
7/3/2023 1:00,67.16
7/3/2023 1:15,67.49
7/3/2023 1:30,67.54
7/3/2023 1:45,67.6
7/3/2023 2:00,67.67
7/3/2023 2:15,67.69
7/3/2023 2:30,67.69
7/3/2023 2:45,67.84
7/3/2023 3:00,68.05
7/3/2023 3:15,68.15
7/3/2023 3:30,68.28
7/3/2023 3:45,68.4
7/3/2023 4:00,68.34
7/3/2023 4:15,68.4
7/3/2023 4:30,68.4
7/3/2023 4:45,68.4
7/3/2023 5:00,68.43
7/3/2023 5:15,68.43
7/3/2023 5:30,68.43
7/3/2023 5:45,68.43
7/3/2023 6:00,68.43
7/3/2023 6:15,68.43
7/3/2023 6:30,68.4
7/3/2023 6:45,68.4
7/3/2023 7:00,68.4
7/3/2023 7:15,68.41
7/3/2023 7:30,68.38
7/3/2023 7:45,68.38
7/3/2023 8:00,68.38
7/3/2023 8:15,68.34
7/3/2023 8:30,68.18
7/3/2023 8:45,68.04
7/3/2023 9:00,68.03
7/3/2023 9:15,68.03
7/3/2023 9:30,68.03
7/3/2023 9:45,68.02
7/3/2023 10:00,67.82
7/3/2023 10:15,67.55
7/3/2023 10:30,67.41
7/3/2023 10:45,67.34
7/3/2023 11:00,67.32
7/3/2023 11:15,67.17
7/3/2023 11:30,67.01
7/3/2023 11:45,66.92
7/3/2023 12:00,66.79
7/3/2023 12:15,66.67
7/3/2023 12:30,66.67
7/3/2023 12:45,66.59
7/3/2023 13:00,66.52
7/3/2023 13:15,66.35
7/3/2023 13:30,66.13
7/3/2023 13:45,65.64
7/3/2023 14:00,65.21
7/3/2023 14:15,65.08
7/3/2023 14:30,64.83
7/3/2023 14:45,64.71
7/3/2023 15:00,64.58
7/3/2023 15:15,64.58
7/3/2023 15:30,64.58
7/3/2023 15:45,64.46
7/3/2023 16:00,64.44
7/3/2023 16:15,64.44
7/3/2023 16:30,64.46
7/3/2023 16:45,64.44
7/3/2023 17:00,64.36
7/3/2023 17:15,64.36
7/3/2023 17:30,64.36
7/3/2023 17:45,64.36
7/3/2023 18:00,64.24
7/3/2023 18:15,64.16
7/3/2023 18:30,64.24
7/3/2023 18:45,64.36
7/3/2023 19:00,64.44
7/3/2023 19:15,64.59
7/3/2023 19:30,64.73
7/3/2023 19:45,64.75
7/3/2023 20:00,64.81
7/3/2023 20:15,64.97
7/3/2023 20:30,65.34
7/3/2023 20:45,65.64
7/3/2023 21:00,65.7
7/3/2023 21:15,65.7
7/3/2023 21:30,65.56
7/3/2023 21:45,65.7
7/3/2023 22:00,65.82
7/3/2023 22:15,65.97
7/3/2023 22:30,66.03
7/3/2023 22:45,66.03
7/3/2023 23:00,66.06
7/3/2023 23:15,66.12
7/3/2023 23:30,66.12
7/3/2023 23:45,66.18
7/4/2023 0:00,66.21
7/4/2023 0:15,66.31
7/4/2023 0:30,66.48
7/4/2023 0:45,66.57
7/4/2023 1:00,66.57
7/4/2023 1:15,66.59
7/4/2023 1:30,66.72
7/4/2023 1:45,66.87
7/4/2023 2:00,66.97
7/4/2023 2:15,66.97
7/4/2023 2:30,67.05
7/4/2023 2:45,67.14
7/4/2023 3:00,67.14
7/4/2023 3:15,67.11
7/4/2023 3:30,67.11
7/4/2023 3:45,67.11
7/4/2023 4:00,67.11
7/4/2023 4:15,67.02
7/4/2023 4:30,67.02
7/4/2023 4:45,66.97
7/4/2023 5:00,66.97
7/4/2023 5:15,66.97
7/4/2023 5:30,66.97
7/4/2023 5:45,66.97
7/4/2023 6:00,66.97
7/4/2023 6:15,66.97
7/4/2023 6:30,66.97
7/4/2023 6:45,66.95
7/4/2023 7:00,66.84
7/4/2023 7:15,66.7
7/4/2023 7:30,66.7
7/4/2023 7:45,66.6
7/4/2023 8:00,66.51
7/4/2023 8:15,66.48
7/4/2023 8:30,66.39
7/4/2023 8:45,66.29
7/4/2023 9:00,66.18
7/4/2023 9:15,66.02
7/4/2023 9:30,65.83
7/4/2023 9:45,65.61
7/4/2023 10:00,65.45
7/4/2023 10:15,65.36
7/4/2023 10:30,65.13
7/4/2023 10:45,64.87
7/4/2023 11:00,64.79
7/4/2023 11:15,64.79
7/4/2023 11:30,64.76
7/4/2023 11:45,64.69
7/4/2023 12:00,64.66
7/4/2023 12:15,64.48
7/4/2023 12:30,64.39
7/4/2023 12:45,64.39
7/4/2023 13:00,64.28
7/4/2023 13:15,64.28
7/4/2023 13:30,64.28
7/4/2023 13:45,64.28
7/4/2023 14:00,64.28
7/4/2023 14:15,64.39
7/4/2023 14:30,64.39
7/4/2023 14:45,64.34
7/4/2023 15:00,64.34
7/4/2023 15:15,64.34
7/4/2023 15:30,64.18
7/4/2023 15:45,64.18
7/4/2023 16:00,64.18
7/4/2023 16:15,64.04
7/4/2023 16:30,64.02
7/4/2023 16:45,64.16
7/4/2023 17:00,64.16
7/4/2023 17:15,64.16
7/4/2023 17:30,64.16
7/4/2023 17:45,64.16
7/4/2023 18:00,64.24
7/4/2023 18:15,64.12
7/4/2023 18:30,64.24
7/4/2023 18:45,64.26
7/4/2023 19:00,64.26
7/4/2023 19:15,64.21
7/4/2023 19:30,64.12
7/4/2023 19:45,64.12
7/4/2023 20:00,64.21
7/4/2023 20:15,64.28
7/4/2023 20:30,64.67
7/4/2023 20:45,64.3
7/4/2023 21:00,64.3
7/4/2023 21:15,64.67
7/4/2023 21:30,65.04
7/4/2023 21:45,64.67
7/4/2023 22:00,65.04
7/4/2023 22:15,65.13
7/4/2023 22:30,65.36
7/4/2023 22:45,65.36
7/4/2023 23:00,65.5
7/4/2023 23:15,65.5
7/4/2023 23:30,65.56
7/4/2023 23:45,65.56
7/5/2023 0:00,65.63
7/5/2023 0:15,65.63
7/5/2023 0:30,65.76
7/5/2023 0:45,65.88
7/5/2023 1:00,66.01
7/5/2023 1:15,66.01
7/5/2023 1:30,66.01
7/5/2023 1:45,66.01
7/5/2023 2:00,66.01
7/5/2023 2:15,66.1
7/5/2023 2:30,66.01
7/5/2023 2:45,66.01
7/5/2023 3:00,66.01
7/5/2023 3:15,66.01
7/5/2023 3:30,66.1
7/5/2023 3:45,66.01
7/5/2023 4:00,66.01
7/5/2023 4:15,66.05
7/5/2023 4:30,66.05
7/5/2023 4:45,66.05
7/5/2023 5:00,66.01
7/5/2023 5:15,66.01
7/5/2023 5:30,65.96
7/5/2023 5:45,65.96
7/5/2023 6:00,65.88
7/5/2023 6:15,65.83
7/5/2023 6:30,65.79
7/5/2023 6:45,65.79
7/5/2023 7:00,65.72
7/5/2023 7:15,65.61
7/5/2023 7:30,65.61
7/5/2023 7:45,65.65
7/5/2023 8:00,65.54
7/5/2023 8:15,65.54
7/5/2023 8:30,65.53
7/5/2023 8:45,65.54
7/5/2023 9:00,65.53
7/5/2023 9:15,65.52
7/5/2023 9:30,65.52
7/5/2023 9:45,65.4
7/5/2023 10:00,65.26
7/5/2023 10:15,65.23
7/5/2023 10:30,65.13
7/5/2023 10:45,65.13
7/5/2023 11:00,65.05
7/5/2023 11:15,65.02
7/5/2023 11:30,64.88
7/5/2023 11:45,64.78
7/5/2023 12:00,64.78
7/5/2023 12:15,64.75
7/5/2023 12:30,64.75
7/5/2023 12:45,64.75
7/5/2023 13:00,64.24
7/5/2023 13:15,63.73
7/5/2023 13:30,63.71
7/5/2023 13:45,63.65
7/5/2023 14:00,63.65
7/5/2023 14:15,63.54
7/5/2023 14:30,63.54
7/5/2023 14:45,63.34
7/5/2023 15:00,63.54
7/5/2023 15:15,63.65
7/5/2023 15:30,63.4
7/5/2023 15:45,63.37
7/5/2023 16:00,63.37
7/5/2023 16:15,63.57
7/5/2023 16:30,63.65
7/5/2023 16:45,63.69
7/5/2023 17:00,63.67
7/5/2023 17:15,63.67
7/5/2023 17:30,63.59
7/5/2023 17:45,63.59
7/5/2023 18:00,63.67
7/5/2023 18:15,63.72
7/5/2023 18:30,63.76
7/5/2023 18:45,63.9
7/5/2023 19:00,63.9
7/5/2023 19:15,63.9
7/5/2023 19:30,64.1
7/5/2023 19:45,64.1
7/5/2023 20:00,64.1
7/5/2023 20:15,63.96
7/5/2023 20:30,63.96
7/5/2023 20:45,64.1
7/5/2023 21:00,64.29
7/5/2023 21:15,64.29
7/5/2023 21:30,64.37
7/5/2023 21:45,64.4
7/5/2023 22:00,64.48
7/5/2023 22:15,64.48
7/5/2023 22:30,64.61
7/5/2023 22:45,64.69
7/5/2023 23:00,64.61
7/5/2023 23:15,64.61
7/5/2023 23:30,64.69
7/5/2023 23:45,64.69
7/6/2023 0:00,64.69
7/6/2023 0:15,64.69
7/6/2023 0:30,64.8
7/6/2023 0:45,65.05
7/6/2023 1:00,65.34
7/6/2023 1:15,65.53
7/6/2023 1:30,65.57
7/6/2023 1:45,65.67
7/6/2023 2:00,65.8
7/6/2023 2:15,65.84
7/6/2023 2:30,65.84
7/6/2023 2:45,65.89
7/6/2023 3:00,65.89
7/6/2023 3:15,65.97
7/6/2023 3:30,66.09
7/6/2023 3:45,65.93
7/6/2023 4:00,66.02
7/6/2023 4:15,66.1
7/6/2023 4:30,66.2
7/6/2023 4:45,66.37
7/6/2023 5:00,66.49
7/6/2023 5:15,66.49
7/6/2023 5:30,66.49
7/6/2023 5:45,66.54
7/6/2023 6:00,66.54
7/6/2023 6:15,66.54
7/6/2023 6:30,66.37
7/6/2023 6:45,66.21
7/6/2023 7:00,66.37
7/6/2023 7:15,66.21
7/6/2023 7:30,66.21
7/6/2023 7:45,66.37
7/6/2023 8:00,66.37
7/6/2023 8:15,66.21
7/6/2023 8:30,66.13
7/6/2023 8:45,66.13
7/6/2023 9:00,66.13
7/6/2023 9:15,66.05
7/6/2023 9:30,65.94
7/6/2023 9:45,65.81
7/6/2023 10:00,65.65
7/6/2023 10:15,65.53
7/6/2023 10:30,65.5
7/6/2023 10:45,65.46
7/6/2023 11:00,65.5
7/6/2023 11:15,65.46
7/6/2023 11:30,65.05
7/6/2023 11:45,65.05
7/6/2023 12:00,64.65
7/6/2023 12:15,64.5
7/6/2023 12:30,64.32
7/6/2023 12:45,64.23
7/6/2023 13:00,64.16
7/6/2023 13:15,63.99
7/6/2023 13:30,63.64
7/6/2023 13:45,63.64
7/6/2023 14:00,63.64
7/6/2023 14:15,63.64
7/6/2023 14:30,63.64
7/6/2023 14:45,63.64
7/6/2023 15:00,63.64
7/6/2023 15:15,63.99
7/6/2023 15:30,63.99
7/6/2023 15:45,63.74
7/6/2023 16:00,63.53
7/6/2023 16:15,63.53
7/6/2023 16:30,63.74
7/6/2023 16:45,63.74
7/6/2023 17:00,63.74
7/6/2023 17:15,63.73
7/6/2023 17:30,63.97
7/6/2023 17:45,63.97
7/6/2023 18:00,63.97
7/6/2023 18:15,64.15
7/6/2023 18:30,64.15
7/6/2023 18:45,64.25
7/6/2023 19:00,63.97
7/6/2023 19:15,64.25
7/6/2023 19:30,64.41
7/6/2023 19:45,64.29
7/6/2023 20:00,64.15
7/6/2023 20:15,63.97
7/6/2023 20:30,63.97
7/6/2023 20:45,63.97
7/6/2023 21:00,64.15
7/6/2023 21:15,64.15
7/6/2023 21:30,64.15
7/6/2023 21:45,63.97
7/6/2023 22:00,63.97
7/6/2023 22:15,63.94
7/6/2023 22:30,63.99
7/6/2023 22:45,64.23
7/6/2023 23:00,64.31
7/6/2023 23:15,64.23
7/6/2023 23:30,64.23
7/6/2023 23:45,64.23
7/7/2023 0:00,64.31
7/7/2023 0:15,64.23
7/7/2023 0:30,64.23
7/7/2023 0:45,64.31
7/7/2023 1:00,64.42
7/7/2023 1:15,64.57
7/7/2023 1:30,64.81
7/7/2023 1:45,64.81
7/7/2023 2:00,64.65
7/7/2023 2:15,64.81
7/7/2023 2:30,64.67
7/7/2023 2:45,64.67
7/7/2023 3:00,64.67
7/7/2023 3:15,64.67
7/7/2023 3:30,64.67
7/7/2023 3:45,64.75
7/7/2023 4:00,64.85
7/7/2023 4:15,64.85
7/7/2023 4:30,64.85
7/7/2023 4:45,64.85
7/7/2023 5:00,64.88
7/7/2023 5:15,64.9
7/7/2023 5:30,64.9
7/7/2023 5:45,64.9
7/7/2023 6:00,64.9
7/7/2023 6:15,64.9
7/7/2023 6:30,64.88
7/7/2023 6:45,64.9
7/7/2023 7:00,64.9
7/7/2023 7:15,64.88
7/7/2023 7:30,64.9
7/7/2023 7:45,64.9
7/7/2023 8:00,64.91
7/7/2023 8:15,64.91
7/7/2023 8:30,64.9
7/7/2023 8:45,64.9
7/7/2023 9:00,64.81
7/7/2023 9:15,64.81
7/7/2023 9:30,64.81
7/7/2023 9:45,64.74
7/7/2023 10:00,64.74
7/7/2023 10:15,64.74
7/7/2023 10:30,64.66
7/7/2023 10:45,64.55
7/7/2023 11:00,64.55
7/7/2023 11:15,64.39
7/7/2023 11:30,64.26
7/7/2023 11:45,64.19
7/7/2023 12:00,64.19
7/7/2023 12:15,64.08
7/7/2023 12:30,63.94
7/7/2023 12:45,63.94
7/7/2023 13:00,63.78
7/7/2023 13:15,63.59
7/7/2023 13:30,63.46
7/7/2023 13:45,63.46
7/7/2023 14:00,63.59
7/7/2023 14:15,63.59
7/7/2023 14:30,63.78
7/7/2023 14:45,63.78
7/7/2023 15:00,63.78
7/7/2023 15:15,63.78
7/7/2023 15:30,63.93
7/7/2023 15:45,64.05
7/7/2023 16:00,64.05
7/7/2023 16:15,64.16
7/7/2023 16:30,64.27
7/7/2023 16:45,64.27
7/7/2023 17:00,64.37
7/7/2023 17:15,64.47
7/7/2023 17:30,64.56
7/7/2023 17:45,64.56
7/7/2023 18:00,64.56
7/7/2023 18:15,64.61
7/7/2023 18:30,64.62
7/7/2023 18:45,64.67
7/7/2023 19:00,64.83
7/7/2023 19:15,64.66
7/7/2023 19:30,64.78
7/7/2023 19:45,64.96
7/7/2023 20:00,65.03
7/7/2023 20:15,65.03
7/7/2023 20:30,65.03
7/7/2023 20:45,65.14
7/7/2023 21:00,65.06
7/7/2023 21:15,65.14
7/7/2023 21:30,65.14
7/7/2023 21:45,65.26
7/7/2023 22:00,65.26
7/7/2023 22:15,65.26
7/7/2023 22:30,65.26
7/7/2023 22:45,65.31
7/7/2023 23:00,65.37
7/7/2023 23:15,65.51
7/7/2023 23:30,65.61
7/7/2023 23:45,65.63
7/8/2023 0:00,65.63
7/8/2023 0:15,65.68
7/8/2023 0:30,65.68
7/8/2023 0:45,65.78
7/8/2023 1:00,65.78
7/8/2023 1:15,65.86
7/8/2023 1:30,65.93
7/8/2023 1:45,65.93
7/8/2023 2:00,65.93
7/8/2023 2:15,65.97
7/8/2023 2:30,65.99
7/8/2023 2:45,65.99
7/8/2023 3:00,66.07
7/8/2023 3:15,66.07
7/8/2023 3:30,66.07
7/8/2023 3:45,66.04
7/8/2023 4:00,66.12
7/8/2023 4:15,66.18
7/8/2023 4:30,66.18
7/8/2023 4:45,66.12
7/8/2023 5:00,66.27
7/8/2023 5:15,66.27
7/8/2023 5:30,66.27
7/8/2023 5:45,66.36
7/8/2023 6:00,66.4
7/8/2023 6:15,66.49
7/8/2023 6:30,66.37
7/8/2023 6:45,66.37
7/8/2023 7:00,66.37
7/8/2023 7:15,66.26
7/8/2023 7:30,66.37
7/8/2023 7:45,66.37
7/8/2023 8:00,66.26
7/8/2023 8:15,66.14
7/8/2023 8:30,66.14
7/8/2023 8:45,66.25
7/8/2023 9:00,66.13
7/8/2023 9:15,66.06
7/8/2023 9:30,66.01
7/8/2023 9:45,66.01
7/8/2023 10:00,65.92
7/8/2023 10:15,65.69
7/8/2023 10:30,65.67
7/8/2023 10:45,65.57
7/8/2023 11:00,65.47
7/8/2023 11:15,65.38
7/8/2023 11:30,65.13
7/8/2023 11:45,64.73
7/8/2023 12:00,64.73
7/8/2023 12:15,64.73
7/8/2023 12:30,64.73
7/8/2023 12:45,64.73
7/8/2023 13:00,64.64
7/8/2023 13:15,64.64
7/8/2023 13:30,64.61
7/8/2023 13:45,64.59
7/8/2023 14:00,64.61
7/8/2023 14:15,64.63
7/8/2023 14:30,64.63
7/8/2023 14:45,64.63
7/8/2023 15:00,64.63
7/8/2023 15:15,64.73
7/8/2023 15:30,64.86
7/8/2023 15:45,64.73
7/8/2023 16:00,64.73
7/8/2023 16:15,64.73
7/8/2023 16:30,64.86
7/8/2023 16:45,64.86
7/8/2023 17:00,64.86
7/8/2023 17:15,64.73
7/8/2023 17:30,64.65
7/8/2023 17:45,64.65
7/8/2023 18:00,64.65
7/8/2023 18:15,64.77
7/8/2023 18:30,64.9
7/8/2023 18:45,64.9
7/8/2023 19:00,64.9
7/8/2023 19:15,64.9
7/8/2023 19:30,64.9
7/8/2023 19:45,64.81
7/8/2023 20:00,64.9
7/8/2023 20:15,64.9
7/8/2023 20:30,64.9
7/8/2023 20:45,64.99
7/8/2023 21:00,65.09
7/8/2023 21:15,65.23
7/8/2023 21:30,65.23
7/8/2023 21:45,65.33
7/8/2023 22:00,65.33
7/8/2023 22:15,65.4
7/8/2023 22:30,65.55
7/8/2023 22:45,65.77
7/8/2023 23:00,65.94
7/8/2023 23:15,66.02
7/8/2023 23:30,66.02
7/8/2023 23:45,66.02
7/9/2023 0:00,66.1
7/9/2023 0:15,66.14
7/9/2023 0:30,66.14
7/9/2023 0:45,66.27
7/9/2023 1:00,66.24
7/9/2023 1:15,66.35
7/9/2023 1:30,66.39
7/9/2023 1:45,66.39
7/9/2023 2:00,66.4
7/9/2023 2:15,66.44
7/9/2023 2:30,66.44
7/9/2023 2:45,66.47
7/9/2023 3:00,66.47
7/9/2023 3:15,66.47
7/9/2023 3:30,66.55
7/9/2023 3:45,66.64
7/9/2023 4:00,66.65
7/9/2023 4:15,66.64
7/9/2023 4:30,66.64
7/9/2023 4:45,66.65
7/9/2023 5:00,66.65
7/9/2023 5:15,66.64
7/9/2023 5:30,66.65
7/9/2023 5:45,66.64
7/9/2023 6:00,66.64
7/9/2023 6:15,66.64
7/9/2023 6:30,66.64
7/9/2023 6:45,66.62
7/9/2023 7:00,66.47
7/9/2023 7:15,66.24
7/9/2023 7:30,66.14
7/9/2023 7:45,66.1
7/9/2023 8:00,66.05
7/9/2023 8:15,66.05
7/9/2023 8:30,65.96
7/9/2023 8:45,65.9
7/9/2023 9:00,65.83
7/9/2023 9:15,65.82
7/9/2023 9:30,65.66
7/9/2023 9:45,65.58
7/9/2023 10:00,65.49
7/9/2023 10:15,65.19
7/9/2023 10:30,64.96
7/9/2023 10:45,64.92
7/9/2023 11:00,64.85
7/9/2023 11:15,64.69
7/9/2023 11:30,64.52
7/9/2023 11:45,64.32
7/9/2023 12:00,64.04
7/9/2023 12:15,63.93
7/9/2023 12:30,63.82
7/9/2023 12:45,63.58
7/9/2023 13:00,63.25
7/9/2023 13:15,63.16
7/9/2023 13:30,63.09
7/9/2023 13:45,63
7/9/2023 14:00,63
7/9/2023 14:15,62.78
7/9/2023 14:30,62.51
7/9/2023 14:45,62.51
7/9/2023 15:00,62.45
7/9/2023 15:15,62.45
7/9/2023 15:30,62.45
7/9/2023 15:45,62.4
7/9/2023 16:00,62.45
7/9/2023 16:15,62.45
7/9/2023 16:30,62.4
7/9/2023 16:45,62.37
7/9/2023 17:00,62.37
7/9/2023 17:15,62.4
7/9/2023 17:30,62.45
7/9/2023 17:45,62.56
7/9/2023 18:00,62.56
7/9/2023 18:15,62.56
7/9/2023 18:30,62.56
7/9/2023 18:45,62.64
7/9/2023 19:00,62.64
7/9/2023 19:15,62.72
7/9/2023 19:30,62.94
7/9/2023 19:45,63.29
7/9/2023 20:00,63.5
7/9/2023 20:15,63.75
7/9/2023 20:30,64.02
7/9/2023 20:45,64.02
7/9/2023 21:00,64.09
7/9/2023 21:15,64.09
7/9/2023 21:30,64.11
7/9/2023 21:45,64.11
7/9/2023 22:00,64.16
7/9/2023 22:15,64.22
7/9/2023 22:30,64.25
7/9/2023 22:45,64.37
7/9/2023 23:00,64.45
7/9/2023 23:15,64.45
7/9/2023 23:30,64.45
7/9/2023 23:45,64.49
7/10/2023 0:00,64.49
7/10/2023 0:15,64.53
7/10/2023 0:30,64.53
7/10/2023 0:45,64.66
7/10/2023 1:00,64.61
7/10/2023 1:15,64.75
7/10/2023 1:30,64.61
7/10/2023 1:45,64.78
7/10/2023 2:00,64.78
7/10/2023 2:15,64.85
7/10/2023 2:30,64.78
7/10/2023 2:45,64.78
7/10/2023 3:00,64.78
7/10/2023 3:15,64.78
7/10/2023 3:30,64.75
7/10/2023 3:45,64.72
7/10/2023 4:00,64.75
7/10/2023 4:15,64.78
7/10/2023 4:30,64.75
7/10/2023 4:45,64.78
7/10/2023 5:00,64.85
7/10/2023 5:15,65.04
7/10/2023 5:30,65.04
7/10/2023 5:45,65.05
7/10/2023 6:00,65.29
7/10/2023 6:15,65.4
7/10/2023 6:30,65.4
7/10/2023 6:45,65.36
7/10/2023 7:00,65.36
7/10/2023 7:15,65.36
7/10/2023 7:30,65.36
7/10/2023 7:45,65.4
7/10/2023 8:00,65.36
7/10/2023 8:15,65.36
7/10/2023 8:30,65.36
7/10/2023 8:45,65.36
7/10/2023 9:00,65.35
7/10/2023 9:15,65.35
7/10/2023 9:30,65.36
7/10/2023 9:45,65.36
7/10/2023 10:00,65.35
7/10/2023 10:15,65.22
7/10/2023 10:30,65.22
7/10/2023 10:45,65.22
7/10/2023 11:00,64.87
7/10/2023 11:15,64.63
7/10/2023 11:30,64.5
7/10/2023 11:45,64.4
7/10/2023 12:00,64.38
7/10/2023 12:15,64.32
7/10/2023 12:30,64.27
7/10/2023 12:45,64.18
7/10/2023 13:00,64.08
7/10/2023 13:15,64.08
7/10/2023 13:30,64.09
7/10/2023 13:45,64.08
7/10/2023 14:00,63.81
7/10/2023 14:15,63.52
7/10/2023 14:30,63.49
7/10/2023 14:45,63.46
7/10/2023 15:00,63.46
7/10/2023 15:15,63.42
7/10/2023 15:30,63.24
7/10/2023 15:45,62.86
7/10/2023 16:00,62.64
7/10/2023 16:15,62.86
7/10/2023 16:30,62.64
7/10/2023 16:45,62.64
7/10/2023 17:00,62.86
7/10/2023 17:15,63.2
7/10/2023 17:30,63.2
7/10/2023 17:45,63.2
7/10/2023 18:00,63.37
7/10/2023 18:15,63.37
7/10/2023 18:30,63.37
7/10/2023 18:45,63.37
7/10/2023 19:00,63.45
7/10/2023 19:15,63.51
7/10/2023 19:30,63.51
7/10/2023 19:45,63.59
7/10/2023 20:00,63.67
7/10/2023 20:15,63.76
7/10/2023 20:30,63.87
7/10/2023 20:45,63.93
7/10/2023 21:00,64.03
7/10/2023 21:15,64.25
7/10/2023 21:30,64.47
7/10/2023 21:45,64.55
7/10/2023 22:00,64.55
7/10/2023 22:15,64.76
7/10/2023 22:30,64.76
7/10/2023 22:45,64.95
7/10/2023 23:00,64.95
7/10/2023 23:15,64.95
7/10/2023 23:30,64.95
7/10/2023 23:45,64.95
7/11/2023 0:00,64.95
7/11/2023 0:15,64.98
7/11/2023 0:30,64.98
7/11/2023 0:45,64.98
7/11/2023 1:00,64.98
7/11/2023 1:15,64.98
7/11/2023 1:30,64.95
7/11/2023 1:45,64.95
7/11/2023 2:00,64.95
7/11/2023 2:15,64.85
7/11/2023 2:30,64.75
7/11/2023 2:45,64.75
7/11/2023 3:00,64.75
7/11/2023 3:15,64.75
7/11/2023 3:30,64.75
7/11/2023 3:45,64.75
7/11/2023 4:00,64.82
7/11/2023 4:15,64.95
7/11/2023 4:30,64.95
7/11/2023 4:45,64.82
7/11/2023 5:00,64.75
7/11/2023 5:15,64.75
7/11/2023 5:30,64.82
7/11/2023 5:45,64.95
7/11/2023 6:00,65.02
7/11/2023 6:15,65.09
7/11/2023 6:30,65.19
7/11/2023 6:45,65.19
7/11/2023 7:00,65.32
7/11/2023 7:15,65.32
7/11/2023 7:30,65.32
7/11/2023 7:45,65.19
7/11/2023 8:00,65.09
7/11/2023 8:15,64.96
7/11/2023 8:30,65.09
7/11/2023 8:45,64.94
7/11/2023 9:00,64.84
7/11/2023 9:15,64.79
7/11/2023 9:30,64.79
7/11/2023 9:45,64.79
7/11/2023 10:00,64.79
7/11/2023 10:15,64.76
7/11/2023 10:30,64.71
7/11/2023 10:45,64.56
7/11/2023 11:00,64.4
7/11/2023 11:15,64.33
7/11/2023 11:30,64.28
7/11/2023 11:45,64.19
7/11/2023 12:00,64.19
7/11/2023 12:15,63.98
7/11/2023 12:30,63.69
7/11/2023 12:45,63.48
7/11/2023 13:00,63.45
7/11/2023 13:15,63.11
7/11/2023 13:30,63.03
7/11/2023 13:45,62.97
7/11/2023 14:00,62.95
7/11/2023 14:15,62.95
7/11/2023 14:30,62.82
7/11/2023 14:45,62.82
7/11/2023 15:00,62.82
7/11/2023 15:15,62.95
7/11/2023 15:30,62.97
7/11/2023 15:45,62.95
7/11/2023 16:00,62.95
7/11/2023 16:15,62.95
7/11/2023 16:30,62.97
7/11/2023 16:45,62.95
7/11/2023 17:00,62.95
7/11/2023 17:15,62.95
7/11/2023 17:30,62.99
7/11/2023 17:45,63.01
7/11/2023 18:00,62.99
7/11/2023 18:15,63.01
7/11/2023 18:30,63.02
7/11/2023 18:45,63.17
7/11/2023 19:00,63.17
7/11/2023 19:15,63.15
7/11/2023 19:30,63.29
7/11/2023 19:45,63.45
7/11/2023 20:00,63.45
7/11/2023 20:15,63.45
7/11/2023 20:30,63.45
7/11/2023 20:45,63.58
7/11/2023 21:00,63.62
7/11/2023 21:15,63.66
7/11/2023 21:30,63.68
7/11/2023 21:45,63.73
7/11/2023 22:00,63.68
7/11/2023 22:15,63.73
7/11/2023 22:30,63.73
7/11/2023 22:45,63.73
7/11/2023 23:00,63.73
7/11/2023 23:15,63.73
7/11/2023 23:30,63.73
7/11/2023 23:45,63.68
7/12/2023 0:00,63.73
7/12/2023 0:15,63.76
7/12/2023 0:30,63.76
7/12/2023 0:45,63.87
7/12/2023 1:00,63.73
7/12/2023 1:15,63.79
7/12/2023 1:30,63.79
7/12/2023 1:45,63.91
7/12/2023 2:00,64
7/12/2023 2:15,64.08
7/12/2023 2:30,64.08
7/12/2023 2:45,64.09
7/12/2023 3:00,64.09
7/12/2023 3:15,64.17
7/12/2023 3:30,64.17
7/12/2023 3:45,64.17
7/12/2023 4:00,64.24
7/12/2023 4:15,64.24
7/12/2023 4:30,64.24
7/12/2023 4:45,64.4
7/12/2023 5:00,64.4
7/12/2023 5:15,64.42
7/12/2023 5:30,64.42
7/12/2023 5:45,64.34
7/12/2023 6:00,64.42
7/12/2023 6:15,64.45
7/12/2023 6:30,64.38
7/12/2023 6:45,64.34
7/12/2023 7:00,64.29
7/12/2023 7:15,64.03
7/12/2023 7:30,64.03
7/12/2023 7:45,63.82
7/12/2023 8:00,63.77
7/12/2023 8:15,63.77
7/12/2023 8:30,63.77
7/12/2023 8:45,63.77
7/12/2023 9:00,63.73
7/12/2023 9:15,63.66
7/12/2023 9:30,63.66
7/12/2023 9:45,63.54
7/12/2023 10:00,63.54
7/12/2023 10:15,63.47
7/12/2023 10:30,63.47
7/12/2023 10:45,63.47
7/12/2023 11:00,63.32
7/12/2023 11:15,63.32
7/12/2023 11:30,63.32
7/12/2023 11:45,63.23
7/12/2023 12:00,63.33
7/12/2023 12:15,63.23
7/12/2023 12:30,63.21
7/12/2023 12:45,63.21
7/12/2023 13:00,63.21
7/12/2023 13:15,63.09
7/12/2023 13:30,62.97
7/12/2023 13:45,62.97
7/12/2023 14:00,62.97
7/12/2023 14:15,62.94
7/12/2023 14:30,62.86
7/12/2023 14:45,62.94
7/12/2023 15:00,62.97
7/12/2023 15:15,62.97
7/12/2023 15:30,62.94
7/12/2023 15:45,62.86
7/12/2023 16:00,62.58
7/12/2023 16:15,62.26
7/12/2023 16:30,62.22
7/12/2023 16:45,62.22
7/12/2023 17:00,62.15
7/12/2023 17:15,62.15
7/12/2023 17:30,62.15
7/12/2023 17:45,62.22
7/12/2023 18:00,62.31
7/12/2023 18:15,62.31
7/12/2023 18:30,62.51
7/12/2023 18:45,62.7
7/12/2023 19:00,62.7
7/12/2023 19:15,62.73
7/12/2023 19:30,62.78
7/12/2023 19:45,62.78
7/12/2023 20:00,62.78
7/12/2023 20:15,62.94
7/12/2023 20:30,63.08
7/12/2023 20:45,63.26
7/12/2023 21:00,63.34
7/12/2023 21:15,63.39
7/12/2023 21:30,63.42
7/12/2023 21:45,63.47
7/12/2023 22:00,63.49
7/12/2023 22:15,63.55
7/12/2023 22:30,63.55
7/12/2023 22:45,63.61
7/12/2023 23:00,63.61
7/12/2023 23:15,63.61
7/12/2023 23:30,63.61
7/12/2023 23:45,63.68
7/13/2023 0:00,63.68
7/13/2023 0:15,63.85
7/13/2023 0:30,63.85
7/13/2023 0:45,64.01
7/13/2023 1:00,64.01
7/13/2023 1:15,64.13
7/13/2023 1:30,64.2
7/13/2023 1:45,64.13
7/13/2023 2:00,64.2
7/13/2023 2:15,64.5
7/13/2023 2:30,64.5
7/13/2023 2:45,64.5
7/13/2023 3:00,64.75
7/13/2023 3:15,64.75
7/13/2023 3:30,64.75
7/13/2023 3:45,64.75
7/13/2023 4:00,64.83
7/13/2023 4:15,64.83
7/13/2023 4:30,64.83
7/13/2023 4:45,64.83
7/13/2023 5:00,64.83
7/13/2023 5:15,64.83
7/13/2023 5:30,64.95
7/13/2023 5:45,64.99
7/13/2023 6:00,65.03
7/13/2023 6:15,64.86
7/13/2023 6:30,64.75
7/13/2023 6:45,64.75
7/13/2023 7:00,64.71
7/13/2023 7:15,64.71
7/13/2023 7:30,64.8
7/13/2023 7:45,64.9
7/13/2023 8:00,64.96
7/13/2023 8:15,64.96
7/13/2023 8:30,64.96
7/13/2023 8:45,64.9
7/13/2023 9:00,64.77
7/13/2023 9:15,64.8
7/13/2023 9:30,64.8
7/13/2023 9:45,64.8
7/13/2023 10:00,64.71
7/13/2023 10:15,64.67
7/13/2023 10:30,64.46
7/13/2023 10:45,64.21
7/13/2023 11:00,64.09
7/13/2023 11:15,63.93
7/13/2023 11:30,63.93
7/13/2023 11:45,64.08
7/13/2023 12:00,63.83
7/13/2023 12:15,63.29
7/13/2023 12:30,63.02
7/13/2023 12:45,62.98
7/13/2023 13:00,62.98
7/13/2023 13:15,62.98
7/13/2023 13:30,62.98
7/13/2023 13:45,62.9
7/13/2023 14:00,62.81
7/13/2023 14:15,62.71
7/13/2023 14:30,62.71
7/13/2023 14:45,62.48
7/13/2023 15:00,62.48
7/13/2023 15:15,62.24
7/13/2023 15:30,62.24
7/13/2023 15:45,62.29
7/13/2023 16:00,62.2
7/13/2023 16:15,62.2
7/13/2023 16:30,62.2
7/13/2023 16:45,62.1
7/13/2023 17:00,62.1
7/13/2023 17:15,62.03
7/13/2023 17:30,62.03
7/13/2023 17:45,62.1
7/13/2023 18:00,62.1
7/13/2023 18:15,62.1
7/13/2023 18:30,62.1
7/13/2023 18:45,62.2
7/13/2023 19:00,62.29
7/13/2023 19:15,62.34
7/13/2023 19:30,62.41
7/13/2023 19:45,62.53
7/13/2023 20:00,62.62
7/13/2023 20:15,62.62
7/13/2023 20:30,62.76
7/13/2023 20:45,63
7/13/2023 21:00,63.14
7/13/2023 21:15,63.14
7/13/2023 21:30,63.01
7/13/2023 21:45,63.01
7/13/2023 22:00,63.17
7/13/2023 22:15,63.24
7/13/2023 22:30,63.32
7/13/2023 22:45,63.46
7/13/2023 23:00,63.6
7/13/2023 23:15,63.71
7/13/2023 23:30,63.76
7/13/2023 23:45,63.76
7/14/2023 0:00,63.76
7/14/2023 0:15,63.76
7/14/2023 0:30,64.04
7/14/2023 0:45,64.04
7/14/2023 1:00,63.83
7/14/2023 1:15,63.83
7/14/2023 1:30,63.97
7/14/2023 1:45,63.83
7/14/2023 2:00,63.83
7/14/2023 2:15,63.83
7/14/2023 2:30,63.97
7/14/2023 2:45,64.04
7/14/2023 3:00,64.04
7/14/2023 3:15,64.04
7/14/2023 3:30,64.1
7/14/2023 3:45,64.07
7/14/2023 4:00,64.1
7/14/2023 4:15,64.1
7/14/2023 4:30,64.16
7/14/2023 4:45,64.3
7/14/2023 5:00,64.16
7/14/2023 5:15,64.16
7/14/2023 5:30,64.18
7/14/2023 5:45,64.18
7/14/2023 6:00,64.26
7/14/2023 6:15,64.34
7/14/2023 6:30,64.4
7/14/2023 6:45,64.47
7/14/2023 7:00,64.47
7/14/2023 7:15,64.4
7/14/2023 7:30,64.34
7/14/2023 7:45,64.34
7/14/2023 8:00,64.34
7/14/2023 8:15,64.26
7/14/2023 8:30,64.23
7/14/2023 8:45,64.23
7/14/2023 9:00,64.19
7/14/2023 9:15,64.06
7/14/2023 9:30,63.86
7/14/2023 9:45,63.71
7/14/2023 10:00,63.65
7/14/2023 10:15,63.55
7/14/2023 10:30,63.55
7/14/2023 10:45,63.43
7/14/2023 11:00,63.35
7/14/2023 11:15,63.13
7/14/2023 11:30,62.81
7/14/2023 11:45,62.61
7/14/2023 12:00,62.48
7/14/2023 12:15,62.41
7/14/2023 12:30,62.39
7/14/2023 12:45,62.39
7/14/2023 13:00,62.37
7/14/2023 13:15,62.31
7/14/2023 13:30,62.19
7/14/2023 13:45,62.07
7/14/2023 14:00,62.07
7/14/2023 14:15,61.92
7/14/2023 14:30,61.82
7/14/2023 14:45,61.76
7/14/2023 15:00,61.72
7/14/2023 15:15,61.71
7/14/2023 15:30,61.66
7/14/2023 15:45,61.66
7/14/2023 16:00,61.66
7/14/2023 16:15,61.66
7/14/2023 16:30,61.6
7/14/2023 16:45,61.55
7/14/2023 17:00,61.52
7/14/2023 17:15,61.52
7/14/2023 17:30,61.52
7/14/2023 17:45,61.52
7/14/2023 18:00,61.58
7/14/2023 18:15,61.58
7/14/2023 18:30,61.67
7/14/2023 18:45,61.57
7/14/2023 19:00,61.57
7/14/2023 19:15,61.6
7/14/2023 19:30,61.67
7/14/2023 19:45,61.7
7/14/2023 20:00,61.78
7/14/2023 20:15,61.78
7/14/2023 20:30,61.78
7/14/2023 20:45,61.77
7/14/2023 21:00,61.67
7/14/2023 21:15,61.57
7/14/2023 21:30,61.67
7/14/2023 21:45,61.77
7/14/2023 22:00,61.78
7/14/2023 22:15,61.78
7/14/2023 22:30,61.78
7/14/2023 22:45,61.79
7/14/2023 23:00,61.77
7/14/2023 23:15,61.79
7/14/2023 23:30,61.8
7/14/2023 23:45,61.8
7/15/2023 0:00,61.87
7/15/2023 0:15,62
7/15/2023 0:30,62.13
7/15/2023 0:45,62.21
7/15/2023 1:00,62.21
7/15/2023 1:15,62.3
7/15/2023 1:30,62.36
7/15/2023 1:45,62.36
7/15/2023 2:00,62.39
7/15/2023 2:15,62.54
7/15/2023 2:30,62.77
7/15/2023 2:45,62.85
7/15/2023 3:00,63.04
7/15/2023 3:15,63.04
7/15/2023 3:30,63.13
7/15/2023 3:45,63.15
7/15/2023 4:00,63.22
7/15/2023 4:15,63.2
7/15/2023 4:30,63.2
7/15/2023 4:45,63.2
7/15/2023 5:00,63.14
7/15/2023 5:15,63.14
7/15/2023 5:30,63.14
7/15/2023 5:45,63.14
7/15/2023 6:00,63.14
7/15/2023 6:15,62.99
7/15/2023 6:30,63.14
7/15/2023 6:45,63.14
7/15/2023 7:00,63.22
7/15/2023 7:15,62.99
7/15/2023 7:30,62.99
7/15/2023 7:45,63.12
7/15/2023 8:00,63.32
7/15/2023 8:15,63.45
7/15/2023 8:30,63.35
7/15/2023 8:45,63.12
7/15/2023 9:00,63.12
7/15/2023 9:15,63.09
7/15/2023 9:30,63.02
7/15/2023 9:45,63.02
7/15/2023 10:00,63.02
7/15/2023 10:15,63.02
7/15/2023 10:30,63.15
7/15/2023 10:45,63
7/15/2023 11:00,62.9
7/15/2023 11:15,62.9
7/15/2023 11:30,62.9
7/15/2023 11:45,62.9
7/15/2023 12:00,62.9
7/15/2023 12:15,62.9
7/15/2023 12:30,62.77
7/15/2023 12:45,62.51
7/15/2023 13:00,62.18
7/15/2023 13:15,61.98
7/15/2023 13:30,61.95
7/15/2023 13:45,61.98
7/15/2023 14:00,61.98
7/15/2023 14:15,61.95
7/15/2023 14:30,61.94
7/15/2023 14:45,61.85
7/15/2023 15:00,61.79
7/15/2023 15:15,61.79
7/15/2023 15:30,61.79
7/15/2023 15:45,61.79
7/15/2023 16:00,61.87
7/15/2023 16:15,61.94
7/15/2023 16:30,61.94
7/15/2023 16:45,62.01
7/15/2023 17:00,61.94
7/15/2023 17:15,62.01
7/15/2023 17:30,62.01
7/15/2023 17:45,62.1
7/15/2023 18:00,62.12
7/15/2023 18:15,62.12
7/15/2023 18:30,62.12
7/15/2023 18:45,62.13
7/15/2023 19:00,62.16
7/15/2023 19:15,62.19
7/15/2023 19:30,62.19
7/15/2023 19:45,62.22
7/15/2023 20:00,62.22
7/15/2023 20:15,62.22
7/15/2023 20:30,62.22
7/15/2023 20:45,62.22
7/15/2023 21:00,62.22
7/15/2023 21:15,62.22
7/15/2023 21:30,62.23
7/15/2023 21:45,62.25
7/15/2023 22:00,62.37
7/15/2023 22:15,62.35
7/15/2023 22:30,62.54
7/15/2023 22:45,62.54
7/15/2023 23:00,62.76
7/15/2023 23:15,62.77
7/15/2023 23:30,62.92
7/15/2023 23:45,62.92
7/16/2023 0:00,62.98
7/16/2023 0:15,62.98
7/16/2023 0:30,63.08
7/16/2023 0:45,63.08
7/16/2023 1:00,63.24
7/16/2023 1:15,63.34
7/16/2023 1:30,63.4
7/16/2023 1:45,63.54
7/16/2023 2:00,63.54
7/16/2023 2:15,63.54
7/16/2023 2:30,63.54
7/16/2023 2:45,63.54
7/16/2023 3:00,63.54
7/16/2023 3:15,63.67
7/16/2023 3:30,63.76
7/16/2023 3:45,63.89
7/16/2023 4:00,64
7/16/2023 4:15,64.04
7/16/2023 4:30,64.04
7/16/2023 4:45,64.17
7/16/2023 5:00,64.29
7/16/2023 5:15,64.29
7/16/2023 5:30,64.12
7/16/2023 5:45,64.27
7/16/2023 6:00,64.34
7/16/2023 6:15,64.41
7/16/2023 6:30,64.34
7/16/2023 6:45,64.27
7/16/2023 7:00,64.12
7/16/2023 7:15,64.12
7/16/2023 7:30,64.12
7/16/2023 7:45,64.12
7/16/2023 8:00,64.12
7/16/2023 8:15,64.12
7/16/2023 8:30,64.08
7/16/2023 8:45,63.69
7/16/2023 9:00,63.69
7/16/2023 9:15,63.31
7/16/2023 9:30,63.31
7/16/2023 9:45,63.1
7/16/2023 10:00,63.03
7/16/2023 10:15,63.08
7/16/2023 10:30,63.08
7/16/2023 10:45,62.73
7/16/2023 11:00,62.44
7/16/2023 11:15,62.35
7/16/2023 11:30,62.44
7/16/2023 11:45,62.44
7/16/2023 12:00,62.36
7/16/2023 12:15,62.2
7/16/2023 12:30,62.09
7/16/2023 12:45,62.05
7/16/2023 13:00,62.01
7/16/2023 13:15,61.97
7/16/2023 13:30,61.97
7/16/2023 13:45,62.01
7/16/2023 14:00,61.97
7/16/2023 14:15,62.01
7/16/2023 14:30,62.01
7/16/2023 14:45,61.97
7/16/2023 15:00,61.83
7/16/2023 15:15,61.69
7/16/2023 15:30,61.69
7/16/2023 15:45,61.56
7/16/2023 16:00,61.44
7/16/2023 16:15,61.56
7/16/2023 16:30,61.56
7/16/2023 16:45,61.56
7/16/2023 17:00,61.44
7/16/2023 17:15,61.44
7/16/2023 17:30,61.56
7/16/2023 17:45,61.69
7/16/2023 18:00,61.73
7/16/2023 18:15,61.73
7/16/2023 18:30,61.73
7/16/2023 18:45,61.73
7/16/2023 19:00,61.89
7/16/2023 19:15,61.78
7/16/2023 19:30,61.78
7/16/2023 19:45,61.91
7/16/2023 20:00,62.02
7/16/2023 20:15,62.16
7/16/2023 20:30,62.16
7/16/2023 20:45,62.29
7/16/2023 21:00,62.35
7/16/2023 21:15,62.35
7/16/2023 21:30,62.42
7/16/2023 21:45,62.44
7/16/2023 22:00,62.45
7/16/2023 22:15,62.6
7/16/2023 22:30,62.8
7/16/2023 22:45,62.8
7/16/2023 23:00,62.74
7/16/2023 23:15,62.87
7/16/2023 23:30,62.87
7/16/2023 23:45,62.87
7/17/2023 0:00,63.02
7/17/2023 0:15,63.18
7/17/2023 0:30,63.21
7/17/2023 0:45,63.21
7/17/2023 1:00,63.25
7/17/2023 1:15,63.25
7/17/2023 1:30,63.44
7/17/2023 1:45,63.44
7/17/2023 2:00,63.44
7/17/2023 2:15,63.6
7/17/2023 2:30,63.6
7/17/2023 2:45,63.6
7/17/2023 3:00,63.6
7/17/2023 3:15,63.6
7/17/2023 3:30,63.65
7/17/2023 3:45,63.71
7/17/2023 4:00,63.75
7/17/2023 4:15,63.75
7/17/2023 4:30,63.91
7/17/2023 4:45,64.07
7/17/2023 5:00,64.11
7/17/2023 5:15,64.16
7/17/2023 5:30,64.19
7/17/2023 5:45,64.19
7/17/2023 6:00,64.19
7/17/2023 6:15,64.19
7/17/2023 6:30,64.19
7/17/2023 6:45,64.16
7/17/2023 7:00,64.19
7/17/2023 7:15,64.16
7/17/2023 7:30,64.16
7/17/2023 7:45,64.13
7/17/2023 8:00,64.13
7/17/2023 8:15,64.13
7/17/2023 8:30,64.1
7/17/2023 8:45,64.05
7/17/2023 9:00,63.82
7/17/2023 9:15,63.8
7/17/2023 9:30,63.39
7/17/2023 9:45,63.19
7/17/2023 10:00,63.08
7/17/2023 10:15,62.93
7/17/2023 10:30,62.77
7/17/2023 10:45,62.67
7/17/2023 11:00,62.66
7/17/2023 11:15,62.63
7/17/2023 11:30,62.59
7/17/2023 11:45,62.59
7/17/2023 12:00,62.46
7/17/2023 12:15,62.29
7/17/2023 12:30,62.16
7/17/2023 12:45,62.08
7/17/2023 13:00,62.03
7/17/2023 13:15,61.98
7/17/2023 13:30,61.98
7/17/2023 13:45,61.97
7/17/2023 14:00,61.95
7/17/2023 14:15,61.97
7/17/2023 14:30,61.98
7/17/2023 14:45,61.98
7/17/2023 15:00,62.03
7/17/2023 15:15,61.98
7/17/2023 15:30,62.03
7/17/2023 15:45,61.98
7/17/2023 16:00,62.03
7/17/2023 16:15,62.08
7/17/2023 16:30,62.09
7/17/2023 16:45,62.09
7/17/2023 17:00,62.09
7/17/2023 17:15,62.12
7/17/2023 17:30,62.19
7/17/2023 17:45,62.22
7/17/2023 18:00,62.31
7/17/2023 18:15,62.32
7/17/2023 18:30,62.41
7/17/2023 18:45,62.41
7/17/2023 19:00,62.41
7/17/2023 19:15,62.32
7/17/2023 19:30,62.32
7/17/2023 19:45,62.26
7/17/2023 20:00,62.26
7/17/2023 20:15,62.32
7/17/2023 20:30,62.26
7/17/2023 20:45,62.32
7/17/2023 21:00,62.26
7/17/2023 21:15,62.26
7/17/2023 21:30,62.35
7/17/2023 21:45,62.35
7/17/2023 22:00,62.35
7/17/2023 22:15,62.26
7/17/2023 22:30,62.26
7/17/2023 22:45,62.3
7/17/2023 23:00,62.26
7/17/2023 23:15,62.3
7/17/2023 23:30,62.17
7/17/2023 23:45,62.22
7/18/2023 0:00,62.44
7/18/2023 0:15,62.54
7/18/2023 0:30,62.54
7/18/2023 0:45,62.57
7/18/2023 1:00,62.54
7/18/2023 1:15,62.54
7/18/2023 1:30,62.54
7/18/2023 1:45,62.44
7/18/2023 2:00,62.44
7/18/2023 2:15,62.34
7/18/2023 2:30,62.34
7/18/2023 2:45,62.34
7/18/2023 3:00,62.48
7/18/2023 3:15,62.65
7/18/2023 3:30,62.74
7/18/2023 3:45,62.74
7/18/2023 4:00,62.74
7/18/2023 4:15,62.81
7/18/2023 4:30,62.93
7/18/2023 4:45,62.93
7/18/2023 5:00,62.93
7/18/2023 5:15,62.93
7/18/2023 5:30,62.93
7/18/2023 5:45,62.75
7/18/2023 6:00,62.75
7/18/2023 6:15,62.57
7/18/2023 6:30,62.73
7/18/2023 6:45,62.9
7/18/2023 7:00,62.96
7/18/2023 7:15,62.96
7/18/2023 7:30,62.9
7/18/2023 7:45,62.73
7/18/2023 8:00,62.57
7/18/2023 8:15,62.57
7/18/2023 8:30,62.56
7/18/2023 8:45,62.57
7/18/2023 9:00,62.57
7/18/2023 9:15,62.57
7/18/2023 9:30,62.57
7/18/2023 9:45,62.56
7/18/2023 10:00,62.56
7/18/2023 10:15,62.56
7/18/2023 10:30,62.56
7/18/2023 10:45,62.56
7/18/2023 11:00,62.56
7/18/2023 11:15,62.56
7/18/2023 11:30,62.46
7/18/2023 11:45,62.37
7/18/2023 12:00,62.37
7/18/2023 12:15,62.33
7/18/2023 12:30,62.29
7/18/2023 12:45,62.28
7/18/2023 13:00,62.28
7/18/2023 13:15,62.28
7/18/2023 13:30,62.28
7/18/2023 13:45,62.27
7/18/2023 14:00,62.27
7/18/2023 14:15,62.27
7/18/2023 14:30,62.27
7/18/2023 14:45,62.28
7/18/2023 15:00,62.28
7/18/2023 15:15,62.28
7/18/2023 15:30,62.28
7/18/2023 15:45,62.27
7/18/2023 16:00,62.28
7/18/2023 16:15,62.27
7/18/2023 16:30,62.28
7/18/2023 16:45,62.28
7/18/2023 17:00,62.28
7/18/2023 17:15,62.28
7/18/2023 17:30,62.28
7/18/2023 17:45,62.3
7/18/2023 18:00,62.3
7/18/2023 18:15,62.3
7/18/2023 18:30,62.34
7/18/2023 18:45,62.34
7/18/2023 19:00,62.34
7/18/2023 19:15,62.3
7/18/2023 19:30,62.28
7/18/2023 19:45,62.25
7/18/2023 20:00,62.28
7/18/2023 20:15,62.25
7/18/2023 20:30,62.25
7/18/2023 20:45,62.32
7/18/2023 21:00,62.3
7/18/2023 21:15,62.37
7/18/2023 21:30,62.27
7/18/2023 21:45,62.17
7/18/2023 22:00,62.17
7/18/2023 22:15,62.16
7/18/2023 22:30,62.05
7/18/2023 22:45,61.88
7/18/2023 23:00,61.88
7/18/2023 23:15,61.83
7/18/2023 23:30,61.78
7/18/2023 23:45,61.78
7/19/2023 0:00,61.83
7/19/2023 0:15,62.01
7/19/2023 0:30,62.01
7/19/2023 0:45,62.17
7/19/2023 1:00,62.17
7/19/2023 1:15,62.17
7/19/2023 1:30,62.23
7/19/2023 1:45,62.17
7/19/2023 2:00,62.23
7/19/2023 2:15,62.17
7/19/2023 2:30,62.14
7/19/2023 2:45,61.96
7/19/2023 3:00,61.8
7/19/2023 3:15,61.96
7/19/2023 3:30,61.96
7/19/2023 3:45,62.2
7/19/2023 4:00,61.96
7/19/2023 4:15,62.06
7/19/2023 4:30,62.2
7/19/2023 4:45,62.13
7/19/2023 5:00,62.13
7/19/2023 5:15,62.06
7/19/2023 5:30,62.06
7/19/2023 5:45,62
7/19/2023 6:00,62
7/19/2023 6:15,62
7/19/2023 6:30,61.96
7/19/2023 6:45,62
7/19/2023 7:00,61.96
7/19/2023 7:15,61.96
7/19/2023 7:30,61.91
7/19/2023 7:45,61.96
7/19/2023 8:00,62
7/19/2023 8:15,61.96
7/19/2023 8:30,62
7/19/2023 8:45,62
7/19/2023 9:00,62.01
7/19/2023 9:15,62
7/19/2023 9:30,61.96
7/19/2023 9:45,61.91
7/19/2023 10:00,61.8
7/19/2023 10:15,61.7
7/19/2023 10:30,61.8
7/19/2023 10:45,61.83
7/19/2023 11:00,61.7
7/19/2023 11:15,61.7
7/19/2023 11:30,61.72
7/19/2023 11:45,61.72
7/19/2023 12:00,61.83
7/19/2023 12:15,61.83
7/19/2023 12:30,61.83
7/19/2023 12:45,61.8
7/19/2023 13:00,61.72
7/19/2023 13:15,61.62
7/19/2023 13:30,61.61
7/19/2023 13:45,61.51
7/19/2023 14:00,61.51
7/19/2023 14:15,61.51
7/19/2023 14:30,61.52
7/19/2023 14:45,61.52
7/19/2023 15:00,61.61
7/19/2023 15:15,61.61
7/19/2023 15:30,61.52
7/19/2023 15:45,61.52
7/19/2023 16:00,61.52
7/19/2023 16:15,61.52
7/19/2023 16:30,61.52
7/19/2023 16:45,61.52
7/19/2023 17:00,61.52
7/19/2023 17:15,61.57
7/19/2023 17:30,61.66
7/19/2023 17:45,61.66
7/19/2023 18:00,61.7
7/19/2023 18:15,61.72
7/19/2023 18:30,61.94
7/19/2023 18:45,62.14
7/19/2023 19:00,61.94
7/19/2023 19:15,62.03
7/19/2023 19:30,62.03
7/19/2023 19:45,62.15
7/19/2023 20:00,62.03
7/19/2023 20:15,62.15
7/19/2023 20:30,62.2
7/19/2023 20:45,62.2
7/19/2023 21:00,62.27
7/19/2023 21:15,62.32
7/19/2023 21:30,62.32
7/19/2023 21:45,62.36
7/19/2023 22:00,62.36
7/19/2023 22:15,62.32
7/19/2023 22:30,62.32
7/19/2023 22:45,62.38
7/19/2023 23:00,62.38
7/19/2023 23:15,62.38
7/19/2023 23:30,62.45
7/19/2023 23:45,62.47
7/20/2023 0:00,62.47
7/20/2023 0:15,62.47
7/20/2023 0:30,62.5
7/20/2023 0:45,62.55
7/20/2023 1:00,62.65
7/20/2023 1:15,62.78
7/20/2023 1:30,62.83
7/20/2023 1:45,62.83
7/20/2023 2:00,62.78
7/20/2023 2:15,62.66
7/20/2023 2:30,62.8
7/20/2023 2:45,63.04
7/20/2023 3:00,63.04
7/20/2023 3:15,63.04
7/20/2023 3:30,63.04
7/20/2023 3:45,63.04
7/20/2023 4:00,63.04
7/20/2023 4:15,63.04
7/20/2023 4:30,63.24
7/20/2023 4:45,63.04
7/20/2023 5:00,63.24
7/20/2023 5:15,63.04
7/20/2023 5:30,63.04
7/20/2023 5:45,63.04
7/20/2023 6:00,63.07
7/20/2023 6:15,63.07
7/20/2023 6:30,63.34
7/20/2023 6:45,63.46
7/20/2023 7:00,63.53
7/20/2023 7:15,63.53
7/20/2023 7:30,63.49
7/20/2023 7:45,63.44
7/20/2023 8:00,63.49
7/20/2023 8:15,63.49
7/20/2023 8:30,63.49
7/20/2023 8:45,63.49
7/20/2023 9:00,63.49
7/20/2023 9:15,63.37
7/20/2023 9:30,63.24
7/20/2023 9:45,63.29
7/20/2023 10:00,63.24
7/20/2023 10:15,63.24
7/20/2023 10:30,63.14
7/20/2023 10:45,63.06
7/20/2023 11:00,63
7/20/2023 11:15,62.98
7/20/2023 11:30,62.92
7/20/2023 11:45,62.85
7/20/2023 12:00,62.7
7/20/2023 12:15,62.54
7/20/2023 12:30,62.42
7/20/2023 12:45,62.42
7/20/2023 13:00,62.27
7/20/2023 13:15,62.16
7/20/2023 13:30,62.16
7/20/2023 13:45,62.16
7/20/2023 14:00,62.16
7/20/2023 14:15,62.16
7/20/2023 14:30,62.03
7/20/2023 14:45,62.03
7/20/2023 15:00,62.08
7/20/2023 15:15,62.02
7/20/2023 15:30,62.08
7/20/2023 15:45,62.08
7/20/2023 16:00,62.02
7/20/2023 16:15,62.02
7/20/2023 16:30,62.02
7/20/2023 16:45,61.96
7/20/2023 17:00,61.91
7/20/2023 17:15,61.91
7/20/2023 17:30,61.96
7/20/2023 17:45,61.91
7/20/2023 18:00,61.76
7/20/2023 18:15,61.64
7/20/2023 18:30,61.64
7/20/2023 18:45,61.76
7/20/2023 19:00,61.6
7/20/2023 19:15,61.6
7/20/2023 19:30,61.8
7/20/2023 19:45,61.8
7/20/2023 20:00,61.8
7/20/2023 20:15,62.06
7/20/2023 20:30,62.06
7/20/2023 20:45,62.06
7/20/2023 21:00,62.23
7/20/2023 21:15,62.23
7/20/2023 21:30,62.31
7/20/2023 21:45,62.34
7/20/2023 22:00,62.47
7/20/2023 22:15,62.63
7/20/2023 22:30,62.63
7/20/2023 22:45,62.67
7/20/2023 23:00,62.67
7/20/2023 23:15,62.83
7/20/2023 23:30,62.83
7/20/2023 23:45,63.16
7/21/2023 0:00,63.48
7/21/2023 0:15,63.68
7/21/2023 0:30,63.62
7/21/2023 0:45,63.62
7/21/2023 1:00,63.68
7/21/2023 1:15,63.81
7/21/2023 1:30,63.91
7/21/2023 1:45,63.96
7/21/2023 2:00,63.96
7/21/2023 2:15,63.96
7/21/2023 2:30,63.96
7/21/2023 2:45,63.96
7/21/2023 3:00,63.96
7/21/2023 3:15,63.96
7/21/2023 3:30,63.96
7/21/2023 3:45,63.96
7/21/2023 4:00,63.96
7/21/2023 4:15,63.96
7/21/2023 4:30,63.96
7/21/2023 4:45,63.76
7/21/2023 5:00,63.6
7/21/2023 5:15,63.53
7/21/2023 5:30,63.48
7/21/2023 5:45,63.48
7/21/2023 6:00,63.48
7/21/2023 6:15,63.4
7/21/2023 6:30,63.25
7/21/2023 6:45,63.25
7/21/2023 7:00,63.4
7/21/2023 7:15,63.37
7/21/2023 7:30,63.37
7/21/2023 7:45,63.45
7/21/2023 8:00,63.48
7/21/2023 8:15,63.49
7/21/2023 8:30,63.49
7/21/2023 8:45,63.49
7/21/2023 9:00,63.49
7/21/2023 9:15,63.48
7/21/2023 9:30,63.48
7/21/2023 9:45,63.45
7/21/2023 10:00,63.3
7/21/2023 10:15,63.3
7/21/2023 10:30,63.3
7/21/2023 10:45,63.16
7/21/2023 11:00,63.16
7/21/2023 11:15,63.16
7/21/2023 11:30,63.16
7/21/2023 11:45,63.1
7/21/2023 12:00,62.84
7/21/2023 12:15,62.62
7/21/2023 12:30,62.34
7/21/2023 12:45,62.06
7/21/2023 13:00,62.06
7/21/2023 13:15,62.01
7/21/2023 13:30,62.01
7/21/2023 13:45,62.01
7/21/2023 14:00,62.01
7/21/2023 14:15,62.13
7/21/2023 14:30,62.45
7/21/2023 14:45,62.19
7/21/2023 15:00,62.19
7/21/2023 15:15,62.09
7/21/2023 15:30,62.19
7/21/2023 15:45,62.09
7/21/2023 16:00,62.09
7/21/2023 16:15,62.09
7/21/2023 16:30,62.09
7/21/2023 16:45,62.09
7/21/2023 17:00,62.09
7/21/2023 17:15,62.09
7/21/2023 17:30,62.09
7/21/2023 17:45,62.19
7/21/2023 18:00,62.26
7/21/2023 18:15,62.26
7/21/2023 18:30,62.26
7/21/2023 18:45,62.09
7/21/2023 19:00,62.09
7/21/2023 19:15,62.09
7/21/2023 19:30,62.09
7/21/2023 19:45,62.09
7/21/2023 20:00,62.18
7/21/2023 20:15,62.33
7/21/2023 20:30,62.33
7/21/2023 20:45,62.4
7/21/2023 21:00,62.46
7/21/2023 21:15,62.55
7/21/2023 21:30,62.64
7/21/2023 21:45,62.97
7/21/2023 22:00,63.23
7/21/2023 22:15,63.23
7/21/2023 22:30,63.4
7/21/2023 22:45,63.57
7/21/2023 23:00,63.64
7/21/2023 23:15,63.7
7/21/2023 23:30,63.7
7/21/2023 23:45,63.7
7/22/2023 0:00,63.9
7/22/2023 0:15,63.9
7/22/2023 0:30,63.9
7/22/2023 0:45,64.06
7/22/2023 1:00,63.9
7/22/2023 1:15,64.06
7/22/2023 1:30,64.06
7/22/2023 1:45,64.06
7/22/2023 2:00,64.07
7/22/2023 2:15,64.07
7/22/2023 2:30,64.06
7/22/2023 2:45,64.04
7/22/2023 3:00,64.06
7/22/2023 3:15,64.06
7/22/2023 3:30,64.06
7/22/2023 3:45,64.04
7/22/2023 4:00,63.88
7/22/2023 4:15,63.73
7/22/2023 4:30,63.73
7/22/2023 4:45,63.79
7/22/2023 5:00,63.73
7/22/2023 5:15,63.73
7/22/2023 5:30,63.79
7/22/2023 5:45,63.79
7/22/2023 6:00,63.94
7/22/2023 6:15,63.83
7/22/2023 6:30,63.83
7/22/2023 6:45,63.79
7/22/2023 7:00,63.73
7/22/2023 7:15,63.61
7/22/2023 7:30,63.62
7/22/2023 7:45,63.62
7/22/2023 8:00,63.62
7/22/2023 8:15,63.79
7/22/2023 8:30,63.83
7/22/2023 8:45,63.83
7/22/2023 9:00,63.83
7/22/2023 9:15,63.83
7/22/2023 9:30,63.83
7/22/2023 9:45,63.67
7/22/2023 10:00,63.61
7/22/2023 10:15,63.71
7/22/2023 10:30,63.49
7/22/2023 10:45,63.37
7/22/2023 11:00,63.34
7/22/2023 11:15,63.27
7/22/2023 11:30,63.27
7/22/2023 11:45,63.15
7/22/2023 12:00,63.15
7/22/2023 12:15,63.15
7/22/2023 12:30,63.15
7/22/2023 12:45,63.15
7/22/2023 13:00,63.1
7/22/2023 13:15,63.1
7/22/2023 13:30,63.1
7/22/2023 13:45,63.15
7/22/2023 14:00,63.15
7/22/2023 14:15,63.21
7/22/2023 14:30,63.21
7/22/2023 14:45,63.41
7/22/2023 15:00,63.54
7/22/2023 15:15,63.65
7/22/2023 15:30,63.83
7/22/2023 15:45,64.23
7/22/2023 16:00,64.84
7/22/2023 16:15,65.65
7/22/2023 16:30,66.45
7/22/2023 16:45,67.17
7/22/2023 17:00,67.17
7/22/2023 17:15,67.17
7/22/2023 17:30,67.17
7/22/2023 17:45,67.31
7/22/2023 18:00,67.31
7/22/2023 18:15,67.31
7/22/2023 18:30,67.31
7/22/2023 18:45,67.31
7/22/2023 19:00,67.1
7/22/2023 19:15,66.85
7/22/2023 19:30,66.85
7/22/2023 19:45,66.69
7/22/2023 20:00,66.85
7/22/2023 20:15,66.69
7/22/2023 20:30,66.63
7/22/2023 20:45,66.63
7/22/2023 21:00,66.6
7/22/2023 21:15,66.47
7/22/2023 21:30,66.47
7/22/2023 21:45,66.27
7/22/2023 22:00,66.03
7/22/2023 22:15,65.79
7/22/2023 22:30,65.79
7/22/2023 22:45,65.79
7/22/2023 23:00,65.79
7/22/2023 23:15,65.72
7/22/2023 23:30,65.72
7/22/2023 23:45,65.72
7/23/2023 0:00,65.72
7/23/2023 0:15,65.68
7/23/2023 0:30,65.58
7/23/2023 0:45,65.58
7/23/2023 1:00,65.58
7/23/2023 1:15,65.58
7/23/2023 1:30,65.58
7/23/2023 1:45,65.68
7/23/2023 2:00,65.68
7/23/2023 2:15,65.72
7/23/2023 2:30,65.72
7/23/2023 2:45,65.88
7/23/2023 3:00,66.01
7/23/2023 3:15,66.01
7/23/2023 3:30,65.88
7/23/2023 3:45,65.72
7/23/2023 4:00,65.72
7/23/2023 4:15,65.77
7/23/2023 4:30,65.77
7/23/2023 4:45,65.71
7/23/2023 5:00,65.68
7/23/2023 5:15,65.68
7/23/2023 5:30,65.82
7/23/2023 5:45,65.82
7/23/2023 6:00,65.71
7/23/2023 6:15,65.71
7/23/2023 6:30,65.82
7/23/2023 6:45,65.71
7/23/2023 7:00,65.71
7/23/2023 7:15,65.71
7/23/2023 7:30,65.71
7/23/2023 7:45,65.6
7/23/2023 8:00,65.57
7/23/2023 8:15,65.57
7/23/2023 8:30,65.57
7/23/2023 8:45,65.52
7/23/2023 9:00,65.31
7/23/2023 9:15,65.31
7/23/2023 9:30,65.31
7/23/2023 9:45,65.07
7/23/2023 10:00,64.96
7/23/2023 10:15,64.96
7/23/2023 10:30,64.71
7/23/2023 10:45,64.55
7/23/2023 11:00,64.18
7/23/2023 11:15,64.16
7/23/2023 11:30,64.16
7/23/2023 11:45,64.16
7/23/2023 12:00,63.99
7/23/2023 12:15,63.83
7/23/2023 12:30,63.83
7/23/2023 12:45,63.79
7/23/2023 13:00,63.54
7/23/2023 13:15,63.34
7/23/2023 13:30,63.31
7/23/2023 13:45,63.31
7/23/2023 14:00,63.26
7/23/2023 14:15,63.08
7/23/2023 14:30,63.21
7/23/2023 14:45,63.21
7/23/2023 15:00,63.04
7/23/2023 15:15,62.86
7/23/2023 15:30,62.86
7/23/2023 15:45,62.8
7/23/2023 16:00,62.79
7/23/2023 16:15,62.79
7/23/2023 16:30,62.78
7/23/2023 16:45,62.78
7/23/2023 17:00,62.78
7/23/2023 17:15,62.78
7/23/2023 17:30,62.78
7/23/2023 17:45,62.78
7/23/2023 18:00,62.75
7/23/2023 18:15,62.75
7/23/2023 18:30,62.56
7/23/2023 18:45,62.56
7/23/2023 19:00,62.56
7/23/2023 19:15,62.56
7/23/2023 19:30,62.4
7/23/2023 19:45,62.51
7/23/2023 20:00,62.51
7/23/2023 20:15,62.62
7/23/2023 20:30,62.67
7/23/2023 20:45,62.75
7/23/2023 21:00,62.75
7/23/2023 21:15,62.86
7/23/2023 21:30,63.03
7/23/2023 21:45,63.03
7/23/2023 22:00,62.95
7/23/2023 22:15,62.87
7/23/2023 22:30,62.95
7/23/2023 22:45,63.02
7/23/2023 23:00,63.02
7/23/2023 23:15,63.02
7/23/2023 23:30,63.15
7/23/2023 23:45,63.26
7/24/2023 0:00,63.02
7/24/2023 0:15,63.02
7/24/2023 0:30,63.02
7/24/2023 0:45,63.02
7/24/2023 1:00,63.02
7/24/2023 1:15,62.95
7/24/2023 1:30,62.95
7/24/2023 1:45,62.95
7/24/2023 2:00,63.02
7/24/2023 2:15,63.02
7/24/2023 2:30,63.02
7/24/2023 2:45,63.19
7/24/2023 3:00,63.19
7/24/2023 3:15,63.37
7/24/2023 3:30,63.37
7/24/2023 3:45,63.12
7/24/2023 4:00,63.37
7/24/2023 4:15,63.37
7/24/2023 4:30,63.34
7/24/2023 4:45,63.34
7/24/2023 5:00,63.53
7/24/2023 5:15,63.34
7/24/2023 5:30,63.49
7/24/2023 5:45,63.63
7/24/2023 6:00,63.77
7/24/2023 6:15,63.77
7/24/2023 6:30,63.63
7/24/2023 6:45,63.63
7/24/2023 7:00,63.63
7/24/2023 7:15,63.74
7/24/2023 7:30,63.74
7/24/2023 7:45,63.49
7/24/2023 8:00,63.49
7/24/2023 8:15,63.32
7/24/2023 8:30,63.32
7/24/2023 8:45,63.32
7/24/2023 9:00,63.2
7/24/2023 9:15,63.09
7/24/2023 9:30,63.02
7/24/2023 9:45,62.94
7/24/2023 10:00,62.7
7/24/2023 10:15,62.54
7/24/2023 10:30,62.48
7/24/2023 10:45,62.31
7/24/2023 11:00,62.2
7/24/2023 11:15,62.22
7/24/2023 11:30,62.2
7/24/2023 11:45,62.2
7/24/2023 12:00,62.2
7/24/2023 12:15,62.09
7/24/2023 12:30,62.06
7/24/2023 12:45,62.06
7/24/2023 13:00,62.06
7/24/2023 13:15,62.06
7/24/2023 13:30,62.05
7/24/2023 13:45,62.05
7/24/2023 14:00,62.12
7/24/2023 14:15,62.13
7/24/2023 14:30,62.13
7/24/2023 14:45,62.12
7/24/2023 15:00,62.13
7/24/2023 15:15,62.13
7/24/2023 15:30,62.15
7/24/2023 15:45,62.15
7/24/2023 16:00,62.18
7/24/2023 16:15,62.18
7/24/2023 16:30,62.28
7/24/2023 16:45,62.28
7/24/2023 17:00,62.18
7/24/2023 17:15,62.28
7/24/2023 17:30,62.38
7/24/2023 17:45,62.41
7/24/2023 18:00,62.38
7/24/2023 18:15,62.34
7/24/2023 18:30,62.34
7/24/2023 18:45,62.34
7/24/2023 19:00,62.39
7/24/2023 19:15,62.43
7/24/2023 19:30,62.49
7/24/2023 19:45,62.55
7/24/2023 20:00,62.57
7/24/2023 20:15,62.57
7/24/2023 20:30,62.55
7/24/2023 20:45,62.55
7/24/2023 21:00,62.55
7/24/2023 21:15,62.49
7/24/2023 21:30,62.55
7/24/2023 21:45,62.57
7/24/2023 22:00,62.57
7/24/2023 22:15,62.57
7/24/2023 22:30,62.57
7/24/2023 22:45,62.57
7/24/2023 23:00,62.57
7/24/2023 23:15,62.59
7/24/2023 23:30,62.62
7/24/2023 23:45,62.62
7/25/2023 0:00,62.76
7/25/2023 0:15,62.76
7/25/2023 0:30,62.77
7/25/2023 0:45,62.77
7/25/2023 1:00,62.65
7/25/2023 1:15,62.77
7/25/2023 1:30,62.77
7/25/2023 1:45,62.92
7/25/2023 2:00,62.92
7/25/2023 2:15,62.94
7/25/2023 2:30,62.94
7/25/2023 2:45,62.94
7/25/2023 3:00,62.94
7/25/2023 3:15,62.94
7/25/2023 3:30,62.94
7/25/2023 3:45,62.94
7/25/2023 4:00,62.94
7/25/2023 4:15,62.94
7/25/2023 4:30,62.94
7/25/2023 4:45,62.94
7/25/2023 5:00,62.94
7/25/2023 5:15,62.94
7/25/2023 5:30,62.94
7/25/2023 5:45,62.94
7/25/2023 6:00,63.1
7/25/2023 6:15,62.94
7/25/2023 6:30,63.1
7/25/2023 6:45,63.21
7/25/2023 7:00,63.26
7/25/2023 7:15,63.26
7/25/2023 7:30,63.26
7/25/2023 7:45,63.21
7/25/2023 8:00,63.21
7/25/2023 8:15,63.21
7/25/2023 8:30,63.33
7/25/2023 8:45,63.33
7/25/2023 9:00,63.28
7/25/2023 9:15,63.28
7/25/2023 9:30,63.1
7/25/2023 9:45,63.1
7/25/2023 10:00,62.93
7/25/2023 10:15,62.93
7/25/2023 10:30,62.74
7/25/2023 10:45,62.66
7/25/2023 11:00,62.59
7/25/2023 11:15,62.55
7/25/2023 11:30,62.53
7/25/2023 11:45,62.47
7/25/2023 12:00,62.43
7/25/2023 12:15,62.43
7/25/2023 12:30,62.38
7/25/2023 12:45,62.38
7/25/2023 13:00,62.47
7/25/2023 13:15,62.47
7/25/2023 13:30,62.38
7/25/2023 13:45,62.3
7/25/2023 14:00,62.3
7/25/2023 14:15,62.28
7/25/2023 14:30,62.28
7/25/2023 14:45,62.3
7/25/2023 15:00,62.28
7/25/2023 15:15,62.23
7/25/2023 15:30,62.19
7/25/2023 15:45,62.17
7/25/2023 16:00,62.17
7/25/2023 16:15,62.17
7/25/2023 16:30,62.17
7/25/2023 16:45,62.17
7/25/2023 17:00,62.17
7/25/2023 17:15,62.17
7/25/2023 17:30,62.22
7/25/2023 17:45,62.22
7/25/2023 18:00,62.22
7/25/2023 18:15,62.17
7/25/2023 18:30,62.22
7/25/2023 18:45,62.32
7/25/2023 19:00,62.28
7/25/2023 19:15,62.28
7/25/2023 19:30,62.27
7/25/2023 19:45,62.27
7/25/2023 20:00,62.39
7/25/2023 20:15,62.4
7/25/2023 20:30,62.4
7/25/2023 20:45,62.46
7/25/2023 21:00,62.46
7/25/2023 21:15,62.46
7/25/2023 21:30,62.56
7/25/2023 21:45,62.65
7/25/2023 22:00,62.65
7/25/2023 22:15,62.65
7/25/2023 22:30,62.6
7/25/2023 22:45,62.66
7/25/2023 23:00,62.6
7/25/2023 23:15,62.73
7/25/2023 23:30,62.6
7/25/2023 23:45,62.63
7/26/2023 0:00,62.75
7/26/2023 0:15,62.84
7/26/2023 0:30,62.84
7/26/2023 0:45,62.84
7/26/2023 1:00,62.94
7/26/2023 1:15,62.94
7/26/2023 1:30,63.05
7/26/2023 1:45,63.05
7/26/2023 2:00,63.05
7/26/2023 2:15,63.05
7/26/2023 2:30,63.05
7/26/2023 2:45,63.05
7/26/2023 3:00,63.05
7/26/2023 3:15,63.05
7/26/2023 3:30,63.05
7/26/2023 3:45,63.05
7/26/2023 4:00,63.05
7/26/2023 4:15,63.05
7/26/2023 4:30,63.1
7/26/2023 4:45,63.32
7/26/2023 5:00,63.1
7/26/2023 5:15,63.05
7/26/2023 5:30,63.05
7/26/2023 5:45,63.05
7/26/2023 6:00,63.19
7/26/2023 6:15,63.19
7/26/2023 6:30,63.19
7/26/2023 6:45,63.34
7/26/2023 7:00,63.41
7/26/2023 7:15,63.34
7/26/2023 7:30,63.41
7/26/2023 7:45,63.41
7/26/2023 8:00,63.51
7/26/2023 8:15,63.41
7/26/2023 8:30,63.41
7/26/2023 8:45,63.34
7/26/2023 9:00,63.34
7/26/2023 9:15,63.33
7/26/2023 9:30,63.16
7/26/2023 9:45,62.99
7/26/2023 10:00,62.99
7/26/2023 10:15,62.99
7/26/2023 10:30,62.99
7/26/2023 10:45,62.92
7/26/2023 11:00,62.85
7/26/2023 11:15,62.85
7/26/2023 11:30,62.85
7/26/2023 11:45,62.75
7/26/2023 12:00,62.75
7/26/2023 12:15,62.7
7/26/2023 12:30,62.7
7/26/2023 12:45,62.85
7/26/2023 13:00,62.7
7/26/2023 13:15,62.7
7/26/2023 13:30,62.7
7/26/2023 13:45,62.7
7/26/2023 14:00,62.85
7/26/2023 14:15,62.85
7/26/2023 14:30,62.85
7/26/2023 14:45,62.95
7/26/2023 15:00,63.07
7/26/2023 15:15,63.23
7/26/2023 15:30,63.41
7/26/2023 15:45,63.48
7/26/2023 16:00,63.48
7/26/2023 16:15,63.48
7/26/2023 16:30,63.67
7/26/2023 16:45,63.67
7/26/2023 17:00,63.77
7/26/2023 17:15,63.77
7/26/2023 17:30,63.77
7/26/2023 17:45,63.61
7/26/2023 18:00,63.81
7/26/2023 18:15,63.81
7/26/2023 18:30,63.81
7/26/2023 18:45,63.81
7/26/2023 19:00,63.6
7/26/2023 19:15,63.6
7/26/2023 19:30,63.6
7/26/2023 19:45,63.6
7/26/2023 20:00,63.6
7/26/2023 20:15,63.6
7/26/2023 20:30,63.6
7/26/2023 20:45,63.47
7/26/2023 21:00,63.47
7/26/2023 21:15,63.6
7/26/2023 21:30,63.41
7/26/2023 21:45,63.6
7/26/2023 22:00,63.6
7/26/2023 22:15,63.8
7/26/2023 22:30,63.83
7/26/2023 22:45,64.07
7/26/2023 23:00,64.07
7/26/2023 23:15,64.07
7/26/2023 23:30,63.83
7/26/2023 23:45,64.07
7/27/2023 0:00,64.07
7/27/2023 0:15,64.07
7/27/2023 0:30,63.86
7/27/2023 0:45,64.06
7/27/2023 1:00,63.86
7/27/2023 1:15,63.8
7/27/2023 1:30,63.6
7/27/2023 1:45,63.8
7/27/2023 2:00,63.86
7/27/2023 2:15,63.98
7/27/2023 2:30,64.18
7/27/2023 2:45,63.98
7/27/2023 3:00,63.98
7/27/2023 3:15,63.98
7/27/2023 3:30,64.18
7/27/2023 3:45,64.18
7/27/2023 4:00,63.98
7/27/2023 4:15,64.18
7/27/2023 4:30,64.23
7/27/2023 4:45,64.23
7/27/2023 5:00,64.24
7/27/2023 5:15,64.24
7/27/2023 5:30,64.24
7/27/2023 5:45,64.26
7/27/2023 6:00,64.26
7/27/2023 6:15,64.26
7/27/2023 6:30,64.31
7/27/2023 6:45,64.26
7/27/2023 7:00,64.37
7/27/2023 7:15,64.65
7/27/2023 7:30,64.38
7/27/2023 7:45,64.38
7/27/2023 8:00,64.27
7/27/2023 8:15,64.26
7/27/2023 8:30,64.23
7/27/2023 8:45,64.21
7/27/2023 9:00,64.21
7/27/2023 9:15,64.21
7/27/2023 9:30,64.21
7/27/2023 9:45,63.96
7/27/2023 10:00,63.36
7/27/2023 10:15,62.99
7/27/2023 10:30,62.92
7/27/2023 10:45,62.84
7/27/2023 11:00,62.92
7/27/2023 11:15,62.68
7/27/2023 11:30,62.35
7/27/2023 11:45,62.13
7/27/2023 12:00,62.06
7/27/2023 12:15,61.98
7/27/2023 12:30,61.85
7/27/2023 12:45,61.98
7/27/2023 13:00,61.92
7/27/2023 13:15,61.92
7/27/2023 13:30,61.92
7/27/2023 13:45,62
7/27/2023 14:00,62
7/27/2023 14:15,62
7/27/2023 14:30,62
7/27/2023 14:45,62.06
7/27/2023 15:00,62.12
7/27/2023 15:15,62.42
7/27/2023 15:30,62.98
7/27/2023 15:45,63.35
7/27/2023 16:00,63.44
7/27/2023 16:15,63.63
7/27/2023 16:30,63.69
7/27/2023 16:45,63.74
7/27/2023 17:00,63.9
7/27/2023 17:15,64.09
7/27/2023 17:30,64.25
7/27/2023 17:45,64.65
7/27/2023 18:00,65.07
7/27/2023 18:15,65.07
7/27/2023 18:30,65.18
7/27/2023 18:45,65.18
7/27/2023 19:00,65.31
7/27/2023 19:15,65.53
7/27/2023 19:30,65.53
7/27/2023 19:45,65.53
7/27/2023 20:00,65.53
7/27/2023 20:15,65.53
7/27/2023 20:30,65.53
7/27/2023 20:45,65.65
7/27/2023 21:00,65.53
7/27/2023 21:15,65.65
7/27/2023 21:30,65.65
7/27/2023 21:45,65.65
7/27/2023 22:00,65.65
7/27/2023 22:15,65.65
7/27/2023 22:30,65.54
7/27/2023 22:45,65.47
7/27/2023 23:00,65.47
7/27/2023 23:15,65.47
7/27/2023 23:30,65.47
7/27/2023 23:45,65.54
7/28/2023 0:00,65.47
7/28/2023 0:15,65.47
7/28/2023 0:30,65.47
7/28/2023 0:45,65.47
7/28/2023 1:00,65.47
7/28/2023 1:15,65.47
7/28/2023 1:30,65.47
7/28/2023 1:45,65.47
7/28/2023 2:00,65.47
7/28/2023 2:15,65.47
7/28/2023 2:30,65.54
7/28/2023 2:45,65.47
7/28/2023 3:00,65.47
7/28/2023 3:15,65.47
7/28/2023 3:30,65.45
7/28/2023 3:45,65.51
7/28/2023 4:00,65.51
7/28/2023 4:15,65.51
7/28/2023 4:30,65.51
7/28/2023 4:45,65.34
7/28/2023 5:00,65.2
7/28/2023 5:15,64.98
7/28/2023 5:30,64.98
7/28/2023 5:45,64.98
7/28/2023 6:00,65.14
7/28/2023 6:15,64.98
7/28/2023 6:30,64.98
7/28/2023 6:45,64.77
7/28/2023 7:00,64.77
7/28/2023 7:15,64.66
7/28/2023 7:30,64.66
7/28/2023 7:45,64.66
7/28/2023 8:00,64.66
7/28/2023 8:15,64.6
7/28/2023 8:30,64.58
7/28/2023 8:45,64.47
7/28/2023 9:00,64.38
7/28/2023 9:15,64.37
7/28/2023 9:30,64.22
7/28/2023 9:45,64.06
7/28/2023 10:00,63.89
7/28/2023 10:15,63.7
7/28/2023 10:30,63.7
7/28/2023 10:45,63.53
7/28/2023 11:00,63.19
7/28/2023 11:15,62.95
7/28/2023 11:30,62.8
7/28/2023 11:45,62.8
7/28/2023 12:00,62.68
7/28/2023 12:15,62.58
7/28/2023 12:30,62.58
7/28/2023 12:45,62.41
7/28/2023 13:00,62.41
7/28/2023 13:15,62.41
7/28/2023 13:30,62.41
7/28/2023 13:45,62.32
7/28/2023 14:00,62.29
7/28/2023 14:15,62.29
7/28/2023 14:30,62.24
7/28/2023 14:45,62.23
7/28/2023 15:00,62.29
7/28/2023 15:15,62.29
7/28/2023 15:30,62.29
7/28/2023 15:45,62.29
7/28/2023 16:00,62.28
7/28/2023 16:15,62.28
7/28/2023 16:30,62.18
7/28/2023 16:45,62.18
7/28/2023 17:00,62.02
7/28/2023 17:15,62.02
7/28/2023 17:30,62.02
7/28/2023 17:45,62.05
7/28/2023 18:00,62.01
7/28/2023 18:15,61.98
7/28/2023 18:30,61.98
7/28/2023 18:45,61.98
7/28/2023 19:00,62.01
7/28/2023 19:15,62.01
7/28/2023 19:30,62.11
7/28/2023 19:45,62.24
7/28/2023 20:00,62.24
7/28/2023 20:15,62.34
7/28/2023 20:30,62.24
7/28/2023 20:45,62.34
7/28/2023 21:00,62.4
7/28/2023 21:15,62.44
7/28/2023 21:30,62.44
7/28/2023 21:45,62.44
7/28/2023 22:00,62.52
7/28/2023 22:15,62.59
7/28/2023 22:30,62.67
7/28/2023 22:45,62.74
7/28/2023 23:00,62.82
7/28/2023 23:15,62.89
7/28/2023 23:30,62.97
7/28/2023 23:45,63.04
7/29/2023 0:00,63.12
7/29/2023 0:15,63.19
7/29/2023 0:30,63.26
7/29/2023 0:45,63.26
7/29/2023 1:00,63.3
7/29/2023 1:15,63.34
7/29/2023 1:30,63.34
7/29/2023 1:45,63.39
7/29/2023 2:00,63.56
7/29/2023 2:15,63.66
7/29/2023 2:30,63.66
7/29/2023 2:45,63.83
7/29/2023 3:00,63.83
7/29/2023 3:15,63.66
7/29/2023 3:30,63.83
7/29/2023 3:45,63.83
7/29/2023 4:00,63.66
7/29/2023 4:15,65.79
7/29/2023 4:30,63.66
7/29/2023 4:45,63.5
7/29/2023 5:00,63.66
7/29/2023 5:15,63.81
7/29/2023 5:30,63.98
7/29/2023 5:45,63.99
7/29/2023 6:00,63.99
7/29/2023 6:15,64.04
7/29/2023 6:30,64.19
7/29/2023 6:45,64.19
7/29/2023 7:00,64.04
7/29/2023 7:15,64.03
7/29/2023 7:30,65.36
7/29/2023 7:45,64.03
7/29/2023 8:00,65.43
7/29/2023 8:15,65.1
7/29/2023 8:30,63.76
7/29/2023 8:45,63.42
7/29/2023 9:00,63.4
7/29/2023 9:15,63.24
7/29/2023 9:30,63.24
7/29/2023 9:45,63.24
7/29/2023 10:00,63.2
7/29/2023 10:15,63.07
7/29/2023 10:30,62.92
7/29/2023 10:45,62.75
7/29/2023 11:00,62.54
7/29/2023 11:15,62.49
7/29/2023 11:30,62.49
7/29/2023 11:45,62.49
7/29/2023 12:00,62.49
7/29/2023 12:15,62.49
7/29/2023 12:30,62.49
7/29/2023 12:45,62.59
7/29/2023 13:00,62.59
7/29/2023 13:15,62.59
7/29/2023 13:30,62.81
7/29/2023 13:45,66.3
7/29/2023 14:00,65.91
7/29/2023 14:15,65.98
7/29/2023 14:30,67.75
7/29/2023 14:45,70.66
7/29/2023 15:00,75.32
7/29/2023 15:15,75.02
7/29/2023 15:30,75.32
7/29/2023 15:45,79.77
7/29/2023 16:00,73.84
7/29/2023 16:15,71.05
7/29/2023 16:30,73.05
7/29/2023 16:45,69.03
7/29/2023 17:00,69.77
7/29/2023 17:15,68.71
7/29/2023 17:30,68.83
7/29/2023 17:45,68.6
7/29/2023 18:00,68.28
7/29/2023 18:15,67.36
7/29/2023 18:30,67.62
7/29/2023 18:45,67.36
7/29/2023 19:00,66.49
7/29/2023 19:15,67.29
7/29/2023 19:30,65.58
7/29/2023 19:45,66.82
7/29/2023 20:00,66.49
7/29/2023 20:15,67.68
7/29/2023 20:30,66.34
7/29/2023 20:45,67.79
7/29/2023 21:00,67.83
7/29/2023 21:15,66.13
7/29/2023 21:30,65.33
7/29/2023 21:45,65.58
7/29/2023 22:00,67.57
7/29/2023 22:15,65.43
7/29/2023 22:30,66.31
7/29/2023 22:45,65.11
7/29/2023 23:00,66.24
7/29/2023 23:15,65.36
7/29/2023 23:30,66.24
7/29/2023 23:45,66.63
7/30/2023 0:00,65.76
7/30/2023 0:15,65.76
7/30/2023 0:30,66.34
7/30/2023 0:45,67.83
7/30/2023 1:00,65.21
7/30/2023 1:15,65.68
7/30/2023 1:30,66.24
7/30/2023 1:45,65.78
7/30/2023 2:00,67.18
7/30/2023 2:15,65.83
7/30/2023 2:30,65.78
7/30/2023 2:45,65.83
7/30/2023 3:00,66.53
7/30/2023 3:15,65.83
7/30/2023 3:30,66.13
7/30/2023 3:45,65.8
7/30/2023 4:00,66.13
7/30/2023 4:15,66.19
7/30/2023 4:30,65.87
7/30/2023 4:45,65.54
7/30/2023 5:00,66.19
7/30/2023 5:15,65.25
7/30/2023 5:30,65.9
7/30/2023 5:45,66.77
7/30/2023 6:00,65.58
7/30/2023 6:15,65.83
7/30/2023 6:30,65.98
7/30/2023 6:45,66.77
7/30/2023 7:00,65.81
7/30/2023 7:15,65.83
7/30/2023 7:30,66.53
7/30/2023 7:45,65.98
7/30/2023 8:00,65.36
7/30/2023 8:15,65.76
7/30/2023 8:30,65.76
7/30/2023 8:45,66.96
7/30/2023 9:00,66.63
7/30/2023 9:15,65.76
7/30/2023 9:30,66.24
7/30/2023 9:45,65.76
7/30/2023 10:00,65.68
7/30/2023 10:15,65.76
7/30/2023 10:30,65.04
7/30/2023 10:45,64.5
7/30/2023 11:00,64.28
7/30/2023 11:15,64.17
7/30/2023 11:30,63.96
7/30/2023 11:45,63.85
7/30/2023 12:00,63.8
7/30/2023 12:15,63.8
7/30/2023 12:30,63.74
7/30/2023 12:45,63.74
7/30/2023 13:00,63.73
7/30/2023 13:15,63.73
7/30/2023 13:30,63.53
7/30/2023 13:45,63.53
7/30/2023 14:00,63.53
7/30/2023 14:15,63.34
7/30/2023 14:30,63.34
7/30/2023 14:45,63.31
7/30/2023 15:00,63.31
7/30/2023 15:15,63.31
7/30/2023 15:30,63.31
7/30/2023 15:45,63.31
7/30/2023 16:00,63.31
7/30/2023 16:15,63.31
7/30/2023 16:30,63.28
7/30/2023 16:45,63.26
7/30/2023 17:00,63.26
7/30/2023 17:15,63.26
7/30/2023 17:30,63.18
7/30/2023 17:45,63.11
7/30/2023 18:00,63.1
7/30/2023 18:15,63.1
7/30/2023 18:30,63.1
7/30/2023 18:45,62.94
7/30/2023 19:00,62.75
7/30/2023 19:15,62.94
7/30/2023 19:30,62.94
7/30/2023 19:45,63.1
7/30/2023 20:00,62.94
7/30/2023 20:15,62.94
7/30/2023 20:30,63.1
7/30/2023 20:45,63.1
7/30/2023 21:00,63.17
7/30/2023 21:15,63.13
7/30/2023 21:30,63.2
7/30/2023 21:45,63.2
7/30/2023 22:00,63.28
7/30/2023 22:15,63.28
7/30/2023 22:30,63.44
7/30/2023 22:45,63.61
7/30/2023 23:00,63.67
7/30/2023 23:15,63.69
7/30/2023 23:30,63.8
7/30/2023 23:45,63.96
7/31/2023 0:00,64.04
7/31/2023 0:15,64.04
7/31/2023 0:30,65.46
7/31/2023 0:45,64.2
7/31/2023 1:00,64.38
7/31/2023 1:15,64.45
7/31/2023 1:30,64.56
7/31/2023 1:45,64.56
7/31/2023 2:00,65.36
7/31/2023 2:15,64.66
7/31/2023 2:30,64.82
7/31/2023 2:45,65.25
7/31/2023 3:00,65.82
7/31/2023 3:15,65.57
7/31/2023 3:30,64.87
7/31/2023 3:45,65.25
7/31/2023 4:00,64.98
7/31/2023 4:15,65.03
7/31/2023 4:30,65.25
7/31/2023 4:45,65.5
7/31/2023 5:00,65.03
7/31/2023 5:15,65.82
7/31/2023 5:30,65.03
7/31/2023 5:45,65.03
7/31/2023 6:00,65.03
7/31/2023 6:15,64.77
7/31/2023 6:30,65.03
7/31/2023 6:45,64.66
7/31/2023 7:00,64.66
7/31/2023 7:15,65.03
7/31/2023 7:30,65.36
7/31/2023 7:45,64.43
7/31/2023 8:00,64.33
7/31/2023 8:15,64.33
7/31/2023 8:30,66.01
7/31/2023 8:45,64.1
7/31/2023 9:00,64.1
7/31/2023 9:15,63.83
7/31/2023 9:30,63.99
7/31/2023 9:45,63.64
7/31/2023 10:00,63.48
7/31/2023 10:15,63.36
7/31/2023 10:30,63.28
7/31/2023 10:45,63.24
7/31/2023 11:00,63.24
7/31/2023 11:15,63.22
7/31/2023 11:30,63.21
7/31/2023 11:45,63.21
7/31/2023 12:00,62.94
7/31/2023 12:15,62.58
7/31/2023 12:30,62.58
7/31/2023 12:45,62.23
7/31/2023 13:00,62.23
7/31/2023 13:15,61.91
7/31/2023 13:30,61.91
7/31/2023 13:45,61.85
7/31/2023 14:00,61.85
7/31/2023 14:15,61.84
7/31/2023 14:30,61.78
7/31/2023 14:45,61.78
7/31/2023 15:00,61.58
7/31/2023 15:15,61.58
7/31/2023 15:30,61.58
7/31/2023 15:45,61.78
7/31/2023 16:00,61.84
7/31/2023 16:15,61.84
7/31/2023 16:30,61.84
7/31/2023 16:45,61.84
7/31/2023 17:00,61.85
7/31/2023 17:15,61.85
7/31/2023 17:30,61.84
7/31/2023 17:45,61.78
7/31/2023 18:00,61.61
7/31/2023 18:15,61.61
7/31/2023 18:30,61.47
7/31/2023 18:45,61.61
7/31/2023 19:00,61.61
7/31/2023 19:15,61.8
7/31/2023 19:30,61.96
7/31/2023 19:45,61.77
7/31/2023 20:00,61.9
7/31/2023 20:15,61.9
7/31/2023 20:30,61.85
7/31/2023 20:45,61.85
7/31/2023 21:00,61.82
7/31/2023 21:15,61.91
7/31/2023 21:30,61.92
7/31/2023 21:45,61.89
7/31/2023 22:00,61.89
7/31/2023 22:15,61.92
7/31/2023 22:30,61.99
7/31/2023 22:45,61.99
7/31/2023 23:00,62.06
7/31/2023 23:15,61.99
7/31/2023 23:30,61.99
7/31/2023 23:45,61.99
8/1/2023 0:00,62
8/1/2023 0:15,62
8/1/2023 0:30,62
8/1/2023 0:45,62
8/1/2023 1:00,62.06
8/1/2023 1:15,62.11
8/1/2023 1:30,62.15
8/1/2023 1:45,62.19
8/1/2023 2:00,62.22
8/1/2023 2:15,62.3
8/1/2023 2:30,62.38
8/1/2023 2:45,62.38
8/1/2023 3:00,62.39
8/1/2023 3:15,62.39
8/1/2023 3:30,62.39
8/1/2023 3:45,62.4
8/1/2023 4:00,62.51
8/1/2023 4:15,62.62
8/1/2023 4:30,62.67
8/1/2023 4:45,62.72
8/1/2023 5:00,62.73
8/1/2023 5:15,62.79
8/1/2023 5:30,62.9
8/1/2023 5:45,62.94
8/1/2023 6:00,62.94
8/1/2023 6:15,62.98
8/1/2023 6:30,62.99
8/1/2023 6:45,63.14
8/1/2023 7:00,63.14
8/1/2023 7:15,63.38
8/1/2023 7:30,63.62
8/1/2023 7:45,64.02
8/1/2023 8:00,64.04
8/1/2023 8:15,64.06
8/1/2023 8:30,64.06
8/1/2023 8:45,64.06
8/1/2023 9:00,64.06
8/1/2023 9:15,64.06
8/1/2023 9:30,64.06
8/1/2023 9:45,64.06
8/1/2023 10:00,64.06
8/1/2023 10:15,64.06
8/1/2023 10:30,63.95
8/1/2023 10:45,63.79
8/1/2023 11:00,63.43
8/1/2023 11:15,63.37
8/1/2023 11:30,63.37
8/1/2023 11:45,63.1
8/1/2023 12:00,63.1
8/1/2023 12:15,63.1
8/1/2023 12:30,63.1
8/1/2023 12:45,63.07
8/1/2023 13:00,63.04
8/1/2023 13:15,63
8/1/2023 13:30,62.99
8/1/2023 13:45,62.99
8/1/2023 14:00,62.99
8/1/2023 14:15,62.71
8/1/2023 14:30,62.71
8/1/2023 14:45,62.41
8/1/2023 15:00,62.36
8/1/2023 15:15,62.36
8/1/2023 15:30,62.36
8/1/2023 15:45,62.36
8/1/2023 16:00,62.36
8/1/2023 16:15,62.37
8/1/2023 16:30,62.37
8/1/2023 16:45,62.51
8/1/2023 17:00,62.51
8/1/2023 17:15,62.51
8/1/2023 17:30,62.51
8/1/2023 17:45,62.6
8/1/2023 18:00,62.6
8/1/2023 18:15,62.6
8/1/2023 18:30,62.79
8/1/2023 18:45,63.32
8/1/2023 19:00,63.32
8/1/2023 19:15,63.41
8/1/2023 19:30,63.41
8/1/2023 19:45,63.41
8/1/2023 20:00,63.41
8/1/2023 20:15,63.46
8/1/2023 20:30,63.46
8/1/2023 20:45,63.64
8/1/2023 21:00,63.64
8/1/2023 21:15,63.64
8/1/2023 21:30,63.64
8/1/2023 21:45,63.64
8/1/2023 22:00,63.64
8/1/2023 22:15,63.48
8/1/2023 22:30,63.48
8/1/2023 22:45,63.48
8/1/2023 23:00,63.48
8/1/2023 23:15,63.48
8/1/2023 23:30,63.64
8/1/2023 23:45,63.64
8/2/2023 0:00,63.71
8/2/2023 0:15,63.72
8/2/2023 0:30,63.72
8/2/2023 0:45,63.72
8/2/2023 1:00,63.72
8/2/2023 1:15,63.72
8/2/2023 1:30,63.72
8/2/2023 1:45,63.72
8/2/2023 2:00,63.72
8/2/2023 2:15,63.72
8/2/2023 2:30,63.72
8/2/2023 2:45,63.65
8/2/2023 3:00,63.65
8/2/2023 3:15,63.65
8/2/2023 3:30,63.65
8/2/2023 3:45,63.65
8/2/2023 4:00,63.65
8/2/2023 4:15,63.65
8/2/2023 4:30,63.65
8/2/2023 4:45,63.65
8/2/2023 5:00,63.65
8/2/2023 5:15,63.65
8/2/2023 5:30,63.64
8/2/2023 5:45,63.37
8/2/2023 6:00,63.32
8/2/2023 6:15,63.32
8/2/2023 6:30,63.32
8/2/2023 6:45,63.21
8/2/2023 7:00,63.1
8/2/2023 7:15,63.1
8/2/2023 7:30,63.1
8/2/2023 7:45,63.05
8/2/2023 8:00,62.85
8/2/2023 8:15,62.7
8/2/2023 8:30,62.66
8/2/2023 8:45,62.61
8/2/2023 9:00,62.6
8/2/2023 9:15,62.49
8/2/2023 9:30,62.38
8/2/2023 9:45,62.38
8/2/2023 10:00,62.22
8/2/2023 10:15,62.07
8/2/2023 10:30,62.05
8/2/2023 10:45,62.02
8/2/2023 11:00,62.02
8/2/2023 11:15,62.02
8/2/2023 11:30,61.95
8/2/2023 11:45,61.95
8/2/2023 12:00,61.95
8/2/2023 12:15,61.95
8/2/2023 12:30,61.95
8/2/2023 12:45,61.96
8/2/2023 13:00,61.96
8/2/2023 13:15,61.98
8/2/2023 13:30,61.98
8/2/2023 13:45,61.98
8/2/2023 14:00,62.02
8/2/2023 14:15,62.06
8/2/2023 14:30,62.06
8/2/2023 14:45,62.06
8/2/2023 15:00,62.06
8/2/2023 15:15,62.02
8/2/2023 15:30,62.02
8/2/2023 15:45,62.02
8/2/2023 16:00,62.02
8/2/2023 16:15,62.02
8/2/2023 16:30,62.05
8/2/2023 16:45,62.05
8/2/2023 17:00,62.05
8/2/2023 17:15,62.05
8/2/2023 17:30,62.05
8/2/2023 17:45,62.07
8/2/2023 18:00,62.07
8/2/2023 18:15,62.07
8/2/2023 18:30,62.14
8/2/2023 18:45,62.14
8/2/2023 19:00,62.3
8/2/2023 19:15,62.33
8/2/2023 19:30,62.56
8/2/2023 19:45,62.7
8/2/2023 20:00,63.33
8/2/2023 20:15,63.98
8/2/2023 20:30,64.19
8/2/2023 20:45,64.34
8/2/2023 21:00,64.39
8/2/2023 21:15,64.39
8/2/2023 21:30,64.39
8/2/2023 21:45,64.39
8/2/2023 22:00,64.39
8/2/2023 22:15,64.39
8/2/2023 22:30,65.14
8/2/2023 22:45,64.39
8/2/2023 23:00,64.39
8/2/2023 23:15,64.34
8/2/2023 23:30,64.24
8/2/2023 23:45,64.15
8/3/2023 0:00,64.15
8/3/2023 0:15,64.15
8/3/2023 0:30,64.1
8/3/2023 0:45,64.04
8/3/2023 1:00,64.04
8/3/2023 1:15,64.04
8/3/2023 1:30,64.04
8/3/2023 1:45,64.04
8/3/2023 2:00,64.04
8/3/2023 2:15,64.04
8/3/2023 2:30,64.03
8/3/2023 2:45,64.03
8/3/2023 3:00,64.03
8/3/2023 3:15,64.03
8/3/2023 3:30,64.06
8/3/2023 3:45,64.06
8/3/2023 4:00,64.11
8/3/2023 4:15,64.11
8/3/2023 4:30,64.15
8/3/2023 4:45,64.23
8/3/2023 5:00,64.23
8/3/2023 5:15,64.23
8/3/2023 5:30,64.23
8/3/2023 5:45,64.23
8/3/2023 6:00,64.23
8/3/2023 6:15,64.23
8/3/2023 6:30,64.23
8/3/2023 6:45,64.23
8/3/2023 7:00,64.23
8/3/2023 7:15,63.83
8/3/2023 7:30,63.83
8/3/2023 7:45,63.73
8/3/2023 8:00,63.72
8/3/2023 8:15,63.72
8/3/2023 8:30,63.54
8/3/2023 8:45,63.29
8/3/2023 9:00,63.1
8/3/2023 9:15,62.99
8/3/2023 9:30,62.83
8/3/2023 9:45,62.65
8/3/2023 10:00,62.46
8/3/2023 10:15,62.27
8/3/2023 10:30,62.27
8/3/2023 10:45,62.27
8/3/2023 11:00,62.26
8/3/2023 11:15,62.16
8/3/2023 11:30,62.03
8/3/2023 11:45,62.03
8/3/2023 12:00,62.03
8/3/2023 12:15,61.97
8/3/2023 12:30,61.95
8/3/2023 12:45,61.93
8/3/2023 13:00,61.93
8/3/2023 13:15,61.93
8/3/2023 13:30,61.93
8/3/2023 13:45,61.9
8/3/2023 14:00,61.85
8/3/2023 14:15,61.85
8/3/2023 14:30,61.85
8/3/2023 14:45,61.85
8/3/2023 15:00,61.85
8/3/2023 15:15,61.9
8/3/2023 15:30,61.9
8/3/2023 15:45,61.9
8/3/2023 16:00,61.9
8/3/2023 16:15,61.9
8/3/2023 16:30,61.9
8/3/2023 16:45,61.9
8/3/2023 17:00,61.9
8/3/2023 17:15,62.01
8/3/2023 17:30,62.12
8/3/2023 17:45,62.23
8/3/2023 18:00,62.23
8/3/2023 18:15,62.34
8/3/2023 18:30,62.34
8/3/2023 18:45,62.39
8/3/2023 19:00,62.44
8/3/2023 19:15,62.44
8/3/2023 19:30,62.49
8/3/2023 19:45,62.49
8/3/2023 20:00,62.49
8/3/2023 20:15,62.49
8/3/2023 20:30,62.49
8/3/2023 20:45,62.49
8/3/2023 21:00,62.49
8/3/2023 21:15,62.45
8/3/2023 21:30,62.45
8/3/2023 21:45,62.45
8/3/2023 22:00,62.45
8/3/2023 22:15,62.42
8/3/2023 22:30,62.42
8/3/2023 22:45,62.42
8/3/2023 23:00,62.42
8/3/2023 23:15,62.42
8/3/2023 23:30,62.42
8/3/2023 23:45,62.42
8/4/2023 0:00,62.42
8/4/2023 0:15,62.42
8/4/2023 0:30,62.42
8/4/2023 0:45,62.42
8/4/2023 1:00,62.42
8/4/2023 1:15,62.42
8/4/2023 1:30,62.34
8/4/2023 1:45,62.34
8/4/2023 2:00,62.34
8/4/2023 2:15,62.34
8/4/2023 2:30,62.34
8/4/2023 2:45,62.34
8/4/2023 3:00,62.39
8/4/2023 3:15,62.43
8/4/2023 3:30,62.44
8/4/2023 3:45,62.44
8/4/2023 4:00,62.54
8/4/2023 4:15,62.54
8/4/2023 4:30,62.54
8/4/2023 4:45,62.54
8/4/2023 5:00,62.54
8/4/2023 5:15,62.54
8/4/2023 5:30,62.56
8/4/2023 5:45,62.6
8/4/2023 6:00,62.6
8/4/2023 6:15,62.71
8/4/2023 6:30,62.73
8/4/2023 6:45,62.73
8/4/2023 7:00,62.77
8/4/2023 7:15,62.84
8/4/2023 7:30,62.84
8/4/2023 7:45,62.84
8/4/2023 8:00,62.84
8/4/2023 8:15,62.81
8/4/2023 8:30,62.81
8/4/2023 8:45,62.65
8/4/2023 9:00,62.43
8/4/2023 9:15,62.43
8/4/2023 9:30,62.34
8/4/2023 9:45,62.31
8/4/2023 10:00,62.31
8/4/2023 10:15,62.31
8/4/2023 10:30,62.29
8/4/2023 10:45,62.28
8/4/2023 11:00,62.28
8/4/2023 11:15,62.28
8/4/2023 11:30,62.28
8/4/2023 11:45,62.28
8/4/2023 12:00,62.26
8/4/2023 12:15,62.26
8/4/2023 12:30,62.2
8/4/2023 12:45,62.2
8/4/2023 13:00,62.2
8/4/2023 13:15,62.2
8/4/2023 13:30,62.2
8/4/2023 13:45,62.2
8/4/2023 14:00,62.2
8/4/2023 14:15,62.2
8/4/2023 14:30,62.2
8/4/2023 14:45,62.2
8/4/2023 15:00,62.2
8/4/2023 15:15,62.15
8/4/2023 15:30,62.15
8/4/2023 15:45,62.15
8/4/2023 16:00,62.15
8/4/2023 16:15,62.2
8/4/2023 16:30,62.27
8/4/2023 16:45,62.27
8/4/2023 17:00,62.27
8/4/2023 17:15,62.4
8/4/2023 17:30,62.4
8/4/2023 17:45,62.43
8/4/2023 18:00,62.47
8/4/2023 18:15,62.47
8/4/2023 18:30,62.47
8/4/2023 18:45,62.49
8/4/2023 19:00,62.49
8/4/2023 19:15,62.53
8/4/2023 19:30,62.53
8/4/2023 19:45,62.62
8/4/2023 20:00,62.62
8/4/2023 20:15,62.62
8/4/2023 20:30,62.62
8/4/2023 20:45,62.69
8/4/2023 21:00,62.71
8/4/2023 21:15,62.71
8/4/2023 21:30,62.73
8/4/2023 21:45,62.78
8/4/2023 22:00,62.84
8/4/2023 22:15,62.84
8/4/2023 22:30,62.84
8/4/2023 22:45,62.84
8/4/2023 23:00,62.89
8/4/2023 23:15,62.89
8/4/2023 23:30,62.89
8/4/2023 23:45,62.89
8/5/2023 0:00,62.89
8/5/2023 0:15,62.89
8/5/2023 0:30,62.89
8/5/2023 0:45,62.89
8/5/2023 1:00,62.89
8/5/2023 1:15,62.89
8/5/2023 1:30,62.84
8/5/2023 1:45,62.84
8/5/2023 2:00,62.79
8/5/2023 2:15,62.69
8/5/2023 2:30,62.69
8/5/2023 2:45,62.69
8/5/2023 3:00,62.69
8/5/2023 3:15,62.69
8/5/2023 3:30,62.74
8/5/2023 3:45,62.74
8/5/2023 4:00,62.74
8/5/2023 4:15,62.74
8/5/2023 4:30,62.74
8/5/2023 4:45,62.85
8/5/2023 5:00,62.88
8/5/2023 5:15,62.88
8/5/2023 5:30,62.88
8/5/2023 5:45,62.99
8/5/2023 6:00,62.88
8/5/2023 6:15,62.88
8/5/2023 6:30,62.88
8/5/2023 6:45,62.85
8/5/2023 7:00,62.85
8/5/2023 7:15,62.85
8/5/2023 7:30,62.74
8/5/2023 7:45,62.74
8/5/2023 8:00,62.62
8/5/2023 8:15,62.62
8/5/2023 8:30,62.5
8/5/2023 8:45,62.48
8/5/2023 9:00,62.48
8/5/2023 9:15,62.43
8/5/2023 9:30,62.38
8/5/2023 9:45,62.34
8/5/2023 10:00,62.34
8/5/2023 10:15,62.34
8/5/2023 10:30,62.31
8/5/2023 10:45,62.31
8/5/2023 11:00,62.31
8/5/2023 11:15,62.28
8/5/2023 11:30,62.28
8/5/2023 11:45,62.13
8/5/2023 12:00,62.13
8/5/2023 12:15,62.13
8/5/2023 12:30,62.13
8/5/2023 12:45,62.12
8/5/2023 13:00,62.12
8/5/2023 13:15,62
8/5/2023 13:30,61.84
8/5/2023 13:45,61.84
8/5/2023 14:00,61.66
8/5/2023 14:15,61.66
8/5/2023 14:30,61.66
8/5/2023 14:45,61.66
8/5/2023 15:00,61.66
8/5/2023 15:15,61.66
8/5/2023 15:30,61.66
8/5/2023 15:45,61.66
8/5/2023 16:00,61.66
8/5/2023 16:15,61.76
8/5/2023 16:30,61.76
8/5/2023 16:45,61.76
8/5/2023 17:00,61.76
8/5/2023 17:15,61.76
8/5/2023 17:30,61.87
8/5/2023 17:45,61.87
8/5/2023 18:00,61.87
8/5/2023 18:15,61.9
8/5/2023 18:30,62.04
8/5/2023 18:45,62.04
8/5/2023 19:00,62.17
8/5/2023 19:15,62.17
8/5/2023 19:30,62.17
8/5/2023 19:45,62.19
8/5/2023 20:00,62.19
8/5/2023 20:15,62.19
8/5/2023 20:30,62.19
8/5/2023 20:45,62.19
8/5/2023 21:00,62.19
8/5/2023 21:15,62.19
8/5/2023 21:30,62.21
8/5/2023 21:45,62.26
8/5/2023 22:00,62.29
8/5/2023 22:15,62.29
8/5/2023 22:30,62.43
8/5/2023 22:45,62.59
8/5/2023 23:00,62.68
8/5/2023 23:15,62.77
8/5/2023 23:30,62.85
8/5/2023 23:45,62.85
8/6/2023 0:00,62.89
8/6/2023 0:15,62.89
8/6/2023 0:30,62.89
8/6/2023 0:45,62.89
8/6/2023 1:00,62.89
8/6/2023 1:15,62.84
8/6/2023 1:30,62.84
8/6/2023 1:45,62.84
8/6/2023 2:00,62.84
8/6/2023 2:15,62.89
8/6/2023 2:30,62.95
8/6/2023 2:45,62.95
8/6/2023 3:00,62.95
8/6/2023 3:15,62.95
8/6/2023 3:30,62.93
8/6/2023 3:45,62.93
8/6/2023 4:00,62.93
8/6/2023 4:15,62.93
8/6/2023 4:30,62.93
8/6/2023 4:45,63
8/6/2023 5:00,63.02
8/6/2023 5:15,63.05
8/6/2023 5:30,63.05
8/6/2023 5:45,63.05
8/6/2023 6:00,63.05
8/6/2023 6:15,63.05
8/6/2023 6:30,63.05
8/6/2023 6:45,63.05
8/6/2023 7:00,63.05
8/6/2023 7:15,63.05
8/6/2023 7:30,63.05
8/6/2023 7:45,63.06
8/6/2023 8:00,63.06
8/6/2023 8:15,63.06
8/6/2023 8:30,63.06
8/6/2023 8:45,63.06
8/6/2023 9:00,63.02
8/6/2023 9:15,63.02
8/6/2023 9:30,62.99
8/6/2023 9:45,62.97
8/6/2023 10:00,62.85
8/6/2023 10:15,62.72
8/6/2023 10:30,62.67
8/6/2023 10:45,62.56
8/6/2023 11:00,62.53
8/6/2023 11:15,62.53
8/6/2023 11:30,62.42
8/6/2023 11:45,62.28
8/6/2023 12:00,61.98
8/6/2023 12:15,61.78
8/6/2023 12:30,61.75
8/6/2023 12:45,61.62
8/6/2023 13:00,61.62
8/6/2023 13:15,61.46
8/6/2023 13:30,61.46
8/6/2023 13:45,61.32
8/6/2023 14:00,61.09
8/6/2023 14:15,60.85
8/6/2023 14:30,60.66
8/6/2023 14:45,60.51
8/6/2023 15:00,60.51
8/6/2023 15:15,60.51
8/6/2023 15:30,60.51
8/6/2023 15:45,60.51
8/6/2023 16:00,60.57
8/6/2023 16:15,60.57
8/6/2023 16:30,60.57
8/6/2023 16:45,60.57
8/6/2023 17:00,60.57
8/6/2023 17:15,60.57
8/6/2023 17:30,60.59
8/6/2023 17:45,60.59
8/6/2023 18:00,60.59
8/6/2023 18:15,60.86
8/6/2023 18:30,60.86
8/6/2023 18:45,60.97
8/6/2023 19:00,61.01
8/6/2023 19:15,61.16
8/6/2023 19:30,61.34
8/6/2023 19:45,61.44
8/6/2023 20:00,61.68
8/6/2023 20:15,61.87
8/6/2023 20:30,61.87
8/6/2023 20:45,61.87
8/6/2023 21:00,61.87
8/6/2023 21:15,61.96
8/6/2023 21:30,61.96
8/6/2023 21:45,62.06
8/6/2023 22:00,62.07
8/6/2023 22:15,62.08
8/6/2023 22:30,62.16
8/6/2023 22:45,62.25
8/6/2023 23:00,62.25
8/6/2023 23:15,62.33
8/6/2023 23:30,62.38
8/6/2023 23:45,62.38
8/7/2023 0:00,62.38
8/7/2023 0:15,62.67
8/7/2023 0:30,62.67
8/7/2023 0:45,62.67
8/7/2023 1:00,62.81
8/7/2023 1:15,62.81
8/7/2023 1:30,62.67
8/7/2023 1:45,62.67
8/7/2023 2:00,62.61
8/7/2023 2:15,62.61
8/7/2023 2:30,62.56
8/7/2023 2:45,62.56
8/7/2023 3:00,62.56
8/7/2023 3:15,62.56
8/7/2023 3:30,62.61
8/7/2023 3:45,62.61
8/7/2023 4:00,62.61
8/7/2023 4:15,62.61
8/7/2023 4:30,62.66
8/7/2023 4:45,62.66
8/7/2023 5:00,62.66
8/7/2023 5:15,62.66
8/7/2023 5:30,62.66
8/7/2023 5:45,62.71
8/7/2023 6:00,62.76
8/7/2023 6:15,62.76
8/7/2023 6:30,62.76
8/7/2023 6:45,62.76
8/7/2023 7:00,62.76
8/7/2023 7:15,62.87
8/7/2023 7:30,63.02
8/7/2023 7:45,63.07
8/7/2023 8:00,63.07
8/7/2023 8:15,63.07
8/7/2023 8:30,63.07
8/7/2023 8:45,63.02
8/7/2023 9:00,62.93
8/7/2023 9:15,62.93
8/7/2023 9:30,62.93
8/7/2023 9:45,62.89
8/7/2023 10:00,62.89
8/7/2023 10:15,62.87
8/7/2023 10:30,62.87
8/7/2023 10:45,62.87
8/7/2023 11:00,62.87
8/7/2023 11:15,62.87
8/7/2023 11:30,62.87
8/7/2023 11:45,62.87
8/7/2023 12:00,62.87
8/7/2023 12:15,62.85
8/7/2023 12:30,62.8
8/7/2023 12:45,62.74
8/7/2023 13:00,62.74
8/7/2023 13:15,62.74
8/7/2023 13:30,62.69
8/7/2023 13:45,62.69
8/7/2023 14:00,62.61
8/7/2023 14:15,62.52
8/7/2023 14:30,62.52
8/7/2023 14:45,62.4
8/7/2023 15:00,62.3
8/7/2023 15:15,62.3
8/7/2023 15:30,62.23
8/7/2023 15:45,62.13
8/7/2023 16:00,62.02
8/7/2023 16:15,62.02
8/7/2023 16:30,62.02
8/7/2023 16:45,62.02
8/7/2023 17:00,62.02
8/7/2023 17:15,62.18
8/7/2023 17:30,62.18
8/7/2023 17:45,62.18
8/7/2023 18:00,62.18
8/7/2023 18:15,62.31
8/7/2023 18:30,62.31
8/7/2023 18:45,62.31
8/7/2023 19:00,62.31
8/7/2023 19:15,62.31
8/7/2023 19:30,62.42
8/7/2023 19:45,62.45
8/7/2023 20:00,62.45
8/7/2023 20:15,62.57
8/7/2023 20:30,62.57
8/7/2023 20:45,62.57
8/7/2023 21:00,62.6
8/7/2023 21:15,62.6
8/7/2023 21:30,62.6
8/7/2023 21:45,62.6
8/7/2023 22:00,62.6
8/7/2023 22:15,62.57
8/7/2023 22:30,62.57
8/7/2023 22:45,62.57
8/7/2023 23:00,62.6
8/7/2023 23:15,62.63
8/7/2023 23:30,62.77
8/7/2023 23:45,62.89
8/8/2023 0:00,62.89
8/8/2023 0:15,62.91
8/8/2023 0:30,62.91
8/8/2023 0:45,62.91
8/8/2023 1:00,62.91
8/8/2023 1:15,62.93
8/8/2023 1:30,62.93
8/8/2023 1:45,62.93
8/8/2023 2:00,62.89
8/8/2023 2:15,62.89
8/8/2023 2:30,62.89
8/8/2023 2:45,62.83
8/8/2023 3:00,62.83
8/8/2023 3:15,62.75
8/8/2023 3:30,62.75
8/8/2023 3:45,62.75
8/8/2023 4:00,62.75
8/8/2023 4:15,62.75
8/8/2023 4:30,62.71
8/8/2023 4:45,62.64
8/8/2023 5:00,62.64
8/8/2023 5:15,62.64
8/8/2023 5:30,62.62
8/8/2023 5:45,62.62
8/8/2023 6:00,62.6
8/8/2023 6:15,62.58
8/8/2023 6:30,62.58
8/8/2023 6:45,62.57
8/8/2023 7:00,62.55
8/8/2023 7:15,62.55
8/8/2023 7:30,62.55
8/8/2023 7:45,62.52
8/8/2023 8:00,62.52
8/8/2023 8:15,62.52
8/8/2023 8:30,62.49
8/8/2023 8:45,62.4
8/8/2023 9:00,62.4
8/8/2023 9:15,62.32
8/8/2023 9:30,62.28
8/8/2023 9:45,62.28
8/8/2023 10:00,62.28
8/8/2023 10:15,62.28
8/8/2023 10:30,62.3
8/8/2023 10:45,62.3
8/8/2023 11:00,62.3
8/8/2023 11:15,62.3
8/8/2023 11:30,62.3
8/8/2023 11:45,62.3
8/8/2023 12:00,62.32
8/8/2023 12:15,62.32
8/8/2023 12:30,62.32
8/8/2023 12:45,62.32
8/8/2023 13:00,62.35
8/8/2023 13:15,62.32
8/8/2023 13:30,62.32
8/8/2023 13:45,62.32
8/8/2023 14:00,62.32
8/8/2023 14:15,62.32
8/8/2023 14:30,62.32
8/8/2023 14:45,62.32
8/8/2023 15:00,62.21
8/8/2023 15:15,62.18
8/8/2023 15:30,62.18
8/8/2023 15:45,62.18
8/8/2023 16:00,62.18
8/8/2023 16:15,62.18
8/8/2023 16:30,62.13
8/8/2023 16:45,62.2
8/8/2023 17:00,62.2
8/8/2023 17:15,62.16
8/8/2023 17:30,62.16
8/8/2023 17:45,62.16
8/8/2023 18:00,62.2
8/8/2023 18:15,62.22
8/8/2023 18:30,62.28
8/8/2023 18:45,62.28
8/8/2023 19:00,62.41
8/8/2023 19:15,62.52
8/8/2023 19:30,62.52
8/8/2023 19:45,62.52
8/8/2023 20:00,62.59
8/8/2023 20:15,62.81
8/8/2023 20:30,63.08
8/8/2023 20:45,63.28
8/8/2023 21:00,63.97
8/8/2023 21:15,64.77
8/8/2023 21:30,65.21
8/8/2023 21:45,64.82
8/8/2023 22:00,64.82
8/8/2023 22:15,64.82
8/8/2023 22:30,65.21
8/8/2023 22:45,64.82
8/8/2023 23:00,65.21
8/8/2023 23:15,64.82
8/8/2023 23:30,65.46
8/8/2023 23:45,65.46
8/9/2023 0:00,64.77
8/9/2023 0:15,64.65
8/9/2023 0:30,64.48
8/9/2023 0:45,64.48
8/9/2023 1:00,64.32
8/9/2023 1:15,64.32
8/9/2023 1:30,64.22
8/9/2023 1:45,64.06
8/9/2023 2:00,63.69
8/9/2023 2:15,63.29
8/9/2023 2:30,63.29
8/9/2023 2:45,63.12
8/9/2023 3:00,63.12
8/9/2023 3:15,63
8/9/2023 3:30,62.83
8/9/2023 3:45,62.8
8/9/2023 4:00,62.75
8/9/2023 4:15,62.75
8/9/2023 4:30,62.75
8/9/2023 4:45,62.75
8/9/2023 5:00,62.73
8/9/2023 5:15,62.73
8/9/2023 5:30,62.73
8/9/2023 5:45,62.7
8/9/2023 6:00,62.65
8/9/2023 6:15,62.65
8/9/2023 6:30,62.58
8/9/2023 6:45,62.58
8/9/2023 7:00,62.58
8/9/2023 7:15,62.58
8/9/2023 7:30,62.53
8/9/2023 7:45,62.5
8/9/2023 8:00,62.45
8/9/2023 8:15,62.44
8/9/2023 8:30,62.44
8/9/2023 8:45,62.44
8/9/2023 9:00,62.44
8/9/2023 9:15,62.44
8/9/2023 9:30,62.44
8/9/2023 9:45,62.44
8/9/2023 10:00,62.44
8/9/2023 10:15,62.44
8/9/2023 10:30,62.44
8/9/2023 10:45,62.44
8/9/2023 11:00,62.44
8/9/2023 11:15,62.4
8/9/2023 11:30,62.39
8/9/2023 11:45,62.32
8/9/2023 12:00,62.29
8/9/2023 12:15,62.29
8/9/2023 12:30,62.26
8/9/2023 12:45,62.21
8/9/2023 13:00,62.21
8/9/2023 13:15,62.21
8/9/2023 13:30,62.11
8/9/2023 13:45,61.84
8/9/2023 14:00,61.84
8/9/2023 14:15,61.54
8/9/2023 14:30,61.4
8/9/2023 14:45,61.35
8/9/2023 15:00,61.35
8/9/2023 15:15,61.35
8/9/2023 15:30,61.35
8/9/2023 15:45,61.35
8/9/2023 16:00,61.3
8/9/2023 16:15,61.3
8/9/2023 16:30,61.27
8/9/2023 16:45,61.27
8/9/2023 17:00,61.27
8/9/2023 17:15,61.27
8/9/2023 17:30,61.27
8/9/2023 17:45,61.27
8/9/2023 18:00,61.43
8/9/2023 18:15,61.43
8/9/2023 18:30,61.72
8/9/2023 18:45,61.91
8/9/2023 19:00,61.91
8/9/2023 19:15,62.05
8/9/2023 19:30,62.17
8/9/2023 19:45,62.2
8/9/2023 20:00,62.2
8/9/2023 20:15,62.2
8/9/2023 20:30,62.2
8/9/2023 20:45,62.24
8/9/2023 21:00,62.37
8/9/2023 21:15,62.4
8/9/2023 21:30,62.4
8/9/2023 21:45,62.53
8/9/2023 22:00,62.55
8/9/2023 22:15,62.55
8/9/2023 22:30,62.55
8/9/2023 22:45,62.61
8/9/2023 23:00,62.61
8/9/2023 23:15,62.61
8/9/2023 23:30,62.61
8/9/2023 23:45,62.61
8/10/2023 0:00,62.61
8/10/2023 0:15,62.61
8/10/2023 0:30,62.61
8/10/2023 0:45,62.61
8/10/2023 1:00,62.61
8/10/2023 1:15,62.61
8/10/2023 1:30,62.65
8/10/2023 1:45,62.65
8/10/2023 2:00,62.66
8/10/2023 2:15,62.71
8/10/2023 2:30,62.71
8/10/2023 2:45,62.71
8/10/2023 3:00,62.71
8/10/2023 3:15,62.71
8/10/2023 3:30,62.71
8/10/2023 3:45,62.77
8/10/2023 4:00,62.77
8/10/2023 4:15,62.77
8/10/2023 4:30,62.77
8/10/2023 4:45,62.71
8/10/2023 5:00,62.71
8/10/2023 5:15,62.71
8/10/2023 5:30,62.71
8/10/2023 5:45,62.71
8/10/2023 6:00,62.71
8/10/2023 6:15,62.66
8/10/2023 6:30,62.66
8/10/2023 6:45,62.66
8/10/2023 7:00,62.66
8/10/2023 7:15,62.66
8/10/2023 7:30,62.66
8/10/2023 7:45,62.66
8/10/2023 8:00,62.66
8/10/2023 8:15,62.66
8/10/2023 8:30,62.66
8/10/2023 8:45,62.61
8/10/2023 9:00,62.5
8/10/2023 9:15,62.5
8/10/2023 9:30,62.5
8/10/2023 9:45,62.5
8/10/2023 10:00,62.33
8/10/2023 10:15,62.33
8/10/2023 10:30,62.27
8/10/2023 10:45,62.12
8/10/2023 11:00,62.12
8/10/2023 11:15,62.02
8/10/2023 11:30,61.74
8/10/2023 11:45,61.74
8/10/2023 12:00,61.74
8/10/2023 12:15,61.59
8/10/2023 12:30,61.59
8/10/2023 12:45,61.59
8/10/2023 13:00,61.59
8/10/2023 13:15,61.59
8/10/2023 13:30,61.65
8/10/2023 13:45,61.65
8/10/2023 14:00,61.79
8/10/2023 14:15,61.79
8/10/2023 14:30,61.79
8/10/2023 14:45,61.82
8/10/2023 15:00,61.9
8/10/2023 15:15,61.93
8/10/2023 15:30,62.01
8/10/2023 15:45,62.01
8/10/2023 16:00,62.01
8/10/2023 16:15,62.15
8/10/2023 16:30,62.17
8/10/2023 16:45,62.17
8/10/2023 17:00,62.2
8/10/2023 17:15,62.2
8/10/2023 17:30,62.2
8/10/2023 17:45,62.2
8/10/2023 18:00,62.21
8/10/2023 18:15,62.21
8/10/2023 18:30,62.27
8/10/2023 18:45,62.27
8/10/2023 19:00,62.27
8/10/2023 19:15,62.27
8/10/2023 19:30,62.32
8/10/2023 19:45,62.32
8/10/2023 20:00,62.32
8/10/2023 20:15,62.32
8/10/2023 20:30,62.32
8/10/2023 20:45,62.32
8/10/2023 21:00,62.35
8/10/2023 21:15,62.37
8/10/2023 21:30,62.37
8/10/2023 21:45,62.37
8/10/2023 22:00,62.37
8/10/2023 22:15,62.42
8/10/2023 22:30,62.42
8/10/2023 22:45,62.42
8/10/2023 23:00,62.42
8/10/2023 23:15,62.39
8/10/2023 23:30,62.39
8/10/2023 23:45,62.39
8/11/2023 0:00,62.39
8/11/2023 0:15,62.39
8/11/2023 0:30,62.39
8/11/2023 0:45,62.45
8/11/2023 1:00,62.45
8/11/2023 1:15,62.5
8/11/2023 1:30,62.57
8/11/2023 1:45,62.61
8/11/2023 2:00,62.61
8/11/2023 2:15,62.61
8/11/2023 2:30,62.61
8/11/2023 2:45,62.61
8/11/2023 3:00,62.61
8/11/2023 3:15,62.61
8/11/2023 3:30,62.61
8/11/2023 3:45,62.61
8/11/2023 4:00,62.62
8/11/2023 4:15,62.65
8/11/2023 4:30,62.66
8/11/2023 4:45,62.66
8/11/2023 5:00,62.66
8/11/2023 5:15,62.72
8/11/2023 5:30,62.8
8/11/2023 5:45,62.8
8/11/2023 6:00,62.8
8/11/2023 6:15,62.8
8/11/2023 6:30,62.8
8/11/2023 6:45,62.77
8/11/2023 7:00,62.77
8/11/2023 7:15,62.77
8/11/2023 7:30,62.77
8/11/2023 7:45,62.75
8/11/2023 8:00,62.75
8/11/2023 8:15,62.75
8/11/2023 8:30,62.75
8/11/2023 8:45,62.73
8/11/2023 9:00,62.71
8/11/2023 9:15,62.66
8/11/2023 9:30,62.63
8/11/2023 9:45,62.63
8/11/2023 10:00,62.63
8/11/2023 10:15,62.63
8/11/2023 10:30,62.57
8/11/2023 10:45,62.47
8/11/2023 11:00,62.42
8/11/2023 11:15,62.29
8/11/2023 11:30,62.29
8/11/2023 11:45,62.27
8/11/2023 12:00,62.16
8/11/2023 12:15,61.99
8/11/2023 12:30,61.83
8/11/2023 12:45,61.64
8/11/2023 13:00,61.64
8/11/2023 13:15,61.53
8/11/2023 13:30,61.53
8/11/2023 13:45,61.53
8/11/2023 14:00,61.53
8/11/2023 14:15,61.53
8/11/2023 14:30,61.53
8/11/2023 14:45,61.58
8/11/2023 15:00,61.6
8/11/2023 15:15,61.6
8/11/2023 15:30,61.6
8/11/2023 15:45,61.6
8/11/2023 16:00,61.61
8/11/2023 16:15,61.61
8/11/2023 16:30,61.61
8/11/2023 16:45,61.61
8/11/2023 17:00,61.66
8/11/2023 17:15,61.82
8/11/2023 17:30,61.95
8/11/2023 17:45,61.95
8/11/2023 18:00,61.95
8/11/2023 18:15,62.11
8/11/2023 18:30,62.4
8/11/2023 18:45,62.4
8/11/2023 19:00,62.4
8/11/2023 19:15,62.4
8/11/2023 19:30,62.4
8/11/2023 19:45,62.37
8/11/2023 20:00,62.37
8/11/2023 20:15,62.37
8/11/2023 20:30,62.37
8/11/2023 20:45,62.37
8/11/2023 21:00,62.5
8/11/2023 21:15,62.5
8/11/2023 21:30,62.53
8/11/2023 21:45,62.55
8/11/2023 22:00,62.55
8/11/2023 22:15,62.55
8/11/2023 22:30,62.55
8/11/2023 22:45,62.55
8/11/2023 23:00,62.55
8/11/2023 23:15,62.55
8/11/2023 23:30,62.55
8/11/2023 23:45,62.55
8/12/2023 0:00,62.66
8/12/2023 0:15,62.71
8/12/2023 0:30,62.79
8/12/2023 0:45,62.8
8/12/2023 1:00,62.86
8/12/2023 1:15,62.86
8/12/2023 1:30,62.86
8/12/2023 1:45,62.86
8/12/2023 2:00,62.86
8/12/2023 2:15,62.86
8/12/2023 2:30,62.86
8/12/2023 2:45,62.86
8/12/2023 3:00,62.86
8/12/2023 3:15,62.81
8/12/2023 3:30,62.86
8/12/2023 3:45,62.92
8/12/2023 4:00,62.92
8/12/2023 4:15,62.92
8/12/2023 4:30,62.81
8/12/2023 4:45,62.81
8/12/2023 5:00,62.81
8/12/2023 5:15,62.81
8/12/2023 5:30,62.81
8/12/2023 5:45,62.88
8/12/2023 6:00,62.88
8/12/2023 6:15,62.88
8/12/2023 6:30,62.88
8/12/2023 6:45,62.88
8/12/2023 7:00,62.88
8/12/2023 7:15,62.78
8/12/2023 7:30,62.78
8/12/2023 7:45,62.78
8/12/2023 8:00,62.73
8/12/2023 8:15,62.68
8/12/2023 8:30,62.68
8/12/2023 8:45,62.68
8/12/2023 9:00,62.63
8/12/2023 9:15,62.63
8/12/2023 9:30,62.63
8/12/2023 9:45,62.63
8/12/2023 10:00,62.63
8/12/2023 10:15,62.63
8/12/2023 10:30,62.63
8/12/2023 10:45,62.63
8/12/2023 11:00,62.63
8/12/2023 11:15,62.63
8/12/2023 11:30,62.63
8/12/2023 11:45,62.54
8/12/2023 12:00,62.54
8/12/2023 12:15,62.44
8/12/2023 12:30,62.44
8/12/2023 12:45,62.44
8/12/2023 13:00,62.44
8/12/2023 13:15,62.51
8/12/2023 13:30,62.58
8/12/2023 13:45,62.58
8/12/2023 14:00,62.58
8/12/2023 14:15,62.58
8/12/2023 14:30,62.58
8/12/2023 14:45,62.47
8/12/2023 15:00,62.47
8/12/2023 15:15,62.47
8/12/2023 15:30,62.34
8/12/2023 15:45,62.26
8/12/2023 16:00,62.15
8/12/2023 16:15,62.08
8/12/2023 16:30,62.05
8/12/2023 16:45,62.02
8/12/2023 17:00,61.9
8/12/2023 17:15,61.86
8/12/2023 17:30,61.86
8/12/2023 17:45,61.86
8/12/2023 18:00,61.72
8/12/2023 18:15,61.72
8/12/2023 18:30,61.72
8/12/2023 18:45,61.72
8/12/2023 19:00,61.72
8/12/2023 19:15,61.72
8/12/2023 19:30,61.72
8/12/2023 19:45,61.72
8/12/2023 20:00,61.82
8/12/2023 20:15,61.95
8/12/2023 20:30,62.01
8/12/2023 20:45,62.08
8/12/2023 21:00,62.13
8/12/2023 21:15,62.22
8/12/2023 21:30,62.22
8/12/2023 21:45,62.34
8/12/2023 22:00,62.41
8/12/2023 22:15,62.41
8/12/2023 22:30,62.46
8/12/2023 22:45,62.46
8/12/2023 23:00,62.46
8/12/2023 23:15,62.46
8/12/2023 23:30,62.55
8/12/2023 23:45,62.55
8/13/2023 0:00,62.63
8/13/2023 0:15,62.63
8/13/2023 0:30,62.63
8/13/2023 0:45,62.63
8/13/2023 1:00,62.63
8/13/2023 1:15,62.63
8/13/2023 1:30,62.63
8/13/2023 1:45,62.63
8/13/2023 2:00,62.63
8/13/2023 2:15,62.63
8/13/2023 2:30,62.63
8/13/2023 2:45,62.63
8/13/2023 3:00,62.63
8/13/2023 3:15,62.63
8/13/2023 3:30,62.63
8/13/2023 3:45,62.63
8/13/2023 4:00,62.63
8/13/2023 4:15,62.63
8/13/2023 4:30,62.63
8/13/2023 4:45,62.63
8/13/2023 5:00,62.63
8/13/2023 5:15,62.63
8/13/2023 5:30,62.66
8/13/2023 5:45,62.66
8/13/2023 6:00,62.76
8/13/2023 6:15,62.76
8/13/2023 6:30,62.76
8/13/2023 6:45,62.76
8/13/2023 7:00,62.76
8/13/2023 7:15,62.76
8/13/2023 7:30,62.76
8/13/2023 7:45,62.76
8/13/2023 8:00,62.76
8/13/2023 8:15,62.66
8/13/2023 8:30,62.63
8/13/2023 8:45,62.52
8/13/2023 9:00,62.41
8/13/2023 9:15,62.41
8/13/2023 9:30,62.34
8/13/2023 9:45,62.34
8/13/2023 10:00,62.34
8/13/2023 10:15,62.34
8/13/2023 10:30,62.21
8/13/2023 10:45,62.21
8/13/2023 11:00,62.15
8/13/2023 11:15,62.15
8/13/2023 11:30,62.15
8/13/2023 11:45,62.15
8/13/2023 12:00,62.15
8/13/2023 12:15,62.15
8/13/2023 12:30,62.15
8/13/2023 12:45,62.15
8/13/2023 13:00,62.17
8/13/2023 13:15,62.23
8/13/2023 13:30,62.24
8/13/2023 13:45,62.31
8/13/2023 14:00,62.36
8/13/2023 14:15,62.36
8/13/2023 14:30,62.36
8/13/2023 14:45,62.41
8/13/2023 15:00,62.41
8/13/2023 15:15,62.41
8/13/2023 15:30,62.41
8/13/2023 15:45,62.41
8/13/2023 16:00,62.41
8/13/2023 16:15,62.41
8/13/2023 16:30,62.41
8/13/2023 16:45,62.41
8/13/2023 17:00,62.41
8/13/2023 17:15,62.44
8/13/2023 17:30,62.44
8/13/2023 17:45,62.49
8/13/2023 18:00,62.64
8/13/2023 18:15,62.87
8/13/2023 18:30,63.08
8/13/2023 18:45,65.66
8/13/2023 19:00,66.13
8/13/2023 19:15,66.43
8/13/2023 19:30,66.85
8/13/2023 19:45,66.85
8/13/2023 20:00,66.85
8/13/2023 20:15,67.72
8/13/2023 20:30,67.72
8/13/2023 20:45,67.72
8/13/2023 21:00,67.29
8/13/2023 21:15,67.83
8/13/2023 21:30,67.29
8/13/2023 21:45,66.74
8/13/2023 22:00,66.27
8/13/2023 22:15,65.95
8/13/2023 22:30,65.14
8/13/2023 22:45,64.87
8/13/2023 23:00,64.58
8/13/2023 23:15,64.42
8/13/2023 23:30,64.42
8/13/2023 23:45,64.2
8/14/2023 0:00,64.08
8/14/2023 0:15,63.88
8/14/2023 0:30,63.88
8/14/2023 0:45,63.72
8/14/2023 1:00,63.68
8/14/2023 1:15,63.48
8/14/2023 1:30,63.32
8/14/2023 1:45,63.32
8/14/2023 2:00,63.29
8/14/2023 2:15,63.18
8/14/2023 2:30,62.97
8/14/2023 2:45,62.97
8/14/2023 3:00,62.97
8/14/2023 3:15,62.78
8/14/2023 3:30,62.7
8/14/2023 3:45,62.63
8/14/2023 4:00,62.63
8/14/2023 4:15,62.6
8/14/2023 4:30,62.6
8/14/2023 4:45,62.6
8/14/2023 5:00,62.63
8/14/2023 5:15,62.66
8/14/2023 5:30,62.66
8/14/2023 5:45,62.68
8/14/2023 6:00,62.68
8/14/2023 6:15,62.7
8/14/2023 6:30,62.73
8/14/2023 6:45,62.79
8/14/2023 7:00,62.79
8/14/2023 7:15,62.79
8/14/2023 7:30,62.79
8/14/2023 7:45,62.8
8/14/2023 8:00,62.8
8/14/2023 8:15,62.85
8/14/2023 8:30,62.85
8/14/2023 8:45,62.79
8/14/2023 9:00,62.79
8/14/2023 9:15,62.79
8/14/2023 9:30,62.79
8/14/2023 9:45,62.79
8/14/2023 10:00,62.71
8/14/2023 10:15,62.71
8/14/2023 10:30,62.71
8/14/2023 10:45,62.71
8/14/2023 11:00,62.66
8/14/2023 11:15,62.62
8/14/2023 11:30,62.62
8/14/2023 11:45,62.62
8/14/2023 12:00,62.62
8/14/2023 12:15,62.62
8/14/2023 12:30,62.62
8/14/2023 12:45,62.6
8/14/2023 13:00,62.6
8/14/2023 13:15,62.6
8/14/2023 13:30,62.6
8/14/2023 13:45,62.6
8/14/2023 14:00,62.6
8/14/2023 14:15,62.6
8/14/2023 14:30,62.6
8/14/2023 14:45,62.54
8/14/2023 15:00,62.54
8/14/2023 15:15,62.49
8/14/2023 15:30,62.49
8/14/2023 15:45,62.43
8/14/2023 16:00,62.43
8/14/2023 16:15,62.43
8/14/2023 16:30,62.43
8/14/2023 16:45,62.43
8/14/2023 17:00,62.43
8/14/2023 17:15,62.4
8/14/2023 17:30,62.38
8/14/2023 17:45,62.38
8/14/2023 18:00,62.38
8/14/2023 18:15,62.35
8/14/2023 18:30,62.35
8/14/2023 18:45,62.35
8/14/2023 19:00,62.35
8/14/2023 19:15,62.35
8/14/2023 19:30,62.35
8/14/2023 19:45,62.41
8/14/2023 20:00,62.41
8/14/2023 20:15,62.47
8/14/2023 20:30,62.56
8/14/2023 20:45,62.63
8/14/2023 21:00,62.63
8/14/2023 21:15,62.63
8/14/2023 21:30,62.64
8/14/2023 21:45,62.69
8/14/2023 22:00,62.69
8/14/2023 22:15,62.77
8/14/2023 22:30,62.79
8/14/2023 22:45,62.8
8/14/2023 23:00,62.8
8/14/2023 23:15,62.83
8/14/2023 23:30,62.85
8/14/2023 23:45,62.85
8/15/2023 0:00,62.85
8/15/2023 0:15,62.85
8/15/2023 0:30,62.85
8/15/2023 0:45,62.85
8/15/2023 1:00,62.85
8/15/2023 1:15,62.83
8/15/2023 1:30,62.8
8/15/2023 1:45,62.79
8/15/2023 2:00,62.79
8/15/2023 2:15,62.79
8/15/2023 2:30,62.79
8/15/2023 2:45,62.79
8/15/2023 3:00,62.79
8/15/2023 3:15,62.79
8/15/2023 3:30,62.79
8/15/2023 3:45,62.79
8/15/2023 4:00,62.79
8/15/2023 4:15,62.79
8/15/2023 4:30,62.79
8/15/2023 4:45,62.79
8/15/2023 5:00,62.79
8/15/2023 5:15,62.79
8/15/2023 5:30,62.79
8/15/2023 5:45,62.87
8/15/2023 6:00,62.87
8/15/2023 6:15,62.94
8/15/2023 6:30,62.94
8/15/2023 6:45,62.94
8/15/2023 7:00,62.94
8/15/2023 7:15,62.83
8/15/2023 7:30,62.83
8/15/2023 7:45,62.83
8/15/2023 8:00,62.83
8/15/2023 8:15,62.83
8/15/2023 8:30,62.58
8/15/2023 8:45,62.58
8/15/2023 9:00,62.58
8/15/2023 9:15,62.42
8/15/2023 9:30,62.42
8/15/2023 9:45,62.42
8/15/2023 10:00,62.42
8/15/2023 10:15,62.42
8/15/2023 10:30,62.42
8/15/2023 10:45,62.42
8/15/2023 11:00,62.42
8/15/2023 11:15,62.42
8/15/2023 11:30,62.53
8/15/2023 11:45,62.58
8/15/2023 12:00,62.58
8/15/2023 12:15,62.58
8/15/2023 12:30,62.58
8/15/2023 12:45,62.63
8/15/2023 13:00,62.66
8/15/2023 13:15,62.66
8/15/2023 13:30,62.66
8/15/2023 13:45,62.66
8/15/2023 14:00,62.66
8/15/2023 14:15,62.66
8/15/2023 14:30,62.71
8/15/2023 14:45,62.73
8/15/2023 15:00,62.76
8/15/2023 15:15,62.76
8/15/2023 15:30,62.76
8/15/2023 15:45,62.76
8/15/2023 16:00,62.76
8/15/2023 16:15,62.8
8/15/2023 16:30,62.8
8/15/2023 16:45,62.8
8/15/2023 17:00,62.81
8/15/2023 17:15,62.81
8/15/2023 17:30,62.81
8/15/2023 17:45,62.84
8/15/2023 18:00,62.84
8/15/2023 18:15,62.86
8/15/2023 18:30,62.86
8/15/2023 18:45,62.89
8/15/2023 19:00,62.91
8/15/2023 19:15,62.91
8/15/2023 19:30,62.93
8/15/2023 19:45,62.93
8/15/2023 20:00,62.93
8/15/2023 20:15,62.93
8/15/2023 20:30,62.93
8/15/2023 20:45,62.93
8/15/2023 21:00,62.93
8/15/2023 21:15,62.96
8/15/2023 21:30,62.96
8/15/2023 21:45,62.96
8/15/2023 22:00,62.96
8/15/2023 22:15,62.96
8/15/2023 22:30,62.96
8/15/2023 22:45,62.99
8/15/2023 23:00,62.99
8/15/2023 23:15,63.01
8/15/2023 23:30,63.05
8/15/2023 23:45,63.06
8/16/2023 0:00,63.07
8/16/2023 0:15,63.07
8/16/2023 0:30,63.07
8/16/2023 0:45,63.07
8/16/2023 1:00,63.07
8/16/2023 1:15,63.07
8/16/2023 1:30,63.07
8/16/2023 1:45,63.07
8/16/2023 2:00,63.07
8/16/2023 2:15,63.07
8/16/2023 2:30,63.07
8/16/2023 2:45,63.07
8/16/2023 3:00,63.07
8/16/2023 3:15,63.07
8/16/2023 3:30,63.07
8/16/2023 3:45,63.07
8/16/2023 4:00,63.07
8/16/2023 4:15,63.07
8/16/2023 4:30,63.07
8/16/2023 4:45,63.03
8/16/2023 5:00,63.03
8/16/2023 5:15,63.03
8/16/2023 5:30,63.03
8/16/2023 5:45,63.03
8/16/2023 6:00,63.03
8/16/2023 6:15,63.03
8/16/2023 6:30,63.03
8/16/2023 6:45,63.03
8/16/2023 7:00,63.03
8/16/2023 7:15,63.03
8/16/2023 7:30,63.03
8/16/2023 7:45,62.99
8/16/2023 8:00,62.96
8/16/2023 8:15,62.96
8/16/2023 8:30,62.96
8/16/2023 8:45,62.93
8/16/2023 9:00,62.93
8/16/2023 9:15,62.93
8/16/2023 9:30,62.93
8/16/2023 9:45,62.93
8/16/2023 10:00,62.93
8/16/2023 10:15,62.93
8/16/2023 10:30,62.89
8/16/2023 10:45,62.81
8/16/2023 11:00,62.81
8/16/2023 11:15,62.81
8/16/2023 11:30,62.81
8/16/2023 11:45,62.81
8/16/2023 12:00,62.81
8/16/2023 12:15,62.77
8/16/2023 12:30,62.77
8/16/2023 12:45,62.77
8/16/2023 13:00,62.77
8/16/2023 13:15,62.77
8/16/2023 13:30,62.77
8/16/2023 13:45,62.77
8/16/2023 14:00,62.77
8/16/2023 14:15,62.68
8/16/2023 14:30,62.68
8/16/2023 14:45,62.57
8/16/2023 15:00,62.57
8/16/2023 15:15,62.56
8/16/2023 15:30,62.55
8/16/2023 15:45,62.47
8/16/2023 16:00,62.43
8/16/2023 16:15,62.43
8/16/2023 16:30,62.43
8/16/2023 16:45,62.43
8/16/2023 17:00,62.4
8/16/2023 17:15,62.4
8/16/2023 17:30,62.4
8/16/2023 17:45,62.4
8/16/2023 18:00,62.39
8/16/2023 18:15,62.39
8/16/2023 18:30,62.39
8/16/2023 18:45,62.39
8/16/2023 19:00,62.39
8/16/2023 19:15,62.39
8/16/2023 19:30,62.39
8/16/2023 19:45,62.39
8/16/2023 20:00,62.39
8/16/2023 20:15,62.39
8/16/2023 20:30,62.39
8/16/2023 20:45,62.39
8/16/2023 21:00,62.4
8/16/2023 21:15,62.4
8/16/2023 21:30,62.5
8/16/2023 21:45,62.5
8/16/2023 22:00,62.55
8/16/2023 22:15,62.55
8/16/2023 22:30,62.59
8/16/2023 22:45,62.6
8/16/2023 23:00,62.6
8/16/2023 23:15,62.61
8/16/2023 23:30,62.61
8/16/2023 23:45,62.61
8/17/2023 0:00,62.61
8/17/2023 0:15,62.7
8/17/2023 0:30,62.7
8/17/2023 0:45,62.7
8/17/2023 1:00,62.8
8/17/2023 1:15,62.82
8/17/2023 1:30,62.82
8/17/2023 1:45,62.82
8/17/2023 2:00,62.82
8/17/2023 2:15,62.82
8/17/2023 2:30,62.65
8/17/2023 2:45,62.65
8/17/2023 3:00,62.65
8/17/2023 3:15,62.65
8/17/2023 3:30,62.65
8/17/2023 3:45,62.65
8/17/2023 4:00,62.65
8/17/2023 4:15,62.68
8/17/2023 4:30,62.68
8/17/2023 4:45,62.68
8/17/2023 5:00,62.68
8/17/2023 5:15,62.68
8/17/2023 5:30,62.52
8/17/2023 5:45,62.52
8/17/2023 6:00,62.52
8/17/2023 6:15,62.52
8/17/2023 6:30,62.58
8/17/2023 6:45,62.74
8/17/2023 7:00,62.85
8/17/2023 7:15,62.9
8/17/2023 7:30,62.9
8/17/2023 7:45,62.9
8/17/2023 8:00,62.9
8/17/2023 8:15,62.85
8/17/2023 8:30,62.85
8/17/2023 8:45,62.77
8/17/2023 9:00,62.67
8/17/2023 9:15,62.67
8/17/2023 9:30,62.64
8/17/2023 9:45,62.64
8/17/2023 10:00,62.64
8/17/2023 10:15,62.64
8/17/2023 10:30,62.64
8/17/2023 10:45,62.64
8/17/2023 11:00,62.64
8/17/2023 11:15,62.55
8/17/2023 11:30,62.4
8/17/2023 11:45,62.27
8/17/2023 12:00,62.17
8/17/2023 12:15,62.12
8/17/2023 12:30,62.12
8/17/2023 12:45,62.12
8/17/2023 13:00,62.07
8/17/2023 13:15,62.07
8/17/2023 13:30,62.07
8/17/2023 13:45,62.07
8/17/2023 14:00,62.07
8/17/2023 14:15,62.07
8/17/2023 14:30,62.07
8/17/2023 14:45,62.07
8/17/2023 15:00,62.11
8/17/2023 15:15,62.13
8/17/2023 15:30,62.13
8/17/2023 15:45,62.14
8/17/2023 16:00,62.14
8/17/2023 16:15,62.14
8/17/2023 16:30,62.14
8/17/2023 16:45,62.14
8/17/2023 17:00,62.19
8/17/2023 17:15,62.27
8/17/2023 17:30,62.27
8/17/2023 17:45,62.27
8/17/2023 18:00,62.27
8/17/2023 18:15,62.27
8/17/2023 18:30,62.27
8/17/2023 18:45,62.27
8/17/2023 19:00,62.27
8/17/2023 19:15,62.27
8/17/2023 19:30,62.29
8/17/2023 19:45,62.4
8/17/2023 20:00,62.45
8/17/2023 20:15,62.45
8/17/2023 20:30,62.51
8/17/2023 20:45,62.51
8/17/2023 21:00,62.51
8/17/2023 21:15,62.51
8/17/2023 21:30,62.51
8/17/2023 21:45,62.6
8/17/2023 22:00,62.6
8/17/2023 22:15,62.6
8/17/2023 22:30,62.6
8/17/2023 22:45,62.75
8/17/2023 23:00,62.86
8/17/2023 23:15,62.86
8/17/2023 23:30,62.94
8/17/2023 23:45,62.94
8/18/2023 0:00,62.98
8/18/2023 0:15,62.98
8/18/2023 0:30,62.98
8/18/2023 0:45,63.06
8/18/2023 1:00,63.13
8/18/2023 1:15,63.13
8/18/2023 1:30,63.21
8/18/2023 1:45,63.21
8/18/2023 2:00,63.25
8/18/2023 2:15,63.25
8/18/2023 2:30,63.29
8/18/2023 2:45,63.37
8/18/2023 3:00,63.48
8/18/2023 3:15,63.48
8/18/2023 3:30,63.5
8/18/2023 3:45,63.53
8/18/2023 4:00,63.57
8/18/2023 4:15,63.65
8/18/2023 4:30,63.72
8/18/2023 4:45,63.72
8/18/2023 5:00,63.72
8/18/2023 5:15,63.72
8/18/2023 5:30,63.72
8/18/2023 5:45,63.72
8/18/2023 6:00,63.72
8/18/2023 6:15,63.68
8/18/2023 6:30,63.68
8/18/2023 6:45,63.54
8/18/2023 7:00,63.45
8/18/2023 7:15,63.45
8/18/2023 7:30,63.39
8/18/2023 7:45,63.34
8/18/2023 8:00,63.32
8/18/2023 8:15,63.29
8/18/2023 8:30,63.29
8/18/2023 8:45,63.15
8/18/2023 9:00,63
8/18/2023 9:15,62.98
8/18/2023 9:30,62.87
8/18/2023 9:45,62.78
8/18/2023 10:00,62.78
8/18/2023 10:15,62.78
8/18/2023 10:30,62.58
8/18/2023 10:45,62.29
8/18/2023 11:00,62.13
8/18/2023 11:15,61.96
8/18/2023 11:30,61.76
8/18/2023 11:45,61.76
8/18/2023 12:00,61.57
8/18/2023 12:15,61.4
8/18/2023 12:30,61.31
8/18/2023 12:45,61.17
8/18/2023 13:00,61
8/18/2023 13:15,60.86
8/18/2023 13:30,60.75
8/18/2023 13:45,60.7
8/18/2023 14:00,60.62
8/18/2023 14:15,60.62
8/18/2023 14:30,60.62
8/18/2023 14:45,60.62
8/18/2023 15:00,60.62
8/18/2023 15:15,60.62
8/18/2023 15:30,60.64
8/18/2023 15:45,60.7
8/18/2023 16:00,60.75
8/18/2023 16:15,60.75
8/18/2023 16:30,60.86
8/18/2023 16:45,60.86
8/18/2023 17:00,60.86
8/18/2023 17:15,60.94
8/18/2023 17:30,61.1
8/18/2023 17:45,61.33
8/18/2023 18:00,61.5
8/18/2023 18:15,61.66
8/18/2023 18:30,61.79
8/18/2023 18:45,61.79
8/18/2023 19:00,61.79
8/18/2023 19:15,61.79
8/18/2023 19:30,61.79
8/18/2023 19:45,61.79
8/18/2023 20:00,61.79
8/18/2023 20:15,61.79
8/18/2023 20:30,61.79
8/18/2023 20:45,61.79
8/18/2023 21:00,61.84
8/18/2023 21:15,61.88
8/18/2023 21:30,61.88
8/18/2023 21:45,61.88
8/18/2023 22:00,61.93
8/18/2023 22:15,62.06
8/18/2023 22:30,62.06
8/18/2023 22:45,62.06
8/18/2023 23:00,62.08
8/18/2023 23:15,62.21
8/18/2023 23:30,62.21
8/18/2023 23:45,62.24
8/19/2023 0:00,62.27
8/19/2023 0:15,62.29
8/19/2023 0:30,62.43
8/19/2023 0:45,62.57
8/19/2023 1:00,62.57
8/19/2023 1:15,62.62
8/19/2023 1:30,62.62
8/19/2023 1:45,62.75
8/19/2023 2:00,62.84
8/19/2023 2:15,62.85
8/19/2023 2:30,62.85
8/19/2023 2:45,62.85
8/19/2023 3:00,62.92
8/19/2023 3:15,63.03
8/19/2023 3:30,63.03
8/19/2023 3:45,63.03
8/19/2023 4:00,63.12
8/19/2023 4:15,63.12
8/19/2023 4:30,63.12
8/19/2023 4:45,63.12
8/19/2023 5:00,63.12
8/19/2023 5:15,63.12
8/19/2023 5:30,63.12
8/19/2023 5:45,63.12
8/19/2023 6:00,63.12
8/19/2023 6:15,63.12
8/19/2023 6:30,63.12
8/19/2023 6:45,63.12
8/19/2023 7:00,63.12
8/19/2023 7:15,63.04
8/19/2023 7:30,63.04
8/19/2023 7:45,63.04
8/19/2023 8:00,62.96
8/19/2023 8:15,62.94
8/19/2023 8:30,62.8
8/19/2023 8:45,62.69
8/19/2023 9:00,62.69
8/19/2023 9:15,62.69
8/19/2023 9:30,62.69
8/19/2023 9:45,62.69
8/19/2023 10:00,62.68
8/19/2023 10:15,62.65
8/19/2023 10:30,62.64
8/19/2023 10:45,62.64
8/19/2023 11:00,62.61
8/19/2023 11:15,62.61
8/19/2023 11:30,62.61
8/19/2023 11:45,62.58
8/19/2023 12:00,62.58
8/19/2023 12:15,62.46
8/19/2023 12:30,62.46
8/19/2023 12:45,62.35
8/19/2023 13:00,62.35
8/19/2023 13:15,62.23
8/19/2023 13:30,62.19
8/19/2023 13:45,61.98
8/19/2023 14:00,61.98
8/19/2023 14:15,61.98
8/19/2023 14:30,61.8
8/19/2023 14:45,61.8
8/19/2023 15:00,61.62
8/19/2023 15:15,61.46
8/19/2023 15:30,61.43
8/19/2023 15:45,61.28
8/19/2023 16:00,61.28
8/19/2023 16:15,61.21
8/19/2023 16:30,61.2
8/19/2023 16:45,61.08
8/19/2023 17:00,61
8/19/2023 17:15,60.97
8/19/2023 17:30,60.97
8/19/2023 17:45,60.97
8/19/2023 18:00,60.97
8/19/2023 18:15,60.97
8/19/2023 18:30,60.97
8/19/2023 18:45,60.97
8/19/2023 19:00,60.97
8/19/2023 19:15,60.97
8/19/2023 19:30,60.97
8/19/2023 19:45,61
8/19/2023 20:00,61.03
8/19/2023 20:15,61.09
8/19/2023 20:30,61.09
8/19/2023 20:45,61.09
8/19/2023 21:00,61.14
8/19/2023 21:15,61.14
8/19/2023 21:30,61.14
8/19/2023 21:45,61.2
8/19/2023 22:00,61.29
8/19/2023 22:15,61.34
8/19/2023 22:30,61.38
8/19/2023 22:45,61.5
8/19/2023 23:00,61.7
8/19/2023 23:15,61.86
8/19/2023 23:30,61.86
8/19/2023 23:45,61.92
8/20/2023 0:00,61.92
8/20/2023 0:15,62.06
8/20/2023 0:30,62.06
8/20/2023 0:45,62.21
8/20/2023 1:00,62.21
8/20/2023 1:15,62.21
8/20/2023 1:30,62.21
8/20/2023 1:45,62.35
8/20/2023 2:00,62.51
8/20/2023 2:15,62.55
8/20/2023 2:30,62.58
8/20/2023 2:45,62.59
8/20/2023 3:00,62.59
8/20/2023 3:15,62.59
8/20/2023 3:30,62.7
8/20/2023 3:45,62.7
8/20/2023 4:00,62.7
8/20/2023 4:15,62.7
8/20/2023 4:30,62.85
8/20/2023 4:45,62.88
8/20/2023 5:00,62.88
8/20/2023 5:15,62.9
8/20/2023 5:30,62.9
8/20/2023 5:45,63.02
8/20/2023 6:00,63.02
8/20/2023 6:15,63.02
8/20/2023 6:30,63.02
8/20/2023 6:45,63.02
8/20/2023 7:00,63.02
8/20/2023 7:15,63.02
8/20/2023 7:30,63.02
8/20/2023 7:45,63.02
8/20/2023 8:00,63.02
8/20/2023 8:15,63.02
8/20/2023 8:30,62.7
8/20/2023 8:45,62.49
8/20/2023 9:00,62.44
8/20/2023 9:15,62.44
8/20/2023 9:30,62.38
8/20/2023 9:45,62.38
8/20/2023 10:00,62.37
8/20/2023 10:15,62.34
8/20/2023 10:30,62.24
8/20/2023 10:45,62.14
8/20/2023 11:00,62.1
8/20/2023 11:15,61.97
8/20/2023 11:30,61.79
8/20/2023 11:45,61.7
8/20/2023 12:00,61.7
8/20/2023 12:15,61.7
8/20/2023 12:30,61.7
8/20/2023 12:45,61.56
8/20/2023 13:00,61.56
8/20/2023 13:15,61.46
8/20/2023 13:30,61.46
8/20/2023 13:45,61.43
8/20/2023 14:00,61.43
8/20/2023 14:15,61.43
8/20/2023 14:30,61.23
8/20/2023 14:45,61.05
8/20/2023 15:00,61.05
8/20/2023 15:15,61.05
8/20/2023 15:30,61.05
8/20/2023 15:45,61.05
8/20/2023 16:00,61.05
8/20/2023 16:15,61.16
8/20/2023 16:30,61.16
8/20/2023 16:45,61.16
8/20/2023 17:00,61.16
8/20/2023 17:15,61.05
8/20/2023 17:30,61.05
8/20/2023 17:45,61.05
8/20/2023 18:00,61.05
8/20/2023 18:15,61.05
8/20/2023 18:30,61.05
8/20/2023 18:45,61.05
8/20/2023 19:00,61.05
8/20/2023 19:15,61.13
8/20/2023 19:30,61.24
8/20/2023 19:45,61.28
8/20/2023 20:00,61.33
8/20/2023 20:15,61.44
8/20/2023 20:30,61.44
8/20/2023 20:45,61.44
8/20/2023 21:00,61.44
8/20/2023 21:15,61.44
8/20/2023 21:30,61.44
8/20/2023 21:45,61.44
8/20/2023 22:00,61.44
8/20/2023 22:15,61.51
8/20/2023 22:30,61.51
8/20/2023 22:45,61.51
8/20/2023 23:00,61.51
8/20/2023 23:15,61.51
8/20/2023 23:30,61.57
8/20/2023 23:45,61.57
8/21/2023 0:00,61.62
8/21/2023 0:15,61.62
8/21/2023 0:30,61.62
8/21/2023 0:45,61.62
8/21/2023 1:00,61.62
8/21/2023 1:15,61.62
8/21/2023 1:30,61.62
8/21/2023 1:45,61.62
8/21/2023 2:00,61.62
8/21/2023 2:15,61.62
8/21/2023 2:30,61.78
8/21/2023 2:45,61.78
8/21/2023 3:00,61.78
8/21/2023 3:15,61.78
8/21/2023 3:30,61.81
8/21/2023 3:45,61.81
8/21/2023 4:00,61.81
8/21/2023 4:15,61.81
8/21/2023 4:30,61.65
8/21/2023 4:45,61.65
8/21/2023 5:00,61.65
8/21/2023 5:15,61.65
8/21/2023 5:30,61.65
8/21/2023 5:45,61.65
8/21/2023 6:00,61.65
8/21/2023 6:15,61.7
8/21/2023 6:30,61.7
8/21/2023 6:45,61.7
8/21/2023 7:00,61.7
8/21/2023 7:15,61.7
8/21/2023 7:30,61.7
8/21/2023 7:45,61.7
8/21/2023 8:00,61.74
8/21/2023 8:15,61.74
8/21/2023 8:30,61.74
8/21/2023 8:45,61.74
8/21/2023 9:00,61.75
8/21/2023 9:15,61.79
8/21/2023 9:30,61.96
8/21/2023 9:45,61.96
8/21/2023 10:00,62.08
8/21/2023 10:15,62.08
8/21/2023 10:30,62.08
8/21/2023 10:45,62.08
8/21/2023 11:00,62.08
8/21/2023 11:15,62.08
8/21/2023 11:30,62.08
8/21/2023 11:45,62.08
8/21/2023 12:00,62.08
8/21/2023 12:15,62.08
8/21/2023 12:30,62.08
8/21/2023 12:45,62.19
8/21/2023 13:00,62.34
8/21/2023 13:15,62.35
8/21/2023 13:30,62.4
8/21/2023 13:45,62.44
8/21/2023 14:00,62.44
8/21/2023 14:15,62.44
8/21/2023 14:30,62.44
8/21/2023 14:45,62.44
8/21/2023 15:00,62.44
8/21/2023 15:15,62.44
8/21/2023 15:30,62.44
8/21/2023 15:45,62.43
8/21/2023 16:00,62.43
8/21/2023 16:15,62.43
8/21/2023 16:30,62.43
8/21/2023 16:45,62.42
8/21/2023 17:00,62.42
8/21/2023 17:15,62.42
8/21/2023 17:30,62.42
8/21/2023 17:45,62.42
8/21/2023 18:00,62.42
8/21/2023 18:15,62.42
8/21/2023 18:30,62.39
8/21/2023 18:45,62.39
8/21/2023 19:00,62.39
8/21/2023 19:15,62.39
8/21/2023 19:30,62.39
8/21/2023 19:45,62.39
8/21/2023 20:00,62.43
8/21/2023 20:15,62.45
8/21/2023 20:30,62.47
8/21/2023 20:45,62.47
8/21/2023 21:00,62.52
8/21/2023 21:15,62.58
8/21/2023 21:30,62.58
8/21/2023 21:45,62.58
8/21/2023 22:00,62.58
8/21/2023 22:15,62.58
8/21/2023 22:30,62.63
8/21/2023 22:45,62.63
8/21/2023 23:00,62.63
8/21/2023 23:15,62.63
8/21/2023 23:30,62.63
8/21/2023 23:45,62.8
8/22/2023 0:00,62.8
8/22/2023 0:15,62.85
8/22/2023 0:30,62.85
8/22/2023 0:45,62.85
8/22/2023 1:00,62.85
8/22/2023 1:15,62.74
8/22/2023 1:30,62.74
8/22/2023 1:45,62.74
8/22/2023 2:00,62.63
8/22/2023 2:15,62.63
8/22/2023 2:30,62.69
8/22/2023 2:45,62.69
8/22/2023 3:00,62.63
8/22/2023 3:15,62.63
8/22/2023 3:30,62.58
8/22/2023 3:45,62.69
8/22/2023 4:00,62.69
8/22/2023 4:15,62.69
8/22/2023 4:30,62.69
8/22/2023 4:45,62.69
8/22/2023 5:00,62.69
8/22/2023 5:15,62.69
8/22/2023 5:30,62.73
8/22/2023 5:45,62.73
8/22/2023 6:00,62.73
8/22/2023 6:15,62.73
8/22/2023 6:30,62.73
8/22/2023 6:45,62.68
8/22/2023 7:00,62.63
8/22/2023 7:15,62.63
8/22/2023 7:30,62.58
8/22/2023 7:45,62.58
8/22/2023 8:00,62.58
8/22/2023 8:15,62.57
8/22/2023 8:30,62.46
8/22/2023 8:45,62.46
8/22/2023 9:00,62.42
8/22/2023 9:15,62.36
8/22/2023 9:30,62.36
8/22/2023 9:45,62.35
8/22/2023 10:00,62.34
8/22/2023 10:15,62.3
8/22/2023 10:30,62.3
8/22/2023 10:45,62.2
8/22/2023 11:00,62.2
8/22/2023 11:15,62.09
8/22/2023 11:30,62.09
8/22/2023 11:45,62.09
8/22/2023 12:00,62.2
8/22/2023 12:15,62.2
8/22/2023 12:30,62.2
8/22/2023 12:45,62.29
8/22/2023 13:00,62.29
8/22/2023 13:15,62.29
8/22/2023 13:30,62.29
8/22/2023 13:45,62.26
8/22/2023 14:00,62.26
8/22/2023 14:15,62.26
8/22/2023 14:30,62.26
8/22/2023 14:45,62.31
8/22/2023 15:00,62.31
8/22/2023 15:15,62.31
8/22/2023 15:30,62.32
8/22/2023 15:45,62.32
8/22/2023 16:00,62.32
8/22/2023 16:15,62.32
8/22/2023 16:30,62.38
8/22/2023 16:45,62.38
8/22/2023 17:00,62.38
8/22/2023 17:15,62.42
8/22/2023 17:30,62.42
8/22/2023 17:45,62.42
8/22/2023 18:00,62.42
8/22/2023 18:15,62.48
8/22/2023 18:30,62.48
8/22/2023 18:45,62.48
8/22/2023 19:00,62.48
8/22/2023 19:15,62.48
8/22/2023 19:30,62.56
8/22/2023 19:45,62.56
8/22/2023 20:00,62.56
8/22/2023 20:15,62.56
8/22/2023 20:30,62.67
8/22/2023 20:45,62.67
8/22/2023 21:00,62.86
8/22/2023 21:15,62.98
8/22/2023 21:30,63
8/22/2023 21:45,63.04
8/22/2023 22:00,63.07
8/22/2023 22:15,63.07
8/22/2023 22:30,63.07
8/22/2023 22:45,63.07
8/22/2023 23:00,63.04
8/22/2023 23:15,63.04
8/22/2023 23:30,63.04
8/22/2023 23:45,63.04
8/23/2023 0:00,63.07
8/23/2023 0:15,63.07
8/23/2023 0:30,63.07
8/23/2023 0:45,63.07
8/23/2023 1:00,63.04
8/23/2023 1:15,63.02
8/23/2023 1:30,63
8/23/2023 1:45,63
8/23/2023 2:00,62.97
8/23/2023 2:15,62.85
8/23/2023 2:30,62.69
8/23/2023 2:45,62.69
8/23/2023 3:00,62.64
8/23/2023 3:15,62.64
8/23/2023 3:30,62.64
8/23/2023 3:45,62.64
8/23/2023 4:00,62.64
8/23/2023 4:15,62.64
8/23/2023 4:30,62.64
8/23/2023 4:45,62.64
8/23/2023 5:00,62.64
8/23/2023 5:15,62.51
8/23/2023 5:30,62.37
8/23/2023 5:45,62.37
8/23/2023 6:00,62.37
8/23/2023 6:15,62.37
8/23/2023 6:30,62.37
8/23/2023 6:45,62.4
8/23/2023 7:00,62.53
8/23/2023 7:15,62.64
8/23/2023 7:30,62.64
8/23/2023 7:45,62.64
8/23/2023 8:00,62.65
8/23/2023 8:15,62.66
8/23/2023 8:30,62.67
8/23/2023 8:45,62.67
8/23/2023 9:00,62.67
8/23/2023 9:15,62.67
8/23/2023 9:30,62.67
8/23/2023 9:45,62.67
8/23/2023 10:00,62.67
8/23/2023 10:15,62.69
8/23/2023 10:30,62.75
8/23/2023 10:45,62.78
8/23/2023 11:00,62.8
8/23/2023 11:15,62.8
8/23/2023 11:30,62.8
8/23/2023 11:45,62.8
8/23/2023 12:00,62.78
8/23/2023 12:15,62.78
8/23/2023 12:30,62.78
8/23/2023 12:45,62.75
8/23/2023 13:00,62.75
8/23/2023 13:15,62.75
8/23/2023 13:30,62.75
8/23/2023 13:45,62.75
8/23/2023 14:00,62.75
8/23/2023 14:15,62.75
8/23/2023 14:30,62.75
8/23/2023 14:45,62.75
8/23/2023 15:00,62.75
8/23/2023 15:15,62.75
8/23/2023 15:30,62.75
8/23/2023 15:45,62.75
8/23/2023 16:00,62.69
8/23/2023 16:15,62.69
8/23/2023 16:30,62.6
8/23/2023 16:45,62.6
8/23/2023 17:00,62.56
8/23/2023 17:15,62.56
8/23/2023 17:30,62.56
8/23/2023 17:45,62.56
8/23/2023 18:00,62.56
8/23/2023 18:15,62.56
8/23/2023 18:30,62.56
8/23/2023 18:45,62.56
8/23/2023 19:00,62.56
8/23/2023 19:15,62.56
8/23/2023 19:30,62.56
8/23/2023 19:45,62.56
8/23/2023 20:00,62.52
8/23/2023 20:15,62.52
8/23/2023 20:30,62.52
8/23/2023 20:45,62.52
8/23/2023 21:00,62.48
8/23/2023 21:15,62.48
8/23/2023 21:30,62.48
8/23/2023 21:45,62.48
8/23/2023 22:00,62.61
8/23/2023 22:15,62.64
8/23/2023 22:30,62.65
8/23/2023 22:45,62.76
8/23/2023 23:00,62.91
8/23/2023 23:15,62.97
8/23/2023 23:30,63.01
8/23/2023 23:45,63.01
8/24/2023 0:00,63.06
8/24/2023 0:15,63.06
8/24/2023 0:30,63.06
8/24/2023 0:45,63.06
8/24/2023 1:00,63.06
8/24/2023 1:15,62.95
8/24/2023 1:30,62.95
8/24/2023 1:45,62.91
8/24/2023 2:00,62.85
8/24/2023 2:15,62.85
8/24/2023 2:30,62.85
8/24/2023 2:45,62.82
8/24/2023 3:00,62.73
8/24/2023 3:15,62.61
8/24/2023 3:30,62.52
8/24/2023 3:45,62.47
8/24/2023 4:00,62.46
8/24/2023 4:15,62.46
8/24/2023 4:30,62.45
8/24/2023 4:45,62.45
8/24/2023 5:00,62.43
8/24/2023 5:15,62.43
8/24/2023 5:30,62.43
8/24/2023 5:45,62.43
8/24/2023 6:00,62.43
8/24/2023 6:15,62.43
8/24/2023 6:30,62.43
8/24/2023 6:45,62.31
8/24/2023 7:00,62.31
8/24/2023 7:15,62.31
8/24/2023 7:30,62.26
8/24/2023 7:45,62.26
8/24/2023 8:00,62.26
8/24/2023 8:15,62.26
8/24/2023 8:30,62.26
8/24/2023 8:45,62.34
8/24/2023 9:00,62.34
8/24/2023 9:15,62.34
8/24/2023 9:30,62.34
8/24/2023 9:45,62.34
8/24/2023 10:00,62.34
8/24/2023 10:15,62.34
8/24/2023 10:30,62.28
8/24/2023 10:45,62.28
8/24/2023 11:00,62.28
8/24/2023 11:15,62.26
8/24/2023 11:30,62.28
8/24/2023 11:45,62.28
8/24/2023 12:00,62.28
8/24/2023 12:15,62.28
8/24/2023 12:30,62.35
8/24/2023 12:45,62.41
8/24/2023 13:00,62.41
8/24/2023 13:15,62.41
8/24/2023 13:30,62.41
8/24/2023 13:45,62.36
8/24/2023 14:00,62.36
8/24/2023 14:15,62.36
8/24/2023 14:30,62.36
8/24/2023 14:45,62.36
8/24/2023 15:00,62.36
8/24/2023 15:15,62.39
8/24/2023 15:30,62.39
8/24/2023 15:45,62.41
8/24/2023 16:00,62.41
8/24/2023 16:15,62.42
8/24/2023 16:30,62.42
8/24/2023 16:45,62.42
8/24/2023 17:00,62.42
8/24/2023 17:15,62.43
8/24/2023 17:30,62.43
8/24/2023 17:45,62.41
8/24/2023 18:00,62.41
8/24/2023 18:15,62.41
8/24/2023 18:30,62.41
8/24/2023 18:45,62.41
8/24/2023 19:00,62.41
8/24/2023 19:15,62.41
8/24/2023 19:30,62.41
8/24/2023 19:45,62.41
8/24/2023 20:00,62.41
8/24/2023 20:15,62.34
8/24/2023 20:30,62.29
8/24/2023 20:45,62.29
8/24/2023 21:00,62.29
8/24/2023 21:15,62.23
8/24/2023 21:30,62.29
8/24/2023 21:45,62.29
8/24/2023 22:00,62.29
8/24/2023 22:15,62.29
8/24/2023 22:30,62.4
8/24/2023 22:45,62.4
8/24/2023 23:00,62.45
8/24/2023 23:15,62.45
8/24/2023 23:30,62.56
8/24/2023 23:45,62.56
8/25/2023 0:00,62.56
8/25/2023 0:15,62.56
8/25/2023 0:30,62.57
8/25/2023 0:45,62.57
8/25/2023 1:00,62.57
8/25/2023 1:15,62.67
8/25/2023 1:30,62.67
8/25/2023 1:45,62.67
8/25/2023 2:00,62.67
8/25/2023 2:15,62.67
8/25/2023 2:30,62.67
8/25/2023 2:45,62.75
8/25/2023 3:00,62.75
8/25/2023 3:15,62.75
8/25/2023 3:30,62.75
8/25/2023 3:45,62.77
8/25/2023 4:00,62.77
8/25/2023 4:15,62.94
8/25/2023 4:30,63.1
8/25/2023 4:45,63.1
8/25/2023 5:00,63.13
8/25/2023 5:15,63.13
8/25/2023 5:30,63.13
8/25/2023 5:45,63.14
8/25/2023 6:00,63.15
8/25/2023 6:15,63.15
8/25/2023 6:30,63.21
8/25/2023 6:45,63.21
8/25/2023 7:00,63.21
8/25/2023 7:15,63.21
8/25/2023 7:30,63.21
8/25/2023 7:45,63.21
8/25/2023 8:00,63.21
8/25/2023 8:15,63.14
8/25/2023 8:30,63.06
8/25/2023 8:45,63.02
8/25/2023 9:00,62.99
8/25/2023 9:15,62.89
8/25/2023 9:30,62.79
8/25/2023 9:45,62.77
8/25/2023 10:00,62.71
8/25/2023 10:15,62.63
8/25/2023 10:30,62.63
8/25/2023 10:45,62.53
8/25/2023 11:00,62.44
8/25/2023 11:15,62.38
8/25/2023 11:30,62.33
8/25/2023 11:45,62.33
8/25/2023 12:00,62.33
8/25/2023 12:15,62.33
8/25/2023 12:30,62.33
8/25/2023 12:45,62.33
8/25/2023 13:00,62.33
8/25/2023 13:15,62.33
8/25/2023 13:30,62.33
8/25/2023 13:45,62.33
8/25/2023 14:00,62.33
8/25/2023 14:15,62.33
8/25/2023 14:30,62.33
8/25/2023 14:45,62.33
8/25/2023 15:00,62.33
8/25/2023 15:15,62.3
8/25/2023 15:30,62.26
8/25/2023 15:45,62.26
8/25/2023 16:00,62.26
8/25/2023 16:15,62.26
8/25/2023 16:30,62.24
8/25/2023 16:45,62.24
8/25/2023 17:00,62.22
8/25/2023 17:15,62.13
8/25/2023 17:30,62.04
8/25/2023 17:45,62.04
8/25/2023 18:00,62.04
8/25/2023 18:15,62.04
8/25/2023 18:30,62.04
8/25/2023 18:45,61.96
8/25/2023 19:00,61.96
8/25/2023 19:15,61.96
8/25/2023 19:30,61.96
8/25/2023 19:45,61.98
8/25/2023 20:00,62.13
8/25/2023 20:15,62.13
8/25/2023 20:30,62.25
8/25/2023 20:45,62.25
8/25/2023 21:00,62.36
8/25/2023 21:15,62.42
8/25/2023 21:30,62.43
8/25/2023 21:45,62.43
8/25/2023 22:00,62.44
8/25/2023 22:15,62.44
8/25/2023 22:30,62.44
8/25/2023 22:45,62.47
8/25/2023 23:00,62.47
8/25/2023 23:15,62.47
8/25/2023 23:30,62.52
8/25/2023 23:45,62.54
8/26/2023 0:00,62.55
8/26/2023 0:15,62.59
8/26/2023 0:30,62.7
8/26/2023 0:45,62.7
8/26/2023 1:00,62.77
8/26/2023 1:15,62.79
8/26/2023 1:30,62.86
8/26/2023 1:45,63
8/26/2023 2:00,63
8/26/2023 2:15,63
8/26/2023 2:30,63
8/26/2023 2:45,63
8/26/2023 3:00,62.99
8/26/2023 3:15,62.94
8/26/2023 3:30,62.94
8/26/2023 3:45,62.83
8/26/2023 4:00,62.83
8/26/2023 4:15,62.83
8/26/2023 4:30,62.91
8/26/2023 4:45,62.91
8/26/2023 5:00,62.94
8/26/2023 5:15,62.94
8/26/2023 5:30,62.94
8/26/2023 5:45,62.94
8/26/2023 6:00,62.88
8/26/2023 6:15,62.82
8/26/2023 6:30,62.77
8/26/2023 6:45,62.77
8/26/2023 7:00,62.77
8/26/2023 7:15,62.77
8/26/2023 7:30,62.77
8/26/2023 7:45,62.77
8/26/2023 8:00,62.77
8/26/2023 8:15,62.76
8/26/2023 8:30,62.76
8/26/2023 8:45,62.65
8/26/2023 9:00,62.64
8/26/2023 9:15,62.64
8/26/2023 9:30,62.64
8/26/2023 9:45,62.63
8/26/2023 10:00,62.63
8/26/2023 10:15,62.63
8/26/2023 10:30,62.63
8/26/2023 10:45,62.6
8/26/2023 11:00,62.6
8/26/2023 11:15,62.6
8/26/2023 11:30,62.56
8/26/2023 11:45,62.53
8/26/2023 12:00,62.53
8/26/2023 12:15,62.52
8/26/2023 12:30,62.45
8/26/2023 12:45,62.42
8/26/2023 13:00,62.37
8/26/2023 13:15,62.31
8/26/2023 13:30,62.31
8/26/2023 13:45,62.3
8/26/2023 14:00,62.3
8/26/2023 14:15,62.27
8/26/2023 14:30,62.27
8/26/2023 14:45,62.24
8/26/2023 15:00,62.24
8/26/2023 15:15,62.21
8/26/2023 15:30,62.15
8/26/2023 15:45,62.07
8/26/2023 16:00,62.03
8/26/2023 16:15,62.01
8/26/2023 16:30,62
8/26/2023 16:45,61.88
8/26/2023 17:00,61.88
8/26/2023 17:15,61.74
8/26/2023 17:30,61.74
8/26/2023 17:45,61.74
8/26/2023 18:00,61.74
8/26/2023 18:15,61.74
8/26/2023 18:30,61.74
8/26/2023 18:45,61.74
8/26/2023 19:00,61.71
8/26/2023 19:15,61.71
8/26/2023 19:30,61.71
8/26/2023 19:45,61.71
8/26/2023 20:00,61.71
8/26/2023 20:15,61.85
8/26/2023 20:30,61.85
8/26/2023 20:45,62.03
8/26/2023 21:00,62.12
8/26/2023 21:15,62.17
8/26/2023 21:30,62.2
8/26/2023 21:45,62.2
8/26/2023 22:00,62.22
8/26/2023 22:15,62.22
8/26/2023 22:30,62.27
8/26/2023 22:45,62.31
8/26/2023 23:00,62.31
8/26/2023 23:15,62.34
8/26/2023 23:30,62.34
8/26/2023 23:45,62.42
8/27/2023 0:00,62.55
8/27/2023 0:15,62.72
8/27/2023 0:30,62.8
8/27/2023 0:45,62.84
8/27/2023 1:00,62.84
8/27/2023 1:15,62.84
8/27/2023 1:30,62.88
8/27/2023 1:45,62.88
8/27/2023 2:00,62.89
8/27/2023 2:15,62.89
8/27/2023 2:30,62.89
8/27/2023 2:45,62.89
8/27/2023 3:00,62.89
8/27/2023 3:15,62.89
8/27/2023 3:30,62.89
8/27/2023 3:45,62.88
8/27/2023 4:00,62.88
8/27/2023 4:15,62.88
8/27/2023 4:30,62.88
8/27/2023 4:45,62.88
8/27/2023 5:00,62.88
8/27/2023 5:15,62.88
8/27/2023 5:30,62.88
8/27/2023 5:45,62.87
8/27/2023 6:00,62.85
8/27/2023 6:15,62.85
8/27/2023 6:30,62.85
8/27/2023 6:45,62.85
8/27/2023 7:00,62.85
8/27/2023 7:15,62.85
8/27/2023 7:30,62.8
8/27/2023 7:45,62.65
8/27/2023 8:00,62.56
8/27/2023 8:15,62.54
8/27/2023 8:30,62.54
8/27/2023 8:45,62.53
8/27/2023 9:00,62.48
8/27/2023 9:15,62.48
8/27/2023 9:30,62.42
8/27/2023 9:45,62.42
8/27/2023 10:00,62.42
8/27/2023 10:15,62.42
8/27/2023 10:30,62.42
8/27/2023 10:45,62.38
8/27/2023 11:00,62.33
8/27/2023 11:15,62.33
8/27/2023 11:30,62.29
8/27/2023 11:45,62.29
8/27/2023 12:00,62.29
8/27/2023 12:15,62.33
8/27/2023 12:30,62.33
8/27/2023 12:45,62.33
8/27/2023 13:00,62.33
8/27/2023 13:15,62.33
8/27/2023 13:30,62.34
8/27/2023 13:45,62.34
8/27/2023 14:00,62.34
8/27/2023 14:15,62.34
8/27/2023 14:30,62.34
8/27/2023 14:45,62.34
8/27/2023 15:00,62.34
8/27/2023 15:15,62.34
8/27/2023 15:30,62.34
8/27/2023 15:45,62.34
8/27/2023 16:00,62.34
8/27/2023 16:15,62.34
8/27/2023 16:30,62.33
8/27/2023 16:45,62.24
8/27/2023 17:00,62.24
8/27/2023 17:15,62.13
8/27/2023 17:30,62.02
8/27/2023 17:45,62.02
8/27/2023 18:00,61.87
8/27/2023 18:15,61.87
8/27/2023 18:30,61.87
8/27/2023 18:45,61.87
8/27/2023 19:00,61.87
8/27/2023 19:15,61.91
8/27/2023 19:30,61.91
8/27/2023 19:45,61.91
8/27/2023 20:00,61.91
8/27/2023 20:15,61.91
8/27/2023 20:30,61.91
8/27/2023 20:45,61.91
8/27/2023 21:00,61.91
8/27/2023 21:15,61.91
8/27/2023 21:30,61.93
8/27/2023 21:45,61.93
8/27/2023 22:00,61.93
8/27/2023 22:15,61.95
8/27/2023 22:30,61.95
8/27/2023 22:45,62.09
8/27/2023 23:00,62.23
8/27/2023 23:15,62.29
8/27/2023 23:30,62.34
8/27/2023 23:45,62.34
8/28/2023 0:00,62.34
8/28/2023 0:15,62.46
8/28/2023 0:30,62.46
8/28/2023 0:45,62.46
8/28/2023 1:00,62.46
8/28/2023 1:15,62.6
8/28/2023 1:30,62.6
8/28/2023 1:45,62.6
8/28/2023 2:00,62.68
8/28/2023 2:15,62.68
8/28/2023 2:30,62.68
8/28/2023 2:45,62.68
8/28/2023 3:00,62.68
8/28/2023 3:15,62.68
8/28/2023 3:30,62.68
8/28/2023 3:45,62.68
8/28/2023 4:00,62.59
8/28/2023 4:15,62.59
8/28/2023 4:30,62.59
8/28/2023 4:45,62.58
8/28/2023 5:00,62.58
8/28/2023 5:15,62.58
8/28/2023 5:30,62.58
8/28/2023 5:45,62.58
8/28/2023 6:00,62.58
8/28/2023 6:15,62.58
8/28/2023 6:30,62.58
8/28/2023 6:45,62.58
8/28/2023 7:00,62.58
8/28/2023 7:15,62.58
8/28/2023 7:30,62.58
8/28/2023 7:45,62.52
8/28/2023 8:00,62.45
8/28/2023 8:15,62.45
8/28/2023 8:30,62.42
8/28/2023 8:45,62.35
8/28/2023 9:00,62.35
8/28/2023 9:15,62.32
8/28/2023 9:30,62.32
8/28/2023 9:45,62.32
8/28/2023 10:00,62.32
8/28/2023 10:15,62.32
8/28/2023 10:30,62.32
8/28/2023 10:45,62.32
8/28/2023 11:00,62.32
8/28/2023 11:15,62.38
8/28/2023 11:30,62.38
8/28/2023 11:45,62.55
8/28/2023 12:00,62.55
8/28/2023 12:15,66.82
8/28/2023 12:30,66.82
8/28/2023 12:45,67.46
8/28/2023 13:00,67.46
8/28/2023 13:15,67.46
8/28/2023 13:30,67.29
8/28/2023 13:45,67.46
8/28/2023 14:00,67.29
8/28/2023 14:15,67.29
8/28/2023 14:30,66.74
8/28/2023 14:45,66.31
8/28/2023 15:00,66.01
8/28/2023 15:15,65.76
8/28/2023 15:30,64.99
8/28/2023 15:45,63.68
8/28/2023 16:00,63.47
8/28/2023 16:15,63.06
8/28/2023 16:30,62.64
8/28/2023 16:45,62.4
8/28/2023 17:00,62.29
8/28/2023 17:15,62.15
8/28/2023 17:30,62.15
8/28/2023 17:45,62.06
8/28/2023 18:00,62.06
8/28/2023 18:15,62.06
8/28/2023 18:30,62.06
8/28/2023 18:45,62.06
8/28/2023 19:00,62.15
8/28/2023 19:15,62.15
8/28/2023 19:30,62.2
8/28/2023 19:45,62.2
8/28/2023 20:00,62.28
8/28/2023 20:15,62.28
8/28/2023 20:30,62.37
8/28/2023 20:45,62.4
8/28/2023 21:00,62.47
8/28/2023 21:15,62.52
8/28/2023 21:30,62.52
8/28/2023 21:45,62.52
8/28/2023 22:00,62.59
8/28/2023 22:15,62.6
8/28/2023 22:30,62.66
8/28/2023 22:45,62.7
8/28/2023 23:00,62.76
8/28/2023 23:15,62.83
8/28/2023 23:30,62.87
8/28/2023 23:45,62.87
8/29/2023 0:00,62.87
8/29/2023 0:15,62.92
8/29/2023 0:30,62.92
8/29/2023 0:45,62.92
8/29/2023 1:00,62.98
8/29/2023 1:15,63.08
8/29/2023 1:30,63.08
8/29/2023 1:45,63.1
8/29/2023 2:00,63.1
8/29/2023 2:15,63.11
8/29/2023 2:30,63.13
8/29/2023 2:45,63.13
8/29/2023 3:00,63.13
8/29/2023 3:15,63.13
8/29/2023 3:30,63.13
8/29/2023 3:45,63.13
8/29/2023 4:00,63.13
8/29/2023 4:15,63.14
8/29/2023 4:30,63.16
8/29/2023 4:45,63.16
8/29/2023 5:00,63.16
8/29/2023 5:15,63.16
8/29/2023 5:30,63.2
8/29/2023 5:45,63.2
8/29/2023 6:00,63.2
8/29/2023 6:15,63.2
8/29/2023 6:30,63.2
8/29/2023 6:45,63.2
8/29/2023 7:00,63.2
8/29/2023 7:15,63.2
8/29/2023 7:30,63.16
8/29/2023 7:45,63.12
8/29/2023 8:00,63.09
8/29/2023 8:15,63.07
8/29/2023 8:30,63.04
8/29/2023 8:45,62.97
8/29/2023 9:00,62.91
8/29/2023 9:15,62.81
8/29/2023 9:30,62.75
8/29/2023 9:45,62.75
8/29/2023 10:00,62.7
8/29/2023 10:15,62.65
8/29/2023 10:30,62.54
8/29/2023 10:45,62.39
8/29/2023 11:00,62.32
8/29/2023 11:15,62.32
8/29/2023 11:30,62.32
8/29/2023 11:45,62.31
8/29/2023 12:00,62.26
8/29/2023 12:15,62.2
8/29/2023 12:30,62.2
8/29/2023 12:45,62.2
8/29/2023 13:00,62.16
8/29/2023 13:15,62.16
8/29/2023 13:30,62.15
8/29/2023 13:45,62.15
8/29/2023 14:00,62.15
8/29/2023 14:15,62.11
8/29/2023 14:30,62.11
8/29/2023 14:45,62.11
8/29/2023 15:00,62.11
8/29/2023 15:15,62.11
8/29/2023 15:30,62.16
8/29/2023 15:45,62.16
8/29/2023 16:00,62.16
8/29/2023 16:15,62.16
8/29/2023 16:30,62.2
8/29/2023 16:45,62.22
8/29/2023 17:00,62.26
8/29/2023 17:15,62.32
8/29/2023 17:30,62.32
8/29/2023 17:45,62.33
8/29/2023 18:00,62.33
8/29/2023 18:15,62.33
8/29/2023 18:30,62.33
8/29/2023 18:45,62.33
8/29/2023 19:00,62.34
8/29/2023 19:15,62.34
8/29/2023 19:30,62.34
8/29/2023 19:45,62.34
8/29/2023 20:00,62.34
8/29/2023 20:15,62.4
8/29/2023 20:30,62.45
8/29/2023 20:45,62.46
8/29/2023 21:00,62.48
8/29/2023 21:15,62.67
8/29/2023 21:30,62.67
8/29/2023 21:45,62.85
8/29/2023 22:00,62.91
8/29/2023 22:15,62.96
8/29/2023 22:30,62.96
8/29/2023 22:45,63.07
8/29/2023 23:00,63.17
8/29/2023 23:15,63.17
8/29/2023 23:30,63.17
8/29/2023 23:45,63.17
8/30/2023 0:00,63.31
8/30/2023 0:15,63.31
8/30/2023 0:30,63.31
8/30/2023 0:45,63.31
8/30/2023 1:00,63.31
8/30/2023 1:15,63.31
8/30/2023 1:30,63.31
8/30/2023 1:45,63.42
8/30/2023 2:00,63.42
8/30/2023 2:15,63.42
8/30/2023 2:30,63.42
8/30/2023 2:45,63.42
8/30/2023 3:00,63.42
8/30/2023 3:15,63.4
8/30/2023 3:30,63.4
8/30/2023 3:45,63.4
8/30/2023 4:00,63.4
8/30/2023 4:15,63.4
8/30/2023 4:30,63.39
8/30/2023 4:45,63.39
8/30/2023 5:00,63.39
8/30/2023 5:15,63.39
8/30/2023 5:30,63.39
8/30/2023 5:45,63.39
8/30/2023 6:00,63.39
8/30/2023 6:15,63.39
8/30/2023 6:30,63.39
8/30/2023 6:45,63.23
8/30/2023 7:00,62.96
8/30/2023 7:15,62.72
8/30/2023 7:30,62.72
8/30/2023 7:45,62.72
8/30/2023 8:00,62.59
8/30/2023 8:15,62.59
8/30/2023 8:30,62.59
8/30/2023 8:45,62.59
8/30/2023 9:00,62.59
8/30/2023 9:15,62.59
8/30/2023 9:30,62.59
8/30/2023 9:45,62.59
8/30/2023 10:00,62.59
8/30/2023 10:15,62.59
8/30/2023 10:30,62.59
8/30/2023 10:45,62.59
8/30/2023 11:00,62.56
8/30/2023 11:15,62.56
8/30/2023 11:30,62.56
8/30/2023 11:45,62.56
8/30/2023 12:00,62.56
8/30/2023 12:15,62.56
8/30/2023 12:30,62.53
8/30/2023 12:45,62.53
8/30/2023 13:00,62.53
8/30/2023 13:15,62.57
8/30/2023 13:30,62.57
8/30/2023 13:45,62.57
8/30/2023 14:00,62.53
8/30/2023 14:15,62.53
8/30/2023 14:30,62.43
8/30/2023 14:45,62.42
8/30/2023 15:00,62.39
8/30/2023 15:15,62.39
8/30/2023 15:30,62.39
8/30/2023 15:45,62.39
8/30/2023 16:00,62.42
8/30/2023 16:15,62.42
8/30/2023 16:30,62.42
8/30/2023 16:45,62.5
8/30/2023 17:00,62.5
8/30/2023 17:15,62.5
8/30/2023 17:30,62.5
8/30/2023 17:45,62.5
8/30/2023 18:00,62.5
8/30/2023 18:15,62.45
8/30/2023 18:30,62.45
8/30/2023 18:45,62.47
8/30/2023 19:00,62.47
8/30/2023 19:15,62.47
8/30/2023 19:30,62.47
8/30/2023 19:45,62.53
8/30/2023 20:00,62.58
8/30/2023 20:15,62.58
8/30/2023 20:30,62.58
8/30/2023 20:45,62.67
8/30/2023 21:00,62.67
8/30/2023 21:15,62.67
8/30/2023 21:30,62.67
8/30/2023 21:45,62.67
8/30/2023 22:00,62.88
8/30/2023 22:15,62.88
8/30/2023 22:30,63.02
8/30/2023 22:45,63.02
8/30/2023 23:00,63.02
8/30/2023 23:15,63.02
8/30/2023 23:30,63.02
8/30/2023 23:45,63.02
8/31/2023 0:00,63.02
8/31/2023 0:15,63.02
8/31/2023 0:30,63.02
8/31/2023 0:45,63.03
8/31/2023 1:00,63.03
8/31/2023 1:15,63.03
8/31/2023 1:30,63.03
8/31/2023 1:45,63.06
8/31/2023 2:00,63.15
8/31/2023 2:15,63.29
8/31/2023 2:30,63.45
8/31/2023 2:45,63.55
8/31/2023 3:00,63.55
8/31/2023 3:15,63.55
8/31/2023 3:30,63.55
8/31/2023 3:45,63.55
8/31/2023 4:00,63.55
8/31/2023 4:15,63.55
8/31/2023 4:30,63.55
8/31/2023 4:45,63.55
8/31/2023 5:00,63.55
8/31/2023 5:15,63.55
8/31/2023 5:30,63.55
8/31/2023 5:45,63.55
8/31/2023 6:00,63.55
8/31/2023 6:15,63.55
8/31/2023 6:30,63.55
8/31/2023 6:45,63.55
8/31/2023 7:00,63.55
8/31/2023 7:15,63.55
8/31/2023 7:30,63.46
8/31/2023 7:45,63.36
8/31/2023 8:00,63.34
8/31/2023 8:15,63.34
8/31/2023 8:30,63.34
8/31/2023 8:45,63.23
8/31/2023 9:00,63.16
8/31/2023 9:15,63.06
8/31/2023 9:30,63.02
8/31/2023 9:45,62.89
8/31/2023 10:00,62.76
8/31/2023 10:15,62.76
8/31/2023 10:30,62.76
8/31/2023 10:45,62.74
8/31/2023 11:00,62.74
8/31/2023 11:15,62.74
8/31/2023 11:30,62.74
8/31/2023 11:45,62.74
8/31/2023 12:00,62.74
8/31/2023 12:15,62.74
8/31/2023 12:30,62.74
8/31/2023 12:45,62.74
8/31/2023 13:00,62.74
8/31/2023 13:15,62.75
8/31/2023 13:30,62.75
8/31/2023 13:45,62.75
8/31/2023 14:00,62.75
8/31/2023 14:15,62.75
8/31/2023 14:30,62.75
8/31/2023 14:45,62.75
8/31/2023 15:00,62.75
8/31/2023 15:15,62.77
8/31/2023 15:30,62.77
8/31/2023 15:45,62.78
8/31/2023 16:00,62.78
8/31/2023 16:15,62.78
8/31/2023 16:30,62.8
8/31/2023 16:45,62.8
8/31/2023 17:00,62.8
8/31/2023 17:15,62.8
8/31/2023 17:30,62.8
8/31/2023 17:45,62.8
8/31/2023 18:00,62.8
8/31/2023 18:15,62.8
8/31/2023 18:30,62.8
8/31/2023 18:45,62.8
8/31/2023 19:00,62.8
8/31/2023 19:15,62.8
8/31/2023 19:30,62.8
8/31/2023 19:45,62.83
8/31/2023 20:00,62.83
8/31/2023 20:15,62.83
8/31/2023 20:30,62.83
8/31/2023 20:45,62.91
8/31/2023 21:00,62.91
8/31/2023 21:15,62.91
8/31/2023 21:30,62.91
8/31/2023 21:45,62.97
8/31/2023 22:00,63.04
8/31/2023 22:15,63.11
8/31/2023 22:30,63.23
8/31/2023 22:45,63.23
8/31/2023 23:00,63.27
8/31/2023 23:15,63.27
8/31/2023 23:30,63.34
8/31/2023 23:45,63.34
9/1/2023 0:00,63.34
9/1/2023 0:15,63.34
9/1/2023 0:30,63.34
9/1/2023 0:45,63.34
9/1/2023 1:00,63.34
9/1/2023 1:15,63.34
9/1/2023 1:30,63.38
9/1/2023 1:45,63.41
9/1/2023 2:00,63.41
9/1/2023 2:15,63.41
9/1/2023 2:30,63.41
9/1/2023 2:45,63.39
9/1/2023 3:00,63.39
9/1/2023 3:15,63.38
9/1/2023 3:30,63.38
9/1/2023 3:45,63.38
9/1/2023 4:00,63.36
9/1/2023 4:15,63.29
9/1/2023 4:30,63.29
9/1/2023 4:45,63.29
9/1/2023 5:00,63.29
9/1/2023 5:15,63.29
9/1/2023 5:30,63.29
9/1/2023 5:45,63.29
9/1/2023 6:00,63.29
9/1/2023 6:15,63.25
9/1/2023 6:30,63.14
9/1/2023 6:45,63.1
9/1/2023 7:00,63.1
9/1/2023 7:15,63.1
9/1/2023 7:30,63.04
9/1/2023 7:45,63.02
9/1/2023 8:00,63.02
9/1/2023 8:15,63.02
9/1/2023 8:30,62.91
9/1/2023 8:45,62.84
9/1/2023 9:00,62.8
9/1/2023 9:15,62.8
9/1/2023 9:30,62.79
9/1/2023 9:45,62.78
9/1/2023 10:00,62.78
9/1/2023 10:15,62.78
9/1/2023 10:30,62.76
9/1/2023 10:45,62.76
9/1/2023 11:00,62.67
9/1/2023 11:15,62.67
9/1/2023 11:30,62.55
9/1/2023 11:45,62.55
9/1/2023 12:00,62.55
9/1/2023 12:15,62.52
9/1/2023 12:30,62.51
9/1/2023 12:45,62.51
9/1/2023 13:00,62.49
9/1/2023 13:15,62.45
9/1/2023 13:30,62.41
9/1/2023 13:45,62.41
9/1/2023 14:00,62.41
9/1/2023 14:15,62.41
9/1/2023 14:30,62.41
9/1/2023 14:45,62.44
9/1/2023 15:00,62.44
9/1/2023 15:15,62.44
9/1/2023 15:30,62.44
9/1/2023 15:45,62.44
9/1/2023 16:00,62.44
9/1/2023 16:15,62.38
9/1/2023 16:30,62.38
9/1/2023 16:45,62.44
9/1/2023 17:00,62.44
9/1/2023 17:15,62.44
9/1/2023 17:30,62.44
9/1/2023 17:45,62.44
9/1/2023 18:00,62.5
9/1/2023 18:15,62.53
9/1/2023 18:30,62.53
9/1/2023 18:45,62.54
9/1/2023 19:00,62.57
9/1/2023 19:15,62.62
9/1/2023 19:30,62.66
9/1/2023 19:45,62.66
9/1/2023 20:00,62.66
9/1/2023 20:15,62.66
9/1/2023 20:30,62.66
9/1/2023 20:45,62.67
9/1/2023 21:00,62.82
9/1/2023 21:15,62.82
9/1/2023 21:30,62.86
9/1/2023 21:45,62.95
9/1/2023 22:00,62.95
9/1/2023 22:15,62.95
9/1/2023 22:30,63.07
9/1/2023 22:45,63.07
9/1/2023 23:00,63.13
9/1/2023 23:15,63.13
9/1/2023 23:30,63.13
9/1/2023 23:45,63.09
9/2/2023 0:00,63.13
9/2/2023 0:15,63.13
9/2/2023 0:30,63.14
9/2/2023 0:45,63.2
9/2/2023 1:00,63.32
9/2/2023 1:15,63.32
9/2/2023 1:30,63.32
9/2/2023 1:45,63.48
9/2/2023 2:00,63.48
9/2/2023 2:15,63.48
9/2/2023 2:30,63.61
9/2/2023 2:45,63.61
9/2/2023 3:00,63.61
9/2/2023 3:15,63.61
9/2/2023 3:30,63.61
9/2/2023 3:45,63.61
9/2/2023 4:00,63.64
9/2/2023 4:15,63.64
9/2/2023 4:30,63.64
9/2/2023 4:45,63.64
9/2/2023 5:00,63.66
9/2/2023 5:15,63.66
9/2/2023 5:30,63.66
9/2/2023 5:45,63.66
9/2/2023 6:00,63.66
9/2/2023 6:15,63.64
9/2/2023 6:30,63.64
9/2/2023 6:45,63.64
9/2/2023 7:00,63.64
9/2/2023 7:15,63.61
9/2/2023 7:30,63.61
9/2/2023 7:45,63.56
9/2/2023 8:00,63.47
9/2/2023 8:15,63.42
9/2/2023 8:30,63.37
9/2/2023 8:45,63.37
9/2/2023 9:00,63.26
9/2/2023 9:15,63.18
9/2/2023 9:30,63.01
9/2/2023 9:45,62.85
9/2/2023 10:00,62.76
9/2/2023 10:15,62.76
9/2/2023 10:30,62.69
9/2/2023 10:45,62.69
9/2/2023 11:00,62.69
9/2/2023 11:15,62.63
9/2/2023 11:30,62.63
9/2/2023 11:45,62.6
9/2/2023 12:00,62.5
9/2/2023 12:15,62.41
9/2/2023 12:30,62.41
9/2/2023 12:45,62.35
9/2/2023 13:00,62.35
9/2/2023 13:15,62.35
9/2/2023 13:30,62.35
9/2/2023 13:45,62.35
9/2/2023 14:00,62.35
9/2/2023 14:15,62.42
9/2/2023 14:30,62.5
9/2/2023 14:45,62.53
9/2/2023 15:00,62.53
9/2/2023 15:15,62.53
9/2/2023 15:30,62.53
9/2/2023 15:45,62.53
9/2/2023 16:00,62.53
9/2/2023 16:15,62.53
9/2/2023 16:30,62.53
9/2/2023 16:45,62.59
9/2/2023 17:00,62.72
9/2/2023 17:15,62.8
9/2/2023 17:30,62.83
9/2/2023 17:45,62.85
9/2/2023 18:00,62.85
9/2/2023 18:15,62.85
9/2/2023 18:30,62.88
9/2/2023 18:45,62.93
9/2/2023 19:00,62.93
9/2/2023 19:15,62.93
9/2/2023 19:30,62.93
9/2/2023 19:45,62.94
9/2/2023 20:00,62.95
9/2/2023 20:15,62.97
9/2/2023 20:30,62.99
9/2/2023 20:45,62.99
9/2/2023 21:00,62.99
9/2/2023 21:15,62.99
9/2/2023 21:30,62.99
9/2/2023 21:45,62.99
9/2/2023 22:00,62.99
9/2/2023 22:15,62.99
9/2/2023 22:30,62.99
9/2/2023 22:45,62.99
9/2/2023 23:00,63
9/2/2023 23:15,63.1
9/2/2023 23:30,63.1
9/2/2023 23:45,63.1
9/3/2023 0:00,63.18
9/3/2023 0:15,63.18
9/3/2023 0:30,63.18
9/3/2023 0:45,63.18
9/3/2023 1:00,63.18
9/3/2023 1:15,63.18
9/3/2023 1:30,63.18
9/3/2023 1:45,63.18
9/3/2023 2:00,63.21
9/3/2023 2:15,63.21
9/3/2023 2:30,63.21
9/3/2023 2:45,63.22
9/3/2023 3:00,63.23
9/3/2023 3:15,63.23
9/3/2023 3:30,63.23
9/3/2023 3:45,63.23
9/3/2023 4:00,63.23
9/3/2023 4:15,63.23
9/3/2023 4:30,63.23
9/3/2023 4:45,63.23
9/3/2023 5:00,63.23
9/3/2023 5:15,63.23
9/3/2023 5:30,63.23
9/3/2023 5:45,63.23
9/3/2023 6:00,63.23
9/3/2023 6:15,63.23
9/3/2023 6:30,63.23
9/3/2023 6:45,63.22
9/3/2023 7:00,63.19
9/3/2023 7:15,63.19
9/3/2023 7:30,63.17
9/3/2023 7:45,63.17
9/3/2023 8:00,63.12
9/3/2023 8:15,62.99
9/3/2023 8:30,62.93
9/3/2023 8:45,62.93
9/3/2023 9:00,62.91
9/3/2023 9:15,62.91
9/3/2023 9:30,62.91
9/3/2023 9:45,62.88
9/3/2023 10:00,62.83
9/3/2023 10:15,62.83
9/3/2023 10:30,62.78
9/3/2023 10:45,62.78
9/3/2023 11:00,62.78
9/3/2023 11:15,62.77
9/3/2023 11:30,62.77
9/3/2023 11:45,62.77
9/3/2023 12:00,62.71
9/3/2023 12:15,62.71
9/3/2023 12:30,62.71
9/3/2023 12:45,62.71
9/3/2023 13:00,62.71
9/3/2023 13:15,62.71
9/3/2023 13:30,62.64
9/3/2023 13:45,62.61
9/3/2023 14:00,62.61
9/3/2023 14:15,62.61
9/3/2023 14:30,62.57
9/3/2023 14:45,62.57
9/3/2023 15:00,62.57
9/3/2023 15:15,62.54
9/3/2023 15:30,62.54
9/3/2023 15:45,62.5
9/3/2023 16:00,62.5
9/3/2023 16:15,62.5
9/3/2023 16:30,62.46
9/3/2023 16:45,62.43
9/3/2023 17:00,62.42
9/3/2023 17:15,62.42
9/3/2023 17:30,62.32
9/3/2023 17:45,62.22
9/3/2023 18:00,62.2
9/3/2023 18:15,62.2
9/3/2023 18:30,62.2
9/3/2023 18:45,62.2
9/3/2023 19:00,62.2
9/3/2023 19:15,62.2
9/3/2023 19:30,62.2
9/3/2023 19:45,62.22
9/3/2023 20:00,62.22
9/3/2023 20:15,62.22
9/3/2023 20:30,62.22
9/3/2023 20:45,62.2
9/3/2023 21:00,62.2
9/3/2023 21:15,62.2
9/3/2023 21:30,62.2
9/3/2023 21:45,62.2
9/3/2023 22:00,62.33
9/3/2023 22:15,62.45
9/3/2023 22:30,62.49
9/3/2023 22:45,62.53
9/3/2023 23:00,62.53
9/3/2023 23:15,62.53
9/3/2023 23:30,62.6
9/3/2023 23:45,62.6
9/4/2023 0:00,62.67
9/4/2023 0:15,62.71
9/4/2023 0:30,62.74
9/4/2023 0:45,62.74
9/4/2023 1:00,62.76
9/4/2023 1:15,62.77
9/4/2023 1:30,62.81
9/4/2023 1:45,62.81
9/4/2023 2:00,62.81
9/4/2023 2:15,62.87
9/4/2023 2:30,62.87
9/4/2023 2:45,62.89
9/4/2023 3:00,62.99
9/4/2023 3:15,63.1
9/4/2023 3:30,63.1
9/4/2023 3:45,63.12
9/4/2023 4:00,63.12
9/4/2023 4:15,63.15
9/4/2023 4:30,63.15
9/4/2023 4:45,63.15
9/4/2023 5:00,63.15
9/4/2023 5:15,63.12
9/4/2023 5:30,63.12
9/4/2023 5:45,63.1
9/4/2023 6:00,63.1
9/4/2023 6:15,62.97
9/4/2023 6:30,62.97
9/4/2023 6:45,62.97
9/4/2023 7:00,62.97
9/4/2023 7:15,62.91
9/4/2023 7:30,62.91
9/4/2023 7:45,62.91
9/4/2023 8:00,62.88
9/4/2023 8:15,62.88
9/4/2023 8:30,62.88
9/4/2023 8:45,62.88
9/4/2023 9:00,62.81
9/4/2023 9:15,62.75
9/4/2023 9:30,62.65
9/4/2023 9:45,62.56
9/4/2023 10:00,62.56
9/4/2023 10:15,62.56
9/4/2023 10:30,62.56
9/4/2023 10:45,62.51
9/4/2023 11:00,62.51
9/4/2023 11:15,62.47
9/4/2023 11:30,62.47
9/4/2023 11:45,62.45
9/4/2023 12:00,62.43
9/4/2023 12:15,62.43
9/4/2023 12:30,62.43
9/4/2023 12:45,62.43
9/4/2023 13:00,62.43
9/4/2023 13:15,62.43
9/4/2023 13:30,62.43
9/4/2023 13:45,62.39
9/4/2023 14:00,62.39
9/4/2023 14:15,62.39
9/4/2023 14:30,62.37
9/4/2023 14:45,62.37
9/4/2023 15:00,62.37
9/4/2023 15:15,62.37
9/4/2023 15:30,62.37
9/4/2023 15:45,62.37
9/4/2023 16:00,62.37
9/4/2023 16:15,62.37
9/4/2023 16:30,62.37
9/4/2023 16:45,62.37
9/4/2023 17:00,62.37
9/4/2023 17:15,62.37
9/4/2023 17:30,62.37
9/4/2023 17:45,62.37
9/4/2023 18:00,62.37
9/4/2023 18:15,62.37
9/4/2023 18:30,62.37
9/4/2023 18:45,62.46
9/4/2023 19:00,62.59
9/4/2023 19:15,62.59
9/4/2023 19:30,62.59
9/4/2023 19:45,62.62
9/4/2023 20:00,62.62
9/4/2023 20:15,62.69
9/4/2023 20:30,62.73
9/4/2023 20:45,62.79
9/4/2023 21:00,62.79
9/4/2023 21:15,62.79
9/4/2023 21:30,62.8
9/4/2023 21:45,62.8
9/4/2023 22:00,62.85
9/4/2023 22:15,62.85
9/4/2023 22:30,62.85
9/4/2023 22:45,62.93
9/4/2023 23:00,62.93
9/4/2023 23:15,62.93
9/4/2023 23:30,63.01
9/4/2023 23:45,63.01
9/5/2023 0:00,63.01
9/5/2023 0:15,63.01
9/5/2023 0:30,63.1
9/5/2023 0:45,63.12
9/5/2023 1:00,63.12
9/5/2023 1:15,63.12
9/5/2023 1:30,63.12
9/5/2023 1:45,63.14
9/5/2023 2:00,63.14
9/5/2023 2:15,63.16
9/5/2023 2:30,63.17
9/5/2023 2:45,63.2
9/5/2023 3:00,63.3
9/5/2023 3:15,63.47
9/5/2023 3:30,63.55
9/5/2023 3:45,63.55
9/5/2023 4:00,63.55
9/5/2023 4:15,63.55
9/5/2023 4:30,63.58
9/5/2023 4:45,63.58
9/5/2023 5:00,63.58
9/5/2023 5:15,63.58
9/5/2023 5:30,63.58
9/5/2023 5:45,63.55
9/5/2023 6:00,63.55
9/5/2023 6:15,63.55
9/5/2023 6:30,63.55
9/5/2023 6:45,63.55
9/5/2023 7:00,63.55
9/5/2023 7:15,63.54
9/5/2023 7:30,63.54
9/5/2023 7:45,63.53
9/5/2023 8:00,63.51
9/5/2023 8:15,63.47
9/5/2023 8:30,63.43
9/5/2023 8:45,63.43
9/5/2023 9:00,63.34
9/5/2023 9:15,63.17
9/5/2023 9:30,63.07
9/5/2023 9:45,63.02
9/5/2023 10:00,63.02
9/5/2023 10:15,62.96
9/5/2023 10:30,62.93
9/5/2023 10:45,62.79
9/5/2023 11:00,62.79
9/5/2023 11:15,62.64
9/5/2023 11:30,62.57
9/5/2023 11:45,62.49
9/5/2023 12:00,62.49
9/5/2023 12:15,62.44
9/5/2023 12:30,62.39
9/5/2023 12:45,62.39
9/5/2023 13:00,62.32
9/5/2023 13:15,62.29
9/5/2023 13:30,62.24
9/5/2023 13:45,62.24
9/5/2023 14:00,62.24
9/5/2023 14:15,62.19
9/5/2023 14:30,62.06
9/5/2023 14:45,62.06
9/5/2023 15:00,62.06
9/5/2023 15:15,62.06
9/5/2023 15:30,62.09
9/5/2023 15:45,62.19
9/5/2023 16:00,62.19
9/5/2023 16:15,62.19
9/5/2023 16:30,62.09
9/5/2023 16:45,62.09
9/5/2023 17:00,62.09
9/5/2023 17:15,62.09
9/5/2023 17:30,62.09
9/5/2023 17:45,62.17
9/5/2023 18:00,62.17
9/5/2023 18:15,62.39
9/5/2023 18:30,62.53
9/5/2023 18:45,62.53
9/5/2023 19:00,62.61
9/5/2023 19:15,62.64
9/5/2023 19:30,62.64
9/5/2023 19:45,62.65
9/5/2023 20:00,62.68
9/5/2023 20:15,62.79
9/5/2023 20:30,62.89
9/5/2023 20:45,62.89
9/5/2023 21:00,62.98
9/5/2023 21:15,63.06
9/5/2023 21:30,63.07
9/5/2023 21:45,63.08
9/5/2023 22:00,63.1
9/5/2023 22:15,63.1
9/5/2023 22:30,63.13
9/5/2023 22:45,63.14
9/5/2023 23:00,63.16
9/5/2023 23:15,63.18
9/5/2023 23:30,63.25
9/5/2023 23:45,63.25
9/6/2023 0:00,63.3
9/6/2023 0:15,63.3
9/6/2023 0:30,63.3
9/6/2023 0:45,63.3
9/6/2023 1:00,63.42
9/6/2023 1:15,63.45
9/6/2023 1:30,63.45
9/6/2023 1:45,63.45
9/6/2023 2:00,63.45
9/6/2023 2:15,63.46
9/6/2023 2:30,63.46
9/6/2023 2:45,63.46
9/6/2023 3:00,63.48
9/6/2023 3:15,63.48
9/6/2023 3:30,63.5
9/6/2023 3:45,63.5
9/6/2023 4:00,63.65
9/6/2023 4:15,63.7
9/6/2023 4:30,63.7
9/6/2023 4:45,63.7
9/6/2023 5:00,63.7
9/6/2023 5:15,63.7
9/6/2023 5:30,63.7
9/6/2023 5:45,63.79
9/6/2023 6:00,63.79
9/6/2023 6:15,63.79
9/6/2023 6:30,63.79
9/6/2023 6:45,63.77
9/6/2023 7:00,63.69
9/6/2023 7:15,63.69
9/6/2023 7:30,63.69
9/6/2023 7:45,63.69
9/6/2023 8:00,63.69
9/6/2023 8:15,63.63
9/6/2023 8:30,63.62
9/6/2023 8:45,63.62
9/6/2023 9:00,63.47
9/6/2023 9:15,63.32
9/6/2023 9:30,63.29
9/6/2023 9:45,63.29
9/6/2023 10:00,63.19
9/6/2023 10:15,63.06
9/6/2023 10:30,63.03
9/6/2023 10:45,63.03
9/6/2023 11:00,63.03
9/6/2023 11:15,62.99
9/6/2023 11:30,62.99
9/6/2023 11:45,62.99
9/6/2023 12:00,62.94
9/6/2023 12:15,62.94
9/6/2023 12:30,62.94
9/6/2023 12:45,62.87
9/6/2023 13:00,62.82
9/6/2023 13:15,62.82
9/6/2023 13:30,62.8
9/6/2023 13:45,62.8
9/6/2023 14:00,62.8
9/6/2023 14:15,62.75
9/6/2023 14:30,62.75
9/6/2023 14:45,62.72
9/6/2023 15:00,62.62
9/6/2023 15:15,62.6
9/6/2023 15:30,62.58
9/6/2023 15:45,62.58
9/6/2023 16:00,62.58
9/6/2023 16:15,62.58
9/6/2023 16:30,62.58
9/6/2023 16:45,62.6
9/6/2023 17:00,62.65
9/6/2023 17:15,62.65
9/6/2023 17:30,62.71
9/6/2023 17:45,62.73
9/6/2023 18:00,62.73
9/6/2023 18:15,62.73
9/6/2023 18:30,62.73
9/6/2023 18:45,62.73
9/6/2023 19:00,62.73
9/6/2023 19:15,62.79
9/6/2023 19:30,62.87
9/6/2023 19:45,62.96
9/6/2023 20:00,63.02
9/6/2023 20:15,63.03
9/6/2023 20:30,63.08
9/6/2023 20:45,63.08
9/6/2023 21:00,63.1
9/6/2023 21:15,63.19
9/6/2023 21:30,63.19
9/6/2023 21:45,63.23
9/6/2023 22:00,63.23
9/6/2023 22:15,63.23
9/6/2023 22:30,63.25
9/6/2023 22:45,63.25
9/6/2023 23:00,63.25
9/6/2023 23:15,63.33
9/6/2023 23:30,63.33
9/6/2023 23:45,63.33
9/7/2023 0:00,63.32
9/7/2023 0:15,63.34
9/7/2023 0:30,63.34
9/7/2023 0:45,63.34
9/7/2023 1:00,63.34
9/7/2023 1:15,63.34
9/7/2023 1:30,63.34
9/7/2023 1:45,63.39
9/7/2023 2:00,63.39
9/7/2023 2:15,63.42
9/7/2023 2:30,63.43
9/7/2023 2:45,63.43
9/7/2023 3:00,63.43
9/7/2023 3:15,63.43
9/7/2023 3:30,63.43
9/7/2023 3:45,63.43
9/7/2023 4:00,63.43
9/7/2023 4:15,63.43
9/7/2023 4:30,63.44
9/7/2023 4:45,63.53
9/7/2023 5:00,63.53
9/7/2023 5:15,63.61
9/7/2023 5:30,63.61
9/7/2023 5:45,63.64
9/7/2023 6:00,63.64
9/7/2023 6:15,63.64
9/7/2023 6:30,63.64
9/7/2023 6:45,63.59
9/7/2023 7:00,63.56
9/7/2023 7:15,63.56
9/7/2023 7:30,63.56
9/7/2023 7:45,63.55
9/7/2023 8:00,63.55
9/7/2023 8:15,63.55
9/7/2023 8:30,63.55
9/7/2023 8:45,63.5
9/7/2023 9:00,63.5
9/7/2023 9:15,63.46
9/7/2023 9:30,63.32
9/7/2023 9:45,63.25
9/7/2023 10:00,63.25
9/7/2023 10:15,63.23
9/7/2023 10:30,63.21
9/7/2023 10:45,63.07
9/7/2023 11:00,62.96
9/7/2023 11:15,62.93
9/7/2023 11:30,62.88
9/7/2023 11:45,62.85
9/7/2023 12:00,62.79
9/7/2023 12:15,62.79
9/7/2023 12:30,62.74
9/7/2023 12:45,62.71
9/7/2023 13:00,62.66
9/7/2023 13:15,62.63
9/7/2023 13:30,62.61
9/7/2023 13:45,62.56
9/7/2023 14:00,62.56
9/7/2023 14:15,62.53
9/7/2023 14:30,62.53
9/7/2023 14:45,62.5
9/7/2023 15:00,62.48
9/7/2023 15:15,62.48
9/7/2023 15:30,62.48
9/7/2023 15:45,62.48
9/7/2023 16:00,62.48
9/7/2023 16:15,62.48
9/7/2023 16:30,62.48
9/7/2023 16:45,62.48
9/7/2023 17:00,62.48
9/7/2023 17:15,62.52
9/7/2023 17:30,62.52
9/7/2023 17:45,62.52
9/7/2023 18:00,62.56
9/7/2023 18:15,62.6
9/7/2023 18:30,62.72
9/7/2023 18:45,62.96
9/7/2023 19:00,62.96
9/7/2023 19:15,63.11
9/7/2023 19:30,63.11
9/7/2023 19:45,63.11
9/7/2023 20:00,63.15
9/7/2023 20:15,63.18
9/7/2023 20:30,63.19
9/7/2023 20:45,63.19
9/7/2023 21:00,63.24
9/7/2023 21:15,63.24
9/7/2023 21:30,63.29
9/7/2023 21:45,63.33
9/7/2023 22:00,63.44
9/7/2023 22:15,63.56
9/7/2023 22:30,63.56
9/7/2023 22:45,63.61
9/7/2023 23:00,63.61
9/7/2023 23:15,63.61
9/7/2023 23:30,63.61
9/7/2023 23:45,63.61
9/8/2023 0:00,63.61
9/8/2023 0:15,63.61
9/8/2023 0:30,63.61
9/8/2023 0:45,63.61
9/8/2023 1:00,63.61
9/8/2023 1:15,63.61
9/8/2023 1:30,63.61
9/8/2023 1:45,63.61
9/8/2023 2:00,63.61
9/8/2023 2:15,63.61
9/8/2023 2:30,63.61
9/8/2023 2:45,63.61
9/8/2023 3:00,63.61
9/8/2023 3:15,63.64
9/8/2023 3:30,63.64
9/8/2023 3:45,63.64
9/8/2023 4:00,63.64
9/8/2023 4:15,63.64
9/8/2023 4:30,63.64
9/8/2023 4:45,63.66
9/8/2023 5:00,63.66
9/8/2023 5:15,63.66
9/8/2023 5:30,63.66
9/8/2023 5:45,63.66
9/8/2023 6:00,63.64
9/8/2023 6:15,63.64
9/8/2023 6:30,63.64
9/8/2023 6:45,63.61
9/8/2023 7:00,63.59
9/8/2023 7:15,63.56
9/8/2023 7:30,63.56
9/8/2023 7:45,63.53
9/8/2023 8:00,63.53
9/8/2023 8:15,63.5
9/8/2023 8:30,63.5
9/8/2023 8:45,63.5
9/8/2023 9:00,63.37
9/8/2023 9:15,63.37
9/8/2023 9:30,63.37
9/8/2023 9:45,63.2
9/8/2023 10:00,63.07
9/8/2023 10:15,62.92
9/8/2023 10:30,62.87
9/8/2023 10:45,62.76
9/8/2023 11:00,62.75
9/8/2023 11:15,62.62
9/8/2023 11:30,62.62
9/8/2023 11:45,62.62
9/8/2023 12:00,62.57
9/8/2023 12:15,62.57
9/8/2023 12:30,62.57
9/8/2023 12:45,62.57
9/8/2023 13:00,62.57
9/8/2023 13:15,62.57
9/8/2023 13:30,62.57
9/8/2023 13:45,62.62
9/8/2023 14:00,62.62
9/8/2023 14:15,62.61
9/8/2023 14:30,62.61
9/8/2023 14:45,62.57
9/8/2023 15:00,62.57
9/8/2023 15:15,62.56
9/8/2023 15:30,62.53
9/8/2023 15:45,62.53
9/8/2023 16:00,62.53
9/8/2023 16:15,62.49
9/8/2023 16:30,62.49
9/8/2023 16:45,62.49
9/8/2023 17:00,62.49
9/8/2023 17:15,62.41
9/8/2023 17:30,62.41
9/8/2023 17:45,62.38
9/8/2023 18:00,62.38
9/8/2023 18:15,62.38
9/8/2023 18:30,62.38
9/8/2023 18:45,62.38
9/8/2023 19:00,62.49
9/8/2023 19:15,62.49
9/8/2023 19:30,62.49
9/8/2023 19:45,62.69
9/8/2023 20:00,62.69
9/8/2023 20:15,62.91
9/8/2023 20:30,62.97
9/8/2023 20:45,63.03
9/8/2023 21:00,63.14
9/8/2023 21:15,63.23
9/8/2023 21:30,63.3
9/8/2023 21:45,63.41
9/8/2023 22:00,63.51
9/8/2023 22:15,63.54
9/8/2023 22:30,63.59
9/8/2023 22:45,63.59
9/8/2023 23:00,63.59
9/8/2023 23:15,63.59
9/8/2023 23:30,63.63
9/8/2023 23:45,63.63
9/9/2023 0:00,63.63
9/9/2023 0:15,63.63
9/9/2023 0:30,63.67
9/9/2023 0:45,63.73
9/9/2023 1:00,63.73
9/9/2023 1:15,63.73
9/9/2023 1:30,63.73
9/9/2023 1:45,63.8
9/9/2023 2:00,63.8
9/9/2023 2:15,63.8
9/9/2023 2:30,63.81
9/9/2023 2:45,63.81
9/9/2023 3:00,63.9
9/9/2023 3:15,63.9
9/9/2023 3:30,63.9
9/9/2023 3:45,63.9
9/9/2023 4:00,63.9
9/9/2023 4:15,63.9
9/9/2023 4:30,63.77
9/9/2023 4:45,63.77
9/9/2023 5:00,63.61
9/9/2023 5:15,63.61
9/9/2023 5:30,63.58
9/9/2023 5:45,63.58
9/9/2023 6:00,63.5
9/9/2023 6:15,63.47
9/9/2023 6:30,63.47
9/9/2023 6:45,63.39
9/9/2023 7:00,63.39
9/9/2023 7:15,63.39
9/9/2023 7:30,63.39
9/9/2023 7:45,63.39
9/9/2023 8:00,63.39
9/9/2023 8:15,63.34
9/9/2023 8:30,63.29
9/9/2023 8:45,63.29
9/9/2023 9:00,63.18
9/9/2023 9:15,63.07
9/9/2023 9:30,62.94
9/9/2023 9:45,62.9
9/9/2023 10:00,62.8
9/9/2023 10:15,62.8
9/9/2023 10:30,62.8
9/9/2023 10:45,62.78
9/9/2023 11:00,62.76
9/9/2023 11:15,62.67
9/9/2023 11:30,62.56
9/9/2023 11:45,62.53
9/9/2023 12:00,62.5
9/9/2023 12:15,62.46
9/9/2023 12:30,62.46
9/9/2023 12:45,62.46
9/9/2023 13:00,62.43
9/9/2023 13:15,62.42
9/9/2023 13:30,62.39
9/9/2023 13:45,62.38
9/9/2023 14:00,62.32
9/9/2023 14:15,62.32
9/9/2023 14:30,62.32
9/9/2023 14:45,62.32
9/9/2023 15:00,62.32
9/9/2023 15:15,62.31
9/9/2023 15:30,62.31
9/9/2023 15:45,62.31
9/9/2023 16:00,62.31
9/9/2023 16:15,62.31
9/9/2023 16:30,62.3
9/9/2023 16:45,62.3
9/9/2023 17:00,62.3
9/9/2023 17:15,62.3
9/9/2023 17:30,62.3
9/9/2023 17:45,62.3
9/9/2023 18:00,62.33
9/9/2023 18:15,62.44
9/9/2023 18:30,62.44
9/9/2023 18:45,62.44
9/9/2023 19:00,62.44
9/9/2023 19:15,62.44
9/9/2023 19:30,62.53
9/9/2023 19:45,62.53
9/9/2023 20:00,62.53
9/9/2023 20:15,62.58
9/9/2023 20:30,62.64
9/9/2023 20:45,62.64
9/9/2023 21:00,62.64
9/9/2023 21:15,62.64
9/9/2023 21:30,62.64
9/9/2023 21:45,62.7
9/9/2023 22:00,62.75
9/9/2023 22:15,62.75
9/9/2023 22:30,62.75
9/9/2023 22:45,62.75
9/9/2023 23:00,62.75
9/9/2023 23:15,62.75
9/9/2023 23:30,62.83
9/9/2023 23:45,62.91
9/10/2023 0:00,62.99
9/10/2023 0:15,63.07
9/10/2023 0:30,63.07
9/10/2023 0:45,63.08
9/10/2023 1:00,63.19
9/10/2023 1:15,63.08
9/10/2023 1:30,63.08
9/10/2023 1:45,63.08
9/10/2023 2:00,63.14
9/10/2023 2:15,63.18
9/10/2023 2:30,63.23
9/10/2023 2:45,63.23
9/10/2023 3:00,63.23
9/10/2023 3:15,63.23
9/10/2023 3:30,63.18
9/10/2023 3:45,63.18
9/10/2023 4:00,63.23
9/10/2023 4:15,63.23
9/10/2023 4:30,63.18
9/10/2023 4:45,63.14
9/10/2023 5:00,63.1
9/10/2023 5:15,63.1
9/10/2023 5:30,63.1
9/10/2023 5:45,63.1
9/10/2023 6:00,63.04
9/10/2023 6:15,63.04
9/10/2023 6:30,63.04
9/10/2023 6:45,62.99
9/10/2023 7:00,62.99
9/10/2023 7:15,62.9
9/10/2023 7:30,62.9
9/10/2023 7:45,62.89
9/10/2023 8:00,62.89
9/10/2023 8:15,62.89
9/10/2023 8:30,62.89
9/10/2023 8:45,62.79
9/10/2023 9:00,62.78
9/10/2023 9:15,62.78
9/10/2023 9:30,62.7
9/10/2023 9:45,62.61
9/10/2023 10:00,62.61
9/10/2023 10:15,62.7
9/10/2023 10:30,62.61
9/10/2023 10:45,62.55
9/10/2023 11:00,62.5
9/10/2023 11:15,62.61
9/10/2023 11:30,62.69
9/10/2023 11:45,62.69
9/10/2023 12:00,62.61
9/10/2023 12:15,62.61
9/10/2023 12:30,62.53
9/10/2023 12:45,62.45
9/10/2023 13:00,62.45
9/10/2023 13:15,62.45
9/10/2023 13:30,62.53
9/10/2023 13:45,62.53
9/10/2023 14:00,62.67
9/10/2023 14:15,62.53
9/10/2023 14:30,62.67
9/10/2023 14:45,62.72
9/10/2023 15:00,62.75
9/10/2023 15:15,62.72
9/10/2023 15:30,62.75
9/10/2023 15:45,62.75
9/10/2023 16:00,62.75
9/10/2023 16:15,62.88
9/10/2023 16:30,62.85
9/10/2023 16:45,62.58
9/10/2023 17:00,62.58
9/10/2023 17:15,62.58
9/10/2023 17:30,62.69
9/10/2023 17:45,62.71
9/10/2023 18:00,62.71
9/10/2023 18:15,62.87
9/10/2023 18:30,62.87
9/10/2023 18:45,62.87
9/10/2023 19:00,62.71
9/10/2023 19:15,62.87
9/10/2023 19:30,62.71
9/10/2023 19:45,62.71
9/10/2023 20:00,62.71
9/10/2023 20:15,62.71
9/10/2023 20:30,62.69
9/10/2023 20:45,62.69
9/10/2023 21:00,62.69
9/10/2023 21:15,62.69
9/10/2023 21:30,62.69
9/10/2023 21:45,62.69
9/10/2023 22:00,62.71
9/10/2023 22:15,62.69
9/10/2023 22:30,62.71
9/10/2023 22:45,62.69
9/10/2023 23:00,62.69
9/10/2023 23:15,62.68
9/10/2023 23:30,62.57
9/10/2023 23:45,62.47
9/11/2023 0:00,62.57
9/11/2023 0:15,62.57
9/11/2023 0:30,62.68
9/11/2023 0:45,62.57
9/11/2023 1:00,62.57
9/11/2023 1:15,62.68
9/11/2023 1:30,62.69
9/11/2023 1:45,62.85
9/11/2023 2:00,62.85
9/11/2023 2:15,62.83
9/11/2023 2:30,62.99
9/11/2023 2:45,62.99
9/11/2023 3:00,62.99
9/11/2023 3:15,62.99
9/11/2023 3:30,62.99
9/11/2023 3:45,62.99
9/11/2023 4:00,62.99
9/11/2023 4:15,63.12
9/11/2023 4:30,63.23
9/11/2023 4:45,63.23
9/11/2023 5:00,63.23
9/11/2023 5:15,63.12
9/11/2023 5:30,63.23
9/11/2023 5:45,63.25
9/11/2023 6:00,63.26
9/11/2023 6:15,63.23
9/11/2023 6:30,63.12
9/11/2023 6:45,63.02
9/11/2023 7:00,63.03
9/11/2023 7:15,63.03
9/11/2023 7:30,63.03
9/11/2023 7:45,63.05
9/11/2023 8:00,63.03
9/11/2023 8:15,63.03
9/11/2023 8:30,63.03
9/11/2023 8:45,63.03
9/11/2023 9:00,63.03
9/11/2023 9:15,63.02
9/11/2023 9:30,63
9/11/2023 9:45,62.96
9/11/2023 10:00,62.95
9/11/2023 10:15,62.88
9/11/2023 10:30,62.77
9/11/2023 10:45,62.77
9/11/2023 11:00,62.7
9/11/2023 11:15,62.77
9/11/2023 11:30,62.68
9/11/2023 11:45,62.61
9/11/2023 12:00,62.61
9/11/2023 12:15,62.65
9/11/2023 12:30,62.65
9/11/2023 12:45,62.61
9/11/2023 13:00,62.61
9/11/2023 13:15,62.61
9/11/2023 13:30,62.57
9/11/2023 13:45,62.61
9/11/2023 14:00,62.61
9/11/2023 14:15,62.61
9/11/2023 14:30,62.61
9/11/2023 14:45,62.61
9/11/2023 15:00,62.57
9/11/2023 15:15,62.54
9/11/2023 15:30,62.54
9/11/2023 15:45,62.54
9/11/2023 16:00,62.54
9/11/2023 16:15,62.53
9/11/2023 16:30,62.54
9/11/2023 16:45,62.53
9/11/2023 17:00,62.53
9/11/2023 17:15,62.53
9/11/2023 17:30,62.48
9/11/2023 17:45,62.48
9/11/2023 18:00,62.48
9/11/2023 18:15,62.37
9/11/2023 18:30,62.26
9/11/2023 18:45,62.2
9/11/2023 19:00,62.2
9/11/2023 19:15,62.2
9/11/2023 19:30,62.2
9/11/2023 19:45,62.26
9/11/2023 20:00,62.26
9/11/2023 20:15,62.39
9/11/2023 20:30,62.39
9/11/2023 20:45,62.39
9/11/2023 21:00,62.39
9/11/2023 21:15,62.47
9/11/2023 21:30,62.47
9/11/2023 21:45,62.47
9/11/2023 22:00,62.57
9/11/2023 22:15,62.58
9/11/2023 22:30,62.69
9/11/2023 22:45,62.69
9/11/2023 23:00,62.73
9/11/2023 23:15,62.73
9/11/2023 23:30,62.87
9/11/2023 23:45,62.99
9/12/2023 0:00,62.99
9/12/2023 0:15,62.99
9/12/2023 0:30,63.02
9/12/2023 0:45,63.02
9/12/2023 1:00,63.02
9/12/2023 1:15,63.02
9/12/2023 1:30,63.02
9/12/2023 1:45,63.02
9/12/2023 2:00,63.02
9/12/2023 2:15,62.99
9/12/2023 2:30,62.99
9/12/2023 2:45,62.99
9/12/2023 3:00,63.02
9/12/2023 3:15,63.02
9/12/2023 3:30,62.98
9/12/2023 3:45,62.92
9/12/2023 4:00,62.89
9/12/2023 4:15,62.89
9/12/2023 4:30,62.89
9/12/2023 4:45,62.89
9/12/2023 5:00,62.92
9/12/2023 5:15,62.92
9/12/2023 5:30,62.92
9/12/2023 5:45,62.92
9/12/2023 6:00,62.89
9/12/2023 6:15,62.89
9/12/2023 6:30,62.92
9/12/2023 6:45,62.99
9/12/2023 7:00,63.1
9/12/2023 7:15,63.1
9/12/2023 7:30,63.07
9/12/2023 7:45,63.07
9/12/2023 8:00,63
9/12/2023 8:15,63
9/12/2023 8:30,63.03
9/12/2023 8:45,63.05
9/12/2023 9:00,63.05
9/12/2023 9:15,63.05
9/12/2023 9:30,63.03
9/12/2023 9:45,63.03
9/12/2023 10:00,63
9/12/2023 10:15,62.97
9/12/2023 10:30,62.92
9/12/2023 10:45,62.92
9/12/2023 11:00,62.92
9/12/2023 11:15,62.86
9/12/2023 11:30,62.84
9/12/2023 11:45,62.82
9/12/2023 12:00,62.78
9/12/2023 12:15,62.71
9/12/2023 12:30,62.61
9/12/2023 12:45,62.61
9/12/2023 13:00,62.61
9/12/2023 13:15,62.61
9/12/2023 13:30,62.61
9/12/2023 13:45,62.61
9/12/2023 14:00,62.47
9/12/2023 14:15,62.47
9/12/2023 14:30,62.47
9/12/2023 14:45,62.46
9/12/2023 15:00,62.46
9/12/2023 15:15,62.54
9/12/2023 15:30,62.61
9/12/2023 15:45,62.71
9/12/2023 16:00,62.77
9/12/2023 16:15,62.77
9/12/2023 16:30,62.78
9/12/2023 16:45,62.83
9/12/2023 17:00,62.85
9/12/2023 17:15,62.87
9/12/2023 17:30,62.87
9/12/2023 17:45,62.88
9/12/2023 18:00,62.93
9/12/2023 18:15,62.93
9/12/2023 18:30,63.03
9/12/2023 18:45,63.07
9/12/2023 19:00,63.08
9/12/2023 19:15,63.11
9/12/2023 19:30,63.11
9/12/2023 19:45,63.16
9/12/2023 20:00,63.2
9/12/2023 20:15,63.2
9/12/2023 20:30,63.15
9/12/2023 20:45,63.3
9/12/2023 21:00,63.3
9/12/2023 21:15,63.15
9/12/2023 21:30,63.15
9/12/2023 21:45,63.19
9/12/2023 22:00,63.31
9/12/2023 22:15,63.41
9/12/2023 22:30,63.41
9/12/2023 22:45,63.41
9/12/2023 23:00,63.43
9/12/2023 23:15,63.43
9/12/2023 23:30,63.43
9/12/2023 23:45,63.41
9/13/2023 0:00,63.43
9/13/2023 0:15,63.41
9/13/2023 0:30,63.36
9/13/2023 0:45,63.24
9/13/2023 1:00,63.24
9/13/2023 1:15,63.32
9/13/2023 1:30,63.32
9/13/2023 1:45,63.32
9/13/2023 2:00,63.37
9/13/2023 2:15,63.37
9/13/2023 2:30,63.37
9/13/2023 2:45,63.37
9/13/2023 3:00,63.32
9/13/2023 3:15,63.3
9/13/2023 3:30,63.3
9/13/2023 3:45,63.26
9/13/2023 4:00,63.23
9/13/2023 4:15,63.23
9/13/2023 4:30,63.15
9/13/2023 4:45,63.15
9/13/2023 5:00,63.04
9/13/2023 5:15,63.15
9/13/2023 5:30,63.15
9/13/2023 5:45,63.23
9/13/2023 6:00,63.15
9/13/2023 6:15,63.15
9/13/2023 6:30,63.13
9/13/2023 6:45,63.13
9/13/2023 7:00,63.13
9/13/2023 7:15,63.13
9/13/2023 7:30,62.99
9/13/2023 7:45,62.99
9/13/2023 8:00,63.1
9/13/2023 8:15,62.96
9/13/2023 8:30,62.96
9/13/2023 8:45,62.96
9/13/2023 9:00,62.96
9/13/2023 9:15,62.96
9/13/2023 9:30,62.96
9/13/2023 9:45,62.96
9/13/2023 10:00,62.94
9/13/2023 10:15,62.91
9/13/2023 10:30,62.91
9/13/2023 10:45,62.8
9/13/2023 11:00,62.8
9/13/2023 11:15,62.76
9/13/2023 11:30,62.76
9/13/2023 11:45,62.61
9/13/2023 12:00,62.48
9/13/2023 12:15,62.45
9/13/2023 12:30,62.48
9/13/2023 12:45,62.44
9/13/2023 13:00,62.44
9/13/2023 13:15,62.44
9/13/2023 13:30,62.48
9/13/2023 13:45,62.48
9/13/2023 14:00,62.48
9/13/2023 14:15,62.43
9/13/2023 14:30,62.48
9/13/2023 14:45,62.5
9/13/2023 15:00,62.57
9/13/2023 15:15,62.5
9/13/2023 15:30,62.48
9/13/2023 15:45,62.5
9/13/2023 16:00,62.5
9/13/2023 16:15,62.48
9/13/2023 16:30,62.5
9/13/2023 16:45,62.55
9/13/2023 17:00,62.68
9/13/2023 17:15,62.68
9/13/2023 17:30,62.6
9/13/2023 17:45,62.6
9/13/2023 18:00,62.58
9/13/2023 18:15,62.58
9/13/2023 18:30,62.58
9/13/2023 18:45,62.58
9/13/2023 19:00,62.58
9/13/2023 19:15,62.67
9/13/2023 19:30,62.61
9/13/2023 19:45,62.69
9/13/2023 20:00,62.69
9/13/2023 20:15,62.77
9/13/2023 20:30,62.82
9/13/2023 20:45,62.94
9/13/2023 21:00,63.12
9/13/2023 21:15,63.18
9/13/2023 21:30,63.18
9/13/2023 21:45,63.18
9/13/2023 22:00,63.18
9/13/2023 22:15,63.18
9/13/2023 22:30,63.18
9/13/2023 22:45,63.18
9/13/2023 23:00,63.22
9/13/2023 23:15,63.21
9/13/2023 23:30,63.25
9/13/2023 23:45,63.25
9/14/2023 0:00,63.32
9/14/2023 0:15,63.43
9/14/2023 0:30,63.5
9/14/2023 0:45,63.51
9/14/2023 1:00,63.5
9/14/2023 1:15,63.44
9/14/2023 1:30,63.5
9/14/2023 1:45,63.51
9/14/2023 2:00,63.55
9/14/2023 2:15,63.59
9/14/2023 2:30,63.59
9/14/2023 2:45,63.59
9/14/2023 3:00,63.65
9/14/2023 3:15,63.68
9/14/2023 3:30,63.74
9/14/2023 3:45,63.77
9/14/2023 4:00,63.77
9/14/2023 4:15,63.79
9/14/2023 4:30,63.81
9/14/2023 4:45,63.81
9/14/2023 5:00,63.81
9/14/2023 5:15,63.81
9/14/2023 5:30,63.81
9/14/2023 5:45,63.81
9/14/2023 6:00,63.81
9/14/2023 6:15,63.81
9/14/2023 6:30,63.79
9/14/2023 6:45,63.79
9/14/2023 7:00,63.76
9/14/2023 7:15,63.72
9/14/2023 7:30,63.72
9/14/2023 7:45,63.71
9/14/2023 8:00,63.64
9/14/2023 8:15,63.54
9/14/2023 8:30,63.46
9/14/2023 8:45,63.4
9/14/2023 9:00,63.34
9/14/2023 9:15,63.34
9/14/2023 9:30,63.18
9/14/2023 9:45,63.07
9/14/2023 10:00,63.07
9/14/2023 10:15,63.07
9/14/2023 10:30,63.07
9/14/2023 10:45,63.07
9/14/2023 11:00,63.07
9/14/2023 11:15,63.07
9/14/2023 11:30,63.07
9/14/2023 11:45,63.07
9/14/2023 12:00,63.04
9/14/2023 12:15,63.04
9/14/2023 12:30,63.07
9/14/2023 12:45,63.07
9/14/2023 13:00,63.07
9/14/2023 13:15,63.08
9/14/2023 13:30,63.1
9/14/2023 13:45,63.19
9/14/2023 14:00,63.29
9/14/2023 14:15,63.29
9/14/2023 14:30,63.35
9/14/2023 14:45,65.09
9/14/2023 15:00,68.26
9/14/2023 15:15,66.19
9/14/2023 15:30,66.85
9/14/2023 15:45,68.11
9/14/2023 16:00,67.5
9/14/2023 16:15,69.47
9/14/2023 16:30,69.37
9/14/2023 16:45,69.3
9/14/2023 17:00,68.99
9/14/2023 17:15,69.37
9/14/2023 17:30,68.77
9/14/2023 17:45,69.57
9/14/2023 18:00,70.57
9/14/2023 18:15,68.71
9/14/2023 18:30,68.19
9/14/2023 18:45,68.38
9/14/2023 19:00,68.52
9/14/2023 19:15,68.52
9/14/2023 19:30,68.55
9/14/2023 19:45,67.03
9/14/2023 20:00,68.55
9/14/2023 20:15,68.29
9/14/2023 20:30,66.7
9/14/2023 20:45,66.7
9/14/2023 21:00,66.7
9/14/2023 21:15,66.7
9/14/2023 21:30,66.38
9/14/2023 21:45,66.67
9/14/2023 22:00,66.11
9/14/2023 22:15,65.71
9/14/2023 22:30,66.11
9/14/2023 22:45,68.97
9/14/2023 23:00,66.03
9/14/2023 23:15,66.91
9/14/2023 23:30,66.11
9/14/2023 23:45,65.01
9/15/2023 0:00,65.77
9/15/2023 0:15,66.44
9/15/2023 0:30,65.06
9/15/2023 0:45,64.9
9/15/2023 1:00,64.7
9/15/2023 1:15,64.54
9/15/2023 1:30,64.54
9/15/2023 1:45,65.83
9/15/2023 2:00,64.43
9/15/2023 2:15,65.12
9/15/2023 2:30,64.39
9/15/2023 2:45,64.39
9/15/2023 3:00,64.35
9/15/2023 3:15,64.35
9/15/2023 3:30,64.22
9/15/2023 3:45,64.02
9/15/2023 4:00,65.24
9/15/2023 4:15,63.9
9/15/2023 4:30,63.86
9/15/2023 4:45,65.33
9/15/2023 5:00,63.86
9/15/2023 5:15,63.7
9/15/2023 5:30,63.81
9/15/2023 5:45,63.79
9/15/2023 6:00,63.79
9/15/2023 6:15,63.81
9/15/2023 6:30,63.79
9/15/2023 6:45,63.7
9/15/2023 7:00,63.7
9/15/2023 7:15,63.59
9/15/2023 7:30,63.54
9/15/2023 7:45,63.45
9/15/2023 8:00,63.45
9/15/2023 8:15,63.45
9/15/2023 8:30,63.38
9/15/2023 8:45,63.34
9/15/2023 9:00,63.34
9/15/2023 9:15,63.34
9/15/2023 9:30,63.29
9/15/2023 9:45,63.26
9/15/2023 10:00,63.16
9/15/2023 10:15,63.04
9/15/2023 10:30,62.92
9/15/2023 10:45,62.81
9/15/2023 11:00,62.75
9/15/2023 11:15,62.69
9/15/2023 11:30,62.69
9/15/2023 11:45,62.66
9/15/2023 12:00,62.65
9/15/2023 12:15,62.65
9/15/2023 12:30,62.65
9/15/2023 12:45,62.59
9/15/2023 13:00,62.59
9/15/2023 13:15,62.59
9/15/2023 13:30,62.64
9/15/2023 13:45,62.64
9/15/2023 14:00,62.64
9/15/2023 14:15,62.61
9/15/2023 14:30,62.61
9/15/2023 14:45,62.56
9/15/2023 15:00,62.56
9/15/2023 15:15,62.56
9/15/2023 15:30,62.56
9/15/2023 15:45,62.61
9/15/2023 16:00,62.56
9/15/2023 16:15,62.61
9/15/2023 16:30,62.61
9/15/2023 16:45,62.64
9/15/2023 17:00,62.7
9/15/2023 17:15,62.7
9/15/2023 17:30,62.66
9/15/2023 17:45,62.73
9/15/2023 18:00,62.77
9/15/2023 18:15,62.78
9/15/2023 18:30,62.8
9/15/2023 18:45,62.88
9/15/2023 19:00,63.02
9/15/2023 19:15,63.04
9/15/2023 19:30,63.08
9/15/2023 19:45,63.08
9/15/2023 20:00,63.16
9/15/2023 20:15,63.26
9/15/2023 20:30,63.26
9/15/2023 20:45,63.45
9/15/2023 21:00,63.63
9/15/2023 21:15,63.63
9/15/2023 21:30,63.63
9/15/2023 21:45,63.63
9/15/2023 22:00,63.63
9/15/2023 22:15,63.64
9/15/2023 22:30,63.68
9/15/2023 22:45,63.68
9/15/2023 23:00,63.72
9/15/2023 23:15,63.72
9/15/2023 23:30,63.74
9/15/2023 23:45,63.72
9/16/2023 0:00,63.72
9/16/2023 0:15,63.78
9/16/2023 0:30,63.86
9/16/2023 0:45,63.91
9/16/2023 1:00,63.99
9/16/2023 1:15,64.06
9/16/2023 1:30,64.06
9/16/2023 1:45,64.05
9/16/2023 2:00,64.06
9/16/2023 2:15,64.06
9/16/2023 2:30,64.06
9/16/2023 2:45,64.1
9/16/2023 3:00,64.1
9/16/2023 3:15,64.13
9/16/2023 3:30,64.13
9/16/2023 3:45,64.15
9/16/2023 4:00,64.16
9/16/2023 4:15,64.16
9/16/2023 4:30,64.15
9/16/2023 4:45,64.16
9/16/2023 5:00,64.16
9/16/2023 5:15,64.15
9/16/2023 5:30,64.15
9/16/2023 5:45,64.13
9/16/2023 6:00,64.11
9/16/2023 6:15,64.09
9/16/2023 6:30,64.09
9/16/2023 6:45,64.09
9/16/2023 7:00,64.09
9/16/2023 7:15,64.09
9/16/2023 7:30,64.09
9/16/2023 7:45,64.06
9/16/2023 8:00,64.02
9/16/2023 8:15,63.86
9/16/2023 8:30,63.7
9/16/2023 8:45,63.59
9/16/2023 9:00,63.33
9/16/2023 9:15,63.08
9/16/2023 9:30,62.92
9/16/2023 9:45,62.85
9/16/2023 10:00,62.78
9/16/2023 10:15,62.69
9/16/2023 10:30,62.65
9/16/2023 10:45,62.61
9/16/2023 11:00,62.57
9/16/2023 11:15,62.54
9/16/2023 11:30,62.54
9/16/2023 11:45,62.54
9/16/2023 12:00,62.54
9/16/2023 12:15,62.53
9/16/2023 12:30,62.53
9/16/2023 12:45,62.53
9/16/2023 13:00,62.53
9/16/2023 13:15,62.53
9/16/2023 13:30,62.54
9/16/2023 13:45,62.54
9/16/2023 14:00,62.54
9/16/2023 14:15,62.53
9/16/2023 14:30,62.53
9/16/2023 14:45,62.53
9/16/2023 15:00,62.54
9/16/2023 15:15,62.56
9/16/2023 15:30,62.56
9/16/2023 15:45,62.56
9/16/2023 16:00,62.56
9/16/2023 16:15,62.56
9/16/2023 16:30,62.56
9/16/2023 16:45,62.56
9/16/2023 17:00,62.56
9/16/2023 17:15,62.65
9/16/2023 17:30,62.77
9/16/2023 17:45,62.65
9/16/2023 18:00,62.65
9/16/2023 18:15,62.77
9/16/2023 18:30,62.77
9/16/2023 18:45,62.87
9/16/2023 19:00,63.03
9/16/2023 19:15,63.07
9/16/2023 19:30,63.07
9/16/2023 19:45,63.13
9/16/2023 20:00,63.23
9/16/2023 20:15,63.34
9/16/2023 20:30,63.37
9/16/2023 20:45,63.37
9/16/2023 21:00,63.4
9/16/2023 21:15,63.49
9/16/2023 21:30,63.5
9/16/2023 21:45,63.52
9/16/2023 22:00,63.44
9/16/2023 22:15,63.52
9/16/2023 22:30,63.52
9/16/2023 22:45,63.58
9/16/2023 23:00,63.58
9/16/2023 23:15,63.51
9/16/2023 23:30,63.6
9/16/2023 23:45,63.51
9/17/2023 0:00,63.51
9/17/2023 0:15,63.6
9/17/2023 0:30,63.61
9/17/2023 0:45,63.61
9/17/2023 1:00,63.61
9/17/2023 1:15,63.61
9/17/2023 1:30,63.61
9/17/2023 1:45,63.61
9/17/2023 2:00,63.61
9/17/2023 2:15,63.61
9/17/2023 2:30,63.68
9/17/2023 2:45,63.74
9/17/2023 3:00,63.74
9/17/2023 3:15,63.85
9/17/2023 3:30,63.97
9/17/2023 3:45,63.97
9/17/2023 4:00,63.98
9/17/2023 4:15,63.98
9/17/2023 4:30,63.98
9/17/2023 4:45,63.98
9/17/2023 5:00,63.98
9/17/2023 5:15,63.98
9/17/2023 5:30,63.98
9/17/2023 5:45,63.98
9/17/2023 6:00,64.02
9/17/2023 6:15,64.02
9/17/2023 6:30,63.98
9/17/2023 6:45,63.98
9/17/2023 7:00,63.98
9/17/2023 7:15,63.97
9/17/2023 7:30,63.95
9/17/2023 7:45,63.93
9/17/2023 8:00,63.93
9/17/2023 8:15,63.92
9/17/2023 8:30,63.91
9/17/2023 8:45,63.84
9/17/2023 9:00,63.45
9/17/2023 9:15,63.1
9/17/2023 9:30,62.98
9/17/2023 9:45,62.88
9/17/2023 10:00,62.84
9/17/2023 10:15,62.84
9/17/2023 10:30,62.84
9/17/2023 10:45,62.78
9/17/2023 11:00,62.78
9/17/2023 11:15,62.75
9/17/2023 11:30,62.67
9/17/2023 11:45,62.75
9/17/2023 12:00,62.74
9/17/2023 12:15,62.74
9/17/2023 12:30,62.74
9/17/2023 12:45,62.75
9/17/2023 13:00,62.77
9/17/2023 13:15,62.8
9/17/2023 13:30,62.8
9/17/2023 13:45,62.8
9/17/2023 14:00,62.77
9/17/2023 14:15,62.8
9/17/2023 14:30,62.8
9/17/2023 14:45,62.8
9/17/2023 15:00,62.8
9/17/2023 15:15,62.8
9/17/2023 15:30,62.77
9/17/2023 15:45,62.77
9/17/2023 16:00,62.72
9/17/2023 16:15,62.72
9/17/2023 16:30,62.72
9/17/2023 16:45,62.58
9/17/2023 17:00,62.58
9/17/2023 17:15,62.47
9/17/2023 17:30,62.47
9/17/2023 17:45,62.47
9/17/2023 18:00,62.47
9/17/2023 18:15,62.47
9/17/2023 18:30,62.47
9/17/2023 18:45,62.58
9/17/2023 19:00,62.73
9/17/2023 19:15,62.73
9/17/2023 19:30,62.9
9/17/2023 19:45,63.02
9/17/2023 20:00,63.15
9/17/2023 20:15,63.28
9/17/2023 20:30,63.29
9/17/2023 20:45,63.32
9/17/2023 21:00,63.36
9/17/2023 21:15,63.36
9/17/2023 21:30,63.41
9/17/2023 21:45,63.45
9/17/2023 22:00,63.52
9/17/2023 22:15,63.6
9/17/2023 22:30,63.6
9/17/2023 22:45,63.6
9/17/2023 23:00,63.6
9/17/2023 23:15,63.6
9/17/2023 23:30,63.6
9/17/2023 23:45,63.6
