time,taum,tau*
3/1/2023 0:00,5.509495866,0.0078
3/1/2023 0:15,7.301694475,0.0103
3/1/2023 0:30,9.220765336,0.0131
3/1/2023 0:45,9.220765336,0.0131
3/1/2023 1:00,7.312303704,0.0104
3/1/2023 1:15,9.209599065,0.013
3/1/2023 1:30,10.52993432,0.0149
3/1/2023 1:45,10.52993432,0.0149
3/1/2023 2:00,14.6021538,0.0207
3/1/2023 2:15,11.20612373,0.0159
3/1/2023 2:30,12.54962538,0.0178
3/1/2023 2:45,10.52993432,0.0149
3/1/2023 3:00,12.54962538,0.0178
3/1/2023 3:15,12.54962538,0.0178
3/1/2023 3:30,14.6021538,0.0207
3/1/2023 3:45,11.19461688,0.0158
3/1/2023 4:00,12.54962538,0.0178
3/1/2023 4:15,15.987649,0.0226
3/1/2023 4:30,11.87587172,0.0168
3/1/2023 4:45,11.87587172,0.0168
3/1/2023 5:00,13.9184057,0.0197
3/1/2023 5:15,13.9184057,0.0197
3/1/2023 5:30,13.90664004,0.0197
3/1/2023 5:45,15.97578169,0.0226
3/1/2023 6:00,18.05422365,0.0256
3/1/2023 6:15,15.28813691,0.0216
3/1/2023 6:30,13.90664004,0.0197
3/1/2023 6:45,13.90664004,0.0197
3/1/2023 7:00,13.90664004,0.0197
3/1/2023 7:15,13.90664004,0.0197
3/1/2023 7:30,17.36465688,0.0246
3/1/2023 7:45,15.28813691,0.0216
3/1/2023 8:00,17.36465688,0.0246
3/1/2023 8:15,13.90664004,0.0197
3/1/2023 8:30,8.566640628,0.0121
3/1/2023 8:45,11.8642878,0.0168
3/1/2023 9:00,8.566640628,0.0121
3/1/2023 9:15,8.566640628,0.0121
3/1/2023 9:30,3.869827791,0.0055
3/1/2023 9:45,6.089034242,0.0086
3/1/2023 10:00,9.209599065,0.013
3/1/2023 10:15,7.301694475,0.0103
3/1/2023 10:30,7.301694475,0.0103
3/1/2023 10:45,5.509495866,0.0078
3/1/2023 11:00,4.392894674,0.0062
3/1/2023 11:15,7.301694475,0.0103
3/1/2023 11:30,5.509495866,0.0078
3/1/2023 11:45,2.999484758,0.0042
3/1/2023 12:00,6.089034242,0.0086
3/1/2023 12:15,5.509495866,0.0078
3/1/2023 12:30,5.509495866,0.0078
3/1/2023 12:45,3.869827791,0.0055
3/1/2023 13:00,5.509495866,0.0078
3/1/2023 13:15,7.301694475,0.0103
3/1/2023 13:30,3.869827791,0.0055
3/1/2023 13:45,5.509495866,0.0078
3/1/2023 14:00,5.519351521,0.0078
3/1/2023 14:15,5.519351521,0.0078
3/1/2023 14:30,3.869827791,0.0055
3/1/2023 14:45,5.509495866,0.0078
3/1/2023 15:00,2.655819812,0.0038
3/1/2023 15:15,2.880982424,0.0041
3/1/2023 15:30,2.546942543,0.0036
3/1/2023 15:45,2.880982424,0.0041
3/1/2023 16:00,3.878679674,0.0055
3/1/2023 16:15,6.694025856,0.0095
3/1/2023 16:30,3.001562931,0.0042
3/1/2023 16:45,5.519351521,0.0078
3/1/2023 17:00,7.312303704,0.0104
3/1/2023 17:15,5.519351521,0.0078
3/1/2023 17:30,4.946630151,0.007
3/1/2023 17:45,4.946630151,0.007
3/1/2023 18:00,3.878679674,0.0055
3/1/2023 18:15,3.878679674,0.0055
3/1/2023 18:30,4.946630151,0.007
3/1/2023 18:45,6.694025856,0.0095
3/1/2023 19:00,6.694025856,0.0095
3/1/2023 19:15,6.694025856,0.0095
3/1/2023 19:30,6.694025856,0.0095
3/1/2023 19:45,8.566640628,0.0121
3/1/2023 20:00,6.694025856,0.0095
3/1/2023 20:15,7.312303704,0.0104
3/1/2023 20:30,5.519351521,0.0078
3/1/2023 20:45,8.566640628,0.0121
3/1/2023 21:00,6.694025856,0.0095
3/1/2023 21:15,5.519351521,0.0078
3/1/2023 21:30,8.566640628,0.0121
3/1/2023 21:45,9.86108334,0.014
3/1/2023 22:00,8.566640628,0.0121
3/1/2023 22:15,6.694025856,0.0095
3/1/2023 22:30,8.566640628,0.0121
3/1/2023 22:45,7.933815557,0.0112
3/1/2023 23:00,10.52993432,0.0149
3/1/2023 23:15,4.946630151,0.007
3/1/2023 23:30,5.509495866,0.0078
3/1/2023 23:45,9.872381543,0.014
3/2/2023 0:00,6.694025856,0.0095
3/2/2023 0:15,6.694025856,0.0095
3/2/2023 0:30,9.872381543,0.014
3/2/2023 0:45,7.933815557,0.0112
3/2/2023 1:00,9.872381543,0.014
3/2/2023 1:15,9.86108334,0.014
3/2/2023 1:30,9.86108334,0.014
3/2/2023 1:45,7.933815557,0.0112
3/2/2023 2:00,6.099162957,0.0086
3/2/2023 2:15,9.872381543,0.014
3/2/2023 2:30,9.872381543,0.014
3/2/2023 2:45,11.87587172,0.0168
3/2/2023 3:00,11.19461688,0.0158
3/2/2023 3:15,9.209599065,0.013
3/2/2023 3:30,7.923000907,0.0112
3/2/2023 3:45,9.86108334,0.014
3/2/2023 4:00,7.923000907,0.0112
3/2/2023 4:15,9.86108334,0.014
3/2/2023 4:30,7.301694475,0.0103
3/2/2023 4:45,9.209599065,0.013
3/2/2023 5:00,7.301694475,0.0103
3/2/2023 5:15,7.301694475,0.0103
3/2/2023 5:30,7.301694475,0.0103
3/2/2023 5:45,9.209599065,0.013
3/2/2023 6:00,11.19461688,0.0158
3/2/2023 6:15,5.509495866,0.0078
3/2/2023 6:30,9.209599065,0.013
3/2/2023 6:45,7.301694475,0.0103
3/2/2023 7:00,9.209599065,0.013
3/2/2023 7:15,7.301694475,0.0103
3/2/2023 7:30,9.209599065,0.013
3/2/2023 7:45,7.301694475,0.0103
3/2/2023 8:00,11.19461688,0.0158
3/2/2023 8:15,9.86108334,0.014
3/2/2023 8:30,9.86108334,0.014
3/2/2023 8:45,7.301694475,0.0103
3/2/2023 9:00,7.933815557,0.0112
3/2/2023 9:15,6.694025856,0.0095
3/2/2023 9:30,6.099162957,0.0086
3/2/2023 9:45,7.933815557,0.0112
3/2/2023 10:00,3.36806233,0.0048
3/2/2023 10:15,2.766400111,0.0039
3/2/2023 10:30,2.546942543,0.0036
3/2/2023 10:45,2.245427057,0.0032
3/2/2023 11:00,2.880982424,0.0041
3/2/2023 11:15,2.546942543,0.0036
3/2/2023 11:30,3.869827791,0.0055
3/2/2023 11:45,2.655819812,0.0038
3/2/2023 12:00,2.343658254,0.0033
3/2/2023 12:15,3.36806233,0.0048
3/2/2023 12:30,3.36806233,0.0048
3/2/2023 12:45,3.36806233,0.0048
3/2/2023 13:00,2.882992075,0.0041
3/2/2023 13:15,5.519351521,0.0078
3/2/2023 13:30,3.36806233,0.0048
3/2/2023 13:45,3.36806233,0.0048
3/2/2023 14:00,2.5487565,0.0036
3/2/2023 14:15,2.882992075,0.0041
3/2/2023 14:30,2.655819812,0.0038
3/2/2023 14:45,2.882992075,0.0041
3/2/2023 15:00,3.878679674,0.0055
3/2/2023 15:15,2.882992075,0.0041
3/2/2023 15:30,4.946630151,0.007
3/2/2023 15:45,4.946630151,0.007
3/2/2023 16:00,4.946630151,0.007
3/2/2023 16:15,2.343658254,0.0033
3/2/2023 16:30,2.546942543,0.0036
3/2/2023 16:45,2.653942833,0.0038
3/2/2023 17:00,2.766400111,0.0039
3/2/2023 17:15,2.766400111,0.0039
3/2/2023 17:30,2.882992075,0.0041
3/2/2023 17:45,3.36806233,0.0048
3/2/2023 18:00,4.946630151,0.007
3/2/2023 18:15,5.519351521,0.0078
3/2/2023 18:30,7.312303704,0.0104
3/2/2023 18:45,8.566640628,0.0121
3/2/2023 19:00,6.694025856,0.0095
3/2/2023 19:15,8.566640628,0.0121
3/2/2023 19:30,6.694025856,0.0095
3/2/2023 19:45,8.566640628,0.0121
3/2/2023 20:00,8.566640628,0.0121
3/2/2023 20:15,10.52993432,0.0149
3/2/2023 20:30,7.301694475,0.0103
3/2/2023 20:45,6.694025856,0.0095
3/2/2023 21:00,8.566640628,0.0121
3/2/2023 21:15,8.566640628,0.0121
3/2/2023 21:30,8.566640628,0.0121
3/2/2023 21:45,10.52993432,0.0149
3/2/2023 22:00,10.52993432,0.0149
3/2/2023 22:15,12.54962538,0.0178
3/2/2023 22:30,6.694025856,0.0095
3/2/2023 22:45,8.566640628,0.0121
3/2/2023 23:00,12.54962538,0.0178
3/2/2023 23:15,7.301694475,0.0103
3/2/2023 23:30,9.209599065,0.013
3/2/2023 23:45,14.6021538,0.0207
3/3/2023 0:00,13.9184057,0.0197
3/3/2023 0:15,15.987649,0.0226
3/3/2023 0:30,13.9184057,0.0197
3/3/2023 0:45,13.9184057,0.0197
3/3/2023 1:00,11.87587172,0.0168
3/3/2023 1:15,15.987649,0.0226
3/3/2023 1:30,15.987649,0.0226
3/3/2023 1:45,15.987649,0.0226
3/3/2023 2:00,15.987649,0.0226
3/3/2023 2:15,11.87587172,0.0168
3/3/2023 2:30,15.987649,0.0226
3/3/2023 2:45,12.54962538,0.0178
3/3/2023 3:00,13.9184057,0.0197
3/3/2023 3:15,12.54962538,0.0178
3/3/2023 3:30,13.9184057,0.0197
3/3/2023 3:45,13.9184057,0.0197
3/3/2023 4:00,12.54962538,0.0178
3/3/2023 4:15,15.987649,0.0226
3/3/2023 4:30,13.9184057,0.0197
3/3/2023 4:45,15.987649,0.0226
3/3/2023 5:00,15.987649,0.0226
3/3/2023 5:15,15.987649,0.0226
3/3/2023 5:30,13.9184057,0.0197
3/3/2023 5:45,15.987649,0.0226
3/3/2023 6:00,13.9184057,0.0197
3/3/2023 6:15,15.987649,0.0226
3/3/2023 6:30,15.987649,0.0226
3/3/2023 6:45,19.45586122,0.0275
3/3/2023 7:00,19.45586122,0.0275
3/3/2023 7:15,18.06611208,0.0256
3/3/2023 7:30,19.45586122,0.0275
3/3/2023 7:45,19.45586122,0.0275
3/3/2023 8:00,18.06611208,0.0256
3/3/2023 8:15,14.6021538,0.0207
3/3/2023 8:30,16.6764369,0.0236
3/3/2023 8:45,15.97578169,0.0226
3/3/2023 9:00,14.6021538,0.0207
3/3/2023 9:15,11.20612373,0.0159
3/3/2023 9:30,14.6021538,0.0207
3/3/2023 9:45,3.36806233,0.0048
3/3/2023 10:00,4.946630151,0.007
3/3/2023 10:15,2.999484758,0.0042
3/3/2023 10:30,6.089034242,0.0086
3/3/2023 10:45,2.999484758,0.0042
3/3/2023 11:00,6.089034242,0.0086
3/3/2023 11:15,6.099162957,0.0086
3/3/2023 11:30,6.089034242,0.0086
3/3/2023 11:45,2.766400111,0.0039
3/3/2023 12:00,2.247064306,0.0032
3/3/2023 12:15,2.766400111,0.0039
3/3/2023 12:30,2.999484758,0.0042
3/3/2023 12:45,2.5487565,0.0036
3/3/2023 13:00,2.5487565,0.0036
3/3/2023 13:15,2.766400111,0.0039
3/3/2023 13:30,2.766400111,0.0039
3/3/2023 13:45,3.001562931,0.0042
3/3/2023 14:00,2.44355038,0.0035
3/3/2023 14:15,2.766400111,0.0039
3/3/2023 14:30,5.509495866,0.0078
3/3/2023 14:45,5.509495866,0.0078
3/3/2023 15:00,2.766400111,0.0039
3/3/2023 15:15,2.655819812,0.0038
3/3/2023 15:30,2.655819812,0.0038
3/3/2023 15:45,6.099162957,0.0086
3/3/2023 16:00,4.402110956,0.0062
3/3/2023 16:15,2.766400111,0.0039
3/3/2023 16:30,2.152228212,0.003
3/3/2023 16:45,2.546942543,0.0036
3/3/2023 17:00,3.36806233,0.0048
3/3/2023 17:15,2.880982424,0.0041
3/3/2023 17:30,3.36806233,0.0048
3/3/2023 17:45,4.402110956,0.0062
3/3/2023 18:00,4.402110956,0.0062
3/3/2023 18:15,9.220765336,0.0131
3/3/2023 18:30,4.402110956,0.0062
3/3/2023 18:45,7.933815557,0.0112
3/3/2023 19:00,7.312303704,0.0104
3/3/2023 19:15,13.22696557,0.0187
3/3/2023 19:30,9.209599065,0.013
3/3/2023 19:45,9.209599065,0.013
3/3/2023 20:00,7.301694475,0.0103
3/3/2023 20:15,9.209599065,0.013
3/3/2023 20:30,7.301694475,0.0103
3/3/2023 20:45,9.209599065,0.013
3/3/2023 21:00,7.301694475,0.0103
3/3/2023 21:15,9.209599065,0.013
3/3/2023 21:30,10.52993432,0.0149
3/3/2023 21:45,9.209599065,0.013
3/3/2023 22:00,7.301694475,0.0103
3/3/2023 22:15,6.099162957,0.0086
3/3/2023 22:30,9.872381543,0.014
3/3/2023 22:45,6.694025856,0.0095
3/3/2023 23:00,7.933815557,0.0112
3/3/2023 23:15,13.22696557,0.0187
3/3/2023 23:30,11.19461688,0.0158
3/3/2023 23:45,11.19461688,0.0158
3/4/2023 0:00,6.099162957,0.0086
3/4/2023 0:15,7.933815557,0.0112
3/4/2023 0:30,9.220765336,0.0131
3/4/2023 0:45,9.872381543,0.014
3/4/2023 1:00,9.209599065,0.013
3/4/2023 1:15,13.22696557,0.0187
3/4/2023 1:30,8.566640628,0.0121
3/4/2023 1:45,9.86108334,0.014
3/4/2023 2:00,13.90664004,0.0197
3/4/2023 2:15,13.22696557,0.0187
3/4/2023 2:30,11.87587172,0.0168
3/4/2023 2:45,11.87587172,0.0168
3/4/2023 3:00,15.28813691,0.0216
3/4/2023 3:15,15.28813691,0.0216
3/4/2023 3:30,15.28813691,0.0216
3/4/2023 3:45,13.22696557,0.0187
3/4/2023 4:00,11.8642878,0.0168
3/4/2023 4:15,15.28813691,0.0216
3/4/2023 4:30,13.22696557,0.0187
3/4/2023 4:45,11.19461688,0.0158
3/4/2023 5:00,15.28813691,0.0216
3/4/2023 5:15,13.9184057,0.0197
3/4/2023 5:30,15.28813691,0.0216
3/4/2023 5:45,13.22696557,0.0187
3/4/2023 6:00,15.2999806,0.0217
3/4/2023 6:15,15.2999806,0.0217
3/4/2023 6:30,15.2999806,0.0217
3/4/2023 6:45,15.2999806,0.0217
3/4/2023 7:00,13.23867651,0.0187
3/4/2023 7:15,15.2999806,0.0217
3/4/2023 7:30,15.987649,0.0226
3/4/2023 7:45,11.87587172,0.0168
3/4/2023 8:00,13.23867651,0.0187
3/4/2023 8:15,11.87587172,0.0168
3/4/2023 8:30,11.87587172,0.0168
3/4/2023 8:45,10.52993432,0.0149
3/4/2023 9:00,13.90664004,0.0197
3/4/2023 9:15,10.52993432,0.0149
3/4/2023 9:30,10.52993432,0.0149
3/4/2023 9:45,3.869827791,0.0055
3/4/2023 10:00,2.343658254,0.0033
3/4/2023 10:15,5.509495866,0.0078
3/4/2023 10:30,5.509495866,0.0078
3/4/2023 10:45,3.001562931,0.0042
3/4/2023 11:00,5.509495866,0.0078
3/4/2023 11:15,3.869827791,0.0055
3/4/2023 11:30,2.655819812,0.0038
3/4/2023 11:45,2.343658254,0.0033
3/4/2023 12:00,2.343658254,0.0033
3/4/2023 12:15,2.44355038,0.0035
3/4/2023 12:30,2.766400111,0.0039
3/4/2023 12:45,1.88950475,0.0027
3/4/2023 13:00,2.44355038,0.0035
3/4/2023 13:15,2.152228212,0.003
3/4/2023 13:30,3.869827791,0.0055
3/4/2023 13:45,2.999484758,0.0042
3/4/2023 14:00,3.36806233,0.0048
3/4/2023 14:15,2.653942833,0.0038
3/4/2023 14:30,2.999484758,0.0042
3/4/2023 14:45,3.001562931,0.0042
3/4/2023 15:00,2.880982424,0.0041
3/4/2023 15:15,2.44355038,0.0035
3/4/2023 15:30,2.880982424,0.0041
3/4/2023 15:45,2.880982424,0.0041
3/4/2023 16:00,3.001562931,0.0042
3/4/2023 16:15,2.655819812,0.0038
3/4/2023 16:30,2.655819812,0.0038
3/4/2023 16:45,3.878679674,0.0055
3/4/2023 17:00,3.001562931,0.0042
3/4/2023 17:15,3.001562931,0.0042
3/4/2023 17:30,2.655819812,0.0038
3/4/2023 17:45,5.519351521,0.0078
3/4/2023 18:00,3.878679674,0.0055
3/4/2023 18:15,5.519351521,0.0078
3/4/2023 18:30,7.312303704,0.0104
3/4/2023 18:45,4.946630151,0.007
3/4/2023 19:00,8.566640628,0.0121
3/4/2023 19:15,6.694025856,0.0095
3/4/2023 19:30,7.312303704,0.0104
3/4/2023 19:45,5.519351521,0.0078
3/4/2023 20:00,8.566640628,0.0121
3/4/2023 20:15,7.312303704,0.0104
3/4/2023 20:30,5.519351521,0.0078
3/4/2023 20:45,8.566640628,0.0121
3/4/2023 21:00,8.566640628,0.0121
3/4/2023 21:15,8.566640628,0.0121
3/4/2023 21:30,6.694025856,0.0095
3/4/2023 21:45,4.946630151,0.007
3/4/2023 22:00,5.509495866,0.0078
3/4/2023 22:15,3.869827791,0.0055
3/4/2023 22:30,5.509495866,0.0078
3/4/2023 22:45,7.301694475,0.0103
3/4/2023 23:00,5.509495866,0.0078
3/4/2023 23:15,3.869827791,0.0055
3/4/2023 23:30,4.946630151,0.007
3/4/2023 23:45,3.869827791,0.0055
3/5/2023 0:00,5.509495866,0.0078
3/5/2023 0:15,5.509495866,0.0078
3/5/2023 0:30,7.301694475,0.0103
3/5/2023 0:45,7.301694475,0.0103
3/5/2023 1:00,5.509495866,0.0078
3/5/2023 1:15,6.694025856,0.0095
3/5/2023 1:30,8.566640628,0.0121
3/5/2023 1:45,9.209599065,0.013
3/5/2023 2:00,5.509495866,0.0078
3/5/2023 2:15,3.869827791,0.0055
3/5/2023 2:30,9.209599065,0.013
3/5/2023 2:45,10.52993432,0.0149
3/5/2023 3:00,10.52993432,0.0149
3/5/2023 3:15,10.52993432,0.0149
3/5/2023 3:30,6.694025856,0.0095
3/5/2023 3:45,9.86108334,0.014
3/5/2023 4:00,11.8642878,0.0168
3/5/2023 4:15,10.52993432,0.0149
3/5/2023 4:30,10.52993432,0.0149
3/5/2023 4:45,11.8642878,0.0168
3/5/2023 5:00,7.312303704,0.0104
3/5/2023 5:15,7.312303704,0.0104
3/5/2023 5:30,9.86108334,0.014
3/5/2023 5:45,11.8642878,0.0168
3/5/2023 6:00,8.566640628,0.0121
3/5/2023 6:15,6.694025856,0.0095
3/5/2023 6:30,10.52993432,0.0149
3/5/2023 6:45,10.52993432,0.0149
3/5/2023 7:00,12.54962538,0.0178
3/5/2023 7:15,10.52993432,0.0149
3/5/2023 7:30,11.87587172,0.0168
3/5/2023 7:45,12.54962538,0.0178
3/5/2023 8:00,8.566640628,0.0121
3/5/2023 8:15,8.566640628,0.0121
3/5/2023 8:30,7.301694475,0.0103
3/5/2023 8:45,9.209599065,0.013
3/5/2023 9:00,8.566640628,0.0121
3/5/2023 9:15,6.099162957,0.0086
3/5/2023 9:30,6.099162957,0.0086
3/5/2023 9:45,2.766400111,0.0039
3/5/2023 10:00,2.766400111,0.0039
3/5/2023 10:15,2.655819812,0.0038
3/5/2023 10:30,2.999484758,0.0042
3/5/2023 10:45,4.946630151,0.007
3/5/2023 11:00,2.653942833,0.0038
3/5/2023 11:15,3.36806233,0.0048
3/5/2023 11:30,2.999484758,0.0042
3/5/2023 11:45,2.999484758,0.0042
3/5/2023 12:00,2.44355038,0.0035
3/5/2023 12:15,2.653942833,0.0038
3/5/2023 12:30,2.44355038,0.0035
3/5/2023 12:45,2.152228212,0.003
3/5/2023 13:00,2.766400111,0.0039
3/5/2023 13:15,2.766400111,0.0039
3/5/2023 13:30,4.402110956,0.0062
3/5/2023 13:45,3.36806233,0.0048
3/5/2023 14:00,3.36806233,0.0048
3/5/2023 14:15,2.44355038,0.0035
3/5/2023 14:30,2.44355038,0.0035
3/5/2023 14:45,2.44355038,0.0035
3/5/2023 15:00,3.878679674,0.0055
3/5/2023 15:15,2.655819812,0.0038
3/5/2023 15:30,2.44355038,0.0035
3/5/2023 15:45,2.44355038,0.0035
3/5/2023 16:00,3.878679674,0.0055
3/5/2023 16:15,2.152228212,0.003
3/5/2023 16:30,2.655819812,0.0038
3/5/2023 16:45,3.878679674,0.0055
3/5/2023 17:00,3.001562931,0.0042
3/5/2023 17:15,4.402110956,0.0062
3/5/2023 17:30,3.001562931,0.0042
3/5/2023 17:45,4.402110956,0.0062
3/5/2023 18:00,2.655819812,0.0038
3/5/2023 18:15,2.766400111,0.0039
3/5/2023 18:30,4.392894674,0.0062
3/5/2023 18:45,4.392894674,0.0062
3/5/2023 19:00,4.392894674,0.0062
3/5/2023 19:15,4.392894674,0.0062
3/5/2023 19:30,4.392894674,0.0062
3/5/2023 19:45,5.509495866,0.0078
3/5/2023 20:00,7.301694475,0.0103
3/5/2023 20:15,4.392894674,0.0062
3/5/2023 20:30,7.301694475,0.0103
3/5/2023 20:45,3.36806233,0.0048
3/5/2023 21:00,3.001562931,0.0042
3/5/2023 21:15,3.001562931,0.0042
3/5/2023 21:30,6.099162957,0.0086
3/5/2023 21:45,4.402110956,0.0062
3/5/2023 22:00,3.36806233,0.0048
3/5/2023 22:15,4.402110956,0.0062
3/5/2023 22:30,4.402110956,0.0062
3/5/2023 22:45,3.001562931,0.0042
3/5/2023 23:00,4.402110956,0.0062
3/5/2023 23:15,3.36806233,0.0048
3/5/2023 23:30,6.099162957,0.0086
3/5/2023 23:45,3.36806233,0.0048
3/6/2023 0:00,2.766400111,0.0039
3/6/2023 0:15,3.36806233,0.0048
3/6/2023 0:30,4.946630151,0.007
3/6/2023 0:45,6.694025856,0.0095
3/6/2023 1:00,4.946630151,0.007
3/6/2023 1:15,3.36806233,0.0048
3/6/2023 1:30,6.099162957,0.0086
3/6/2023 1:45,6.099162957,0.0086
3/6/2023 2:00,4.402110956,0.0062
3/6/2023 2:15,6.099162957,0.0086
3/6/2023 2:30,6.099162957,0.0086
3/6/2023 2:45,4.402110956,0.0062
3/6/2023 3:00,6.099162957,0.0086
3/6/2023 3:15,6.099162957,0.0086
3/6/2023 3:30,4.402110956,0.0062
3/6/2023 3:45,6.099162957,0.0086
3/6/2023 4:00,7.933815557,0.0112
3/6/2023 4:15,7.933815557,0.0112
3/6/2023 4:30,4.402110956,0.0062
3/6/2023 4:45,4.402110956,0.0062
3/6/2023 5:00,6.099162957,0.0086
3/6/2023 5:15,4.402110956,0.0062
3/6/2023 5:30,3.36806233,0.0048
3/6/2023 5:45,6.099162957,0.0086
3/6/2023 6:00,6.099162957,0.0086
3/6/2023 6:15,6.694025856,0.0095
3/6/2023 6:30,3.36806233,0.0048
3/6/2023 6:45,6.089034242,0.0086
3/6/2023 7:00,6.089034242,0.0086
3/6/2023 7:15,4.946630151,0.007
3/6/2023 7:30,4.946630151,0.007
3/6/2023 7:45,6.099162957,0.0086
3/6/2023 8:00,4.402110956,0.0062
3/6/2023 8:15,2.766400111,0.0039
3/6/2023 8:30,2.880982424,0.0041
3/6/2023 8:45,3.869827791,0.0055
3/6/2023 9:00,2.546942543,0.0036
3/6/2023 9:15,2.880982424,0.0041
3/6/2023 9:30,3.36806233,0.0048
3/6/2023 9:45,2.5487565,0.0036
3/6/2023 10:00,2.247064306,0.0032
3/6/2023 10:15,2.343658254,0.0033
3/6/2023 10:30,5.519351521,0.0078
3/6/2023 10:45,2.343658254,0.0033
3/6/2023 11:00,3.001562931,0.0042
3/6/2023 11:15,2.061973956,0.0029
3/6/2023 11:30,2.343658254,0.0033
3/6/2023 11:45,2.882992075,0.0041
3/6/2023 12:00,2.343658254,0.0033
3/6/2023 12:15,2.247064306,0.0032
3/6/2023 12:30,2.247064306,0.0032
3/6/2023 12:45,1.88950475,0.0027
3/6/2023 13:00,2.343658254,0.0033
3/6/2023 13:15,2.882992075,0.0041
3/6/2023 13:30,2.546942543,0.0036
3/6/2023 13:45,2.546942543,0.0036
3/6/2023 14:00,2.546942543,0.0036
3/6/2023 14:15,2.546942543,0.0036
3/6/2023 14:30,2.766400111,0.0039
3/6/2023 14:45,2.766400111,0.0039
3/6/2023 15:00,2.546942543,0.0036
3/6/2023 15:15,3.869827791,0.0055
3/6/2023 15:30,2.880982424,0.0041
3/6/2023 15:45,2.245427057,0.0032
3/6/2023 16:00,2.880982424,0.0041
3/6/2023 16:15,2.880982424,0.0041
3/6/2023 16:30,2.880982424,0.0041
3/6/2023 16:45,2.546942543,0.0036
3/6/2023 17:00,2.880982424,0.0041
3/6/2023 17:15,2.880982424,0.0041
3/6/2023 17:30,1.973413743,0.0028
3/6/2023 17:45,2.880982424,0.0041
3/6/2023 18:00,3.36806233,0.0048
3/6/2023 18:15,3.869827791,0.0055
3/6/2023 18:30,2.880982424,0.0041
3/6/2023 18:45,2.880982424,0.0041
3/6/2023 19:00,3.869827791,0.0055
3/6/2023 19:15,4.946630151,0.007
3/6/2023 19:30,3.36806233,0.0048
3/6/2023 19:45,3.36806233,0.0048
3/6/2023 20:00,4.946630151,0.007
3/6/2023 20:15,6.694025856,0.0095
3/6/2023 20:30,4.946630151,0.007
3/6/2023 20:45,3.36806233,0.0048
3/6/2023 21:00,3.36806233,0.0048
3/6/2023 21:15,3.36806233,0.0048
3/6/2023 21:30,6.694025856,0.0095
3/6/2023 21:45,4.946630151,0.007
3/6/2023 22:00,4.946630151,0.007
3/6/2023 22:15,4.946630151,0.007
3/6/2023 22:30,3.36806233,0.0048
3/6/2023 22:45,6.694025856,0.0095
3/6/2023 23:00,2.882992075,0.0041
3/6/2023 23:15,2.766400111,0.0039
3/6/2023 23:30,4.946630151,0.007
3/6/2023 23:45,6.099162957,0.0086
3/7/2023 0:00,4.946630151,0.007
3/7/2023 0:15,3.36806233,0.0048
3/7/2023 0:30,6.694025856,0.0095
3/7/2023 0:45,9.872381543,0.014
3/7/2023 1:00,4.946630151,0.007
3/7/2023 1:15,4.946630151,0.007
3/7/2023 1:30,6.694025856,0.0095
3/7/2023 1:45,4.946630151,0.007
3/7/2023 2:00,4.402110956,0.0062
3/7/2023 2:15,6.099162957,0.0086
3/7/2023 2:30,4.402110956,0.0062
3/7/2023 2:45,6.694025856,0.0095
3/7/2023 3:00,3.36806233,0.0048
3/7/2023 3:15,3.36806233,0.0048
3/7/2023 3:30,2.880982424,0.0041
3/7/2023 3:45,6.099162957,0.0086
3/7/2023 4:00,4.402110956,0.0062
3/7/2023 4:15,3.36806233,0.0048
3/7/2023 4:30,2.766400111,0.0039
3/7/2023 4:45,2.5487565,0.0036
3/7/2023 5:00,4.392894674,0.0062
3/7/2023 5:15,3.36806233,0.0048
3/7/2023 5:30,2.766400111,0.0039
3/7/2023 5:45,2.44355038,0.0035
3/7/2023 6:00,3.36806233,0.0048
3/7/2023 6:15,3.36806233,0.0048
3/7/2023 6:30,3.36806233,0.0048
3/7/2023 6:45,3.36806233,0.0048
3/7/2023 7:00,4.402110956,0.0062
3/7/2023 7:15,4.946630151,0.007
3/7/2023 7:30,3.36806233,0.0048
3/7/2023 7:45,4.946630151,0.007
3/7/2023 8:00,4.946630151,0.007
3/7/2023 8:15,2.766400111,0.0039
3/7/2023 8:30,3.869827791,0.0055
3/7/2023 8:45,2.880982424,0.0041
3/7/2023 9:00,4.946630151,0.007
3/7/2023 9:15,3.878679674,0.0055
3/7/2023 9:30,3.36806233,0.0048
3/7/2023 9:45,2.882992075,0.0041
3/7/2023 10:00,2.882992075,0.0041
3/7/2023 10:15,2.5487565,0.0036
3/7/2023 10:30,2.5487565,0.0036
3/7/2023 10:45,2.5487565,0.0036
3/7/2023 11:00,3.878679674,0.0055
3/7/2023 11:15,2.343658254,0.0033
3/7/2023 11:30,2.343658254,0.0033
3/7/2023 11:45,3.001562931,0.0042
3/7/2023 12:00,2.882992075,0.0041
3/7/2023 12:15,2.5487565,0.0036
3/7/2023 12:30,2.882992075,0.0041
3/7/2023 12:45,2.5487565,0.0036
3/7/2023 13:00,2.5487565,0.0036
3/7/2023 13:15,2.655819812,0.0038
3/7/2023 13:30,2.343658254,0.0033
3/7/2023 13:45,2.655819812,0.0038
3/7/2023 14:00,2.546942543,0.0036
3/7/2023 14:15,2.546942543,0.0036
3/7/2023 14:30,2.880982424,0.0041
3/7/2023 14:45,2.880982424,0.0041
3/7/2023 15:00,2.245427057,0.0032
3/7/2023 15:15,2.546942543,0.0036
3/7/2023 15:30,3.36806233,0.0048
3/7/2023 15:45,2.5487565,0.0036
3/7/2023 16:00,2.44355038,0.0035
3/7/2023 16:15,3.36806233,0.0048
3/7/2023 16:30,2.247064306,0.0032
3/7/2023 16:45,2.343658254,0.0033
3/7/2023 17:00,2.880982424,0.0041
3/7/2023 17:15,3.36806233,0.0048
3/7/2023 17:30,4.946630151,0.007
3/7/2023 17:45,2.44355038,0.0035
3/7/2023 18:00,2.766400111,0.0039
3/7/2023 18:15,3.36806233,0.0048
3/7/2023 18:30,2.546942543,0.0036
3/7/2023 18:45,4.402110956,0.0062
3/7/2023 19:00,3.36806233,0.0048
3/7/2023 19:15,2.880982424,0.0041
3/7/2023 19:30,3.36806233,0.0048
3/7/2023 19:45,3.36806233,0.0048
3/7/2023 20:00,3.36806233,0.0048
3/7/2023 20:15,2.882992075,0.0041
3/7/2023 20:30,2.5487565,0.0036
3/7/2023 20:45,2.5487565,0.0036
3/7/2023 21:00,3.36806233,0.0048
3/7/2023 21:15,5.519351521,0.0078
3/7/2023 21:30,4.946630151,0.007
3/7/2023 21:45,3.878679674,0.0055
3/7/2023 22:00,3.36806233,0.0048
3/7/2023 22:15,3.878679674,0.0055
3/7/2023 22:30,5.519351521,0.0078
3/7/2023 22:45,5.519351521,0.0078
3/7/2023 23:00,6.694025856,0.0095
3/7/2023 23:15,4.946630151,0.007
3/7/2023 23:30,6.694025856,0.0095
3/7/2023 23:45,3.36806233,0.0048
3/8/2023 0:00,6.694025856,0.0095
3/8/2023 0:15,5.519351521,0.0078
3/8/2023 0:30,3.878679674,0.0055
3/8/2023 0:45,3.878679674,0.0055
3/8/2023 1:00,5.519351521,0.0078
3/8/2023 1:15,4.946630151,0.007
3/8/2023 1:30,3.878679674,0.0055
3/8/2023 1:45,7.923000907,0.0112
3/8/2023 2:00,6.694025856,0.0095
3/8/2023 2:15,2.882992075,0.0041
3/8/2023 2:30,4.946630151,0.007
3/8/2023 2:45,4.946630151,0.007
3/8/2023 3:00,6.694025856,0.0095
3/8/2023 3:15,8.566640628,0.0121
3/8/2023 3:30,4.946630151,0.007
3/8/2023 3:45,7.933815557,0.0112
3/8/2023 4:00,10.52993432,0.0149
3/8/2023 4:15,4.946630151,0.007
3/8/2023 4:30,4.946630151,0.007
3/8/2023 4:45,6.694025856,0.0095
3/8/2023 5:00,6.694025856,0.0095
3/8/2023 5:15,6.694025856,0.0095
3/8/2023 5:30,8.566640628,0.0121
3/8/2023 5:45,6.694025856,0.0095
3/8/2023 6:00,4.946630151,0.007
3/8/2023 6:15,9.872381543,0.014
3/8/2023 6:30,6.694025856,0.0095
3/8/2023 6:45,6.694025856,0.0095
3/8/2023 7:00,7.933815557,0.0112
3/8/2023 7:15,7.933815557,0.0112
3/8/2023 7:30,11.87587172,0.0168
3/8/2023 7:45,7.933815557,0.0112
3/8/2023 8:00,6.694025856,0.0095
3/8/2023 8:15,8.566640628,0.0121
3/8/2023 8:30,3.878679674,0.0055
3/8/2023 8:45,4.946630151,0.007
3/8/2023 9:00,3.36806233,0.0048
3/8/2023 9:15,4.946630151,0.007
3/8/2023 9:30,3.869827791,0.0055
3/8/2023 9:45,3.869827791,0.0055
3/8/2023 10:00,2.999484758,0.0042
3/8/2023 10:15,2.653942833,0.0038
3/8/2023 10:30,2.999484758,0.0042
3/8/2023 10:45,2.341965306,0.0033
3/8/2023 11:00,2.653942833,0.0038
3/8/2023 11:15,2.880982424,0.0041
3/8/2023 11:30,2.880982424,0.0041
3/8/2023 11:45,2.880982424,0.0041
3/8/2023 12:00,2.343658254,0.0033
3/8/2023 12:15,2.655819812,0.0038
3/8/2023 12:30,1.808626597,0.0026
3/8/2023 12:45,2.5487565,0.0036
3/8/2023 13:00,2.882992075,0.0041
3/8/2023 13:15,2.882992075,0.0041
3/8/2023 13:30,2.546942543,0.0036
3/8/2023 13:45,3.36806233,0.0048
3/8/2023 14:00,2.546942543,0.0036
3/8/2023 14:15,2.546942543,0.0036
3/8/2023 14:30,2.882992075,0.0041
3/8/2023 14:45,2.882992075,0.0041
3/8/2023 15:00,3.878679674,0.0055
3/8/2023 15:15,2.882992075,0.0041
3/8/2023 15:30,2.882992075,0.0041
3/8/2023 15:45,3.36806233,0.0048
3/8/2023 16:00,3.36806233,0.0048
3/8/2023 16:15,2.766400111,0.0039
3/8/2023 16:30,4.402110956,0.0062
3/8/2023 16:45,3.36806233,0.0048
3/8/2023 17:00,3.36806233,0.0048
3/8/2023 17:15,4.402110956,0.0062
3/8/2023 17:30,6.099162957,0.0086
3/8/2023 17:45,6.694025856,0.0095
3/8/2023 18:00,4.402110956,0.0062
3/8/2023 18:15,4.946630151,0.007
3/8/2023 18:30,3.36806233,0.0048
3/8/2023 18:45,7.933815557,0.0112
3/8/2023 19:00,7.933815557,0.0112
3/8/2023 19:15,6.099162957,0.0086
3/8/2023 19:30,6.099162957,0.0086
3/8/2023 19:45,7.933815557,0.0112
3/8/2023 20:00,7.933815557,0.0112
3/8/2023 20:15,4.946630151,0.007
3/8/2023 20:30,6.694025856,0.0095
3/8/2023 20:45,6.089034242,0.0086
3/8/2023 21:00,9.86108334,0.014
3/8/2023 21:15,6.089034242,0.0086
3/8/2023 21:30,6.089034242,0.0086
3/8/2023 21:45,3.36806233,0.0048
3/8/2023 22:00,4.946630151,0.007
3/8/2023 22:15,4.946630151,0.007
3/8/2023 22:30,4.392894674,0.0062
3/8/2023 22:45,6.089034242,0.0086
3/8/2023 23:00,4.946630151,0.007
3/8/2023 23:15,7.923000907,0.0112
3/8/2023 23:30,4.392894674,0.0062
3/8/2023 23:45,6.089034242,0.0086
3/9/2023 0:00,4.392894674,0.0062
3/9/2023 0:15,7.923000907,0.0112
3/9/2023 0:30,6.089034242,0.0086
3/9/2023 0:45,6.089034242,0.0086
3/9/2023 1:00,6.694025856,0.0095
3/9/2023 1:15,7.923000907,0.0112
3/9/2023 1:30,6.694025856,0.0095
3/9/2023 1:45,6.694025856,0.0095
3/9/2023 2:00,4.946630151,0.007
3/9/2023 2:15,4.946630151,0.007
3/9/2023 2:30,9.872381543,0.014
3/9/2023 2:45,7.933815557,0.0112
3/9/2023 3:00,7.933815557,0.0112
3/9/2023 3:15,11.19461688,0.0158
3/9/2023 3:30,7.923000907,0.0112
3/9/2023 3:45,7.923000907,0.0112
3/9/2023 4:00,7.923000907,0.0112
3/9/2023 4:15,6.089034242,0.0086
3/9/2023 4:30,7.923000907,0.0112
3/9/2023 4:45,7.923000907,0.0112
3/9/2023 5:00,7.923000907,0.0112
3/9/2023 5:15,6.089034242,0.0086
3/9/2023 5:30,7.923000907,0.0112
3/9/2023 5:45,6.089034242,0.0086
3/9/2023 6:00,6.694025856,0.0095
3/9/2023 6:15,7.933815557,0.0112
3/9/2023 6:30,7.933815557,0.0112
3/9/2023 6:45,6.099162957,0.0086
3/9/2023 7:00,7.933815557,0.0112
3/9/2023 7:15,7.933815557,0.0112
3/9/2023 7:30,7.933815557,0.0112
3/9/2023 7:45,7.933815557,0.0112
3/9/2023 8:00,6.694025856,0.0095
3/9/2023 8:15,7.933815557,0.0112
3/9/2023 8:30,6.099162957,0.0086
3/9/2023 8:45,4.946630151,0.007
3/9/2023 9:00,5.519351521,0.0078
3/9/2023 9:15,5.519351521,0.0078
3/9/2023 9:30,6.694025856,0.0095
3/9/2023 9:45,2.343658254,0.0033
3/9/2023 10:00,2.880982424,0.0041
3/9/2023 10:15,2.653942833,0.0038
3/9/2023 10:30,5.509495866,0.0078
3/9/2023 10:45,2.999484758,0.0042
3/9/2023 11:00,2.655819812,0.0038
3/9/2023 11:15,5.509495866,0.0078
3/9/2023 11:30,3.869827791,0.0055
3/9/2023 11:45,2.343658254,0.0033
3/9/2023 12:00,2.655819812,0.0038
3/9/2023 12:15,2.655819812,0.0038
3/9/2023 12:30,2.343658254,0.0033
3/9/2023 12:45,2.343658254,0.0033
3/9/2023 13:00,2.655819812,0.0038
3/9/2023 13:15,2.655819812,0.0038
3/9/2023 13:30,2.655819812,0.0038
3/9/2023 13:45,2.341965306,0.0033
3/9/2023 14:00,2.653942833,0.0038
3/9/2023 14:15,2.341965306,0.0033
3/9/2023 14:30,2.999484758,0.0042
3/9/2023 14:45,2.653942833,0.0038
3/9/2023 15:00,2.341965306,0.0033
3/9/2023 15:15,2.999484758,0.0042
3/9/2023 15:30,2.653942833,0.0038
3/9/2023 15:45,2.653942833,0.0038
3/9/2023 16:00,2.653942833,0.0038
3/9/2023 16:15,3.001562931,0.0042
3/9/2023 16:30,3.001562931,0.0042
3/9/2023 16:45,3.001562931,0.0042
3/9/2023 17:00,3.001562931,0.0042
3/9/2023 17:15,3.869827791,0.0055
3/9/2023 17:30,6.694025856,0.0095
3/9/2023 17:45,3.869827791,0.0055
3/9/2023 18:00,3.001562931,0.0042
3/9/2023 18:15,3.878679674,0.0055
3/9/2023 18:30,5.519351521,0.0078
3/9/2023 18:45,5.519351521,0.0078
3/9/2023 19:00,5.519351521,0.0078
3/9/2023 19:15,5.519351521,0.0078
3/9/2023 19:30,7.312303704,0.0104
3/9/2023 19:45,5.519351521,0.0078
3/9/2023 20:00,8.566640628,0.0121
3/9/2023 20:15,7.312303704,0.0104
3/9/2023 20:30,5.519351521,0.0078
3/9/2023 20:45,7.312303704,0.0104
3/9/2023 21:00,10.52993432,0.0149
3/9/2023 21:15,7.312303704,0.0104
3/9/2023 21:30,6.694025856,0.0095
3/9/2023 21:45,5.509495866,0.0078
3/9/2023 22:00,7.301694475,0.0103
3/9/2023 22:15,7.301694475,0.0103
3/9/2023 22:30,7.301694475,0.0103
3/9/2023 22:45,7.301694475,0.0103
3/9/2023 23:00,9.209599065,0.013
3/9/2023 23:15,9.209599065,0.013
3/9/2023 23:30,6.089034242,0.0086
3/9/2023 23:45,7.301694475,0.0103
3/10/2023 0:00,5.509495866,0.0078
3/10/2023 0:15,5.509495866,0.0078
3/10/2023 0:30,6.694025856,0.0095
3/10/2023 0:45,6.694025856,0.0095
3/10/2023 1:00,7.312303704,0.0104
3/10/2023 1:15,6.694025856,0.0095
3/10/2023 1:30,9.220765336,0.0131
3/10/2023 1:45,3.878679674,0.0055
3/10/2023 2:00,7.312303704,0.0104
3/10/2023 2:15,8.566640628,0.0121
3/10/2023 2:30,7.312303704,0.0104
3/10/2023 2:45,3.878679674,0.0055
3/10/2023 3:00,5.519351521,0.0078
3/10/2023 3:15,7.312303704,0.0104
3/10/2023 3:30,8.566640628,0.0121
3/10/2023 3:45,7.301694475,0.0103
3/10/2023 4:00,8.566640628,0.0121
3/10/2023 4:15,6.694025856,0.0095
3/10/2023 4:30,6.694025856,0.0095
3/10/2023 4:45,4.946630151,0.007
3/10/2023 5:00,10.52993432,0.0149
3/10/2023 5:15,8.566640628,0.0121
3/10/2023 5:30,10.52993432,0.0149
3/10/2023 5:45,10.52993432,0.0149
3/10/2023 6:00,8.566640628,0.0121
3/10/2023 6:15,12.54962538,0.0178
3/10/2023 6:30,8.566640628,0.0121
3/10/2023 6:45,10.52993432,0.0149
3/10/2023 7:00,8.566640628,0.0121
3/10/2023 7:15,6.694025856,0.0095
3/10/2023 7:30,3.36806233,0.0048
3/10/2023 7:45,5.509495866,0.0078
3/10/2023 8:00,4.946630151,0.007
3/10/2023 8:15,7.301694475,0.0103
3/10/2023 8:30,6.694025856,0.0095
3/10/2023 8:45,4.946630151,0.007
3/10/2023 9:00,5.519351521,0.0078
3/10/2023 9:15,3.36806233,0.0048
3/10/2023 9:30,2.882992075,0.0041
3/10/2023 9:45,2.655819812,0.0038
3/10/2023 10:00,2.880982424,0.0041
3/10/2023 10:15,2.5487565,0.0036
3/10/2023 10:30,4.946630151,0.007
3/10/2023 10:45,3.001562931,0.0042
3/10/2023 11:00,2.5487565,0.0036
3/10/2023 11:15,2.343658254,0.0033
3/10/2023 11:30,3.878679674,0.0055
3/10/2023 11:45,3.36806233,0.0048
3/10/2023 12:00,2.655819812,0.0038
3/10/2023 12:15,2.880982424,0.0041
3/10/2023 12:30,2.882992075,0.0041
3/10/2023 12:45,3.36806233,0.0048
3/10/2023 13:00,2.546942543,0.0036
3/10/2023 13:15,2.880982424,0.0041
3/10/2023 13:30,2.546942543,0.0036
3/10/2023 13:45,3.36806233,0.0048
3/10/2023 14:00,2.880982424,0.0041
3/10/2023 14:15,3.36806233,0.0048
3/10/2023 14:30,2.546942543,0.0036
3/10/2023 14:45,2.766400111,0.0039
3/10/2023 15:00,3.36806233,0.0048
3/10/2023 15:15,4.402110956,0.0062
3/10/2023 15:30,4.402110956,0.0062
3/10/2023 15:45,4.946630151,0.007
3/10/2023 16:00,9.220765336,0.0131
3/10/2023 16:15,6.694025856,0.0095
3/10/2023 16:30,9.872381543,0.014
3/10/2023 16:45,7.933815557,0.0112
3/10/2023 17:00,9.220765336,0.0131
3/10/2023 17:15,6.099162957,0.0086
3/10/2023 17:30,11.87587172,0.0168
3/10/2023 17:45,11.19461688,0.0158
3/10/2023 18:00,9.209599065,0.013
3/10/2023 18:15,9.872381543,0.014
3/10/2023 18:30,13.22696557,0.0187
3/10/2023 18:45,11.87587172,0.0168
3/10/2023 19:00,13.23867651,0.0187
3/10/2023 19:15,15.28813691,0.0216
3/10/2023 19:30,16.6764369,0.0236
3/10/2023 19:45,16.6764369,0.0236
3/10/2023 20:00,17.3765462,0.0246
3/10/2023 20:15,15.2999806,0.0217
3/10/2023 20:30,14.6021538,0.0207
3/10/2023 20:45,14.6021538,0.0207
3/10/2023 21:00,16.6764369,0.0236
3/10/2023 21:15,15.2999806,0.0217
3/10/2023 21:30,13.23867651,0.0187
3/10/2023 21:45,13.23867651,0.0187
3/10/2023 22:00,13.23867651,0.0187
3/10/2023 22:15,11.20612373,0.0159
3/10/2023 22:30,13.23867651,0.0187
3/10/2023 22:45,11.20612373,0.0159
3/10/2023 23:00,9.872381543,0.014
3/10/2023 23:15,13.22696557,0.0187
3/10/2023 23:30,14.6021538,0.0207
3/10/2023 23:45,9.209599065,0.013
3/11/2023 0:00,11.19461688,0.0158
3/11/2023 0:15,12.54962538,0.0178
3/11/2023 0:30,11.19461688,0.0158
3/11/2023 0:45,11.19461688,0.0158
3/11/2023 1:00,14.6021538,0.0207
3/11/2023 1:15,13.22696557,0.0187
3/11/2023 1:30,16.6764369,0.0236
3/11/2023 1:45,16.6764369,0.0236
3/11/2023 2:00,10.52993432,0.0149
3/11/2023 2:15,16.6764369,0.0236
3/11/2023 2:30,13.90664004,0.0197
3/11/2023 2:45,13.90664004,0.0197
3/11/2023 3:00,15.97578169,0.0226
3/11/2023 3:15,15.97578169,0.0226
3/11/2023 3:30,15.987649,0.0226
3/11/2023 3:45,15.987649,0.0226
3/11/2023 4:00,13.9184057,0.0197
3/11/2023 4:15,15.987649,0.0226
3/11/2023 4:30,17.36465688,0.0246
3/11/2023 4:45,11.8642878,0.0168
3/11/2023 5:00,18.06611208,0.0256
3/11/2023 5:15,13.90664004,0.0197
3/11/2023 5:30,11.8642878,0.0168
3/11/2023 5:45,15.97578169,0.0226
3/11/2023 6:00,11.87587172,0.0168
3/11/2023 6:15,11.8642878,0.0168
3/11/2023 6:30,15.97578169,0.0226
3/11/2023 6:45,13.90664004,0.0197
3/11/2023 7:00,11.8642878,0.0168
3/11/2023 7:15,12.54962538,0.0178
3/11/2023 7:30,18.05422365,0.0256
3/11/2023 7:45,17.36465688,0.0246
3/11/2023 8:00,13.9184057,0.0197
3/11/2023 8:15,18.06611208,0.0256
3/11/2023 8:30,12.54962538,0.0178
3/11/2023 8:45,10.52993432,0.0149
3/11/2023 9:00,10.52993432,0.0149
3/11/2023 9:15,11.19461688,0.0158
3/11/2023 9:30,13.9184057,0.0197
3/11/2023 9:45,10.52993432,0.0149
3/11/2023 10:00,11.19461688,0.0158
3/11/2023 10:15,9.209599065,0.013
3/11/2023 10:30,15.987649,0.0226
3/11/2023 10:45,11.19461688,0.0158
3/11/2023 11:00,14.6021538,0.0207
3/11/2023 11:15,15.987649,0.0226
3/11/2023 11:30,12.54962538,0.0178
3/11/2023 11:45,12.54962538,0.0178
3/11/2023 12:00,11.87587172,0.0168
3/11/2023 12:15,9.209599065,0.013
3/11/2023 12:30,7.301694475,0.0103
3/11/2023 12:45,12.54962538,0.0178
3/11/2023 13:00,18.06611208,0.0256
3/11/2023 13:15,12.54962538,0.0178
3/11/2023 13:30,13.9184057,0.0197
3/11/2023 13:45,15.97578169,0.0226
3/11/2023 14:00,18.05422365,0.0256
3/11/2023 14:15,13.9184057,0.0197
3/11/2023 14:30,14.6021538,0.0207
3/11/2023 14:45,13.9184057,0.0197
3/11/2023 15:00,13.9184057,0.0197
3/11/2023 15:15,19.45586122,0.0275
3/11/2023 15:30,13.9184057,0.0197
3/11/2023 15:45,18.06611208,0.0256
3/11/2023 16:00,15.987649,0.0226
3/11/2023 16:15,15.987649,0.0226
3/11/2023 16:30,18.06611208,0.0256
3/11/2023 16:45,18.06611208,0.0256
3/11/2023 17:00,18.06611208,0.0256
3/11/2023 17:15,15.987649,0.0226
3/11/2023 17:30,13.9184057,0.0197
3/11/2023 17:45,16.6764369,0.0236
3/11/2023 18:00,15.987649,0.0226
3/11/2023 18:15,15.987649,0.0226
3/11/2023 18:30,18.05422365,0.0256
3/11/2023 18:45,20.13153875,0.0285
3/11/2023 19:00,18.05422365,0.0256
3/11/2023 19:15,20.13153875,0.0285
3/11/2023 19:30,18.05422365,0.0256
3/11/2023 19:45,20.13153875,0.0285
3/11/2023 20:00,18.05422365,0.0256
3/11/2023 20:15,18.05422365,0.0256
3/11/2023 20:30,13.90664004,0.0197
3/11/2023 20:45,18.06611208,0.0256
3/11/2023 21:00,18.75539669,0.0266
3/11/2023 21:15,18.75539669,0.0266
3/11/2023 21:30,18.75539669,0.0266
3/11/2023 21:45,18.06611208,0.0256
3/11/2023 22:00,20.14338164,0.0285
3/11/2023 22:15,20.14338164,0.0285
3/11/2023 22:30,18.06611208,0.0256
3/11/2023 22:45,18.75539669,0.0266
3/11/2023 23:00,18.75539669,0.0266
3/11/2023 23:15,18.75539669,0.0266
3/11/2023 23:30,20.14338164,0.0285
3/11/2023 23:45,20.14338164,0.0285
3/12/2023 0:00,22.19500954,0.0314
3/12/2023 0:15,18.05422365,0.0256
3/12/2023 0:30,20.13153875,0.0285
3/12/2023 0:45,20.14338164,0.0285
3/12/2023 1:00,18.06611208,0.0256
3/12/2023 1:15,20.14338164,0.0285
3/12/2023 1:30,16.6764369,0.0236
3/12/2023 1:45,15.97578169,0.0226
3/12/2023 2:00,18.06611208,0.0256
3/12/2023 2:15,16.6764369,0.0236
3/12/2023 2:30,15.987649,0.0226
3/12/2023 2:45,18.06611208,0.0256
3/12/2023 3:00,18.06611208,0.0256
3/12/2023 3:15,15.987649,0.0226
3/12/2023 3:30,16.6764369,0.0236
3/12/2023 3:45,18.05422365,0.0256
3/12/2023 4:00,14.6021538,0.0207
3/12/2023 4:15,18.05422365,0.0256
3/12/2023 4:30,20.13153875,0.0285
3/12/2023 4:45,22.19500954,0.0314
3/12/2023 5:00,20.13153875,0.0285
3/12/2023 5:15,18.06611208,0.0256
3/12/2023 5:30,18.75539669,0.0266
3/12/2023 5:45,15.97578169,0.0226
3/12/2023 6:00,22.19500954,0.0314
3/12/2023 6:15,18.05422365,0.0256
3/12/2023 6:30,20.13153875,0.0285
3/12/2023 6:45,23.56410278,0.0334
3/12/2023 7:00,22.20675374,0.0314
3/12/2023 7:15,22.20675374,0.0314
3/12/2023 7:30,22.20675374,0.0314
3/12/2023 7:45,20.82830713,0.0295
3/12/2023 8:00,20.82830713,0.0295
3/12/2023 8:15,22.20675374,0.0314
3/12/2023 8:30,18.75539669,0.0266
3/12/2023 8:45,18.75539669,0.0266
3/12/2023 9:00,18.75539669,0.0266
3/12/2023 9:15,16.6764369,0.0236
3/12/2023 9:30,16.6764369,0.0236
3/12/2023 9:45,13.22696557,0.0187
3/12/2023 10:00,8.566640628,0.0121
3/12/2023 10:15,9.86108334,0.014
3/12/2023 10:30,13.22696557,0.0187
3/12/2023 10:45,11.87587172,0.0168
3/12/2023 11:00,11.87587172,0.0168
3/12/2023 11:15,13.23867651,0.0187
3/12/2023 11:30,15.2999806,0.0217
3/12/2023 11:45,11.87587172,0.0168
3/12/2023 12:00,13.23867651,0.0187
3/12/2023 12:15,11.87587172,0.0168
3/12/2023 12:30,9.872381543,0.014
3/12/2023 12:45,7.933815557,0.0112
3/12/2023 13:00,7.933815557,0.0112
3/12/2023 13:15,9.872381543,0.014
3/12/2023 13:30,15.28813691,0.0216
3/12/2023 13:45,9.86108334,0.014
3/12/2023 14:00,9.86108334,0.014
3/12/2023 14:15,11.8642878,0.0168
3/12/2023 14:30,15.28813691,0.0216
3/12/2023 14:45,15.28813691,0.0216
3/12/2023 15:00,14.6021538,0.0207
3/12/2023 15:15,18.75539669,0.0266
3/12/2023 15:30,13.23867651,0.0187
3/12/2023 15:45,13.23867651,0.0187
3/12/2023 16:00,14.6021538,0.0207
3/12/2023 16:15,15.2999806,0.0217
3/12/2023 16:30,14.6021538,0.0207
3/12/2023 16:45,18.75539669,0.0266
3/12/2023 17:00,18.75539669,0.0266
3/12/2023 17:15,17.3765462,0.0246
3/12/2023 17:30,18.75539669,0.0266
3/12/2023 17:45,16.6764369,0.0236
3/12/2023 18:00,18.75539669,0.0266
3/12/2023 18:15,16.6764369,0.0236
3/12/2023 18:30,18.75539669,0.0266
3/12/2023 18:45,18.75539669,0.0266
3/12/2023 19:00,18.75539669,0.0266
3/12/2023 19:15,18.75539669,0.0266
3/12/2023 19:30,18.75539669,0.0266
3/12/2023 19:45,20.82830713,0.0295
3/12/2023 20:00,18.75539669,0.0266
3/12/2023 20:15,20.82830713,0.0295
3/12/2023 20:30,19.45586122,0.0275
3/12/2023 20:45,17.3765462,0.0246
3/12/2023 21:00,17.3765462,0.0246
3/12/2023 21:15,17.3765462,0.0246
3/12/2023 21:30,17.3765462,0.0246
3/12/2023 21:45,17.3765462,0.0246
3/12/2023 22:00,15.2999806,0.0217
3/12/2023 22:15,19.45586122,0.0275
3/12/2023 22:30,18.75539669,0.0266
3/12/2023 22:45,17.3765462,0.0246
3/12/2023 23:00,19.45586122,0.0275
3/12/2023 23:15,17.3765462,0.0246
3/12/2023 23:30,21.52446023,0.0305
3/12/2023 23:45,15.987649,0.0226
3/13/2023 0:00,15.28813691,0.0216
3/13/2023 0:15,19.44399686,0.0275
3/13/2023 0:30,17.3765462,0.0246
3/13/2023 0:45,17.3765462,0.0246
3/13/2023 1:00,17.3765462,0.0246
3/13/2023 1:15,21.52446023,0.0305
3/13/2023 1:30,17.3765462,0.0246
3/13/2023 1:45,17.3765462,0.0246
3/13/2023 2:00,17.3765462,0.0246
3/13/2023 2:15,17.3765462,0.0246
3/13/2023 2:30,15.987649,0.0226
3/13/2023 2:45,18.75539669,0.0266
3/13/2023 3:00,18.75539669,0.0266
3/13/2023 3:15,17.3765462,0.0246
3/13/2023 3:30,19.45586122,0.0275
3/13/2023 3:45,19.45586122,0.0275
3/13/2023 4:00,17.3765462,0.0246
3/13/2023 4:15,15.2999806,0.0217
3/13/2023 4:30,17.3765462,0.0246
3/13/2023 4:45,18.75539669,0.0266
3/13/2023 5:00,17.3765462,0.0246
3/13/2023 5:15,18.75539669,0.0266
3/13/2023 5:30,20.82830713,0.0295
3/13/2023 5:45,18.75539669,0.0266
3/13/2023 6:00,19.45586122,0.0275
3/13/2023 6:15,18.75539669,0.0266
3/13/2023 6:30,18.75539669,0.0266
3/13/2023 6:45,16.6764369,0.0236
3/13/2023 7:00,18.75539669,0.0266
3/13/2023 7:15,18.75539669,0.0266
3/13/2023 7:30,20.82830713,0.0295
3/13/2023 7:45,22.88672125,0.0324
3/13/2023 8:00,18.75539669,0.0266
3/13/2023 8:15,17.36465688,0.0246
3/13/2023 8:30,22.88672125,0.0324
3/13/2023 8:45,19.44399686,0.0275
3/13/2023 9:00,18.05422365,0.0256
3/13/2023 9:15,17.36465688,0.0246
3/13/2023 9:30,18.05422365,0.0256
3/13/2023 9:45,11.8642878,0.0168
3/13/2023 10:00,13.9184057,0.0197
3/13/2023 10:15,10.52993432,0.0149
3/13/2023 10:30,10.52993432,0.0149
3/13/2023 10:45,12.54962538,0.0178
3/13/2023 11:00,10.52993432,0.0149
3/13/2023 11:15,12.54962538,0.0178
3/13/2023 11:30,13.90664004,0.0197
3/13/2023 11:45,13.90664004,0.0197
3/13/2023 12:00,11.8642878,0.0168
3/13/2023 12:15,13.22696557,0.0187
3/13/2023 12:30,9.86108334,0.014
3/13/2023 12:45,13.90664004,0.0197
3/13/2023 13:00,10.52993432,0.0149
3/13/2023 13:15,6.694025856,0.0095
3/13/2023 13:30,11.87587172,0.0168
3/13/2023 13:45,11.87587172,0.0168
3/13/2023 14:00,9.872381543,0.014
3/13/2023 14:15,15.987649,0.0226
3/13/2023 14:30,13.22696557,0.0187
3/13/2023 14:45,15.28813691,0.0216
3/13/2023 15:00,13.22696557,0.0187
3/13/2023 15:15,18.75539669,0.0266
3/13/2023 15:30,19.44399686,0.0275
3/13/2023 15:45,18.75539669,0.0266
3/13/2023 16:00,13.22696557,0.0187
3/13/2023 16:15,16.6764369,0.0236
3/13/2023 16:30,18.75539669,0.0266
3/13/2023 16:45,16.6764369,0.0236
3/13/2023 17:00,17.36465688,0.0246
3/13/2023 17:15,17.36465688,0.0246
3/13/2023 17:30,20.82830713,0.0295
3/13/2023 17:45,20.82830713,0.0295
3/13/2023 18:00,16.6764369,0.0236
3/13/2023 18:15,13.22696557,0.0187
3/13/2023 18:30,19.44399686,0.0275
3/13/2023 18:45,18.75539669,0.0266
3/13/2023 19:00,19.44399686,0.0275
3/13/2023 19:15,15.28813691,0.0216
3/13/2023 19:30,20.82830713,0.0295
3/13/2023 19:45,18.75539669,0.0266
3/13/2023 20:00,18.75539669,0.0266
3/13/2023 20:15,18.75539669,0.0266
3/13/2023 20:30,21.52446023,0.0305
3/13/2023 20:45,21.52446023,0.0305
3/13/2023 21:00,19.45586122,0.0275
3/13/2023 21:15,21.52446023,0.0305
3/13/2023 21:30,22.88672125,0.0324
3/13/2023 21:45,22.88672125,0.0324
3/13/2023 22:00,21.52446023,0.0305
3/13/2023 22:15,20.82830713,0.0295
3/13/2023 22:30,22.88672125,0.0324
3/13/2023 22:45,26.92592694,0.0381
3/13/2023 23:00,22.88672125,0.0324
3/13/2023 23:15,24.23749468,0.0343
3/13/2023 23:30,21.52446023,0.0305
3/13/2023 23:45,17.3765462,0.0246
3/14/2023 0:00,22.88672125,0.0324
3/14/2023 0:15,22.88672125,0.0324
3/14/2023 0:30,22.88672125,0.0324
3/14/2023 0:45,22.88672125,0.0324
3/14/2023 1:00,22.88672125,0.0324
3/14/2023 1:15,20.82830713,0.0295
3/14/2023 1:30,22.88672125,0.0324
3/14/2023 1:45,19.44399686,0.0275
3/14/2023 2:00,24.92055003,0.0353
3/14/2023 2:15,22.88672125,0.0324
3/14/2023 2:30,22.88672125,0.0324
3/14/2023 2:45,22.88672125,0.0324
3/14/2023 3:00,22.88672125,0.0324
3/14/2023 3:15,20.82830713,0.0295
3/14/2023 3:30,24.92055003,0.0353
3/14/2023 3:45,22.88672125,0.0324
3/14/2023 4:00,22.88672125,0.0324
3/14/2023 4:15,22.88672125,0.0324
3/14/2023 4:30,20.82830713,0.0295
3/14/2023 4:45,26.92592694,0.0381
3/14/2023 5:00,24.23749468,0.0343
3/14/2023 5:15,24.23749468,0.0343
3/14/2023 5:30,22.88672125,0.0324
3/14/2023 5:45,22.88672125,0.0324
3/14/2023 6:00,24.23749468,0.0343
3/14/2023 6:15,26.25346582,0.0372
3/14/2023 6:30,22.88672125,0.0324
3/14/2023 6:45,20.82830713,0.0295
3/14/2023 7:00,26.26489579,0.0372
3/14/2023 7:15,22.88672125,0.0324
3/14/2023 7:30,22.88672125,0.0324
3/14/2023 7:45,23.56410278,0.0334
3/14/2023 8:00,23.56410278,0.0334
3/14/2023 8:15,22.88672125,0.0324
3/14/2023 8:30,23.56410278,0.0334
3/14/2023 8:45,21.52446023,0.0305
3/14/2023 9:00,20.14338164,0.0285
3/14/2023 9:15,23.56410278,0.0334
3/14/2023 9:30,18.05422365,0.0256
3/14/2023 9:45,13.90664004,0.0197
3/14/2023 10:00,11.19461688,0.0158
3/14/2023 10:15,9.209599065,0.013
3/14/2023 10:30,9.209599065,0.013
3/14/2023 10:45,10.52993432,0.0149
3/14/2023 11:00,9.209599065,0.013
3/14/2023 11:15,10.52993432,0.0149
3/14/2023 11:30,13.22696557,0.0187
3/14/2023 11:45,12.54962538,0.0178
3/14/2023 12:00,12.54962538,0.0178
3/14/2023 12:15,13.22696557,0.0187
3/14/2023 12:30,12.54962538,0.0178
3/14/2023 12:45,11.19461688,0.0158
3/14/2023 13:00,11.19461688,0.0158
3/14/2023 13:15,12.54962538,0.0178
3/14/2023 13:30,10.52993432,0.0149
3/14/2023 13:45,10.52993432,0.0149
3/14/2023 14:00,11.20612373,0.0159
3/14/2023 14:15,10.52993432,0.0149
3/14/2023 14:30,10.52993432,0.0149
3/14/2023 14:45,13.9184057,0.0197
3/14/2023 15:00,12.54962538,0.0178
3/14/2023 15:15,10.52993432,0.0149
3/14/2023 15:30,12.54962538,0.0178
3/14/2023 15:45,12.54962538,0.0178
3/14/2023 16:00,12.54962538,0.0178
3/14/2023 16:15,14.6021538,0.0207
3/14/2023 16:30,12.54962538,0.0178
3/14/2023 16:45,16.6764369,0.0236
3/14/2023 17:00,16.6764369,0.0236
3/14/2023 17:15,18.06611208,0.0256
3/14/2023 17:30,14.6021538,0.0207
3/14/2023 17:45,16.6764369,0.0236
3/14/2023 18:00,18.06611208,0.0256
3/14/2023 18:15,15.987649,0.0226
3/14/2023 18:30,21.52446023,0.0305
3/14/2023 18:45,20.14338164,0.0285
3/14/2023 19:00,21.52446023,0.0305
3/14/2023 19:15,19.45586122,0.0275
3/14/2023 19:30,21.52446023,0.0305
3/14/2023 19:45,23.57575709,0.0334
3/14/2023 20:00,21.52446023,0.0305
3/14/2023 20:15,23.57575709,0.0334
3/14/2023 20:30,19.44399686,0.0275
3/14/2023 20:45,19.44399686,0.0275
3/14/2023 21:00,21.51267791,0.0305
3/14/2023 21:15,20.13153875,0.0285
3/14/2023 21:30,22.19500954,0.0314
3/14/2023 21:45,17.36465688,0.0246
3/14/2023 22:00,19.44399686,0.0275
3/14/2023 22:15,19.44399686,0.0275
3/14/2023 22:30,19.44399686,0.0275
3/14/2023 22:45,18.06611208,0.0256
3/14/2023 23:00,19.44399686,0.0275
3/14/2023 23:15,19.44399686,0.0275
3/14/2023 23:30,24.92055003,0.0353
3/14/2023 23:45,19.45586122,0.0275
3/15/2023 0:00,19.45586122,0.0275
3/15/2023 0:15,21.52446023,0.0305
3/15/2023 0:30,21.52446023,0.0305
3/15/2023 0:45,21.52446023,0.0305
3/15/2023 1:00,20.14338164,0.0285
3/15/2023 1:15,21.51267791,0.0305
3/15/2023 1:30,18.06611208,0.0256
3/15/2023 1:45,21.51267791,0.0305
3/15/2023 2:00,21.51267791,0.0305
3/15/2023 2:15,21.51267791,0.0305
3/15/2023 2:30,19.44399686,0.0275
3/15/2023 2:45,19.44399686,0.0275
3/15/2023 3:00,20.82830713,0.0295
3/15/2023 3:15,19.45586122,0.0275
3/15/2023 3:30,21.52446023,0.0305
3/15/2023 3:45,20.82830713,0.0295
3/15/2023 4:00,18.75539669,0.0266
3/15/2023 4:15,20.82830713,0.0295
3/15/2023 4:30,18.75539669,0.0266
3/15/2023 4:45,22.88672125,0.0324
3/15/2023 5:00,20.82830713,0.0295
3/15/2023 5:15,20.82830713,0.0295
3/15/2023 5:30,20.82830713,0.0295
3/15/2023 5:45,20.82830713,0.0295
3/15/2023 6:00,18.75539669,0.0266
3/15/2023 6:15,18.75539669,0.0266
3/15/2023 6:30,20.82830713,0.0295
3/15/2023 6:45,20.82830713,0.0295
3/15/2023 7:00,20.82830713,0.0295
3/15/2023 7:15,18.75539669,0.0266
3/15/2023 7:30,20.14338164,0.0285
3/15/2023 7:45,20.14338164,0.0285
3/15/2023 8:00,16.6764369,0.0236
3/15/2023 8:15,18.75539669,0.0266
3/15/2023 8:30,16.6764369,0.0236
3/15/2023 8:45,15.28813691,0.0216
3/15/2023 9:00,17.36465688,0.0246
3/15/2023 9:15,18.75539669,0.0266
3/15/2023 9:30,18.75539669,0.0266
3/15/2023 9:45,15.28813691,0.0216
3/15/2023 10:00,17.36465688,0.0246
3/15/2023 10:15,13.22696557,0.0187
3/15/2023 10:30,16.6764369,0.0236
3/15/2023 10:45,13.9184057,0.0197
3/15/2023 11:00,15.28813691,0.0216
3/15/2023 11:15,14.6021538,0.0207
3/15/2023 11:30,16.6764369,0.0236
3/15/2023 11:45,17.3765462,0.0246
3/15/2023 12:00,16.6764369,0.0236
3/15/2023 12:15,11.19461688,0.0158
3/15/2023 12:30,15.28813691,0.0216
3/15/2023 12:45,18.75539669,0.0266
3/15/2023 13:00,15.28813691,0.0216
3/15/2023 13:15,16.6764369,0.0236
3/15/2023 13:30,18.75539669,0.0266
3/15/2023 13:45,23.57575709,0.0334
3/15/2023 14:00,22.20675374,0.0314
3/15/2023 14:15,22.19500954,0.0314
3/15/2023 14:30,22.19500954,0.0314
3/15/2023 14:45,21.51267791,0.0305
3/15/2023 15:00,23.57575709,0.0334
3/15/2023 15:15,32.71821362,0.0463
3/15/2023 15:30,35.85918183,0.0508
3/15/2023 15:45,33.95733907,0.0481
3/15/2023 16:00,30.8270503,0.0436
3/15/2023 16:15,32.71821362,0.0463
3/15/2023 16:30,32.71821362,0.0463
3/15/2023 16:45,32.08539353,0.0454
3/15/2023 17:00,35.8463568,0.0507
3/15/2023 17:15,32.71821362,0.0463
3/15/2023 17:30,35.8463568,0.0507
3/15/2023 17:45,33.9468231,0.0481
3/15/2023 18:00,35.8463568,0.0507
3/15/2023 18:15,32.08539353,0.0454
3/15/2023 18:30,35.16698438,0.0498
3/15/2023 18:45,33.95733907,0.0481
3/15/2023 19:00,37.34335526,0.0529
3/15/2023 19:15,37.34335526,0.0529
3/15/2023 19:30,35.85918183,0.0508
3/15/2023 19:45,35.85918183,0.0508
3/15/2023 20:00,41.78967553,0.0592
3/15/2023 20:15,39.57443242,0.056
3/15/2023 20:30,41.05684192,0.0581
3/15/2023 20:45,41.78967553,0.0592
3/15/2023 21:00,39.57443242,0.056
3/15/2023 21:15,39.58714189,0.056
3/15/2023 21:30,37.35614047,0.0529
3/15/2023 21:45,35.85918183,0.0508
3/15/2023 22:00,38.0969968,0.0539
3/15/2023 22:15,39.58714189,0.056
3/15/2023 22:30,37.34335526,0.0529
3/15/2023 22:45,41.05684192,0.0581
3/15/2023 23:00,35.16698438,0.0498
3/15/2023 23:15,37.34335526,0.0529
3/15/2023 23:30,39.57443242,0.056
3/15/2023 23:45,38.83646432,0.055
3/16/2023 0:00,35.8463568,0.0507
3/16/2023 0:15,41.05684192,0.0581
3/16/2023 0:30,41.78967553,0.0592
3/16/2023 0:45,37.34335526,0.0529
3/16/2023 1:00,36.60248409,0.0518
3/16/2023 1:15,41.05684192,0.0581
3/16/2023 1:30,35.16698438,0.0498
3/16/2023 1:45,36.60248409,0.0518
3/16/2023 2:00,37.35614047,0.0529
3/16/2023 2:15,37.35614047,0.0529
3/16/2023 2:30,35.16698438,0.0498
3/16/2023 2:45,38.83646432,0.055
3/16/2023 3:00,36.60248409,0.0518
3/16/2023 3:15,38.83646432,0.055
3/16/2023 3:30,41.05684192,0.0581
3/16/2023 3:45,38.83646432,0.055
3/16/2023 4:00,38.83646432,0.055
3/16/2023 4:15,40.32347718,0.0571
3/16/2023 4:30,36.60248409,0.0518
3/16/2023 4:45,41.05684192,0.0581
3/16/2023 5:00,40.32347718,0.0571
3/16/2023 5:15,38.83646432,0.055
3/16/2023 5:30,40.31079571,0.0571
3/16/2023 5:45,38.83646432,0.055
3/16/2023 6:00,36.60248409,0.0518
3/16/2023 6:15,36.60248409,0.0518
3/16/2023 6:30,36.60248409,0.0518
3/16/2023 6:45,38.08423477,0.0539
3/16/2023 7:00,38.83646432,0.055
3/16/2023 7:15,38.83646432,0.055
3/16/2023 7:30,41.05684192,0.0581
3/16/2023 7:45,36.60248409,0.0518
3/16/2023 8:00,36.60248409,0.0518
3/16/2023 8:15,34.56474673,0.0489
3/16/2023 8:30,36.60248409,0.0518
3/16/2023 8:45,38.83646432,0.055
3/16/2023 9:00,36.60248409,0.0518
3/16/2023 9:15,36.60248409,0.0518
3/16/2023 9:30,36.60248409,0.0518
3/16/2023 9:45,33.33547337,0.0472
3/16/2023 10:00,34.56474673,0.0489
3/16/2023 10:15,33.33547337,0.0472
3/16/2023 10:30,33.34607315,0.0472
3/16/2023 10:45,35.17731681,0.0498
3/16/2023 11:00,35.17731681,0.0498
3/16/2023 11:15,30.19211236,0.0427
3/16/2023 11:30,32.09616044,0.0454
3/16/2023 11:45,31.45854044,0.0445
3/16/2023 12:00,32.08539353,0.0454
3/16/2023 12:15,30.18110755,0.0427
3/16/2023 12:30,30.18110755,0.0427
3/16/2023 12:45,30.18110755,0.0427
3/16/2023 13:00,32.08539353,0.0454
3/16/2023 13:15,32.08539353,0.0454
3/16/2023 13:30,30.18110755,0.0427
3/16/2023 13:45,32.09616044,0.0454
3/16/2023 14:00,33.33547337,0.0472
3/16/2023 14:15,35.16698438,0.0498
3/16/2023 14:30,32.08539353,0.0454
3/16/2023 14:45,35.16698438,0.0498
3/16/2023 15:00,38.83646432,0.055
3/16/2023 15:15,35.16698438,0.0498
3/16/2023 15:30,30.18110755,0.0427
3/16/2023 15:45,31.45854044,0.0445
3/16/2023 16:00,35.16698438,0.0498
3/16/2023 16:15,32.08539353,0.0454
3/16/2023 16:30,32.08539353,0.0454
3/16/2023 16:45,36.60248409,0.0518
3/16/2023 17:00,32.71821362,0.0463
3/16/2023 17:15,32.09616044,0.0454
3/16/2023 17:30,35.85918183,0.0508
3/16/2023 17:45,37.35614047,0.0529
3/16/2023 18:00,35.85918183,0.0508
3/16/2023 18:15,32.08539353,0.0454
3/16/2023 18:30,33.9468231,0.0481
3/16/2023 18:45,34.56474673,0.0489
3/16/2023 19:00,38.0969968,0.0539
3/16/2023 19:15,38.0969968,0.0539
3/16/2023 19:30,33.95733907,0.0481
3/16/2023 19:45,34.56474673,0.0489
3/16/2023 20:00,36.60248409,0.0518
3/16/2023 20:15,36.60248409,0.0518
3/16/2023 20:30,38.08423477,0.0539
3/16/2023 20:45,36.60248409,0.0518
3/16/2023 21:00,38.0969968,0.0539
3/16/2023 21:15,34.56474673,0.0489
3/16/2023 21:30,34.56474673,0.0489
3/16/2023 21:45,36.60248409,0.0518
3/16/2023 22:00,36.60248409,0.0518
3/16/2023 22:15,36.60248409,0.0518
3/16/2023 22:30,42.55090144,0.0602
3/16/2023 22:45,38.83646432,0.055
3/16/2023 23:00,36.60248409,0.0518
3/16/2023 23:15,41.05684192,0.0581
3/16/2023 23:30,38.83646432,0.055
3/16/2023 23:45,43.30328583,0.0613
3/17/2023 0:00,38.83646432,0.055
3/17/2023 0:15,41.05684192,0.0581
3/17/2023 0:30,43.30328583,0.0613
3/17/2023 0:45,38.83646432,0.055
3/17/2023 1:00,36.60248409,0.0518
3/17/2023 1:15,38.83646432,0.055
3/17/2023 1:30,44.74528496,0.0633
3/17/2023 1:45,42.53791689,0.0602
3/17/2023 2:00,41.05684192,0.0581
3/17/2023 2:15,42.55090144,0.0602
3/17/2023 2:30,42.55090144,0.0602
3/17/2023 2:45,40.32347718,0.0571
3/17/2023 3:00,42.55090144,0.0602
3/17/2023 3:15,38.83646432,0.055
3/17/2023 3:30,44.75754289,0.0634
3/17/2023 3:45,44.75754289,0.0634
3/17/2023 4:00,40.32347718,0.0571
3/17/2023 4:15,44.04656083,0.0624
3/17/2023 4:30,44.04656083,0.0624
3/17/2023 4:45,44.04656083,0.0624
3/17/2023 5:00,46.18647898,0.0654
3/17/2023 5:15,41.80229443,0.0592
3/17/2023 5:30,42.55090144,0.0602
3/17/2023 5:45,44.75754289,0.0634
3/17/2023 6:00,42.55090144,0.0602
3/17/2023 6:15,44.75754289,0.0634
3/17/2023 6:30,43.30328583,0.0613
3/17/2023 6:45,46.89086263,0.0664
3/17/2023 7:00,43.30328583,0.0613
3/17/2023 7:15,46.17431037,0.0654
3/17/2023 7:30,44.03425982,0.0623
3/17/2023 7:45,44.74528496,0.0633
3/17/2023 8:00,42.53791689,0.0602
3/17/2023 8:15,43.30328583,0.0613
3/17/2023 8:30,42.53791689,0.0602
3/17/2023 8:45,45.46722476,0.0644
3/17/2023 9:00,45.46722476,0.0644
3/17/2023 9:15,38.83646432,0.055
3/17/2023 9:30,41.05684192,0.0581
3/17/2023 9:45,38.83646432,0.055
3/17/2023 10:00,39.57443242,0.056
3/17/2023 10:15,35.16698438,0.0498
3/17/2023 10:30,35.16698438,0.0498
3/17/2023 10:45,41.05684192,0.0581
3/17/2023 11:00,33.33547337,0.0472
3/17/2023 11:15,35.16698438,0.0498
3/17/2023 11:30,33.33547337,0.0472
3/17/2023 11:45,33.33547337,0.0472
3/17/2023 12:00,35.16698438,0.0498
3/17/2023 12:15,34.56474673,0.0489
3/17/2023 12:30,30.19211236,0.0427
3/17/2023 12:45,33.34607315,0.0472
3/17/2023 13:00,33.34607315,0.0472
3/17/2023 13:15,33.34607315,0.0472
3/17/2023 13:30,34.56474673,0.0489
3/17/2023 13:45,29.55163296,0.0418
3/17/2023 14:00,31.46938735,0.0446
3/17/2023 14:15,30.19211236,0.0427
3/17/2023 14:30,31.45854044,0.0445
3/17/2023 14:45,32.71821362,0.0463
3/17/2023 15:00,34.56474673,0.0489
3/17/2023 15:15,33.33547337,0.0472
3/17/2023 15:30,34.56474673,0.0489
3/17/2023 15:45,31.45854044,0.0445
3/17/2023 16:00,31.45854044,0.0445
3/17/2023 16:15,31.45854044,0.0445
3/17/2023 16:30,31.45854044,0.0445
3/17/2023 16:45,32.71821362,0.0463
3/17/2023 17:00,33.33547337,0.0472
3/17/2023 17:15,35.85918183,0.0508
3/17/2023 17:30,27.58202619,0.039
3/17/2023 17:45,32.71821362,0.0463
3/17/2023 18:00,38.83646432,0.055
3/17/2023 18:15,41.78967553,0.0592
3/17/2023 18:30,40.32347718,0.0571
3/17/2023 18:45,35.85918183,0.0508
3/17/2023 19:00,42.55090144,0.0602
3/17/2023 19:15,42.55090144,0.0602
3/17/2023 19:30,42.55090144,0.0602
3/17/2023 19:45,42.55090144,0.0602
3/17/2023 20:00,42.55090144,0.0602
3/17/2023 20:15,46.89086263,0.0664
3/17/2023 20:30,43.30328583,0.0613
3/17/2023 20:45,42.53791689,0.0602
3/17/2023 21:00,44.74528496,0.0633
3/17/2023 21:15,44.74528496,0.0633
3/17/2023 21:30,46.87874178,0.0664
3/17/2023 21:45,41.05684192,0.0581
3/17/2023 22:00,41.05684192,0.0581
3/17/2023 22:15,43.30328583,0.0613
3/17/2023 22:30,37.34335526,0.0529
3/17/2023 22:45,39.57443242,0.056
3/17/2023 23:00,39.57443242,0.056
3/17/2023 23:15,41.05684192,0.0581
3/17/2023 23:30,38.83646432,0.055
3/17/2023 23:45,41.05684192,0.0581
3/18/2023 0:00,39.58714189,0.056
3/18/2023 0:15,41.80229443,0.0592
3/18/2023 0:30,43.30328583,0.0613
3/18/2023 0:45,41.05684192,0.0581
3/18/2023 1:00,37.35614047,0.0529
3/18/2023 1:15,38.83646432,0.055
3/18/2023 1:30,37.35614047,0.0529
3/18/2023 1:45,38.83646432,0.055
3/18/2023 2:00,38.83646432,0.055
3/18/2023 2:15,37.35614047,0.0529
3/18/2023 2:30,41.80229443,0.0592
3/18/2023 2:45,37.35614047,0.0529
3/18/2023 3:00,41.05684192,0.0581
3/18/2023 3:15,43.30328583,0.0613
3/18/2023 3:30,39.58714189,0.056
3/18/2023 3:45,41.80229443,0.0592
3/18/2023 4:00,41.80229443,0.0592
3/18/2023 4:15,41.80229443,0.0592
3/18/2023 4:30,39.58714189,0.056
3/18/2023 4:45,41.80229443,0.0592
3/18/2023 5:00,41.05684192,0.0581
3/18/2023 5:15,39.58714189,0.056
3/18/2023 5:30,37.35614047,0.0529
3/18/2023 5:45,38.83646432,0.055
3/18/2023 6:00,37.34335526,0.0529
3/18/2023 6:15,39.57443242,0.056
3/18/2023 6:30,43.30328583,0.0613
3/18/2023 6:45,43.30328583,0.0613
3/18/2023 7:00,41.78967553,0.0592
3/18/2023 7:15,37.34335526,0.0529
3/18/2023 7:30,40.32347718,0.0571
3/18/2023 7:45,40.32347718,0.0571
3/18/2023 8:00,39.58714189,0.056
3/18/2023 8:15,38.0969968,0.0539
3/18/2023 8:30,40.31079571,0.0571
3/18/2023 8:45,38.08423477,0.0539
3/18/2023 9:00,36.60248409,0.0518
3/18/2023 9:15,38.83646432,0.055
3/18/2023 9:30,34.56474673,0.0489
3/18/2023 9:45,34.56474673,0.0489
3/18/2023 10:00,34.56474673,0.0489
3/18/2023 10:15,33.33547337,0.0472
3/18/2023 10:30,26.26489579,0.0372
3/18/2023 10:45,28.24653668,0.04
3/18/2023 11:00,31.45854044,0.0445
3/18/2023 11:15,32.71821362,0.0463
3/18/2023 11:30,33.33547337,0.0472
3/18/2023 11:45,31.45854044,0.0445
3/18/2023 12:00,31.45854044,0.0445
3/18/2023 12:15,31.45854044,0.0445
3/18/2023 12:30,33.33547337,0.0472
3/18/2023 12:45,31.45854044,0.0445
3/18/2023 13:00,34.56474673,0.0489
3/18/2023 13:15,29.54055151,0.0418
3/18/2023 13:30,30.19211236,0.0427
3/18/2023 13:45,30.19211236,0.0427
3/18/2023 14:00,29.54055151,0.0418
3/18/2023 14:15,31.45854044,0.0445
3/18/2023 14:30,34.56474673,0.0489
3/18/2023 14:45,32.71821362,0.0463
3/18/2023 15:00,34.56474673,0.0489
3/18/2023 15:15,32.71821362,0.0463
3/18/2023 15:30,36.60248409,0.0518
3/18/2023 15:45,36.60248409,0.0518
3/18/2023 16:00,38.83646432,0.055
3/18/2023 16:15,38.0969968,0.0539
3/18/2023 16:30,36.60248409,0.0518
3/18/2023 16:45,34.56474673,0.0489
3/18/2023 17:00,34.56474673,0.0489
3/18/2023 17:15,32.71821362,0.0463
3/18/2023 17:30,38.83646432,0.055
3/18/2023 17:45,40.32347718,0.0571
3/18/2023 18:00,38.83646432,0.055
3/18/2023 18:15,42.55090144,0.0602
3/18/2023 18:30,38.0969968,0.0539
3/18/2023 18:45,40.32347718,0.0571
3/18/2023 19:00,38.0969968,0.0539
3/18/2023 19:15,42.55090144,0.0602
3/18/2023 19:30,44.04656083,0.0624
3/18/2023 19:45,46.18647898,0.0654
3/18/2023 20:00,40.32347718,0.0571
3/18/2023 20:15,40.32347718,0.0571
3/18/2023 20:30,40.32347718,0.0571
3/18/2023 20:45,41.05684192,0.0581
3/18/2023 21:00,38.83646432,0.055
3/18/2023 21:15,40.32347718,0.0571
3/18/2023 21:30,40.32347718,0.0571
3/18/2023 21:45,36.60248409,0.0518
3/18/2023 22:00,38.83646432,0.055
3/18/2023 22:15,41.05684192,0.0581
3/18/2023 22:30,42.55090144,0.0602
3/18/2023 22:45,44.75754289,0.0634
3/18/2023 23:00,44.03425982,0.0623
3/18/2023 23:15,46.17431037,0.0654
3/18/2023 23:30,46.17431037,0.0654
3/18/2023 23:45,42.53791689,0.0602
3/19/2023 0:00,44.74528496,0.0633
3/19/2023 0:15,42.53791689,0.0602
3/19/2023 0:30,42.53791689,0.0602
3/19/2023 0:45,42.53791689,0.0602
3/19/2023 1:00,46.87874178,0.0664
3/19/2023 1:15,42.53791689,0.0602
3/19/2023 1:30,44.74528496,0.0633
3/19/2023 1:45,44.03425982,0.0623
3/19/2023 2:00,44.03425982,0.0623
3/19/2023 2:15,46.17431037,0.0654
3/19/2023 2:30,46.17431037,0.0654
3/19/2023 2:45,46.89086263,0.0664
3/19/2023 3:00,41.05684192,0.0581
3/19/2023 3:15,48.30225712,0.0684
3/19/2023 3:30,46.18647898,0.0654
3/19/2023 3:45,46.18647898,0.0654
3/19/2023 4:00,48.30225712,0.0684
3/19/2023 4:15,46.18647898,0.0654
3/19/2023 4:30,46.17431037,0.0654
3/19/2023 4:45,46.17431037,0.0654
3/19/2023 5:00,46.17431037,0.0654
3/19/2023 5:15,49.69146441,0.0703
3/19/2023 5:30,48.29023217,0.0684
3/19/2023 5:45,44.03425982,0.0623
3/19/2023 6:00,48.29023217,0.0684
3/19/2023 6:15,48.29023217,0.0684
3/19/2023 6:30,48.29023217,0.0684
3/19/2023 6:45,49.69146441,0.0703
3/19/2023 7:00,47.59253324,0.0674
3/19/2023 7:15,51.76391943,0.0733
3/19/2023 7:30,47.59253324,0.0674
3/19/2023 7:45,47.59253324,0.0674
3/19/2023 8:00,42.53791689,0.0602
3/19/2023 8:15,42.53791689,0.0602
3/19/2023 8:30,40.31079571,0.0571
3/19/2023 8:45,44.03425982,0.0623
3/19/2023 9:00,40.32347718,0.0571
3/19/2023 9:15,36.60248409,0.0518
3/19/2023 9:30,34.56474673,0.0489
3/19/2023 9:45,34.56474673,0.0489
3/19/2023 10:00,34.56474673,0.0489
3/19/2023 10:15,29.54055151,0.0418
3/19/2023 10:30,22.88672125,0.0324
3/19/2023 10:45,28.24653668,0.04
3/19/2023 11:00,28.24653668,0.04
3/19/2023 11:15,31.45854044,0.0445
3/19/2023 11:30,31.45854044,0.0445
3/19/2023 11:45,33.33547337,0.0472
3/19/2023 12:00,33.33547337,0.0472
3/19/2023 12:15,33.33547337,0.0472
3/19/2023 12:30,29.54055151,0.0418
3/19/2023 12:45,26.26489579,0.0372
3/19/2023 13:00,26.25346582,0.0372
3/19/2023 13:15,25.58873665,0.0362
3/19/2023 13:30,26.26489579,0.0372
3/19/2023 13:45,24.24909929,0.0343
3/19/2023 14:00,27.59332365,0.0391
3/19/2023 14:15,27.58202619,0.039
3/19/2023 14:30,28.89565551,0.0409
3/19/2023 14:45,27.58202619,0.039
3/19/2023 15:00,30.18110755,0.0427
3/19/2023 15:15,32.08539353,0.0454
3/19/2023 15:30,30.8270503,0.0436
3/19/2023 15:45,33.9468231,0.0481
3/19/2023 16:00,30.19211236,0.0427
3/19/2023 16:15,28.89565551,0.0409
3/19/2023 16:30,26.92592694,0.0381
3/19/2023 16:45,32.09616044,0.0454
3/19/2023 17:00,30.19211236,0.0427
3/19/2023 17:15,28.24653668,0.04
3/19/2023 17:30,31.45854044,0.0445
3/19/2023 17:45,32.08539353,0.0454
3/19/2023 18:00,32.08539353,0.0454
3/19/2023 18:15,33.9468231,0.0481
3/19/2023 18:30,29.54055151,0.0418
3/19/2023 18:45,34.56474673,0.0489
3/19/2023 19:00,32.09616044,0.0454
3/19/2023 19:15,33.34607315,0.0472
3/19/2023 19:30,35.17731681,0.0498
3/19/2023 19:45,35.17731681,0.0498
3/19/2023 20:00,38.83646432,0.055
3/19/2023 20:15,36.60248409,0.0518
3/19/2023 20:30,36.60248409,0.0518
3/19/2023 20:45,36.60248409,0.0518
3/19/2023 21:00,33.34607315,0.0472
3/19/2023 21:15,35.17731681,0.0498
3/19/2023 21:30,33.34607315,0.0472
3/19/2023 21:45,33.34607315,0.0472
3/19/2023 22:00,34.56474673,0.0489
3/19/2023 22:15,34.56474673,0.0489
3/19/2023 22:30,32.71821362,0.0463
3/19/2023 22:45,31.45854044,0.0445
3/19/2023 23:00,35.16698438,0.0498
3/19/2023 23:15,34.56474673,0.0489
3/19/2023 23:30,32.71821362,0.0463
3/19/2023 23:45,36.60248409,0.0518
3/20/2023 0:00,34.56474673,0.0489
3/20/2023 0:15,34.56474673,0.0489
3/20/2023 0:30,34.56474673,0.0489
3/20/2023 0:45,36.60248409,0.0518
3/20/2023 1:00,33.34607315,0.0472
3/20/2023 1:15,36.60248409,0.0518
3/20/2023 1:30,36.60248409,0.0518
3/20/2023 1:45,38.0969968,0.0539
3/20/2023 2:00,33.95733907,0.0481
3/20/2023 2:15,34.56474673,0.0489
3/20/2023 2:30,35.85918183,0.0508
3/20/2023 2:45,32.09616044,0.0454
3/20/2023 3:00,33.9468231,0.0481
3/20/2023 3:15,35.16698438,0.0498
3/20/2023 3:30,33.33547337,0.0472
3/20/2023 3:45,32.71821362,0.0463
3/20/2023 4:00,33.95733907,0.0481
3/20/2023 4:15,33.95733907,0.0481
3/20/2023 4:30,35.17731681,0.0498
3/20/2023 4:45,30.8270503,0.0436
3/20/2023 5:00,35.17731681,0.0498
3/20/2023 5:15,32.71821362,0.0463
3/20/2023 5:30,32.09616044,0.0454
3/20/2023 5:45,33.34607315,0.0472
3/20/2023 6:00,32.09616044,0.0454
3/20/2023 6:15,32.71821362,0.0463
3/20/2023 6:30,33.95733907,0.0481
3/20/2023 6:45,33.95733907,0.0481
3/20/2023 7:00,32.09616044,0.0454
3/20/2023 7:15,32.71821362,0.0463
3/20/2023 7:30,32.09616044,0.0454
3/20/2023 7:45,32.09616044,0.0454
3/20/2023 8:00,32.71821362,0.0463
3/20/2023 8:15,32.09616044,0.0454
3/20/2023 8:30,33.95733907,0.0481
3/20/2023 8:45,32.09616044,0.0454
3/20/2023 9:00,33.95733907,0.0481
3/20/2023 9:15,30.19211236,0.0427
3/20/2023 9:30,28.89565551,0.0409
3/20/2023 9:45,30.8270503,0.0436
3/20/2023 10:00,26.92592694,0.0381
3/20/2023 10:15,24.92055003,0.0353
3/20/2023 10:30,25.58873665,0.0362
3/20/2023 10:45,27.58202619,0.039
3/20/2023 11:00,28.89565551,0.0409
3/20/2023 11:15,25.60022712,0.0362
3/20/2023 11:30,26.92592694,0.0381
3/20/2023 11:45,26.92592694,0.0381
3/20/2023 12:00,28.89565551,0.0409
3/20/2023 12:15,25.60022712,0.0362
3/20/2023 12:30,32.08539353,0.0454
3/20/2023 12:45,27.59332365,0.0391
3/20/2023 13:00,30.18110755,0.0427
3/20/2023 13:15,30.8270503,0.0436
3/20/2023 13:30,28.89565551,0.0409
3/20/2023 13:45,28.89565551,0.0409
3/20/2023 14:00,32.09616044,0.0454
3/20/2023 14:15,30.19211236,0.0427
3/20/2023 14:30,33.95733907,0.0481
3/20/2023 14:45,33.33547337,0.0472
3/20/2023 15:00,33.9468231,0.0481
3/20/2023 15:15,33.9468231,0.0481
3/20/2023 15:30,31.45854044,0.0445
3/20/2023 15:45,35.16698438,0.0498
3/20/2023 16:00,33.33547337,0.0472
3/20/2023 16:15,32.09616044,0.0454
3/20/2023 16:30,32.09616044,0.0454
3/20/2023 16:45,32.09616044,0.0454
3/20/2023 17:00,33.34607315,0.0472
3/20/2023 17:15,33.34607315,0.0472
3/20/2023 17:30,31.46938735,0.0446
3/20/2023 17:45,33.34607315,0.0472
3/20/2023 18:00,28.24653668,0.04
3/20/2023 18:15,28.24653668,0.04
3/20/2023 18:30,33.33547337,0.0472
3/20/2023 18:45,34.56474673,0.0489
3/20/2023 19:00,35.17731681,0.0498
3/20/2023 19:15,31.46938735,0.0446
3/20/2023 19:30,30.19211236,0.0427
3/20/2023 19:45,30.19211236,0.0427
3/20/2023 20:00,31.46938735,0.0446
3/20/2023 20:15,30.19211236,0.0427
3/20/2023 20:30,33.34607315,0.0472
3/20/2023 20:45,35.17731681,0.0498
3/20/2023 21:00,30.19211236,0.0427
3/20/2023 21:15,32.09616044,0.0454
3/20/2023 21:30,35.16698438,0.0498
3/20/2023 21:45,33.33547337,0.0472
3/20/2023 22:00,33.33547337,0.0472
3/20/2023 22:15,32.08539353,0.0454
3/20/2023 22:30,33.9468231,0.0481
3/20/2023 22:45,30.18110755,0.0427
3/20/2023 23:00,28.24653668,0.04
3/20/2023 23:15,31.45854044,0.0445
3/20/2023 23:30,31.45854044,0.0445
3/20/2023 23:45,30.18110755,0.0427
3/21/2023 0:00,28.89565551,0.0409
3/21/2023 0:15,30.18110755,0.0427
3/21/2023 0:30,30.18110755,0.0427
3/21/2023 0:45,32.08539353,0.0454
3/21/2023 1:00,30.18110755,0.0427
3/21/2023 1:15,31.45854044,0.0445
3/21/2023 1:30,32.08539353,0.0454
3/21/2023 1:45,29.54055151,0.0418
3/21/2023 2:00,33.33547337,0.0472
3/21/2023 2:15,30.18110755,0.0427
3/21/2023 2:30,31.45854044,0.0445
3/21/2023 2:45,33.33547337,0.0472
3/21/2023 3:00,33.33547337,0.0472
3/21/2023 3:15,33.33547337,0.0472
3/21/2023 3:30,33.34607315,0.0472
3/21/2023 3:45,33.34607315,0.0472
3/21/2023 4:00,34.56474673,0.0489
3/21/2023 4:15,34.56474673,0.0489
3/21/2023 4:30,31.45854044,0.0445
3/21/2023 4:45,31.45854044,0.0445
3/21/2023 5:00,31.46938735,0.0446
3/21/2023 5:15,35.17731681,0.0498
3/21/2023 5:30,33.34607315,0.0472
3/21/2023 5:45,29.54055151,0.0418
3/21/2023 6:00,33.33547337,0.0472
3/21/2023 6:15,33.33547337,0.0472
3/21/2023 6:30,31.45854044,0.0445
3/21/2023 6:45,33.33547337,0.0472
3/21/2023 7:00,33.33547337,0.0472
3/21/2023 7:15,33.33547337,0.0472
3/21/2023 7:30,32.08539353,0.0454
3/21/2023 7:45,32.08539353,0.0454
3/21/2023 8:00,33.9468231,0.0481
3/21/2023 8:15,33.33547337,0.0472
3/21/2023 8:30,32.09616044,0.0454
3/21/2023 8:45,32.09616044,0.0454
3/21/2023 9:00,30.19211236,0.0427
3/21/2023 9:15,30.19211236,0.0427
3/21/2023 9:30,26.92592694,0.0381
3/21/2023 9:45,28.89565551,0.0409
3/21/2023 10:00,30.19211236,0.0427
3/21/2023 10:15,30.8270503,0.0436
3/21/2023 10:30,28.89565551,0.0409
3/21/2023 10:45,26.92592694,0.0381
3/21/2023 11:00,30.19211236,0.0427
3/21/2023 11:15,28.89565551,0.0409
3/21/2023 11:30,26.92592694,0.0381
3/21/2023 11:45,28.89565551,0.0409
3/21/2023 12:00,30.8270503,0.0436
3/21/2023 12:15,30.8270503,0.0436
3/21/2023 12:30,28.89565551,0.0409
3/21/2023 12:45,28.89565551,0.0409
3/21/2023 13:00,28.89565551,0.0409
3/21/2023 13:15,28.89565551,0.0409
3/21/2023 13:30,28.89565551,0.0409
3/21/2023 13:45,28.89565551,0.0409
3/21/2023 14:00,32.09616044,0.0454
3/21/2023 14:15,30.8270503,0.0436
3/21/2023 14:30,30.8270503,0.0436
3/21/2023 14:45,23.56410278,0.0334
3/21/2023 15:00,30.19211236,0.0427
3/21/2023 15:15,25.58873665,0.0362
3/21/2023 15:30,26.92592694,0.0381
3/21/2023 15:45,30.8270503,0.0436
3/21/2023 16:00,28.24653668,0.04
3/21/2023 16:15,25.58873665,0.0362
3/21/2023 16:30,24.92055003,0.0353
3/21/2023 16:45,26.92592694,0.0381
3/21/2023 17:00,30.18110755,0.0427
3/21/2023 17:15,27.59332365,0.0391
3/21/2023 17:30,28.89565551,0.0409
3/21/2023 17:45,24.92055003,0.0353
3/21/2023 18:00,28.89565551,0.0409
3/21/2023 18:15,25.58873665,0.0362
3/21/2023 18:30,28.89565551,0.0409
3/21/2023 18:45,26.92592694,0.0381
3/21/2023 19:00,28.89565551,0.0409
3/21/2023 19:15,30.8270503,0.0436
3/21/2023 19:30,27.58202619,0.039
3/21/2023 19:45,30.8270503,0.0436
3/21/2023 20:00,29.54055151,0.0418
3/21/2023 20:15,27.58202619,0.039
3/21/2023 20:30,25.58873665,0.0362
3/21/2023 20:45,26.92592694,0.0381
3/21/2023 21:00,26.92592694,0.0381
3/21/2023 21:15,28.89565551,0.0409
3/21/2023 21:30,25.58873665,0.0362
3/21/2023 21:45,23.56410278,0.0334
3/21/2023 22:00,29.54055151,0.0418
3/21/2023 22:15,25.58873665,0.0362
3/21/2023 22:30,29.54055151,0.0418
3/21/2023 22:45,32.71821362,0.0463
3/21/2023 23:00,27.58202619,0.039
3/21/2023 23:15,27.58202619,0.039
3/21/2023 23:30,27.58202619,0.039
3/21/2023 23:45,25.58873665,0.0362
3/22/2023 0:00,29.54055151,0.0418
3/22/2023 0:15,27.58202619,0.039
3/22/2023 0:30,30.8270503,0.0436
3/22/2023 0:45,29.54055151,0.0418
3/22/2023 1:00,28.89565551,0.0409
3/22/2023 1:15,27.59332365,0.0391
3/22/2023 1:30,27.59332365,0.0391
3/22/2023 1:45,25.60022712,0.0362
3/22/2023 2:00,26.26489579,0.0372
3/22/2023 2:15,28.89565551,0.0409
3/22/2023 2:30,27.58202619,0.039
3/22/2023 2:45,29.54055151,0.0418
3/22/2023 3:00,25.58873665,0.0362
3/22/2023 3:15,28.89565551,0.0409
3/22/2023 3:30,25.58873665,0.0362
3/22/2023 3:45,27.58202619,0.039
3/22/2023 4:00,29.54055151,0.0418
3/22/2023 4:15,27.58202619,0.039
3/22/2023 4:30,27.58202619,0.039
3/22/2023 4:45,25.58873665,0.0362
3/22/2023 5:00,25.58873665,0.0362
3/22/2023 5:15,27.58202619,0.039
3/22/2023 5:30,29.54055151,0.0418
3/22/2023 5:45,29.54055151,0.0418
3/22/2023 6:00,29.54055151,0.0418
3/22/2023 6:15,27.58202619,0.039
3/22/2023 6:30,27.58202619,0.039
3/22/2023 6:45,27.58202619,0.039
3/22/2023 7:00,27.58202619,0.039
3/22/2023 7:15,27.58202619,0.039
3/22/2023 7:30,25.58873665,0.0362
3/22/2023 7:45,24.23749468,0.0343
3/22/2023 8:00,24.23749468,0.0343
3/22/2023 8:15,25.58873665,0.0362
3/22/2023 8:30,21.51267791,0.0305
3/22/2023 8:45,25.58873665,0.0362
3/22/2023 9:00,25.58873665,0.0362
3/22/2023 9:15,23.56410278,0.0334
3/22/2023 9:30,27.58202619,0.039
3/22/2023 9:45,25.58873665,0.0362
3/22/2023 10:00,22.20675374,0.0314
3/22/2023 10:15,20.14338164,0.0285
3/22/2023 10:30,25.58873665,0.0362
3/22/2023 10:45,25.58873665,0.0362
3/22/2023 11:00,25.58873665,0.0362
3/22/2023 11:15,23.56410278,0.0334
3/22/2023 11:30,25.58873665,0.0362
3/22/2023 11:45,22.20675374,0.0314
3/22/2023 12:00,26.26489579,0.0372
3/22/2023 12:15,27.58202619,0.039
3/22/2023 12:30,21.51267791,0.0305
3/22/2023 12:45,22.20675374,0.0314
3/22/2023 13:00,22.19500954,0.0314
3/22/2023 13:15,26.25346582,0.0372
3/22/2023 13:30,23.56410278,0.0334
3/22/2023 13:45,23.56410278,0.0334
3/22/2023 14:00,26.25346582,0.0372
3/22/2023 14:15,25.58873665,0.0362
3/22/2023 14:30,20.14338164,0.0285
3/22/2023 14:45,27.58202619,0.039
3/22/2023 15:00,21.51267791,0.0305
3/22/2023 15:15,23.56410278,0.0334
3/22/2023 15:30,23.56410278,0.0334
3/22/2023 15:45,29.54055151,0.0418
3/22/2023 16:00,28.89565551,0.0409
3/22/2023 16:15,25.58873665,0.0362
3/22/2023 16:30,25.58873665,0.0362
3/22/2023 16:45,29.54055151,0.0418
3/22/2023 17:00,29.54055151,0.0418
3/22/2023 17:15,32.71821362,0.0463
3/22/2023 17:30,29.54055151,0.0418
3/22/2023 17:45,32.71821362,0.0463
3/22/2023 18:00,27.59332365,0.0391
3/22/2023 18:15,31.46938735,0.0446
3/22/2023 18:30,31.46938735,0.0446
3/22/2023 18:45,29.55163296,0.0418
3/22/2023 19:00,26.26489579,0.0372
3/22/2023 19:15,30.8270503,0.0436
3/22/2023 19:30,29.54055151,0.0418
3/22/2023 19:45,31.45854044,0.0445
3/22/2023 20:00,34.56474673,0.0489
3/22/2023 20:15,31.45854044,0.0445
3/22/2023 20:30,31.45854044,0.0445
3/22/2023 20:45,28.24653668,0.04
3/22/2023 21:00,29.55163296,0.0418
3/22/2023 21:15,31.46938735,0.0446
3/22/2023 21:30,31.46938735,0.0446
3/22/2023 21:45,31.46938735,0.0446
3/22/2023 22:00,33.34607315,0.0472
3/22/2023 22:15,30.19211236,0.0427
3/22/2023 22:30,33.34607315,0.0472
3/22/2023 22:45,33.34607315,0.0472
3/22/2023 23:00,32.09616044,0.0454
3/22/2023 23:15,31.46938735,0.0446
3/22/2023 23:30,32.09616044,0.0454
3/22/2023 23:45,33.34607315,0.0472
3/23/2023 0:00,33.34607315,0.0472
3/23/2023 0:15,35.17731681,0.0498
3/23/2023 0:30,31.46938735,0.0446
3/23/2023 0:45,33.34607315,0.0472
3/23/2023 1:00,31.46938735,0.0446
3/23/2023 1:15,32.71821362,0.0463
3/23/2023 1:30,33.33547337,0.0472
3/23/2023 1:45,31.45854044,0.0445
3/23/2023 2:00,27.58202619,0.039
3/23/2023 2:15,34.56474673,0.0489
3/23/2023 2:30,30.8270503,0.0436
3/23/2023 2:45,31.45854044,0.0445
3/23/2023 3:00,32.71821362,0.0463
3/23/2023 3:15,33.33547337,0.0472
3/23/2023 3:30,33.33547337,0.0472
3/23/2023 3:45,26.26489579,0.0372
3/23/2023 4:00,29.54055151,0.0418
3/23/2023 4:15,30.8270503,0.0436
3/23/2023 4:30,29.55163296,0.0418
3/23/2023 4:45,35.8463568,0.0507
3/23/2023 5:00,29.55163296,0.0418
3/23/2023 5:15,29.55163296,0.0418
3/23/2023 5:30,27.59332365,0.0391
3/23/2023 5:45,34.56474673,0.0489
3/23/2023 6:00,27.59332365,0.0391
3/23/2023 6:15,31.46938735,0.0446
3/23/2023 6:30,31.46938735,0.0446
3/23/2023 6:45,31.46938735,0.0446
3/23/2023 7:00,29.55163296,0.0418
3/23/2023 7:15,33.34607315,0.0472
3/23/2023 7:30,31.46938735,0.0446
3/23/2023 7:45,29.55163296,0.0418
3/23/2023 8:00,27.59332365,0.0391
3/23/2023 8:15,29.55163296,0.0418
3/23/2023 8:30,29.55163296,0.0418
3/23/2023 8:45,30.8270503,0.0436
3/23/2023 9:00,29.54055151,0.0418
3/23/2023 9:15,27.58202619,0.039
3/23/2023 9:30,29.54055151,0.0418
3/23/2023 9:45,25.58873665,0.0362
3/23/2023 10:00,26.25346582,0.0372
3/23/2023 10:15,24.23749468,0.0343
3/23/2023 10:30,25.58873665,0.0362
3/23/2023 10:45,28.23530914,0.04
3/23/2023 11:00,26.25346582,0.0372
3/23/2023 11:15,26.25346582,0.0372
3/23/2023 11:30,24.23749468,0.0343
3/23/2023 11:45,22.88672125,0.0324
3/23/2023 12:00,26.26489579,0.0372
3/23/2023 12:15,24.23749468,0.0343
3/23/2023 12:30,22.88672125,0.0324
3/23/2023 12:45,24.23749468,0.0343
3/23/2023 13:00,20.13153875,0.0285
3/23/2023 13:15,20.82830713,0.0295
3/23/2023 13:30,26.26489579,0.0372
3/23/2023 13:45,20.82830713,0.0295
3/23/2023 14:00,26.26489579,0.0372
3/23/2023 14:15,28.24653668,0.04
3/23/2023 14:30,25.58873665,0.0362
3/23/2023 14:45,29.54055151,0.0418
3/23/2023 15:00,29.54055151,0.0418
3/23/2023 15:15,27.58202619,0.039
3/23/2023 15:30,27.58202619,0.039
3/23/2023 15:45,25.58873665,0.0362
3/23/2023 16:00,22.19500954,0.0314
3/23/2023 16:15,25.58873665,0.0362
3/23/2023 16:30,26.92592694,0.0381
3/23/2023 16:45,25.58873665,0.0362
3/23/2023 17:00,22.19500954,0.0314
3/23/2023 17:15,24.23749468,0.0343
3/23/2023 17:30,25.58873665,0.0362
3/23/2023 17:45,28.89565551,0.0409
3/23/2023 18:00,30.8270503,0.0436
3/23/2023 18:15,28.89565551,0.0409
3/23/2023 18:30,30.8270503,0.0436
3/23/2023 18:45,30.8270503,0.0436
3/23/2023 19:00,30.8270503,0.0436
3/23/2023 19:15,34.56474673,0.0489
3/23/2023 19:30,30.8270503,0.0436
3/23/2023 19:45,30.8270503,0.0436
3/23/2023 20:00,30.8270503,0.0436
3/23/2023 20:15,31.45854044,0.0445
3/23/2023 20:30,32.71821362,0.0463
3/23/2023 20:45,30.8270503,0.0436
3/23/2023 21:00,34.56474673,0.0489
3/23/2023 21:15,34.56474673,0.0489
3/23/2023 21:30,30.8270503,0.0436
3/23/2023 21:45,34.56474673,0.0489
3/23/2023 22:00,34.56474673,0.0489
3/23/2023 22:15,34.56474673,0.0489
3/23/2023 22:30,34.56474673,0.0489
3/23/2023 22:45,32.71821362,0.0463
3/23/2023 23:00,34.56474673,0.0489
3/23/2023 23:15,34.56474673,0.0489
3/23/2023 23:30,38.0969968,0.0539
3/23/2023 23:45,35.85918183,0.0508
3/24/2023 0:00,38.0969968,0.0539
3/24/2023 0:15,32.71821362,0.0463
3/24/2023 0:30,35.85918183,0.0508
3/24/2023 0:45,37.35614047,0.0529
3/24/2023 1:00,40.32347718,0.0571
3/24/2023 1:15,35.85918183,0.0508
3/24/2023 1:30,33.9468231,0.0481
3/24/2023 1:45,35.16698438,0.0498
3/24/2023 2:00,35.16698438,0.0498
3/24/2023 2:15,33.9468231,0.0481
3/24/2023 2:30,35.16698438,0.0498
3/24/2023 2:45,33.95733907,0.0481
3/24/2023 3:00,33.34607315,0.0472
3/24/2023 3:15,30.19211236,0.0427
3/24/2023 3:30,33.95733907,0.0481
3/24/2023 3:45,32.09616044,0.0454
3/24/2023 4:00,32.09616044,0.0454
3/24/2023 4:15,35.16698438,0.0498
3/24/2023 4:30,35.16698438,0.0498
3/24/2023 4:45,41.05684192,0.0581
3/24/2023 5:00,35.16698438,0.0498
3/24/2023 5:15,35.16698438,0.0498
3/24/2023 5:30,35.16698438,0.0498
3/24/2023 5:45,37.34335526,0.0529
3/24/2023 6:00,37.34335526,0.0529
3/24/2023 6:15,37.34335526,0.0529
3/24/2023 6:30,36.60248409,0.0518
3/24/2023 6:45,36.60248409,0.0518
3/24/2023 7:00,33.33547337,0.0472
3/24/2023 7:15,35.16698438,0.0498
3/24/2023 7:30,33.33547337,0.0472
3/24/2023 7:45,31.45854044,0.0445
3/24/2023 8:00,32.08539353,0.0454
3/24/2023 8:15,33.9468231,0.0481
3/24/2023 8:30,33.33547337,0.0472
3/24/2023 8:45,33.9468231,0.0481
3/24/2023 9:00,30.8270503,0.0436
3/24/2023 9:15,30.8270503,0.0436
3/24/2023 9:30,28.24653668,0.04
3/24/2023 9:45,26.92592694,0.0381
3/24/2023 10:00,26.92592694,0.0381
3/24/2023 10:15,30.19211236,0.0427
3/24/2023 10:30,23.56410278,0.0334
3/24/2023 10:45,23.56410278,0.0334
3/24/2023 11:00,22.19500954,0.0314
3/24/2023 11:15,18.05422365,0.0256
3/24/2023 11:30,25.58873665,0.0362
3/24/2023 11:45,24.92055003,0.0353
3/24/2023 12:00,26.92592694,0.0381
3/24/2023 12:15,24.92055003,0.0353
3/24/2023 12:30,20.14338164,0.0285
3/24/2023 12:45,22.20675374,0.0314
3/24/2023 13:00,21.52446023,0.0305
3/24/2023 13:15,24.92055003,0.0353
3/24/2023 13:30,24.92055003,0.0353
3/24/2023 13:45,28.24653668,0.04
3/24/2023 14:00,33.33547337,0.0472
3/24/2023 14:15,24.92055003,0.0353
3/24/2023 14:30,24.92055003,0.0353
3/24/2023 14:45,24.92055003,0.0353
3/24/2023 15:00,26.26489579,0.0372
3/24/2023 15:15,26.26489579,0.0372
3/24/2023 15:30,28.24653668,0.04
3/24/2023 15:45,30.19211236,0.0427
3/24/2023 16:00,31.45854044,0.0445
3/24/2023 16:15,28.24653668,0.04
3/24/2023 16:30,24.92055003,0.0353
3/24/2023 16:45,29.54055151,0.0418
3/24/2023 17:00,31.45854044,0.0445
3/24/2023 17:15,30.19211236,0.0427
3/24/2023 17:30,31.45854044,0.0445
3/24/2023 17:45,30.19211236,0.0427
3/24/2023 18:00,29.55163296,0.0418
3/24/2023 18:15,31.46938735,0.0446
3/24/2023 18:30,33.34607315,0.0472
3/24/2023 18:45,29.55163296,0.0418
3/24/2023 19:00,32.71821362,0.0463
3/24/2023 19:15,31.45854044,0.0445
3/24/2023 19:30,31.45854044,0.0445
3/24/2023 19:45,31.45854044,0.0445
3/24/2023 20:00,31.45854044,0.0445
3/24/2023 20:15,33.33547337,0.0472
3/24/2023 20:30,33.33547337,0.0472
3/24/2023 20:45,34.56474673,0.0489
3/24/2023 21:00,31.46938735,0.0446
3/24/2023 21:15,31.45854044,0.0445
3/24/2023 21:30,35.16698438,0.0498
3/24/2023 21:45,31.45854044,0.0445
3/24/2023 22:00,33.33547337,0.0472
3/24/2023 22:15,31.45854044,0.0445
3/24/2023 22:30,31.45854044,0.0445
3/24/2023 22:45,33.33547337,0.0472
3/24/2023 23:00,29.54055151,0.0418
3/24/2023 23:15,31.45854044,0.0445
3/24/2023 23:30,30.19211236,0.0427
3/24/2023 23:45,31.46938735,0.0446
3/25/2023 0:00,29.55163296,0.0418
3/25/2023 0:15,33.33547337,0.0472
3/25/2023 0:30,31.45854044,0.0445
3/25/2023 0:45,35.16698438,0.0498
3/25/2023 1:00,35.16698438,0.0498
3/25/2023 1:15,33.33547337,0.0472
3/25/2023 1:30,33.33547337,0.0472
3/25/2023 1:45,37.34335526,0.0529
3/25/2023 2:00,31.45854044,0.0445
3/25/2023 2:15,33.33547337,0.0472
3/25/2023 2:30,31.45854044,0.0445
3/25/2023 2:45,33.33547337,0.0472
3/25/2023 3:00,35.16698438,0.0498
3/25/2023 3:15,33.33547337,0.0472
3/25/2023 3:30,35.16698438,0.0498
3/25/2023 3:45,35.16698438,0.0498
3/25/2023 4:00,34.56474673,0.0489
3/25/2023 4:15,35.17731681,0.0498
3/25/2023 4:30,35.17731681,0.0498
3/25/2023 4:45,35.17731681,0.0498
3/25/2023 5:00,37.35614047,0.0529
3/25/2023 5:15,36.60248409,0.0518
3/25/2023 5:30,36.60248409,0.0518
3/25/2023 5:45,38.83646432,0.055
3/25/2023 6:00,40.31079571,0.0571
3/25/2023 6:15,38.83646432,0.055
3/25/2023 6:30,42.53791689,0.0602
3/25/2023 6:45,38.83646432,0.055
3/25/2023 7:00,44.75754289,0.0634
3/25/2023 7:15,52.45686208,0.0743
3/25/2023 7:30,53.13496416,0.0752
3/25/2023 7:45,53.13496416,0.0752
3/25/2023 8:00,52.44514371,0.0742
3/25/2023 8:15,56.48863169,0.08
3/25/2023 8:30,56.48863169,0.08
3/25/2023 8:45,56.48863169,0.08
3/25/2023 9:00,56.48863169,0.08
3/25/2023 9:15,60.40869618,0.0855
3/25/2023 9:30,55.16089449,0.0781
3/25/2023 9:45,54.49338966,0.0771
3/25/2023 10:00,27.58202619,0.039
3/25/2023 10:15,22.20675374,0.0314
3/25/2023 10:30,23.57575709,0.0334
3/25/2023 10:45,21.52446023,0.0305
3/25/2023 11:00,22.20675374,0.0314
3/25/2023 11:15,24.92055003,0.0353
3/25/2023 11:30,26.92592694,0.0381
3/25/2023 11:45,28.24653668,0.04
3/25/2023 12:00,30.19211236,0.0427
3/25/2023 12:15,28.89565551,0.0409
3/25/2023 12:30,23.56410278,0.0334
3/25/2023 12:45,20.13153875,0.0285
3/25/2023 13:00,23.56410278,0.0334
3/25/2023 13:15,21.51267791,0.0305
3/25/2023 13:30,19.44399686,0.0275
3/25/2023 13:45,19.44399686,0.0275
3/25/2023 14:00,21.51267791,0.0305
3/25/2023 14:15,23.56410278,0.0334
3/25/2023 14:30,21.51267791,0.0305
3/25/2023 14:45,28.23530914,0.04
3/25/2023 15:00,30.18110755,0.0427
3/25/2023 15:15,28.23530914,0.04
3/25/2023 15:30,24.92055003,0.0353
3/25/2023 15:45,28.89565551,0.0409
3/25/2023 16:00,26.92592694,0.0381
3/25/2023 16:15,21.52446023,0.0305
3/25/2023 16:30,28.23530914,0.04
3/25/2023 16:45,28.23530914,0.04
3/25/2023 17:00,26.92592694,0.0381
3/25/2023 17:15,31.45854044,0.0445
3/25/2023 17:30,30.19211236,0.0427
3/25/2023 17:45,30.19211236,0.0427
3/25/2023 18:00,32.09616044,0.0454
3/25/2023 18:15,31.45854044,0.0445
3/25/2023 18:30,30.19211236,0.0427
3/25/2023 18:45,33.33547337,0.0472
3/25/2023 19:00,31.45854044,0.0445
3/25/2023 19:15,35.16698438,0.0498
3/25/2023 19:30,35.16698438,0.0498
3/25/2023 19:45,33.33547337,0.0472
3/25/2023 20:00,38.83646432,0.055
3/25/2023 20:15,33.34607315,0.0472
3/25/2023 20:30,35.17731681,0.0498
3/25/2023 20:45,34.56474673,0.0489
3/25/2023 21:00,33.34607315,0.0472
3/25/2023 21:15,33.33547337,0.0472
3/25/2023 21:30,33.33547337,0.0472
3/25/2023 21:45,33.33547337,0.0472
3/25/2023 22:00,35.16698438,0.0498
3/25/2023 22:15,33.33547337,0.0472
3/25/2023 22:30,33.9468231,0.0481
3/25/2023 22:45,38.83646432,0.055
3/25/2023 23:00,35.16698438,0.0498
3/25/2023 23:15,35.16698438,0.0498
3/25/2023 23:30,33.34607315,0.0472
3/25/2023 23:45,32.09616044,0.0454
3/26/2023 0:00,35.16698438,0.0498
3/26/2023 0:15,35.16698438,0.0498
3/26/2023 0:30,33.33547337,0.0472
3/26/2023 0:45,35.16698438,0.0498
3/26/2023 1:00,33.33547337,0.0472
3/26/2023 1:15,37.35614047,0.0529
3/26/2023 1:30,38.83646432,0.055
3/26/2023 1:45,35.17731681,0.0498
3/26/2023 2:00,36.60248409,0.0518
3/26/2023 2:15,36.60248409,0.0518
3/26/2023 2:30,34.56474673,0.0489
3/26/2023 2:45,36.60248409,0.0518
3/26/2023 3:00,35.16698438,0.0498
3/26/2023 3:15,33.33547337,0.0472
3/26/2023 3:30,34.56474673,0.0489
3/26/2023 3:45,36.60248409,0.0518
3/26/2023 4:00,35.16698438,0.0498
3/26/2023 4:15,35.16698438,0.0498
3/26/2023 4:30,35.16698438,0.0498
3/26/2023 4:45,35.16698438,0.0498
3/26/2023 5:00,36.60248409,0.0518
3/26/2023 5:15,34.56474673,0.0489
3/26/2023 5:30,38.83646432,0.055
3/26/2023 5:45,34.56474673,0.0489
3/26/2023 6:00,35.17731681,0.0498
3/26/2023 6:15,35.17731681,0.0498
3/26/2023 6:30,38.83646432,0.055
3/26/2023 6:45,38.83646432,0.055
3/26/2023 7:00,38.83646432,0.055
3/26/2023 7:15,38.83646432,0.055
3/26/2023 7:30,36.60248409,0.0518
3/26/2023 7:45,37.34335526,0.0529
3/26/2023 8:00,35.16698438,0.0498
3/26/2023 8:15,31.45854044,0.0445
3/26/2023 8:30,32.08539353,0.0454
3/26/2023 8:45,32.08539353,0.0454
3/26/2023 9:00,35.16698438,0.0498
3/26/2023 9:15,32.08539353,0.0454
3/26/2023 9:30,32.08539353,0.0454
3/26/2023 9:45,26.92592694,0.0381
3/26/2023 10:00,26.92592694,0.0381
3/26/2023 10:15,26.92592694,0.0381
3/26/2023 10:30,24.92055003,0.0353
3/26/2023 10:45,28.24653668,0.04
3/26/2023 11:00,26.92592694,0.0381
3/26/2023 11:15,23.56410278,0.0334
3/26/2023 11:30,21.51267791,0.0305
3/26/2023 11:45,23.56410278,0.0334
3/26/2023 12:00,24.92055003,0.0353
3/26/2023 12:15,23.56410278,0.0334
3/26/2023 12:30,21.51267791,0.0305
3/26/2023 12:45,23.56410278,0.0334
3/26/2023 13:00,23.56410278,0.0334
3/26/2023 13:15,24.92055003,0.0353
3/26/2023 13:30,23.56410278,0.0334
3/26/2023 13:45,24.92055003,0.0353
3/26/2023 14:00,22.19500954,0.0314
3/26/2023 14:15,23.56410278,0.0334
3/26/2023 14:30,28.89565551,0.0409
3/26/2023 14:45,26.92592694,0.0381
3/26/2023 15:00,26.92592694,0.0381
3/26/2023 15:15,26.92592694,0.0381
3/26/2023 15:30,26.92592694,0.0381
3/26/2023 15:45,22.88672125,0.0324
3/26/2023 16:00,28.89565551,0.0409
3/26/2023 16:15,24.92055003,0.0353
3/26/2023 16:30,24.92055003,0.0353
3/26/2023 16:45,26.92592694,0.0381
3/26/2023 17:00,26.92592694,0.0381
3/26/2023 17:15,28.89565551,0.0409
3/26/2023 17:30,28.89565551,0.0409
3/26/2023 17:45,26.92592694,0.0381
3/26/2023 18:00,32.09616044,0.0454
3/26/2023 18:15,28.89565551,0.0409
3/26/2023 18:30,28.24653668,0.04
3/26/2023 18:45,30.19211236,0.0427
3/26/2023 19:00,28.89565551,0.0409
3/26/2023 19:15,31.46938735,0.0446
3/26/2023 19:30,32.09616044,0.0454
3/26/2023 19:45,28.89565551,0.0409
3/26/2023 20:00,31.46938735,0.0446
3/26/2023 20:15,32.09616044,0.0454
3/26/2023 20:30,33.95733907,0.0481
3/26/2023 20:45,32.09616044,0.0454
3/26/2023 21:00,32.08539353,0.0454
3/26/2023 21:15,35.8463568,0.0507
3/26/2023 21:30,30.18110755,0.0427
3/26/2023 21:45,32.08539353,0.0454
3/26/2023 22:00,32.08539353,0.0454
3/26/2023 22:15,35.16698438,0.0498
3/26/2023 22:30,35.8463568,0.0507
3/26/2023 22:45,33.9468231,0.0481
3/26/2023 23:00,38.08423477,0.0539
3/26/2023 23:15,33.9468231,0.0481
3/26/2023 23:30,32.71821362,0.0463
3/26/2023 23:45,33.9468231,0.0481
3/27/2023 0:00,35.16698438,0.0498
3/27/2023 0:15,35.16698438,0.0498
3/27/2023 0:30,37.34335526,0.0529
3/27/2023 0:45,35.85918183,0.0508
3/27/2023 1:00,35.85918183,0.0508
3/27/2023 1:15,35.85918183,0.0508
3/27/2023 1:30,30.8270503,0.0436
3/27/2023 1:45,32.09616044,0.0454
3/27/2023 2:00,33.95733907,0.0481
3/27/2023 2:15,33.95733907,0.0481
3/27/2023 2:30,33.95733907,0.0481
3/27/2023 2:45,30.8270503,0.0436
3/27/2023 3:00,33.9468231,0.0481
3/27/2023 3:15,32.08539353,0.0454
3/27/2023 3:30,35.8463568,0.0507
3/27/2023 3:45,32.08539353,0.0454
3/27/2023 4:00,32.71821362,0.0463
3/27/2023 4:15,33.95733907,0.0481
3/27/2023 4:30,30.19211236,0.0427
3/27/2023 4:45,32.71821362,0.0463
3/27/2023 5:00,35.85918183,0.0508
3/27/2023 5:15,35.85918183,0.0508
3/27/2023 5:30,40.32347718,0.0571
3/27/2023 5:45,34.56474673,0.0489
3/27/2023 6:00,34.56474673,0.0489
3/27/2023 6:15,34.56474673,0.0489
3/27/2023 6:30,34.56474673,0.0489
3/27/2023 6:45,34.56474673,0.0489
3/27/2023 7:00,32.71821362,0.0463
3/27/2023 7:15,31.46938735,0.0446
3/27/2023 7:30,29.54055151,0.0418
3/27/2023 7:45,30.8270503,0.0436
3/27/2023 8:00,29.54055151,0.0418
3/27/2023 8:15,27.58202619,0.039
3/27/2023 8:30,30.19211236,0.0427
3/27/2023 8:45,29.54055151,0.0418
3/27/2023 9:00,31.46938735,0.0446
3/27/2023 9:15,31.46938735,0.0446
3/27/2023 9:30,31.46938735,0.0446
3/27/2023 9:45,26.26489579,0.0372
3/27/2023 10:00,26.26489579,0.0372
3/27/2023 10:15,23.57575709,0.0334
3/27/2023 10:30,20.82830713,0.0295
3/27/2023 10:45,17.3765462,0.0246
3/27/2023 11:00,20.82830713,0.0295
3/27/2023 11:15,21.51267791,0.0305
3/27/2023 11:30,24.23749468,0.0343
3/27/2023 11:45,24.92055003,0.0353
3/27/2023 12:00,24.92055003,0.0353
3/27/2023 12:15,30.19211236,0.0427
3/27/2023 12:30,21.51267791,0.0305
3/27/2023 12:45,21.51267791,0.0305
3/27/2023 13:00,21.51267791,0.0305
3/27/2023 13:15,21.51267791,0.0305
3/27/2023 13:30,17.36465688,0.0246
3/27/2023 13:45,19.44399686,0.0275
3/27/2023 14:00,20.14338164,0.0285
3/27/2023 14:15,20.14338164,0.0285
3/27/2023 14:30,22.20675374,0.0314
3/27/2023 14:45,25.58873665,0.0362
3/27/2023 15:00,26.92592694,0.0381
3/27/2023 15:15,26.92592694,0.0381
3/27/2023 15:30,25.58873665,0.0362
3/27/2023 15:45,26.92592694,0.0381
3/27/2023 16:00,23.56410278,0.0334
3/27/2023 16:15,21.52446023,0.0305
3/27/2023 16:30,23.57575709,0.0334
3/27/2023 16:45,19.45586122,0.0275
3/27/2023 17:00,20.14338164,0.0285
3/27/2023 17:15,18.05422365,0.0256
3/27/2023 17:30,24.92055003,0.0353
3/27/2023 17:45,27.58202619,0.039
3/27/2023 18:00,28.89565551,0.0409
3/27/2023 18:15,30.8270503,0.0436
3/27/2023 18:30,29.54055151,0.0418
3/27/2023 18:45,32.71821362,0.0463
3/27/2023 19:00,31.46938735,0.0446
3/27/2023 19:15,28.89565551,0.0409
3/27/2023 19:30,30.8270503,0.0436
3/27/2023 19:45,34.56474673,0.0489
3/27/2023 20:00,32.71821362,0.0463
3/27/2023 20:15,36.60248409,0.0518
3/27/2023 20:30,34.56474673,0.0489
3/27/2023 20:45,36.60248409,0.0518
3/27/2023 21:00,31.45854044,0.0445
3/27/2023 21:15,36.60248409,0.0518
3/27/2023 21:30,38.83646432,0.055
3/27/2023 21:45,35.17731681,0.0498
3/27/2023 22:00,38.08423477,0.0539
3/27/2023 22:15,34.56474673,0.0489
3/27/2023 22:30,36.60248409,0.0518
3/27/2023 22:45,36.60248409,0.0518
3/27/2023 23:00,38.83646432,0.055
3/27/2023 23:15,42.53791689,0.0602
3/27/2023 23:30,42.53791689,0.0602
3/27/2023 23:45,46.87874178,0.0664
3/28/2023 0:00,50.38172073,0.0713
3/28/2023 0:15,54.48183384,0.0771
3/28/2023 0:30,55.82636798,0.079
3/28/2023 0:45,57.81471776,0.0818
3/28/2023 1:00,63.68050356,0.0902
3/28/2023 1:15,69.1099623,0.0978
3/28/2023 1:30,73.72020384,0.1044
3/28/2023 1:45,76.00848398,0.1076
3/28/2023 2:00,77.52984786,0.1098
3/28/2023 2:15,79.79607471,0.113
3/28/2023 2:30,86.50603211,0.1225
3/28/2023 2:45,90.16609273,0.1276
3/28/2023 3:00,92.3441828,0.1307
3/28/2023 3:15,95.94278814,0.1358
3/28/2023 3:30,97.37214723,0.1378
3/28/2023 3:45,99.49473975,0.1409
3/28/2023 4:00,99.49473975,0.1409
3/28/2023 4:15,101.6014552,0.1438
3/28/2023 4:30,107.1362675,0.1517
3/28/2023 4:45,105.0770127,0.1488
3/28/2023 5:00,109.1791723,0.1546
3/28/2023 5:15,111.2033277,0.1574
3/28/2023 5:30,114.5309317,0.1621
3/28/2023 5:45,116.5081024,0.1649
3/28/2023 6:00,114.5309317,0.1621
3/28/2023 6:15,118.4687293,0.1677
3/28/2023 6:30,118.4687293,0.1677
3/28/2023 6:45,117.1598678,0.1659
3/28/2023 7:00,120.4105869,0.1705
3/28/2023 7:15,121.6997639,0.1723
3/28/2023 7:30,121.6997639,0.1723
3/28/2023 7:45,120.4216397,0.1705
3/28/2023 8:00,123.6122429,0.175
3/28/2023 8:15,122.3468753,0.1732
3/28/2023 8:30,122.3359236,0.1732
3/28/2023 8:45,122.3359236,0.1732
3/28/2023 9:00,122.3359236,0.1732
3/28/2023 9:15,122.3359236,0.1732
3/28/2023 9:30,120.4105869,0.1705
3/28/2023 9:45,115.8555226,0.164
3/28/2023 10:00,115.8555226,0.164
3/28/2023 10:15,111.8706849,0.1584
3/28/2023 10:30,102.9991393,0.1458
3/28/2023 10:45,87.23929588,0.1235
3/28/2023 11:00,49.69146441,0.0703
3/28/2023 11:15,23.56410278,0.0334
3/28/2023 11:30,19.44399686,0.0275
3/28/2023 11:45,17.3765462,0.0246
3/28/2023 12:00,17.3765462,0.0246
3/28/2023 12:15,19.45586122,0.0275
3/28/2023 12:30,20.82830713,0.0295
3/28/2023 12:45,17.36465688,0.0246
3/28/2023 13:00,15.28813691,0.0216
3/28/2023 13:15,15.28813691,0.0216
3/28/2023 13:30,20.82830713,0.0295
3/28/2023 13:45,16.6764369,0.0236
3/28/2023 14:00,18.75539669,0.0266
3/28/2023 14:15,17.36465688,0.0246
3/28/2023 14:30,16.6764369,0.0236
3/28/2023 14:45,22.19500954,0.0314
3/28/2023 15:00,18.75539669,0.0266
3/28/2023 15:15,17.3765462,0.0246
3/28/2023 15:30,20.14338164,0.0285
3/28/2023 15:45,22.20675374,0.0314
3/28/2023 16:00,18.75539669,0.0266
3/28/2023 16:15,15.987649,0.0226
3/28/2023 16:30,18.06611208,0.0256
3/28/2023 16:45,22.20675374,0.0314
3/28/2023 17:00,20.14338164,0.0285
3/28/2023 17:15,22.20675374,0.0314
3/28/2023 17:30,22.20675374,0.0314
3/28/2023 17:45,22.20675374,0.0314
3/28/2023 18:00,20.14338164,0.0285
3/28/2023 18:15,20.14338164,0.0285
3/28/2023 18:30,18.06611208,0.0256
3/28/2023 18:45,19.44399686,0.0275
3/28/2023 19:00,21.51267791,0.0305
3/28/2023 19:15,23.56410278,0.0334
3/28/2023 19:30,25.58873665,0.0362
3/28/2023 19:45,24.92055003,0.0353
3/28/2023 20:00,25.58873665,0.0362
3/28/2023 20:15,24.92055003,0.0353
3/28/2023 20:30,22.19500954,0.0314
3/28/2023 20:45,25.58873665,0.0362
3/28/2023 21:00,23.56410278,0.0334
3/28/2023 21:15,21.51267791,0.0305
3/28/2023 21:30,21.51267791,0.0305
3/28/2023 21:45,21.51267791,0.0305
3/28/2023 22:00,25.58873665,0.0362
3/28/2023 22:15,21.51267791,0.0305
3/28/2023 22:30,25.58873665,0.0362
3/28/2023 22:45,23.56410278,0.0334
3/28/2023 23:00,24.92055003,0.0353
3/28/2023 23:15,23.56410278,0.0334
3/28/2023 23:30,23.56410278,0.0334
3/28/2023 23:45,22.19500954,0.0314
3/29/2023 0:00,24.92055003,0.0353
3/29/2023 0:15,23.56410278,0.0334
3/29/2023 0:30,25.58873665,0.0362
3/29/2023 0:45,23.56410278,0.0334
3/29/2023 1:00,28.89565551,0.0409
3/29/2023 1:15,25.58873665,0.0362
3/29/2023 1:30,21.51267791,0.0305
3/29/2023 1:45,22.88672125,0.0324
3/29/2023 2:00,24.92055003,0.0353
3/29/2023 2:15,23.57575709,0.0334
3/29/2023 2:30,26.92592694,0.0381
3/29/2023 2:45,21.51267791,0.0305
3/29/2023 3:00,23.56410278,0.0334
3/29/2023 3:15,24.92055003,0.0353
3/29/2023 3:30,22.88672125,0.0324
3/29/2023 3:45,23.56410278,0.0334
3/29/2023 4:00,26.26489579,0.0372
3/29/2023 4:15,28.24653668,0.04
3/29/2023 4:30,26.26489579,0.0372
3/29/2023 4:45,26.92592694,0.0381
3/29/2023 5:00,28.89565551,0.0409
3/29/2023 5:15,28.89565551,0.0409
3/29/2023 5:30,30.19211236,0.0427
3/29/2023 5:45,30.19211236,0.0427
3/29/2023 6:00,28.24653668,0.04
3/29/2023 6:15,28.24653668,0.04
3/29/2023 6:30,28.24653668,0.04
3/29/2023 6:45,28.24653668,0.04
3/29/2023 7:00,33.95733907,0.0481
3/29/2023 7:15,26.26489579,0.0372
3/29/2023 7:30,26.92592694,0.0381
3/29/2023 7:45,30.19211236,0.0427
3/29/2023 8:00,26.92592694,0.0381
3/29/2023 8:15,24.92055003,0.0353
3/29/2023 8:30,24.92055003,0.0353
3/29/2023 8:45,22.88672125,0.0324
3/29/2023 9:00,24.92055003,0.0353
3/29/2023 9:15,22.88672125,0.0324
3/29/2023 9:30,19.44399686,0.0275
3/29/2023 9:45,20.14338164,0.0285
3/29/2023 10:00,18.06611208,0.0256
3/29/2023 10:15,15.987649,0.0226
3/29/2023 10:30,15.987649,0.0226
3/29/2023 10:45,13.9184057,0.0197
3/29/2023 11:00,13.9184057,0.0197
3/29/2023 11:15,15.987649,0.0226
3/29/2023 11:30,15.987649,0.0226
3/29/2023 11:45,17.36465688,0.0246
3/29/2023 12:00,18.05422365,0.0256
3/29/2023 12:15,19.44399686,0.0275
3/29/2023 12:30,14.6021538,0.0207
3/29/2023 12:45,13.90664004,0.0197
3/29/2023 13:00,15.97578169,0.0226
3/29/2023 13:15,15.97578169,0.0226
3/29/2023 13:30,12.54962538,0.0178
3/29/2023 13:45,15.987649,0.0226
3/29/2023 14:00,15.987649,0.0226
3/29/2023 14:15,15.987649,0.0226
3/29/2023 14:30,15.2999806,0.0217
3/29/2023 14:45,17.3765462,0.0246
3/29/2023 15:00,18.75539669,0.0266
3/29/2023 15:15,17.36465688,0.0246
3/29/2023 15:30,19.44399686,0.0275
3/29/2023 15:45,20.82830713,0.0295
3/29/2023 16:00,13.90664004,0.0197
3/29/2023 16:15,18.75539669,0.0266
3/29/2023 16:30,19.44399686,0.0275
3/29/2023 16:45,20.82830713,0.0295
3/29/2023 17:00,16.6764369,0.0236
3/29/2023 17:15,20.82830713,0.0295
3/29/2023 17:30,20.82830713,0.0295
3/29/2023 17:45,24.23749468,0.0343
3/29/2023 18:00,24.23749468,0.0343
3/29/2023 18:15,27.58202619,0.039
3/29/2023 18:30,24.23749468,0.0343
3/29/2023 18:45,22.88672125,0.0324
3/29/2023 19:00,26.26489579,0.0372
3/29/2023 19:15,29.55163296,0.0418
3/29/2023 19:30,27.59332365,0.0391
3/29/2023 19:45,27.59332365,0.0391
3/29/2023 20:00,27.59332365,0.0391
3/29/2023 20:15,28.24653668,0.04
3/29/2023 20:30,28.24653668,0.04
3/29/2023 20:45,24.24909929,0.0343
3/29/2023 21:00,24.24909929,0.0343
3/29/2023 21:15,24.24909929,0.0343
3/29/2023 21:30,24.24909929,0.0343
3/29/2023 21:45,23.57575709,0.0334
3/29/2023 22:00,25.60022712,0.0362
3/29/2023 22:15,24.24909929,0.0343
3/29/2023 22:30,25.60022712,0.0362
3/29/2023 22:45,22.20675374,0.0314
3/29/2023 23:00,22.20675374,0.0314
3/29/2023 23:15,23.56410278,0.0334
3/29/2023 23:30,22.20675374,0.0314
3/29/2023 23:45,23.56410278,0.0334
3/30/2023 0:00,27.58202619,0.039
3/30/2023 0:15,23.56410278,0.0334
3/30/2023 0:30,24.23749468,0.0343
3/30/2023 0:45,22.19500954,0.0314
3/30/2023 1:00,23.56410278,0.0334
3/30/2023 1:15,21.51267791,0.0305
3/30/2023 1:30,23.56410278,0.0334
3/30/2023 1:45,21.51267791,0.0305
3/30/2023 2:00,19.44399686,0.0275
3/30/2023 2:15,25.58873665,0.0362
3/30/2023 2:30,20.14338164,0.0285
3/30/2023 2:45,25.60022712,0.0362
3/30/2023 3:00,25.58873665,0.0362
3/30/2023 3:15,21.51267791,0.0305
3/30/2023 3:30,22.88672125,0.0324
3/30/2023 3:45,21.51267791,0.0305
3/30/2023 4:00,19.44399686,0.0275
3/30/2023 4:15,19.45586122,0.0275
3/30/2023 4:30,21.52446023,0.0305
3/30/2023 4:45,18.75539669,0.0266
3/30/2023 5:00,24.92055003,0.0353
3/30/2023 5:15,22.88672125,0.0324
3/30/2023 5:30,22.88672125,0.0324
3/30/2023 5:45,20.82830713,0.0295
3/30/2023 6:00,24.92055003,0.0353
3/30/2023 6:15,22.88672125,0.0324
3/30/2023 6:30,24.92055003,0.0353
3/30/2023 6:45,22.88672125,0.0324
3/30/2023 7:00,22.88672125,0.0324
3/30/2023 7:15,20.82830713,0.0295
3/30/2023 7:30,21.51267791,0.0305
3/30/2023 7:45,22.88672125,0.0324
3/30/2023 8:00,22.88672125,0.0324
3/30/2023 8:15,21.51267791,0.0305
3/30/2023 8:30,21.51267791,0.0305
3/30/2023 8:45,19.44399686,0.0275
3/30/2023 9:00,19.44399686,0.0275
3/30/2023 9:15,20.82830713,0.0295
3/30/2023 9:30,19.44399686,0.0275
3/30/2023 9:45,17.36465688,0.0246
3/30/2023 10:00,19.44399686,0.0275
3/30/2023 10:15,19.44399686,0.0275
3/30/2023 10:30,15.28813691,0.0216
3/30/2023 10:45,19.44399686,0.0275
3/30/2023 11:00,17.36465688,0.0246
3/30/2023 11:15,13.90664004,0.0197
3/30/2023 11:30,17.36465688,0.0246
3/30/2023 11:45,20.82830713,0.0295
3/30/2023 12:00,22.88672125,0.0324
3/30/2023 12:15,20.82830713,0.0295
3/30/2023 12:30,17.3765462,0.0246
3/30/2023 12:45,17.36465688,0.0246
3/30/2023 13:00,17.36465688,0.0246
3/30/2023 13:15,19.44399686,0.0275
3/30/2023 13:30,18.75539669,0.0266
3/30/2023 13:45,20.82830713,0.0295
3/30/2023 14:00,18.75539669,0.0266
3/30/2023 14:15,20.82830713,0.0295
3/30/2023 14:30,18.75539669,0.0266
3/30/2023 14:45,16.6764369,0.0236
3/30/2023 15:00,18.06611208,0.0256
3/30/2023 15:15,20.14338164,0.0285
3/30/2023 15:30,20.14338164,0.0285
3/30/2023 15:45,23.57575709,0.0334
3/30/2023 16:00,24.24909929,0.0343
3/30/2023 16:15,18.06611208,0.0256
3/30/2023 16:30,20.14338164,0.0285
3/30/2023 16:45,20.14338164,0.0285
3/30/2023 17:00,20.14338164,0.0285
3/30/2023 17:15,24.24909929,0.0343
3/30/2023 17:30,22.19500954,0.0314
3/30/2023 17:45,22.20675374,0.0314
3/30/2023 18:00,27.58202619,0.039
3/30/2023 18:15,24.23749468,0.0343
3/30/2023 18:30,27.58202619,0.039
3/30/2023 18:45,25.58873665,0.0362
3/30/2023 19:00,27.58202619,0.039
3/30/2023 19:15,28.89565551,0.0409
3/30/2023 19:30,27.58202619,0.039
3/30/2023 19:45,27.58202619,0.039
3/30/2023 20:00,29.54055151,0.0418
3/30/2023 20:15,30.8270503,0.0436
3/30/2023 20:30,29.55163296,0.0418
3/30/2023 20:45,31.46938735,0.0446
3/30/2023 21:00,31.46938735,0.0446
3/30/2023 21:15,29.54055151,0.0418
3/30/2023 21:30,29.55163296,0.0418
3/30/2023 21:45,32.71821362,0.0463
3/30/2023 22:00,26.26489579,0.0372
3/30/2023 22:15,31.45854044,0.0445
3/30/2023 22:30,27.58202619,0.039
3/30/2023 22:45,29.54055151,0.0418
3/30/2023 23:00,31.45854044,0.0445
3/30/2023 23:15,29.54055151,0.0418
3/30/2023 23:30,31.45854044,0.0445
3/30/2023 23:45,27.58202619,0.039
3/31/2023 0:00,29.54055151,0.0418
3/31/2023 0:15,29.54055151,0.0418
3/31/2023 0:30,33.33547337,0.0472
3/31/2023 0:45,31.45854044,0.0445
3/31/2023 1:00,30.8270503,0.0436
3/31/2023 1:15,29.55163296,0.0418
3/31/2023 1:30,29.55163296,0.0418
3/31/2023 1:45,29.55163296,0.0418
3/31/2023 2:00,31.46938735,0.0446
3/31/2023 2:15,32.71821362,0.0463
3/31/2023 2:30,32.71821362,0.0463
3/31/2023 2:45,34.56474673,0.0489
3/31/2023 3:00,32.71821362,0.0463
3/31/2023 3:15,32.71821362,0.0463
3/31/2023 3:30,28.89565551,0.0409
3/31/2023 3:45,32.71821362,0.0463
3/31/2023 4:00,32.71821362,0.0463
3/31/2023 4:15,31.46938735,0.0446
3/31/2023 4:30,30.8270503,0.0436
3/31/2023 4:45,36.60248409,0.0518
3/31/2023 5:00,29.55163296,0.0418
3/31/2023 5:15,32.71821362,0.0463
3/31/2023 5:30,34.56474673,0.0489
3/31/2023 5:45,33.33547337,0.0472
3/31/2023 6:00,31.45854044,0.0445
3/31/2023 6:15,35.16698438,0.0498
3/31/2023 6:30,34.56474673,0.0489
3/31/2023 6:45,33.34607315,0.0472
3/31/2023 7:00,33.33547337,0.0472
3/31/2023 7:15,31.45854044,0.0445
3/31/2023 7:30,31.45854044,0.0445
3/31/2023 7:45,30.8270503,0.0436
3/31/2023 8:00,30.19211236,0.0427
3/31/2023 8:15,30.19211236,0.0427
3/31/2023 8:30,32.08539353,0.0454
3/31/2023 8:45,24.92055003,0.0353
3/31/2023 9:00,27.58202619,0.039
3/31/2023 9:15,27.58202619,0.039
3/31/2023 9:30,27.58202619,0.039
3/31/2023 9:45,28.89565551,0.0409
3/31/2023 10:00,23.57575709,0.0334
3/31/2023 10:15,22.88672125,0.0324
3/31/2023 10:30,24.23749468,0.0343
3/31/2023 10:45,22.88672125,0.0324
3/31/2023 11:00,20.82830713,0.0295
3/31/2023 11:15,20.82830713,0.0295
3/31/2023 11:30,22.19500954,0.0314
3/31/2023 11:45,22.88672125,0.0324
3/31/2023 12:00,24.24909929,0.0343
3/31/2023 12:15,22.20675374,0.0314
3/31/2023 12:30,18.75539669,0.0266
3/31/2023 12:45,20.82830713,0.0295
3/31/2023 13:00,18.75539669,0.0266
3/31/2023 13:15,20.82830713,0.0295
3/31/2023 13:30,22.88672125,0.0324
3/31/2023 13:45,20.82830713,0.0295
3/31/2023 14:00,22.88672125,0.0324
3/31/2023 14:15,21.51267791,0.0305
3/31/2023 14:30,21.51267791,0.0305
3/31/2023 14:45,22.20675374,0.0314
3/31/2023 15:00,26.26489579,0.0372
3/31/2023 15:15,26.26489579,0.0372
3/31/2023 15:30,26.26489579,0.0372
3/31/2023 15:45,26.92592694,0.0381
3/31/2023 16:00,20.82830713,0.0295
3/31/2023 16:15,18.75539669,0.0266
3/31/2023 16:30,18.06611208,0.0256
3/31/2023 16:45,19.44399686,0.0275
3/31/2023 17:00,19.44399686,0.0275
3/31/2023 17:15,22.88672125,0.0324
3/31/2023 17:30,24.92055003,0.0353
3/31/2023 17:45,21.51267791,0.0305
3/31/2023 18:00,26.92592694,0.0381
3/31/2023 18:15,26.92592694,0.0381
3/31/2023 18:30,28.89565551,0.0409
3/31/2023 18:45,24.92055003,0.0353
3/31/2023 19:00,25.58873665,0.0362
3/31/2023 19:15,24.92055003,0.0353
3/31/2023 19:30,26.92592694,0.0381
3/31/2023 19:45,26.92592694,0.0381
3/31/2023 20:00,28.89565551,0.0409
3/31/2023 20:15,28.89565551,0.0409
3/31/2023 20:30,27.58202619,0.039
3/31/2023 20:45,26.92592694,0.0381
3/31/2023 21:00,32.71821362,0.0463
3/31/2023 21:15,27.58202619,0.039
3/31/2023 21:30,32.71821362,0.0463
3/31/2023 21:45,30.8270503,0.0436
3/31/2023 22:00,28.89565551,0.0409
3/31/2023 22:15,29.55163296,0.0418
3/31/2023 22:30,28.89565551,0.0409
3/31/2023 22:45,28.89565551,0.0409
3/31/2023 23:00,27.59332365,0.0391
3/31/2023 23:15,26.26489579,0.0372
3/31/2023 23:30,29.54055151,0.0418
3/31/2023 23:45,28.89565551,0.0409
4/1/2023 0:00,27.58202619,0.039
4/1/2023 0:15,26.26489579,0.0372
4/1/2023 0:30,27.58202619,0.039
4/1/2023 0:45,29.54055151,0.0418
4/1/2023 1:00,27.58202619,0.039
4/1/2023 1:15,31.45854044,0.0445
4/1/2023 1:30,25.58873665,0.0362
4/1/2023 1:45,31.45854044,0.0445
4/1/2023 2:00,33.33547337,0.0472
4/1/2023 2:15,31.45854044,0.0445
4/1/2023 2:30,32.71821362,0.0463
4/1/2023 2:45,28.89565551,0.0409
4/1/2023 3:00,29.54055151,0.0418
4/1/2023 3:15,31.45854044,0.0445
4/1/2023 3:30,32.71821362,0.0463
4/1/2023 3:45,32.71821362,0.0463
4/1/2023 4:00,35.8463568,0.0507
4/1/2023 4:15,33.9468231,0.0481
4/1/2023 4:30,33.9468231,0.0481
4/1/2023 4:45,31.46938735,0.0446
4/1/2023 5:00,30.8270503,0.0436
4/1/2023 5:15,32.71821362,0.0463
4/1/2023 5:30,32.71821362,0.0463
4/1/2023 5:45,31.46938735,0.0446
4/1/2023 6:00,31.46938735,0.0446
4/1/2023 6:15,32.71821362,0.0463
4/1/2023 6:30,32.71821362,0.0463
4/1/2023 6:45,33.9468231,0.0481
4/1/2023 7:00,31.46938735,0.0446
4/1/2023 7:15,34.56474673,0.0489
4/1/2023 7:30,33.33547337,0.0472
4/1/2023 7:45,29.54055151,0.0418
4/1/2023 8:00,29.54055151,0.0418
4/1/2023 8:15,31.45854044,0.0445
4/1/2023 8:30,26.25346582,0.0372
4/1/2023 8:45,25.58873665,0.0362
4/1/2023 9:00,27.58202619,0.039
4/1/2023 9:15,28.24653668,0.04
4/1/2023 9:30,24.24909929,0.0343
4/1/2023 9:45,20.14338164,0.0285
4/1/2023 10:00,18.75539669,0.0266
4/1/2023 10:15,17.36465688,0.0246
4/1/2023 10:30,18.75539669,0.0266
4/1/2023 10:45,20.82830713,0.0295
4/1/2023 11:00,19.44399686,0.0275
4/1/2023 11:15,20.82830713,0.0295
4/1/2023 11:30,18.75539669,0.0266
4/1/2023 11:45,16.6764369,0.0236
4/1/2023 12:00,16.6764369,0.0236
4/1/2023 12:15,18.75539669,0.0266
4/1/2023 12:30,20.82830713,0.0295
4/1/2023 12:45,17.36465688,0.0246
4/1/2023 13:00,15.28813691,0.0216
4/1/2023 13:15,16.6764369,0.0236
4/1/2023 13:30,18.75539669,0.0266
4/1/2023 13:45,20.13153875,0.0285
4/1/2023 14:00,22.19500954,0.0314
4/1/2023 14:15,20.82830713,0.0295
4/1/2023 14:30,20.82830713,0.0295
4/1/2023 14:45,20.14338164,0.0285
4/1/2023 15:00,20.14338164,0.0285
4/1/2023 15:15,18.75539669,0.0266
4/1/2023 15:30,18.06611208,0.0256
4/1/2023 15:45,20.14338164,0.0285
4/1/2023 16:00,18.75539669,0.0266
4/1/2023 16:15,20.14338164,0.0285
4/1/2023 16:30,22.20675374,0.0314
4/1/2023 16:45,20.14338164,0.0285
4/1/2023 17:00,22.20675374,0.0314
4/1/2023 17:15,21.51267791,0.0305
4/1/2023 17:30,21.51267791,0.0305
4/1/2023 17:45,21.51267791,0.0305
4/1/2023 18:00,23.56410278,0.0334
4/1/2023 18:15,23.56410278,0.0334
4/1/2023 18:30,23.56410278,0.0334
4/1/2023 18:45,26.92592694,0.0381
4/1/2023 19:00,30.8270503,0.0436
4/1/2023 19:15,30.19211236,0.0427
4/1/2023 19:30,30.19211236,0.0427
4/1/2023 19:45,30.19211236,0.0427
4/1/2023 20:00,28.89565551,0.0409
4/1/2023 20:15,27.58202619,0.039
4/1/2023 20:30,25.58873665,0.0362
4/1/2023 20:45,28.89565551,0.0409
4/1/2023 21:00,26.92592694,0.0381
4/1/2023 21:15,28.89565551,0.0409
4/1/2023 21:30,28.89565551,0.0409
4/1/2023 21:45,30.8270503,0.0436
4/1/2023 22:00,28.89565551,0.0409
4/1/2023 22:15,26.92592694,0.0381
4/1/2023 22:30,28.89565551,0.0409
4/1/2023 22:45,30.8270503,0.0436
4/1/2023 23:00,30.8270503,0.0436
4/1/2023 23:15,30.8270503,0.0436
4/1/2023 23:30,30.19211236,0.0427
4/1/2023 23:45,30.8270503,0.0436
4/2/2023 0:00,28.89565551,0.0409
4/2/2023 0:15,28.89565551,0.0409
4/2/2023 0:30,28.89565551,0.0409
4/2/2023 0:45,26.92592694,0.0381
4/2/2023 1:00,28.89565551,0.0409
4/2/2023 1:15,30.8270503,0.0436
4/2/2023 1:30,28.89565551,0.0409
4/2/2023 1:45,26.92592694,0.0381
4/2/2023 2:00,28.89565551,0.0409
4/2/2023 2:15,32.09616044,0.0454
4/2/2023 2:30,26.92592694,0.0381
4/2/2023 2:45,30.19211236,0.0427
4/2/2023 3:00,26.25346582,0.0372
4/2/2023 3:15,24.92055003,0.0353
4/2/2023 3:30,26.25346582,0.0372
4/2/2023 3:45,26.92592694,0.0381
4/2/2023 4:00,26.92592694,0.0381
4/2/2023 4:15,26.92592694,0.0381
4/2/2023 4:30,22.88672125,0.0324
4/2/2023 4:45,26.26489579,0.0372
4/2/2023 5:00,26.26489579,0.0372
4/2/2023 5:15,26.26489579,0.0372
4/2/2023 5:30,28.24653668,0.04
4/2/2023 5:45,26.26489579,0.0372
4/2/2023 6:00,28.24653668,0.04
4/2/2023 6:15,28.24653668,0.04
4/2/2023 6:30,28.24653668,0.04
4/2/2023 6:45,24.24909929,0.0343
4/2/2023 7:00,26.26489579,0.0372
4/2/2023 7:15,24.24909929,0.0343
4/2/2023 7:30,24.24909929,0.0343
4/2/2023 7:45,24.24909929,0.0343
4/2/2023 8:00,22.88672125,0.0324
4/2/2023 8:15,28.24653668,0.04
4/2/2023 8:30,26.26489579,0.0372
4/2/2023 8:45,22.88672125,0.0324
4/2/2023 9:00,24.92055003,0.0353
4/2/2023 9:15,26.92592694,0.0381
4/2/2023 9:30,22.88672125,0.0324
4/2/2023 9:45,21.52446023,0.0305
4/2/2023 10:00,19.44399686,0.0275
4/2/2023 10:15,20.82830713,0.0295
4/2/2023 10:30,20.82830713,0.0295
4/2/2023 10:45,19.44399686,0.0275
4/2/2023 11:00,21.51267791,0.0305
4/2/2023 11:15,19.44399686,0.0275
4/2/2023 11:30,21.51267791,0.0305
4/2/2023 11:45,23.56410278,0.0334
4/2/2023 12:00,23.56410278,0.0334
4/2/2023 12:15,23.56410278,0.0334
4/2/2023 12:30,24.92055003,0.0353
4/2/2023 12:45,22.88672125,0.0324
4/2/2023 13:00,21.52446023,0.0305
4/2/2023 13:15,23.57575709,0.0334
4/2/2023 13:30,24.92055003,0.0353
4/2/2023 13:45,20.82830713,0.0295
4/2/2023 14:00,24.92055003,0.0353
4/2/2023 14:15,22.88672125,0.0324
4/2/2023 14:30,22.88672125,0.0324
4/2/2023 14:45,26.92592694,0.0381
4/2/2023 15:00,24.24909929,0.0343
4/2/2023 15:15,22.88672125,0.0324
4/2/2023 15:30,26.92592694,0.0381
4/2/2023 15:45,24.24909929,0.0343
4/2/2023 16:00,24.23749468,0.0343
4/2/2023 16:15,24.92055003,0.0353
4/2/2023 16:30,20.13153875,0.0285
4/2/2023 16:45,24.92055003,0.0353
4/2/2023 17:00,24.23749468,0.0343
4/2/2023 17:15,24.92055003,0.0353
4/2/2023 17:30,26.25346582,0.0372
4/2/2023 17:45,26.25346582,0.0372
4/2/2023 18:00,24.92055003,0.0353
4/2/2023 18:15,25.58873665,0.0362
4/2/2023 18:30,28.89565551,0.0409
4/2/2023 18:45,27.59332365,0.0391
4/2/2023 19:00,29.54055151,0.0418
4/2/2023 19:15,29.54055151,0.0418
4/2/2023 19:30,29.55163296,0.0418
4/2/2023 19:45,29.55163296,0.0418
4/2/2023 20:00,30.8270503,0.0436
4/2/2023 20:15,32.71821362,0.0463
4/2/2023 20:30,29.55163296,0.0418
4/2/2023 20:45,27.59332365,0.0391
4/2/2023 21:00,30.8270503,0.0436
4/2/2023 21:15,28.89565551,0.0409
4/2/2023 21:30,25.60022712,0.0362
4/2/2023 21:45,27.59332365,0.0391
4/2/2023 22:00,29.55163296,0.0418
4/2/2023 22:15,29.55163296,0.0418
4/2/2023 22:30,31.46938735,0.0446
4/2/2023 22:45,29.55163296,0.0418
4/2/2023 23:00,33.34607315,0.0472
4/2/2023 23:15,31.46938735,0.0446
4/2/2023 23:30,29.55163296,0.0418
4/2/2023 23:45,26.26489579,0.0372
4/3/2023 0:00,29.55163296,0.0418
4/3/2023 0:15,29.54055151,0.0418
4/3/2023 0:30,27.58202619,0.039
4/3/2023 0:45,30.8270503,0.0436
4/3/2023 1:00,30.8270503,0.0436
4/3/2023 1:15,32.71821362,0.0463
4/3/2023 1:30,32.71821362,0.0463
4/3/2023 1:45,27.58202619,0.039
4/3/2023 2:00,29.54055151,0.0418
4/3/2023 2:15,30.8270503,0.0436
4/3/2023 2:30,28.89565551,0.0409
4/3/2023 2:45,28.89565551,0.0409
4/3/2023 3:00,27.59332365,0.0391
4/3/2023 3:15,33.9468231,0.0481
4/3/2023 3:30,30.18110755,0.0427
4/3/2023 3:45,32.08539353,0.0454
4/3/2023 4:00,30.8270503,0.0436
4/3/2023 4:15,30.8270503,0.0436
4/3/2023 4:30,33.95733907,0.0481
4/3/2023 4:45,30.19211236,0.0427
4/3/2023 5:00,30.8270503,0.0436
4/3/2023 5:15,32.09616044,0.0454
4/3/2023 5:30,33.95733907,0.0481
4/3/2023 5:45,32.09616044,0.0454
4/3/2023 6:00,28.24653668,0.04
4/3/2023 6:15,26.92592694,0.0381
4/3/2023 6:30,32.09616044,0.0454
4/3/2023 6:45,33.95733907,0.0481
4/3/2023 7:00,32.71821362,0.0463
4/3/2023 7:15,32.71821362,0.0463
4/3/2023 7:30,28.89565551,0.0409
4/3/2023 7:45,28.89565551,0.0409
4/3/2023 8:00,30.8270503,0.0436
4/3/2023 8:15,28.89565551,0.0409
4/3/2023 8:30,32.09616044,0.0454
4/3/2023 8:45,30.8270503,0.0436
4/3/2023 9:00,28.89565551,0.0409
4/3/2023 9:15,30.8270503,0.0436
4/3/2023 9:30,28.24653668,0.04
4/3/2023 9:45,26.92592694,0.0381
4/3/2023 10:00,29.54055151,0.0418
4/3/2023 10:15,23.56410278,0.0334
4/3/2023 10:30,28.89565551,0.0409
4/3/2023 10:45,26.92592694,0.0381
4/3/2023 11:00,27.58202619,0.039
4/3/2023 11:15,25.58873665,0.0362
4/3/2023 11:30,27.58202619,0.039
4/3/2023 11:45,28.24653668,0.04
4/3/2023 12:00,26.92592694,0.0381
4/3/2023 12:15,26.92592694,0.0381
4/3/2023 12:30,26.92592694,0.0381
4/3/2023 12:45,25.60022712,0.0362
4/3/2023 13:00,26.92592694,0.0381
4/3/2023 13:15,23.56410278,0.0334
4/3/2023 13:30,25.58873665,0.0362
4/3/2023 13:45,30.8270503,0.0436
4/3/2023 14:00,28.23530914,0.04
4/3/2023 14:15,26.92592694,0.0381
4/3/2023 14:30,28.24653668,0.04
4/3/2023 14:45,30.19211236,0.0427
4/3/2023 15:00,31.46938735,0.0446
4/3/2023 15:15,27.58202619,0.039
4/3/2023 15:30,30.8270503,0.0436
4/3/2023 15:45,30.8270503,0.0436
4/3/2023 16:00,36.60248409,0.0518
4/3/2023 16:15,33.33547337,0.0472
4/3/2023 16:30,27.58202619,0.039
4/3/2023 16:45,31.46938735,0.0446
4/3/2023 17:00,31.46938735,0.0446
4/3/2023 17:15,31.46938735,0.0446
4/3/2023 17:30,38.08423477,0.0539
4/3/2023 17:45,38.08423477,0.0539
4/3/2023 18:00,30.8270503,0.0436
4/3/2023 18:15,35.85918183,0.0508
4/3/2023 18:30,33.95733907,0.0481
4/3/2023 18:45,35.85918183,0.0508
4/3/2023 19:00,32.71821362,0.0463
4/3/2023 19:15,35.85918183,0.0508
4/3/2023 19:30,37.35614047,0.0529
4/3/2023 19:45,39.58714189,0.056
4/3/2023 20:00,39.58714189,0.056
4/3/2023 20:15,41.80229443,0.0592
4/3/2023 20:30,39.58714189,0.056
4/3/2023 20:45,39.58714189,0.056
4/3/2023 21:00,39.57443242,0.056
4/3/2023 21:15,35.85918183,0.0508
4/3/2023 21:30,35.16698438,0.0498
4/3/2023 21:45,37.34335526,0.0529
4/3/2023 22:00,39.57443242,0.056
4/3/2023 22:15,35.16698438,0.0498
4/3/2023 22:30,39.57443242,0.056
4/3/2023 22:45,41.78967553,0.0592
4/3/2023 23:00,39.57443242,0.056
4/3/2023 23:15,41.78967553,0.0592
4/3/2023 23:30,41.05684192,0.0581
4/3/2023 23:45,39.58714189,0.056
4/4/2023 0:00,41.05684192,0.0581
4/4/2023 0:15,41.05684192,0.0581
4/4/2023 0:30,38.83646432,0.055
4/4/2023 0:45,37.34335526,0.0529
4/4/2023 1:00,37.34335526,0.0529
4/4/2023 1:15,38.83646432,0.055
4/4/2023 1:30,41.05684192,0.0581
4/4/2023 1:45,41.05684192,0.0581
4/4/2023 2:00,41.05684192,0.0581
4/4/2023 2:15,44.75754289,0.0634
4/4/2023 2:30,41.05684192,0.0581
4/4/2023 2:45,38.0969968,0.0539
4/4/2023 3:00,40.32347718,0.0571
4/4/2023 3:15,44.75754289,0.0634
4/4/2023 3:30,40.32347718,0.0571
4/4/2023 3:45,41.80229443,0.0592
4/4/2023 4:00,44.04656083,0.0624
4/4/2023 4:15,38.0969968,0.0539
4/4/2023 4:30,38.0969968,0.0539
4/4/2023 4:45,42.55090144,0.0602
4/4/2023 5:00,44.03425982,0.0623
4/4/2023 5:15,42.55090144,0.0602
4/4/2023 5:30,48.30225712,0.0684
4/4/2023 5:45,41.80229443,0.0592
4/4/2023 6:00,44.75754289,0.0634
4/4/2023 6:15,44.75754289,0.0634
4/4/2023 6:30,46.89086263,0.0664
4/4/2023 6:45,49.69146441,0.0703
4/4/2023 7:00,50.38172073,0.0713
4/4/2023 7:15,55.82636798,0.079
4/4/2023 7:30,48.29023217,0.0684
4/4/2023 7:45,44.75754289,0.0634
4/4/2023 8:00,46.17431037,0.0654
4/4/2023 8:15,42.55090144,0.0602
4/4/2023 8:30,46.18647898,0.0654
4/4/2023 8:45,53.8099644,0.0762
4/4/2023 9:00,46.18647898,0.0654
4/4/2023 9:15,46.18647898,0.0654
4/4/2023 9:30,40.32347718,0.0571
4/4/2023 9:45,42.55090144,0.0602
4/4/2023 10:00,42.55090144,0.0602
4/4/2023 10:15,36.60248409,0.0518
4/4/2023 10:30,38.08423477,0.0539
4/4/2023 10:45,36.60248409,0.0518
4/4/2023 11:00,42.53791689,0.0602
4/4/2023 11:15,42.53791689,0.0602
4/4/2023 11:30,50.38172073,0.0713
4/4/2023 11:45,44.74528496,0.0633
4/4/2023 12:00,42.53791689,0.0602
4/4/2023 12:15,46.17431037,0.0654
4/4/2023 12:30,41.05684192,0.0581
4/4/2023 12:45,44.74528496,0.0633
4/4/2023 13:00,38.83646432,0.055
4/4/2023 13:15,38.83646432,0.055
4/4/2023 13:30,41.05684192,0.0581
4/4/2023 13:45,46.89086263,0.0664
4/4/2023 14:00,41.05684192,0.0581
4/4/2023 14:15,41.05684192,0.0581
4/4/2023 14:30,44.75754289,0.0634
4/4/2023 14:45,43.30328583,0.0613
4/4/2023 15:00,46.89086263,0.0664
4/4/2023 15:15,44.75754289,0.0634
4/4/2023 15:30,44.75754289,0.0634
4/4/2023 15:45,44.75754289,0.0634
4/4/2023 16:00,43.30328583,0.0613
4/4/2023 16:15,44.74528496,0.0633
4/4/2023 16:30,44.74528496,0.0633
4/4/2023 16:45,48.99829515,0.0694
4/4/2023 17:00,43.30328583,0.0613
4/4/2023 17:15,48.99829515,0.0694
4/4/2023 17:30,53.13496416,0.0752
4/4/2023 17:45,46.89086263,0.0664
4/4/2023 18:00,48.99829515,0.0694
4/4/2023 18:15,48.99829515,0.0694
4/4/2023 18:30,51.06902055,0.0723
4/4/2023 18:45,53.12329913,0.0752
4/4/2023 19:00,49.69146441,0.0703
4/4/2023 19:15,51.0808441,0.0723
4/4/2023 19:30,53.13496416,0.0752
4/4/2023 19:45,51.76391943,0.0733
4/4/2023 20:00,51.76391943,0.0733
4/4/2023 20:15,55.16089449,0.0781
4/4/2023 20:30,55.16089449,0.0781
4/4/2023 20:45,53.13496416,0.0752
4/4/2023 21:00,55.14939265,0.0781
4/4/2023 21:15,55.14939265,0.0781
4/4/2023 21:30,49.69146441,0.0703
4/4/2023 21:45,55.82636798,0.079
4/4/2023 22:00,55.82636798,0.079
4/4/2023 22:15,55.82636798,0.079
4/4/2023 22:30,55.16089449,0.0781
4/4/2023 22:45,53.13496416,0.0752
4/4/2023 23:00,55.82636798,0.079
4/4/2023 23:15,59.12599139,0.0837
4/4/2023 23:30,57.81471776,0.0818
4/4/2023 23:45,53.8099644,0.0762
4/5/2023 0:00,54.49338966,0.0771
4/5/2023 0:15,55.82636798,0.079
4/5/2023 0:30,55.82636798,0.079
4/5/2023 0:45,55.82636798,0.079
4/5/2023 1:00,57.81471776,0.0818
4/5/2023 1:15,57.15899652,0.0809
4/5/2023 1:30,55.82636798,0.079
4/5/2023 1:45,55.82636798,0.079
4/5/2023 2:00,55.82636798,0.079
4/5/2023 2:15,55.82636798,0.079
4/5/2023 2:30,55.82636798,0.079
4/5/2023 2:45,53.8099644,0.0762
4/5/2023 3:00,54.48183384,0.0771
4/5/2023 3:15,54.48183384,0.0771
4/5/2023 3:30,56.48863169,0.08
4/5/2023 3:45,56.48863169,0.08
4/5/2023 4:00,52.44514371,0.0742
4/5/2023 4:15,55.82636798,0.079
4/5/2023 4:30,54.49338966,0.0771
4/5/2023 4:45,52.45686208,0.0743
4/5/2023 5:00,56.50002105,0.08
4/5/2023 5:15,54.49338966,0.0771
4/5/2023 5:30,54.49338966,0.0771
4/5/2023 5:45,52.44514371,0.0742
4/5/2023 6:00,52.44514371,0.0742
4/5/2023 6:15,54.48183384,0.0771
4/5/2023 6:30,56.48863169,0.08
4/5/2023 6:45,56.48863169,0.08
4/5/2023 7:00,56.48863169,0.08
4/5/2023 7:15,53.13496416,0.0752
4/5/2023 7:30,53.13496416,0.0752
4/5/2023 7:45,51.0808441,0.0723
4/5/2023 8:00,51.0808441,0.0723
4/5/2023 8:15,51.76391943,0.0733
4/5/2023 8:30,49.69146441,0.0703
4/5/2023 8:45,47.59253324,0.0674
4/5/2023 9:00,47.59253324,0.0674
4/5/2023 9:15,49.69146441,0.0703
4/5/2023 9:30,49.69146441,0.0703
4/5/2023 9:45,46.17431037,0.0654
4/5/2023 10:00,40.32347718,0.0571
4/5/2023 10:15,42.55090144,0.0602
4/5/2023 10:30,36.60248409,0.0518
4/5/2023 10:45,38.83646432,0.055
4/5/2023 11:00,36.60248409,0.0518
4/5/2023 11:15,36.60248409,0.0518
4/5/2023 11:30,38.83646432,0.055
4/5/2023 11:45,40.32347718,0.0571
4/5/2023 12:00,38.83646432,0.055
4/5/2023 12:15,42.55090144,0.0602
4/5/2023 12:30,36.60248409,0.0518
4/5/2023 12:45,38.83646432,0.055
4/5/2023 13:00,36.60248409,0.0518
4/5/2023 13:15,34.56474673,0.0489
4/5/2023 13:30,38.83646432,0.055
4/5/2023 13:45,38.83646432,0.055
4/5/2023 14:00,38.83646432,0.055
4/5/2023 14:15,41.05684192,0.0581
4/5/2023 14:30,38.83646432,0.055
4/5/2023 14:45,42.55090144,0.0602
4/5/2023 15:00,48.30225712,0.0684
4/5/2023 15:15,44.04656083,0.0624
4/5/2023 15:30,46.89086263,0.0664
4/5/2023 15:45,44.75754289,0.0634
4/5/2023 16:00,42.55090144,0.0602
4/5/2023 16:15,40.32347718,0.0571
4/5/2023 16:30,42.55090144,0.0602
4/5/2023 16:45,41.05684192,0.0581
4/5/2023 17:00,43.30328583,0.0613
4/5/2023 17:15,42.55090144,0.0602
4/5/2023 17:30,46.89086263,0.0664
4/5/2023 17:45,42.55090144,0.0602
4/5/2023 18:00,46.89086263,0.0664
4/5/2023 18:15,46.89086263,0.0664
4/5/2023 18:30,46.89086263,0.0664
4/5/2023 18:45,46.17431037,0.0654
4/5/2023 19:00,44.74528496,0.0633
4/5/2023 19:15,48.98631883,0.0693
4/5/2023 19:30,48.98631883,0.0693
4/5/2023 19:45,52.44514371,0.0742
4/5/2023 20:00,54.48183384,0.0771
4/5/2023 20:15,53.13496416,0.0752
4/5/2023 20:30,52.45686208,0.0743
4/5/2023 20:45,50.39359547,0.0713
4/5/2023 21:00,52.45686208,0.0743
4/5/2023 21:15,52.45686208,0.0743
4/5/2023 21:30,51.0808441,0.0723
4/5/2023 21:45,48.98631883,0.0693
4/5/2023 22:00,53.12329913,0.0752
4/5/2023 22:15,52.44514371,0.0742
4/5/2023 22:30,51.0808441,0.0723
4/5/2023 22:45,53.13496416,0.0752
4/5/2023 23:00,55.16089449,0.0781
4/5/2023 23:15,53.13496416,0.0752
4/5/2023 23:30,55.16089449,0.0781
4/5/2023 23:45,53.13496416,0.0752
4/6/2023 0:00,55.16089449,0.0781
4/6/2023 0:15,53.13496416,0.0752
4/6/2023 0:30,55.16089449,0.0781
4/6/2023 0:45,53.13496416,0.0752
4/6/2023 1:00,53.13496416,0.0752
4/6/2023 1:15,49.69146441,0.0703
4/6/2023 1:30,53.13496416,0.0752
4/6/2023 1:45,53.13496416,0.0752
4/6/2023 2:00,53.13496416,0.0752
4/6/2023 2:15,53.13496416,0.0752
4/6/2023 2:30,56.50002105,0.08
4/6/2023 2:45,54.49338966,0.0771
4/6/2023 3:00,56.50002105,0.08
4/6/2023 3:15,54.49338966,0.0771
4/6/2023 3:30,55.16089449,0.0781
4/6/2023 3:45,56.50002105,0.08
4/6/2023 4:00,54.49338966,0.0771
4/6/2023 4:15,55.16089449,0.0781
4/6/2023 4:30,51.0808441,0.0723
4/6/2023 4:45,51.0808441,0.0723
4/6/2023 5:00,51.0808441,0.0723
4/6/2023 5:15,51.0808441,0.0723
4/6/2023 5:30,53.8099644,0.0762
4/6/2023 5:45,53.12329913,0.0752
4/6/2023 6:00,53.12329913,0.0752
4/6/2023 6:15,51.06902055,0.0723
4/6/2023 6:30,55.14939265,0.0781
4/6/2023 6:45,51.06902055,0.0723
4/6/2023 7:00,55.16089449,0.0781
4/6/2023 7:15,53.13496416,0.0752
4/6/2023 7:30,49.69146441,0.0703
4/6/2023 7:45,49.69146441,0.0703
4/6/2023 8:00,49.69146441,0.0703
4/6/2023 8:15,51.76391943,0.0733
4/6/2023 8:30,53.8099644,0.0762
4/6/2023 8:45,49.69146441,0.0703
4/6/2023 9:00,44.75754289,0.0634
4/6/2023 9:15,46.18647898,0.0654
4/6/2023 9:30,42.55090144,0.0602
4/6/2023 9:45,42.55090144,0.0602
4/6/2023 10:00,35.17731681,0.0498
4/6/2023 10:15,35.17731681,0.0498
4/6/2023 10:30,35.17731681,0.0498
4/6/2023 10:45,35.17731681,0.0498
4/6/2023 11:00,35.16698438,0.0498
4/6/2023 11:15,36.60248409,0.0518
4/6/2023 11:30,38.83646432,0.055
4/6/2023 11:45,36.60248409,0.0518
4/6/2023 12:00,37.35614047,0.0529
4/6/2023 12:15,35.17731681,0.0498
4/6/2023 12:30,35.17731681,0.0498
4/6/2023 12:45,37.35614047,0.0529
4/6/2023 13:00,33.34607315,0.0472
4/6/2023 13:15,33.34607315,0.0472
4/6/2023 13:30,35.17731681,0.0498
4/6/2023 13:45,37.35614047,0.0529
4/6/2023 14:00,35.17731681,0.0498
4/6/2023 14:15,37.35614047,0.0529
4/6/2023 14:30,39.58714189,0.056
4/6/2023 14:45,40.32347718,0.0571
4/6/2023 15:00,41.05684192,0.0581
4/6/2023 15:15,38.83646432,0.055
4/6/2023 15:30,34.56474673,0.0489
4/6/2023 15:45,36.60248409,0.0518
4/6/2023 16:00,38.83646432,0.055
4/6/2023 16:15,36.60248409,0.0518
4/6/2023 16:30,38.83646432,0.055
4/6/2023 16:45,36.60248409,0.0518
4/6/2023 17:00,41.05684192,0.0581
4/6/2023 17:15,41.05684192,0.0581
4/6/2023 17:30,41.05684192,0.0581
4/6/2023 17:45,41.05684192,0.0581
4/6/2023 18:00,43.30328583,0.0613
4/6/2023 18:15,42.53791689,0.0602
4/6/2023 18:30,44.74528496,0.0633
4/6/2023 18:45,40.31079571,0.0571
4/6/2023 19:00,44.74528496,0.0633
4/6/2023 19:15,44.74528496,0.0633
4/6/2023 19:30,48.98631883,0.0693
4/6/2023 19:45,50.38172073,0.0713
4/6/2023 20:00,46.87874178,0.0664
4/6/2023 20:15,46.87874178,0.0664
4/6/2023 20:30,46.89086263,0.0664
4/6/2023 20:45,45.46722476,0.0644
4/6/2023 21:00,43.30328583,0.0613
4/6/2023 21:15,48.99829515,0.0694
4/6/2023 21:30,50.38172073,0.0713
4/6/2023 21:45,45.46722476,0.0644
4/6/2023 22:00,45.46722476,0.0644
4/6/2023 22:15,45.46722476,0.0644
4/6/2023 22:30,48.99829515,0.0694
4/6/2023 22:45,46.17431037,0.0654
4/6/2023 23:00,51.0808441,0.0723
4/6/2023 23:15,47.59253324,0.0674
4/6/2023 23:30,47.59253324,0.0674
4/6/2023 23:45,47.59253324,0.0674
4/7/2023 0:00,45.46722476,0.0644
4/7/2023 0:15,47.59253324,0.0674
4/7/2023 0:30,43.30328583,0.0613
4/7/2023 0:45,45.46722476,0.0644
4/7/2023 1:00,47.59253324,0.0674
4/7/2023 1:15,49.69146441,0.0703
4/7/2023 1:30,51.76391943,0.0733
4/7/2023 1:45,45.46722476,0.0644
4/7/2023 2:00,47.59253324,0.0674
4/7/2023 2:15,46.87874178,0.0664
4/7/2023 2:30,46.87874178,0.0664
4/7/2023 2:45,48.99829515,0.0694
4/7/2023 3:00,51.0808441,0.0723
4/7/2023 3:15,46.89086263,0.0664
4/7/2023 3:30,51.0808441,0.0723
4/7/2023 3:45,48.99829515,0.0694
4/7/2023 4:00,52.45686208,0.0743
4/7/2023 4:15,48.99829515,0.0694
4/7/2023 4:30,48.99829515,0.0694
4/7/2023 4:45,48.99829515,0.0694
4/7/2023 5:00,46.89086263,0.0664
4/7/2023 5:15,48.30225712,0.0684
4/7/2023 5:30,48.99829515,0.0694
4/7/2023 5:45,48.99829515,0.0694
4/7/2023 6:00,52.45686208,0.0743
4/7/2023 6:15,51.0808441,0.0723
4/7/2023 6:30,54.49338966,0.0771
4/7/2023 6:45,51.0808441,0.0723
4/7/2023 7:00,50.38172073,0.0713
4/7/2023 7:15,53.13496416,0.0752
4/7/2023 7:30,47.59253324,0.0674
4/7/2023 7:45,47.59253324,0.0674
4/7/2023 8:00,46.87874178,0.0664
4/7/2023 8:15,45.46722476,0.0644
4/7/2023 8:30,45.46722476,0.0644
4/7/2023 8:45,43.30328583,0.0613
4/7/2023 9:00,47.59253324,0.0674
4/7/2023 9:15,44.03425982,0.0623
4/7/2023 9:30,45.46722476,0.0644
4/7/2023 9:45,44.03425982,0.0623
4/7/2023 10:00,38.08423477,0.0539
4/7/2023 10:15,38.08423477,0.0539
4/7/2023 10:30,38.08423477,0.0539
4/7/2023 10:45,33.9468231,0.0481
4/7/2023 11:00,37.34335526,0.0529
4/7/2023 11:15,39.57443242,0.056
4/7/2023 11:30,35.16698438,0.0498
4/7/2023 11:45,37.34335526,0.0529
4/7/2023 12:00,37.34335526,0.0529
4/7/2023 12:15,39.57443242,0.056
4/7/2023 12:30,39.58714189,0.056
4/7/2023 12:45,33.95733907,0.0481
4/7/2023 13:00,41.80229443,0.0592
4/7/2023 13:15,39.58714189,0.056
4/7/2023 13:30,39.57443242,0.056
4/7/2023 13:45,37.34335526,0.0529
4/7/2023 14:00,37.34335526,0.0529
4/7/2023 14:15,38.83646432,0.055
4/7/2023 14:30,38.83646432,0.055
4/7/2023 14:45,39.57443242,0.056
4/7/2023 15:00,45.46722476,0.0644
4/7/2023 15:15,41.05684192,0.0581
4/7/2023 15:30,43.30328583,0.0613
4/7/2023 15:45,44.74528496,0.0633
4/7/2023 16:00,42.53791689,0.0602
4/7/2023 16:15,43.30328583,0.0613
4/7/2023 16:30,43.30328583,0.0613
4/7/2023 16:45,42.55090144,0.0602
4/7/2023 17:00,44.75754289,0.0634
4/7/2023 17:15,46.17431037,0.0654
4/7/2023 17:30,44.75754289,0.0634
4/7/2023 17:45,42.55090144,0.0602
4/7/2023 18:00,44.75754289,0.0634
4/7/2023 18:15,46.89086263,0.0664
4/7/2023 18:30,48.30225712,0.0684
4/7/2023 18:45,46.89086263,0.0664
4/7/2023 19:00,46.89086263,0.0664
4/7/2023 19:15,50.38172073,0.0713
4/7/2023 19:30,48.29023217,0.0684
4/7/2023 19:45,50.38172073,0.0713
4/7/2023 20:00,52.44514371,0.0742
4/7/2023 20:15,50.38172073,0.0713
4/7/2023 20:30,50.38172073,0.0713
4/7/2023 20:45,50.38172073,0.0713
4/7/2023 21:00,51.76391943,0.0733
4/7/2023 21:15,50.38172073,0.0713
4/7/2023 21:30,50.38172073,0.0713
4/7/2023 21:45,50.38172073,0.0713
4/7/2023 22:00,48.29023217,0.0684
4/7/2023 22:15,50.38172073,0.0713
4/7/2023 22:30,55.82636798,0.079
4/7/2023 22:45,53.8099644,0.0762
4/7/2023 23:00,55.82636798,0.079
4/7/2023 23:15,54.48183384,0.0771
4/7/2023 23:30,52.44514371,0.0742
4/7/2023 23:45,54.48183384,0.0771
4/8/2023 0:00,52.44514371,0.0742
4/8/2023 0:15,54.48183384,0.0771
4/8/2023 0:30,50.38172073,0.0713
4/8/2023 0:45,50.38172073,0.0713
4/8/2023 1:00,52.44514371,0.0742
4/8/2023 1:15,54.48183384,0.0771
4/8/2023 1:30,50.38172073,0.0713
4/8/2023 1:45,48.29023217,0.0684
4/8/2023 2:00,50.38172073,0.0713
4/8/2023 2:15,51.76391943,0.0733
4/8/2023 2:30,48.98631883,0.0693
4/8/2023 2:45,48.29023217,0.0684
4/8/2023 3:00,50.38172073,0.0713
4/8/2023 3:15,46.17431037,0.0654
4/8/2023 3:30,51.76391943,0.0733
4/8/2023 3:45,51.76391943,0.0733
4/8/2023 4:00,52.44514371,0.0742
4/8/2023 4:15,55.82636798,0.079
4/8/2023 4:30,49.69146441,0.0703
4/8/2023 4:45,50.38172073,0.0713
4/8/2023 5:00,48.29023217,0.0684
4/8/2023 5:15,51.76391943,0.0733
4/8/2023 5:30,50.38172073,0.0713
4/8/2023 5:45,53.8099644,0.0762
4/8/2023 6:00,54.48183384,0.0771
4/8/2023 6:15,50.38172073,0.0713
4/8/2023 6:30,52.44514371,0.0742
4/8/2023 6:45,50.38172073,0.0713
4/8/2023 7:00,50.38172073,0.0713
4/8/2023 7:15,50.38172073,0.0713
4/8/2023 7:30,48.98631883,0.0693
4/8/2023 7:45,50.38172073,0.0713
4/8/2023 8:00,48.29023217,0.0684
4/8/2023 8:15,48.29023217,0.0684
4/8/2023 8:30,48.29023217,0.0684
4/8/2023 8:45,46.89086263,0.0664
4/8/2023 9:00,44.75754289,0.0634
4/8/2023 9:15,46.89086263,0.0664
4/8/2023 9:30,43.30328583,0.0613
4/8/2023 9:45,45.46722476,0.0644
4/8/2023 10:00,41.05684192,0.0581
4/8/2023 10:15,41.05684192,0.0581
4/8/2023 10:30,39.57443242,0.056
4/8/2023 10:45,41.05684192,0.0581
4/8/2023 11:00,43.30328583,0.0613
4/8/2023 11:15,41.05684192,0.0581
4/8/2023 11:30,43.30328583,0.0613
4/8/2023 11:45,41.78967553,0.0592
4/8/2023 12:00,41.05684192,0.0581
4/8/2023 12:15,41.05684192,0.0581
4/8/2023 12:30,42.55090144,0.0602
4/8/2023 12:45,43.30328583,0.0613
4/8/2023 13:00,41.05684192,0.0581
4/8/2023 13:15,45.46722476,0.0644
4/8/2023 13:30,46.89086263,0.0664
4/8/2023 13:45,46.89086263,0.0664
4/8/2023 14:00,43.30328583,0.0613
4/8/2023 14:15,47.59253324,0.0674
4/8/2023 14:30,45.46722476,0.0644
4/8/2023 14:45,48.98631883,0.0693
4/8/2023 15:00,51.06902055,0.0723
4/8/2023 15:15,48.98631883,0.0693
4/8/2023 15:30,48.29023217,0.0684
4/8/2023 15:45,48.29023217,0.0684
4/8/2023 16:00,50.38172073,0.0713
4/8/2023 16:15,52.44514371,0.0742
4/8/2023 16:30,52.44514371,0.0742
4/8/2023 16:45,48.99829515,0.0694
4/8/2023 17:00,50.38172073,0.0713
4/8/2023 17:15,48.29023217,0.0684
4/8/2023 17:30,50.38172073,0.0713
4/8/2023 17:45,52.44514371,0.0742
4/8/2023 18:00,52.44514371,0.0742
4/8/2023 18:15,48.98631883,0.0693
4/8/2023 18:30,52.44514371,0.0742
4/8/2023 18:45,52.44514371,0.0742
4/8/2023 19:00,52.44514371,0.0742
4/8/2023 19:15,52.44514371,0.0742
4/8/2023 19:30,54.48183384,0.0771
4/8/2023 19:45,55.82636798,0.079
4/8/2023 20:00,54.48183384,0.0771
4/8/2023 20:15,54.48183384,0.0771
4/8/2023 20:30,55.82636798,0.079
4/8/2023 20:45,54.48183384,0.0771
4/8/2023 21:00,55.82636798,0.079
4/8/2023 21:15,55.82636798,0.079
4/8/2023 21:30,57.81471776,0.0818
4/8/2023 21:45,56.50002105,0.08
4/8/2023 22:00,59.76984206,0.0846
4/8/2023 22:15,54.49338966,0.0771
4/8/2023 22:30,55.82636798,0.079
4/8/2023 22:45,55.82636798,0.079
4/8/2023 23:00,52.44514371,0.0742
4/8/2023 23:15,53.13496416,0.0752
4/8/2023 23:30,53.13496416,0.0752
4/8/2023 23:45,55.82636798,0.079
4/9/2023 0:00,55.82636798,0.079
4/9/2023 0:15,55.82636798,0.079
4/9/2023 0:30,54.48183384,0.0771
4/9/2023 0:45,54.48183384,0.0771
4/9/2023 1:00,54.48183384,0.0771
4/9/2023 1:15,54.48183384,0.0771
4/9/2023 1:30,56.48863169,0.08
4/9/2023 1:45,56.48863169,0.08
4/9/2023 2:00,56.48863169,0.08
4/9/2023 2:15,56.48863169,0.08
4/9/2023 2:30,54.48183384,0.0771
4/9/2023 2:45,56.48863169,0.08
4/9/2023 3:00,52.44514371,0.0742
4/9/2023 3:15,54.48183384,0.0771
4/9/2023 3:30,60.40869618,0.0855
4/9/2023 3:45,58.46604466,0.0828
4/9/2023 4:00,59.76984206,0.0846
4/9/2023 4:15,57.81471776,0.0818
4/9/2023 4:30,56.48863169,0.08
4/9/2023 4:45,54.48183384,0.0771
4/9/2023 5:00,56.48863169,0.08
4/9/2023 5:15,52.44514371,0.0742
4/9/2023 5:30,56.48863169,0.08
4/9/2023 5:45,53.12329913,0.0752
4/9/2023 6:00,56.48863169,0.08
4/9/2023 6:15,55.16089449,0.0781
4/9/2023 6:30,54.48183384,0.0771
4/9/2023 6:45,55.16089449,0.0781
4/9/2023 7:00,57.15899652,0.0809
4/9/2023 7:15,51.76391943,0.0733
4/9/2023 7:30,57.15899652,0.0809
4/9/2023 7:45,55.16089449,0.0781
4/9/2023 8:00,55.14939265,0.0781
4/9/2023 8:15,55.82636798,0.079
4/9/2023 8:30,55.14939265,0.0781
4/9/2023 8:45,53.12329913,0.0752
4/9/2023 9:00,51.76391943,0.0733
4/9/2023 9:15,49.69146441,0.0703
4/9/2023 9:30,49.69146441,0.0703
4/9/2023 9:45,50.38172073,0.0713
4/9/2023 10:00,51.76391943,0.0733
4/9/2023 10:15,48.29023217,0.0684
4/9/2023 10:30,50.38172073,0.0713
4/9/2023 10:45,48.29023217,0.0684
4/9/2023 11:00,50.38172073,0.0713
4/9/2023 11:15,46.17431037,0.0654
4/9/2023 11:30,46.17431037,0.0654
4/9/2023 11:45,50.38172073,0.0713
4/9/2023 12:00,50.38172073,0.0713
4/9/2023 12:15,48.29023217,0.0684
4/9/2023 12:30,48.29023217,0.0684
4/9/2023 12:45,48.29023217,0.0684
4/9/2023 13:00,44.74528496,0.0633
4/9/2023 13:15,49.69146441,0.0703
4/9/2023 13:30,48.29023217,0.0684
4/9/2023 13:45,48.29023217,0.0684
4/9/2023 14:00,51.76391943,0.0733
4/9/2023 14:15,50.38172073,0.0713
4/9/2023 14:30,52.44514371,0.0742
4/9/2023 14:45,49.69146441,0.0703
4/9/2023 15:00,51.76391943,0.0733
4/9/2023 15:15,51.76391943,0.0733
4/9/2023 15:30,49.69146441,0.0703
4/9/2023 15:45,49.69146441,0.0703
4/9/2023 16:00,51.76391943,0.0733
4/9/2023 16:15,53.8099644,0.0762
4/9/2023 16:30,51.76391943,0.0733
4/9/2023 16:45,53.8099644,0.0762
4/9/2023 17:00,55.82636798,0.079
4/9/2023 17:15,51.76391943,0.0733
4/9/2023 17:30,53.8099644,0.0762
4/9/2023 17:45,50.38172073,0.0713
4/9/2023 18:00,55.16089449,0.0781
4/9/2023 18:15,57.15899652,0.0809
4/9/2023 18:30,57.81471776,0.0818
4/9/2023 18:45,57.81471776,0.0818
4/9/2023 19:00,57.81471776,0.0818
4/9/2023 19:15,55.82636798,0.079
4/9/2023 19:30,57.15899652,0.0809
4/9/2023 19:45,59.12599139,0.0837
4/9/2023 20:00,59.12599139,0.0837
4/9/2023 20:15,59.76984206,0.0846
4/9/2023 20:30,57.14766159,0.0809
4/9/2023 20:45,57.81471776,0.0818
4/9/2023 21:00,55.82636798,0.079
4/9/2023 21:15,61.053402,0.0864
4/9/2023 21:30,61.053402,0.0864
4/9/2023 21:45,59.12599139,0.0837
4/9/2023 22:00,59.76984206,0.0846
4/9/2023 22:15,59.76984206,0.0846
4/9/2023 22:30,59.76984206,0.0846
4/9/2023 22:45,59.76984206,0.0846
4/9/2023 23:00,59.76984206,0.0846
4/9/2023 23:15,57.81471776,0.0818
4/9/2023 23:30,56.48863169,0.08
4/9/2023 23:45,59.76984206,0.0846
4/10/2023 0:00,61.053402,0.0864
4/10/2023 0:15,58.46604466,0.0828
4/10/2023 0:30,60.40869618,0.0855
4/10/2023 0:45,61.68099117,0.0873
4/10/2023 1:00,58.46604466,0.0828
4/10/2023 1:15,57.81471776,0.0818
4/10/2023 1:30,61.68099117,0.0873
4/10/2023 1:45,61.68099117,0.0873
4/10/2023 2:00,61.68099117,0.0873
4/10/2023 2:15,58.46604466,0.0828
4/10/2023 2:30,61.68099117,0.0873
4/10/2023 2:45,58.46604466,0.0828
4/10/2023 3:00,59.76984206,0.0846
4/10/2023 3:15,59.76984206,0.0846
4/10/2023 3:30,59.76984206,0.0846
4/10/2023 3:45,60.40869618,0.0855
4/10/2023 4:00,60.40869618,0.0855
4/10/2023 4:15,61.68099117,0.0873
4/10/2023 4:30,60.40869618,0.0855
4/10/2023 4:45,61.68099117,0.0873
4/10/2023 5:00,59.76984206,0.0846
4/10/2023 5:15,58.46604466,0.0828
4/10/2023 5:30,59.76984206,0.0846
4/10/2023 5:45,61.68099117,0.0873
4/10/2023 6:00,57.81471776,0.0818
4/10/2023 6:15,61.68099117,0.0873
4/10/2023 6:30,60.41966675,0.0855
4/10/2023 6:45,58.47726451,0.0828
4/10/2023 7:00,60.40869618,0.0855
4/10/2023 7:15,61.68099117,0.0873
4/10/2023 7:30,57.14766159,0.0809
4/10/2023 7:45,56.48863169,0.08
4/10/2023 8:00,58.46604466,0.0828
4/10/2023 8:15,56.48863169,0.08
4/10/2023 8:30,57.15899652,0.0809
4/10/2023 8:45,55.16089449,0.0781
4/10/2023 9:00,58.47726451,0.0828
4/10/2023 9:15,58.47726451,0.0828
4/10/2023 9:30,55.82636798,0.079
4/10/2023 9:45,55.82636798,0.079
4/10/2023 10:00,51.76391943,0.0733
4/10/2023 10:15,51.76391943,0.0733
4/10/2023 10:30,53.13496416,0.0752
4/10/2023 10:45,51.76391943,0.0733
4/10/2023 11:00,53.13496416,0.0752
4/10/2023 11:15,53.13496416,0.0752
4/10/2023 11:30,51.0808441,0.0723
4/10/2023 11:45,51.76391943,0.0733
4/10/2023 12:00,49.69146441,0.0703
4/10/2023 12:15,55.16089449,0.0781
4/10/2023 12:30,49.69146441,0.0703
4/10/2023 12:45,51.76391943,0.0733
4/10/2023 13:00,55.16089449,0.0781
4/10/2023 13:15,55.16089449,0.0781
4/10/2023 13:30,55.16089449,0.0781
4/10/2023 13:45,55.16089449,0.0781
4/10/2023 14:00,52.44514371,0.0742
4/10/2023 14:15,56.48863169,0.08
4/10/2023 14:30,56.48863169,0.08
4/10/2023 14:45,53.12329913,0.0752
4/10/2023 15:00,53.12329913,0.0752
4/10/2023 15:15,58.46604466,0.0828
4/10/2023 15:30,61.68099117,0.0873
4/10/2023 15:45,61.68099117,0.0873
4/10/2023 16:00,62.3045732,0.0882
4/10/2023 16:15,61.68099117,0.0873
4/10/2023 16:30,63.68050356,0.0902
4/10/2023 16:45,65.24307486,0.0924
4/10/2023 17:00,63.68050356,0.0902
4/10/2023 17:15,67.57128575,0.0957
4/10/2023 17:30,63.68050356,0.0902
4/10/2023 17:45,68.34119414,0.0967
4/10/2023 18:00,67.57128575,0.0957
4/10/2023 18:15,66.01487239,0.0935
4/10/2023 18:30,61.68099117,0.0873
4/10/2023 18:45,60.41966675,0.0855
4/10/2023 19:00,62.92303271,0.0891
4/10/2023 19:15,62.92303271,0.0891
4/10/2023 19:30,63.68050356,0.0902
4/10/2023 19:45,63.68050356,0.0902
4/10/2023 20:00,61.68099117,0.0873
4/10/2023 20:15,59.76984206,0.0846
4/10/2023 20:30,60.40869618,0.0855
4/10/2023 20:45,66.01487239,0.0935
4/10/2023 21:00,63.68050356,0.0902
4/10/2023 21:15,60.40869618,0.0855
4/10/2023 21:30,63.68050356,0.0902
4/10/2023 21:45,63.68050356,0.0902
4/10/2023 22:00,63.68050356,0.0902
4/10/2023 22:15,60.40869618,0.0855
4/10/2023 22:30,66.01487239,0.0935
4/10/2023 22:45,61.68099117,0.0873
4/10/2023 23:00,63.68050356,0.0902
4/10/2023 23:15,63.68050356,0.0902
4/10/2023 23:30,62.3045732,0.0882
4/10/2023 23:45,60.40869618,0.0855
4/11/2023 0:00,64.45559691,0.0912
4/11/2023 0:15,61.68099117,0.0873
4/11/2023 0:30,63.68050356,0.0902
4/11/2023 0:45,61.68099117,0.0873
4/11/2023 1:00,61.68099117,0.0873
4/11/2023 1:15,59.76984206,0.0846
4/11/2023 1:30,58.47726451,0.0828
4/11/2023 1:45,62.31528038,0.0882
4/11/2023 2:00,62.31528038,0.0882
4/11/2023 2:15,63.68050356,0.0902
4/11/2023 2:30,59.76984206,0.0846
4/11/2023 2:45,59.76984206,0.0846
4/11/2023 3:00,66.01487239,0.0935
4/11/2023 3:15,65.24307486,0.0924
4/11/2023 3:30,61.68099117,0.0873
4/11/2023 3:45,61.68099117,0.0873
4/11/2023 4:00,66.80027381,0.0946
4/11/2023 4:15,63.68050356,0.0902
4/11/2023 4:30,59.76984206,0.0846
4/11/2023 4:45,59.76984206,0.0846
4/11/2023 5:00,61.053402,0.0864
4/11/2023 5:15,62.93364991,0.0891
4/11/2023 5:30,59.12599139,0.0837
4/11/2023 5:45,61.053402,0.0864
4/11/2023 6:00,64.46895192,0.0913
4/11/2023 6:15,57.81471776,0.0818
4/11/2023 6:30,57.81471776,0.0818
4/11/2023 6:45,61.053402,0.0864
4/11/2023 7:00,61.053402,0.0864
4/11/2023 7:15,61.68099117,0.0873
4/11/2023 7:30,56.48863169,0.08
4/11/2023 7:45,59.76984206,0.0846
4/11/2023 8:00,59.76984206,0.0846
4/11/2023 8:15,61.68099117,0.0873
4/11/2023 8:30,57.81471776,0.0818
4/11/2023 8:45,57.81471776,0.0818
4/11/2023 9:00,59.76984206,0.0846
4/11/2023 9:15,58.46604466,0.0828
4/11/2023 9:30,57.81471776,0.0818
4/11/2023 9:45,54.48183384,0.0771
4/11/2023 10:00,56.48863169,0.08
4/11/2023 10:15,56.48863169,0.08
4/11/2023 10:30,50.38172073,0.0713
4/11/2023 10:45,50.38172073,0.0713
4/11/2023 11:00,54.48183384,0.0771
4/11/2023 11:15,54.48183384,0.0771
4/11/2023 11:30,54.48183384,0.0771
4/11/2023 11:45,52.44514371,0.0742
4/11/2023 12:00,54.48183384,0.0771
4/11/2023 12:15,54.48183384,0.0771
4/11/2023 12:30,55.82636798,0.079
4/11/2023 12:45,56.48863169,0.08
4/11/2023 13:00,59.76984206,0.0846
4/11/2023 13:15,59.11484735,0.0837
4/11/2023 13:30,62.92303271,0.0891
4/11/2023 13:45,62.92303271,0.0891
4/11/2023 14:00,66.78697105,0.0945
4/11/2023 14:15,72.96036342,0.1033
4/11/2023 14:30,73.72020384,0.1044
4/11/2023 14:45,71.420931,0.1011
4/11/2023 15:00,72.96036342,0.1033
4/11/2023 15:15,73.72020384,0.1044
4/11/2023 15:30,77.52984786,0.1098
4/11/2023 15:45,72.96036342,0.1033
4/11/2023 16:00,71.43411052,0.1011
4/11/2023 16:15,72.96036342,0.1033
4/11/2023 16:30,75.2514912,0.1065
4/11/2023 16:45,66.78697105,0.0945
4/11/2023 17:00,80.54409965,0.114
4/11/2023 17:15,72.19788624,0.1022
4/11/2023 17:30,70.65583228,0.1
4/11/2023 17:45,66.01487239,0.0935
4/11/2023 18:00,66.78697105,0.0945
4/11/2023 18:15,64.45559691,0.0912
4/11/2023 18:30,64.45559691,0.0912
4/11/2023 18:45,64.46895192,0.0913
4/11/2023 19:00,76.77706205,0.1087
4/11/2023 19:15,74.49309301,0.1055
4/11/2023 19:30,74.49309301,0.1055
4/11/2023 19:45,76.77706205,0.1087
4/11/2023 20:00,78.29542161,0.1108
4/11/2023 20:15,85.03443193,0.1204
4/11/2023 20:30,82.80305486,0.1172
4/11/2023 20:45,75.2514912,0.1065
4/11/2023 21:00,74.49309301,0.1055
4/11/2023 21:15,72.19788624,0.1022
4/11/2023 21:30,72.19788624,0.1022
4/11/2023 21:45,74.49309301,0.1055
4/11/2023 22:00,81.30213414,0.1151
4/11/2023 22:15,81.30213414,0.1151
4/11/2023 22:30,79.04650829,0.1119
4/11/2023 22:45,76.77706205,0.1087
4/11/2023 23:00,72.96036342,0.1033
4/11/2023 23:15,76.77706205,0.1087
4/11/2023 23:30,70.65583228,0.1
4/11/2023 23:45,72.96036342,0.1033
4/12/2023 0:00,76.77706205,0.1087
4/12/2023 0:15,76.77706205,0.1087
4/12/2023 0:30,76.77706205,0.1087
4/12/2023 0:45,72.19788624,0.1022
4/12/2023 1:00,72.19788624,0.1022
4/12/2023 1:15,79.04650829,0.1119
4/12/2023 1:30,76.00848398,0.1076
4/12/2023 1:45,72.18472791,0.1022
4/12/2023 2:00,76.00848398,0.1076
4/12/2023 2:15,72.19788624,0.1022
4/12/2023 2:30,78.28245921,0.1108
4/12/2023 2:45,72.19788624,0.1022
4/12/2023 3:00,78.29542161,0.1108
4/12/2023 3:15,78.29542161,0.1108
4/12/2023 3:30,74.49309301,0.1055
4/12/2023 3:45,82.80305486,0.1172
4/12/2023 4:00,78.29542161,0.1108
4/12/2023 4:15,76.02152333,0.1076
4/12/2023 4:30,80.54409965,0.114
4/12/2023 4:45,76.00848398,0.1076
4/12/2023 5:00,76.00848398,0.1076
4/12/2023 5:15,71.420931,0.1011
4/12/2023 5:30,77.52984786,0.1098
4/12/2023 5:45,76.00848398,0.1076
4/12/2023 6:00,76.00848398,0.1076
4/12/2023 6:15,76.00848398,0.1076
4/12/2023 6:30,75.2514912,0.1065
4/12/2023 6:45,73.72020384,0.1044
4/12/2023 7:00,73.72020384,0.1044
4/12/2023 7:15,75.2514912,0.1065
4/12/2023 7:30,78.28245921,0.1108
4/12/2023 7:45,76.00848398,0.1076
4/12/2023 8:00,78.28245921,0.1108
4/12/2023 8:15,73.72020384,0.1044
4/12/2023 8:30,76.00848398,0.1076
4/12/2023 8:45,76.00848398,0.1076
4/12/2023 9:00,73.72020384,0.1044
4/12/2023 9:15,69.87623591,0.0989
4/12/2023 9:30,69.88945959,0.0989
4/12/2023 9:45,72.19788624,0.1022
4/12/2023 10:00,68.34119414,0.0967
4/12/2023 10:15,76.00848398,0.1076
4/12/2023 10:30,69.87623591,0.0989
4/12/2023 10:45,74.49309301,0.1055
4/12/2023 11:00,66.01487239,0.0935
4/12/2023 11:15,72.18472791,0.1022
4/12/2023 11:30,65.22973614,0.0923
4/12/2023 11:45,69.87623591,0.0989
4/12/2023 12:00,71.420931,0.1011
4/12/2023 12:15,77.52984786,0.1098
4/12/2023 12:30,69.88945959,0.0989
4/12/2023 12:45,67.57128575,0.0957
4/12/2023 13:00,71.43411052,0.1011
4/12/2023 13:15,78.29542161,0.1108
4/12/2023 13:30,90.16609273,0.1276
4/12/2023 13:45,95.94278814,0.1358
4/12/2023 14:00,85.03443193,0.1204
4/12/2023 14:15,87.98344684,0.1246
4/12/2023 14:30,83.54467165,0.1183
4/12/2023 14:45,87.23929588,0.1235
4/12/2023 15:00,91.62492948,0.1297
4/12/2023 15:15,85.02171656,0.1204
4/12/2023 15:30,76.77706205,0.1087
4/12/2023 15:45,80.55698215,0.114
4/12/2023 16:00,76.77706205,0.1087
4/12/2023 16:15,91.63736668,0.1297
4/12/2023 16:30,87.25192241,0.1235
4/12/2023 16:45,74.4800051,0.1054
4/12/2023 17:00,74.4800051,0.1054
4/12/2023 17:15,74.4800051,0.1054
4/12/2023 17:30,80.54409965,0.114
4/12/2023 17:45,63.68050356,0.0902
4/12/2023 18:00,63.68050356,0.0902
4/12/2023 18:15,66.01487239,0.0935
4/12/2023 18:30,63.68050356,0.0902
4/12/2023 18:45,63.68050356,0.0902
4/12/2023 19:00,61.68099117,0.0873
4/12/2023 19:15,59.76984206,0.0846
4/12/2023 19:30,67.57128575,0.0957
4/12/2023 19:45,63.68050356,0.0902
4/12/2023 20:00,63.68050356,0.0902
4/12/2023 20:15,68.34119414,0.0967
4/12/2023 20:30,59.76984206,0.0846
4/12/2023 20:45,60.40869618,0.0855
4/12/2023 21:00,63.68050356,0.0902
4/12/2023 21:15,60.40869618,0.0855
4/12/2023 21:30,66.01487239,0.0935
4/12/2023 21:45,56.48863169,0.08
4/12/2023 22:00,68.34119414,0.0967
4/12/2023 22:15,70.65583228,0.1
4/12/2023 22:30,66.01487239,0.0935
4/12/2023 22:45,62.93364991,0.0891
4/12/2023 23:00,61.68099117,0.0873
4/12/2023 23:15,66.01487239,0.0935
4/12/2023 23:30,62.3045732,0.0882
4/12/2023 23:45,59.76984206,0.0846
4/13/2023 0:00,65.22973614,0.0923
4/13/2023 0:15,61.04251861,0.0864
4/13/2023 0:30,62.92303271,0.0891
4/13/2023 0:45,67.55800254,0.0956
4/13/2023 1:00,59.76984206,0.0846
4/13/2023 1:15,61.68099117,0.0873
4/13/2023 1:30,61.053402,0.0864
4/13/2023 1:45,67.57128575,0.0957
4/13/2023 2:00,61.68099117,0.0873
4/13/2023 2:15,65.24307486,0.0924
4/13/2023 2:30,55.82636798,0.079
4/13/2023 2:45,59.12599139,0.0837
4/13/2023 3:00,57.81471776,0.0818
4/13/2023 3:15,61.04251861,0.0864
4/13/2023 3:30,61.04251861,0.0864
4/13/2023 3:45,62.92303271,0.0891
4/13/2023 4:00,66.78697105,0.0945
4/13/2023 4:15,62.3045732,0.0882
4/13/2023 4:30,59.12599139,0.0837
4/13/2023 4:45,61.053402,0.0864
4/13/2023 5:00,64.45559691,0.0912
4/13/2023 5:15,59.12599139,0.0837
4/13/2023 5:30,59.12599139,0.0837
4/13/2023 5:45,65.24307486,0.0924
4/13/2023 6:00,66.78697105,0.0945
4/13/2023 6:15,59.12599139,0.0837
4/13/2023 6:30,62.93364991,0.0891
4/13/2023 6:45,59.12599139,0.0837
4/13/2023 7:00,57.81471776,0.0818
4/13/2023 7:15,61.053402,0.0864
4/13/2023 7:30,59.12599139,0.0837
4/13/2023 7:45,59.12599139,0.0837
4/13/2023 8:00,61.053402,0.0864
4/13/2023 8:15,57.81471776,0.0818
4/13/2023 8:30,61.04251861,0.0864
4/13/2023 8:45,59.76984206,0.0846
4/13/2023 9:00,62.92303271,0.0891
4/13/2023 9:15,61.04251861,0.0864
4/13/2023 9:30,57.81471776,0.0818
4/13/2023 9:45,65.24307486,0.0924
4/13/2023 10:00,61.04251861,0.0864
4/13/2023 10:15,61.68099117,0.0873
4/13/2023 10:30,61.68099117,0.0873
4/13/2023 10:45,54.48183384,0.0771
4/13/2023 11:00,59.12599139,0.0837
4/13/2023 11:15,57.15899652,0.0809
4/13/2023 11:30,53.8099644,0.0762
4/13/2023 11:45,59.76984206,0.0846
4/13/2023 12:00,55.82636798,0.079
4/13/2023 12:15,51.76391943,0.0733
4/13/2023 12:30,55.82636798,0.079
4/13/2023 12:45,57.14766159,0.0809
4/13/2023 13:00,59.11484735,0.0837
4/13/2023 13:15,58.46604466,0.0828
4/13/2023 13:30,55.16089449,0.0781
4/13/2023 13:45,57.15899652,0.0809
4/13/2023 14:00,57.15899652,0.0809
4/13/2023 14:15,55.82636798,0.079
4/13/2023 14:30,53.8099644,0.0762
4/13/2023 14:45,62.31528038,0.0882
4/13/2023 15:00,58.46604466,0.0828
4/13/2023 15:15,57.14766159,0.0809
4/13/2023 15:30,59.11484735,0.0837
4/13/2023 15:45,57.14766159,0.0809
4/13/2023 16:00,56.48863169,0.08
4/13/2023 16:15,60.40869618,0.0855
4/13/2023 16:30,59.12599139,0.0837
4/13/2023 16:45,66.78697105,0.0945
4/13/2023 17:00,56.48863169,0.08
4/13/2023 17:15,64.45559691,0.0912
4/13/2023 17:30,68.34119414,0.0967
4/13/2023 17:45,62.3045732,0.0882
4/13/2023 18:00,61.68099117,0.0873
4/13/2023 18:15,63.68050356,0.0902
4/13/2023 18:30,60.41966675,0.0855
4/13/2023 18:45,58.47726451,0.0828
4/13/2023 19:00,63.68050356,0.0902
4/13/2023 19:15,60.40869618,0.0855
4/13/2023 19:30,63.68050356,0.0902
4/13/2023 19:45,62.3045732,0.0882
4/13/2023 20:00,68.34119414,0.0967
4/13/2023 20:15,63.68050356,0.0902
4/13/2023 20:30,68.34119414,0.0967
4/13/2023 20:45,66.01487239,0.0935
4/13/2023 21:00,63.68050356,0.0902
4/13/2023 21:15,66.01487239,0.0935
4/13/2023 21:30,68.34119414,0.0967
4/13/2023 21:45,66.01487239,0.0935
4/13/2023 22:00,62.3045732,0.0882
4/13/2023 22:15,60.40869618,0.0855
4/13/2023 22:30,62.3045732,0.0882
4/13/2023 22:45,63.68050356,0.0902
4/13/2023 23:00,69.88945959,0.0989
4/13/2023 23:15,62.3045732,0.0882
4/13/2023 23:30,67.57128575,0.0957
4/13/2023 23:45,62.3045732,0.0882
4/14/2023 0:00,59.76984206,0.0846
4/14/2023 0:15,61.68099117,0.0873
4/14/2023 0:30,66.01487239,0.0935
4/14/2023 0:45,61.68099117,0.0873
4/14/2023 1:00,61.68099117,0.0873
4/14/2023 1:15,63.68050356,0.0902
4/14/2023 1:30,69.88945959,0.0989
4/14/2023 1:45,67.57128575,0.0957
4/14/2023 2:00,72.19788624,0.1022
4/14/2023 2:15,60.40869618,0.0855
4/14/2023 2:30,59.76984206,0.0846
4/14/2023 2:45,63.68050356,0.0902
4/14/2023 3:00,63.68050356,0.0902
4/14/2023 3:15,63.68050356,0.0902
4/14/2023 3:30,61.68099117,0.0873
4/14/2023 3:45,61.68099117,0.0873
4/14/2023 4:00,60.41966675,0.0855
4/14/2023 4:15,61.68099117,0.0873
4/14/2023 4:30,61.68099117,0.0873
4/14/2023 4:45,66.01487239,0.0935
4/14/2023 5:00,68.34119414,0.0967
4/14/2023 5:15,59.76984206,0.0846
4/14/2023 5:30,61.68099117,0.0873
4/14/2023 5:45,61.68099117,0.0873
4/14/2023 6:00,63.68050356,0.0902
4/14/2023 6:15,67.57128575,0.0957
4/14/2023 6:30,67.57128575,0.0957
4/14/2023 6:45,57.81471776,0.0818
4/14/2023 7:00,63.68050356,0.0902
4/14/2023 7:15,66.01487239,0.0935
4/14/2023 7:30,60.40869618,0.0855
4/14/2023 7:45,56.48863169,0.08
4/14/2023 8:00,58.46604466,0.0828
4/14/2023 8:15,60.40869618,0.0855
4/14/2023 8:30,64.45559691,0.0912
4/14/2023 8:45,62.3045732,0.0882
4/14/2023 9:00,63.68050356,0.0902
4/14/2023 9:15,59.12599139,0.0837
4/14/2023 9:30,60.41966675,0.0855
4/14/2023 9:45,58.46604466,0.0828
4/14/2023 10:00,63.68050356,0.0902
4/14/2023 10:15,59.12599139,0.0837
4/14/2023 10:30,58.47726451,0.0828
4/14/2023 10:45,60.41966675,0.0855
4/14/2023 11:00,60.41966675,0.0855
4/14/2023 11:15,60.41966675,0.0855
4/14/2023 11:30,62.31528038,0.0882
4/14/2023 11:45,61.053402,0.0864
4/14/2023 12:00,59.12599139,0.0837
4/14/2023 12:15,60.41966675,0.0855
4/14/2023 12:30,64.46895192,0.0913
4/14/2023 12:45,63.68050356,0.0902
4/14/2023 13:00,60.40869618,0.0855
4/14/2023 13:15,57.15899652,0.0809
4/14/2023 13:30,59.12599139,0.0837
4/14/2023 13:45,57.15899652,0.0809
4/14/2023 14:00,58.46604466,0.0828
4/14/2023 14:15,58.46604466,0.0828
4/14/2023 14:30,55.14939265,0.0781
4/14/2023 14:45,53.12329913,0.0752
4/14/2023 15:00,57.14766159,0.0809
4/14/2023 15:15,57.14766159,0.0809
4/14/2023 15:30,59.11484735,0.0837
4/14/2023 15:45,55.14939265,0.0781
4/14/2023 16:00,60.40869618,0.0855
4/14/2023 16:15,53.12329913,0.0752
4/14/2023 16:30,56.48863169,0.08
4/14/2023 16:45,55.16089449,0.0781
4/14/2023 17:00,57.15899652,0.0809
4/14/2023 17:15,53.13496416,0.0752
4/14/2023 17:30,62.31528038,0.0882
4/14/2023 17:45,55.16089449,0.0781
4/14/2023 18:00,60.41966675,0.0855
4/14/2023 18:15,60.41966675,0.0855
4/14/2023 18:30,59.12599139,0.0837
4/14/2023 18:45,62.31528038,0.0882
4/14/2023 19:00,62.3045732,0.0882
4/14/2023 19:15,57.14766159,0.0809
4/14/2023 19:30,58.46604466,0.0828
4/14/2023 19:45,62.3045732,0.0882
4/14/2023 20:00,64.45559691,0.0912
4/14/2023 20:15,62.3045732,0.0882
4/14/2023 20:30,55.14939265,0.0781
4/14/2023 20:45,57.15899652,0.0809
4/14/2023 21:00,61.053402,0.0864
4/14/2023 21:15,55.16089449,0.0781
4/14/2023 21:30,59.12599139,0.0837
4/14/2023 21:45,55.82636798,0.079
4/14/2023 22:00,59.12599139,0.0837
4/14/2023 22:15,59.76984206,0.0846
4/14/2023 22:30,59.76984206,0.0846
4/14/2023 22:45,55.82636798,0.079
4/14/2023 23:00,59.11484735,0.0837
4/14/2023 23:15,61.04251861,0.0864
4/14/2023 23:30,57.81471776,0.0818
4/14/2023 23:45,62.92303271,0.0891
4/15/2023 0:00,57.81471776,0.0818
4/15/2023 0:15,61.04251861,0.0864
4/15/2023 0:30,57.14766159,0.0809
4/15/2023 0:45,61.04251861,0.0864
4/15/2023 1:00,59.11484735,0.0837
4/15/2023 1:15,59.76984206,0.0846
4/15/2023 1:30,59.76984206,0.0846
4/15/2023 1:45,61.04251861,0.0864
4/15/2023 2:00,65.24307486,0.0924
4/15/2023 2:15,61.053402,0.0864
4/15/2023 2:30,57.81471776,0.0818
4/15/2023 2:45,62.93364991,0.0891
4/15/2023 3:00,59.12599139,0.0837
4/15/2023 3:15,59.76984206,0.0846
4/15/2023 3:30,59.76984206,0.0846
4/15/2023 3:45,57.81471776,0.0818
4/15/2023 4:00,62.93364991,0.0891
4/15/2023 4:15,58.46604466,0.0828
4/15/2023 4:30,59.76984206,0.0846
4/15/2023 4:45,59.76984206,0.0846
4/15/2023 5:00,62.92303271,0.0891
4/15/2023 5:15,62.92303271,0.0891
4/15/2023 5:30,57.81471776,0.0818
4/15/2023 5:45,59.76984206,0.0846
4/15/2023 6:00,58.46604466,0.0828
4/15/2023 6:15,59.76984206,0.0846
4/15/2023 6:30,56.48863169,0.08
4/15/2023 6:45,51.06902055,0.0723
4/15/2023 7:00,52.44514371,0.0742
4/15/2023 7:15,53.13496416,0.0752
4/15/2023 7:30,51.76391943,0.0733
4/15/2023 7:45,55.16089449,0.0781
4/15/2023 8:00,58.46604466,0.0828
4/15/2023 8:15,55.14939265,0.0781
4/15/2023 8:30,51.76391943,0.0733
4/15/2023 8:45,55.14939265,0.0781
4/15/2023 9:00,57.15899652,0.0809
4/15/2023 9:15,57.15899652,0.0809
4/15/2023 9:30,62.31528038,0.0882
4/15/2023 9:45,49.69146441,0.0703
4/15/2023 10:00,51.76391943,0.0733
4/15/2023 10:15,48.29023217,0.0684
4/15/2023 10:30,51.76391943,0.0733
4/15/2023 10:45,48.30225712,0.0684
4/15/2023 11:00,50.39359547,0.0713
4/15/2023 11:15,51.0808441,0.0723
4/15/2023 11:30,48.99829515,0.0694
4/15/2023 11:45,48.99829515,0.0694
4/15/2023 12:00,48.99829515,0.0694
4/15/2023 12:15,48.99829515,0.0694
4/15/2023 12:30,48.99829515,0.0694
4/15/2023 12:45,51.0808441,0.0723
4/15/2023 13:00,48.99829515,0.0694
4/15/2023 13:15,52.44514371,0.0742
4/15/2023 13:30,50.38172073,0.0713
4/15/2023 13:45,50.38172073,0.0713
4/15/2023 14:00,46.87874178,0.0664
4/15/2023 14:15,46.87874178,0.0664
4/15/2023 14:30,48.98631883,0.0693
4/15/2023 14:45,45.46722476,0.0644
4/15/2023 15:00,50.38172073,0.0713
4/15/2023 15:15,54.49338966,0.0771
4/15/2023 15:30,54.49338966,0.0771
4/15/2023 15:45,53.13496416,0.0752
4/15/2023 16:00,52.45686208,0.0743
4/15/2023 16:15,54.49338966,0.0771
4/15/2023 16:30,54.49338966,0.0771
4/15/2023 16:45,51.0808441,0.0723
4/15/2023 17:00,51.0808441,0.0723
4/15/2023 17:15,48.99829515,0.0694
4/15/2023 17:30,48.99829515,0.0694
4/15/2023 17:45,53.13496416,0.0752
4/15/2023 18:00,53.13496416,0.0752
4/15/2023 18:15,54.48183384,0.0771
4/15/2023 18:30,54.48183384,0.0771
4/15/2023 18:45,54.48183384,0.0771
4/15/2023 19:00,54.48183384,0.0771
4/15/2023 19:15,56.48863169,0.08
4/15/2023 19:30,58.46604466,0.0828
4/15/2023 19:45,57.81471776,0.0818
4/15/2023 20:00,56.48863169,0.08
4/15/2023 20:15,56.48863169,0.08
4/15/2023 20:30,62.31528038,0.0882
4/15/2023 20:45,62.31528038,0.0882
4/15/2023 21:00,55.16089449,0.0781
4/15/2023 21:15,58.47726451,0.0828
4/15/2023 21:30,55.16089449,0.0781
4/15/2023 21:45,53.13496416,0.0752
4/15/2023 22:00,59.11484735,0.0837
4/15/2023 22:15,57.14766159,0.0809
4/15/2023 22:30,55.14939265,0.0781
4/15/2023 22:45,59.12599139,0.0837
4/15/2023 23:00,59.11484735,0.0837
4/15/2023 23:15,57.14766159,0.0809
4/15/2023 23:30,51.06902055,0.0723
4/15/2023 23:45,55.14939265,0.0781
4/16/2023 0:00,59.11484735,0.0837
4/16/2023 0:15,62.3045732,0.0882
4/16/2023 0:30,59.11484735,0.0837
4/16/2023 0:45,57.14766159,0.0809
4/16/2023 1:00,58.46604466,0.0828
4/16/2023 1:15,59.11484735,0.0837
4/16/2023 1:30,57.14766159,0.0809
4/16/2023 1:45,60.40869618,0.0855
4/16/2023 2:00,53.13496416,0.0752
4/16/2023 2:15,60.40869618,0.0855
4/16/2023 2:30,61.68099117,0.0873
4/16/2023 2:45,58.47726451,0.0828
4/16/2023 3:00,61.68099117,0.0873
4/16/2023 3:15,60.41966675,0.0855
4/16/2023 3:30,62.31528038,0.0882
4/16/2023 3:45,57.15899652,0.0809
4/16/2023 4:00,60.41966675,0.0855
4/16/2023 4:15,57.15899652,0.0809
4/16/2023 4:30,56.50002105,0.08
4/16/2023 4:45,54.49338966,0.0771
4/16/2023 5:00,55.16089449,0.0781
4/16/2023 5:15,55.16089449,0.0781
4/16/2023 5:30,55.16089449,0.0781
4/16/2023 5:45,56.50002105,0.08
4/16/2023 6:00,60.41966675,0.0855
4/16/2023 6:15,55.16089449,0.0781
4/16/2023 6:30,58.47726451,0.0828
4/16/2023 6:45,53.13496416,0.0752
4/16/2023 7:00,57.15899652,0.0809
4/16/2023 7:15,51.0808441,0.0723
4/16/2023 7:30,53.8099644,0.0762
4/16/2023 7:45,53.12329913,0.0752
4/16/2023 8:00,57.14766159,0.0809
4/16/2023 8:15,53.8099644,0.0762
4/16/2023 8:30,49.69146441,0.0703
4/16/2023 8:45,50.39359547,0.0713
4/16/2023 9:00,51.76391943,0.0733
4/16/2023 9:15,48.29023217,0.0684
4/16/2023 9:30,53.8099644,0.0762
4/16/2023 9:45,52.44514371,0.0742
4/16/2023 10:00,46.17431037,0.0654
4/16/2023 10:15,44.03425982,0.0623
4/16/2023 10:30,44.03425982,0.0623
4/16/2023 10:45,46.17431037,0.0654
4/16/2023 11:00,48.29023217,0.0684
4/16/2023 11:15,42.55090144,0.0602
4/16/2023 11:30,44.03425982,0.0623
4/16/2023 11:45,42.55090144,0.0602
4/16/2023 12:00,44.75754289,0.0634
4/16/2023 12:15,46.18647898,0.0654
4/16/2023 12:30,47.59253324,0.0674
4/16/2023 12:45,48.30225712,0.0684
4/16/2023 13:00,48.30225712,0.0684
4/16/2023 13:15,51.76391943,0.0733
4/16/2023 13:30,47.59253324,0.0674
4/16/2023 13:45,47.59253324,0.0674
4/16/2023 14:00,47.59253324,0.0674
4/16/2023 14:15,53.13496416,0.0752
4/16/2023 14:30,51.0808441,0.0723
4/16/2023 14:45,49.69146441,0.0703
4/16/2023 15:00,53.13496416,0.0752
4/16/2023 15:15,55.16089449,0.0781
4/16/2023 15:30,58.47726451,0.0828
4/16/2023 15:45,55.16089449,0.0781
4/16/2023 16:00,57.15899652,0.0809
4/16/2023 16:15,58.46604466,0.0828
4/16/2023 16:30,62.3045732,0.0882
4/16/2023 16:45,60.40869618,0.0855
4/16/2023 17:00,61.68099117,0.0873
4/16/2023 17:15,54.48183384,0.0771
4/16/2023 17:30,57.81471776,0.0818
4/16/2023 17:45,54.48183384,0.0771
4/16/2023 18:00,60.40869618,0.0855
4/16/2023 18:15,56.48863169,0.08
4/16/2023 18:30,60.40869618,0.0855
4/16/2023 18:45,56.50002105,0.08
4/16/2023 19:00,56.50002105,0.08
4/16/2023 19:15,56.50002105,0.08
4/16/2023 19:30,56.50002105,0.08
4/16/2023 19:45,61.68099117,0.0873
4/16/2023 20:00,61.04251861,0.0864
4/16/2023 20:15,57.81471776,0.0818
4/16/2023 20:30,65.22973614,0.0923
4/16/2023 20:45,59.76984206,0.0846
4/16/2023 21:00,61.68099117,0.0873
4/16/2023 21:15,61.68099117,0.0873
4/16/2023 21:30,61.68099117,0.0873
4/16/2023 21:45,57.81471776,0.0818
4/16/2023 22:00,63.68050356,0.0902
4/16/2023 22:15,59.76984206,0.0846
4/16/2023 22:30,61.04251861,0.0864
4/16/2023 22:45,55.82636798,0.079
4/16/2023 23:00,62.92303271,0.0891
4/16/2023 23:15,59.76984206,0.0846
4/16/2023 23:30,57.81471776,0.0818
4/16/2023 23:45,55.82636798,0.079
4/17/2023 0:00,53.8099644,0.0762
4/17/2023 0:15,54.48183384,0.0771
4/17/2023 0:30,49.69146441,0.0703
4/17/2023 0:45,51.76391943,0.0733
4/17/2023 1:00,50.39359547,0.0713
4/17/2023 1:15,48.30225712,0.0684
4/17/2023 1:30,57.81471776,0.0818
4/17/2023 1:45,55.82636798,0.079
4/17/2023 2:00,50.38172073,0.0713
4/17/2023 2:15,48.29023217,0.0684
4/17/2023 2:30,53.8099644,0.0762
4/17/2023 2:45,53.8099644,0.0762
4/17/2023 3:00,51.76391943,0.0733
4/17/2023 3:15,50.38172073,0.0713
4/17/2023 3:30,51.76391943,0.0733
4/17/2023 3:45,51.76391943,0.0733
4/17/2023 4:00,50.38172073,0.0713
4/17/2023 4:15,51.76391943,0.0733
4/17/2023 4:30,49.69146441,0.0703
4/17/2023 4:45,49.69146441,0.0703
4/17/2023 5:00,53.8099644,0.0762
4/17/2023 5:15,53.8099644,0.0762
4/17/2023 5:30,53.12329913,0.0752
4/17/2023 5:45,53.8099644,0.0762
4/17/2023 6:00,53.12329913,0.0752
4/17/2023 6:15,51.06902055,0.0723
4/17/2023 6:30,57.14766159,0.0809
4/17/2023 6:45,55.14939265,0.0781
4/17/2023 7:00,46.18647898,0.0654
4/17/2023 7:15,47.59253324,0.0674
4/17/2023 7:30,49.69146441,0.0703
4/17/2023 7:45,42.55090144,0.0602
4/17/2023 8:00,49.69146441,0.0703
4/17/2023 8:15,44.03425982,0.0623
4/17/2023 8:30,44.03425982,0.0623
4/17/2023 8:45,48.29023217,0.0684
4/17/2023 9:00,50.38172073,0.0713
4/17/2023 9:15,40.31079571,0.0571
4/17/2023 9:30,44.74528496,0.0633
4/17/2023 9:45,36.60248409,0.0518
4/17/2023 10:00,40.32347718,0.0571
4/17/2023 10:15,38.0969968,0.0539
4/17/2023 10:30,40.31079571,0.0571
4/17/2023 10:45,40.32347718,0.0571
4/17/2023 11:00,40.32347718,0.0571
4/17/2023 11:15,38.0969968,0.0539
4/17/2023 11:30,42.55090144,0.0602
4/17/2023 11:45,46.18647898,0.0654
4/17/2023 12:00,41.80229443,0.0592
4/17/2023 12:15,42.55090144,0.0602
4/17/2023 12:30,47.59253324,0.0674
4/17/2023 12:45,39.57443242,0.056
4/17/2023 13:00,43.30328583,0.0613
4/17/2023 13:15,43.30328583,0.0613
4/17/2023 13:30,47.59253324,0.0674
4/17/2023 13:45,44.03425982,0.0623
4/17/2023 14:00,47.59253324,0.0674
4/17/2023 14:15,51.0808441,0.0723
4/17/2023 14:30,55.16089449,0.0781
4/17/2023 14:45,56.48863169,0.08
4/17/2023 15:00,53.12329913,0.0752
4/17/2023 15:15,53.12329913,0.0752
4/17/2023 15:30,69.52896283,0.0984
4/17/2023 15:45,70.01396103,0.0991
4/17/2023 16:00,70.01396103,0.0991
4/17/2023 16:15,72.67180958,0.1029
4/17/2023 16:30,73.39521562,0.1039
4/17/2023 16:45,73.87858544,0.1046
4/17/2023 17:00,76.0445828,0.1077
4/17/2023 17:15,75.32314308,0.1066
4/17/2023 17:30,76.76543067,0.1087
4/17/2023 17:45,75.32314308,0.1066
4/17/2023 18:00,75.31901938,0.1066
4/17/2023 18:15,75.31901938,0.1066
4/17/2023 18:30,75.80141901,0.1073
4/17/2023 18:45,77.24291367,0.1094
4/17/2023 19:00,76.52246967,0.1083
4/17/2023 19:15,77.24291367,0.1094
4/17/2023 19:30,76.04046132,0.1076
4/17/2023 19:45,76.52246967,0.1083
4/17/2023 20:00,76.52246967,0.1083
4/17/2023 20:15,76.52246967,0.1083
4/17/2023 20:30,77.00420624,0.109
4/17/2023 20:45,77.00420624,0.109
4/17/2023 21:00,76.52246967,0.1083
4/17/2023 21:15,76.28355909,0.108
4/17/2023 21:30,76.52246967,0.1083
4/17/2023 21:45,74.59700966,0.1056
4/17/2023 22:00,75.31901938,0.1066
4/17/2023 22:15,75.80141901,0.1073
4/17/2023 22:30,74.59700966,0.1056
4/17/2023 22:45,75.31901938,0.1066
4/17/2023 23:00,75.31901938,0.1066
4/17/2023 23:15,74.35759356,0.1053
4/17/2023 23:30,73.63486316,0.1042
4/17/2023 23:45,73.63486316,0.1042
4/18/2023 0:00,73.63486316,0.1042
4/18/2023 0:15,72.9116215,0.1032
4/18/2023 0:30,74.35759356,0.1053
4/18/2023 0:45,71.70376727,0.1015
4/18/2023 1:00,72.9116215,0.1032
4/18/2023 1:15,73.15137985,0.1036
4/18/2023 1:30,71.70376727,0.1015
4/18/2023 1:45,72.42780943,0.1025
4/18/2023 2:00,71.70376727,0.1015
4/18/2023 2:15,73.63486316,0.1042
4/18/2023 2:30,73.63486316,0.1042
4/18/2023 2:45,72.18789227,0.1022
4/18/2023 3:00,72.9116215,0.1032
4/18/2023 3:15,72.9116215,0.1032
4/18/2023 3:30,74.11811854,0.1049
4/18/2023 3:45,72.67180958,0.1029
4/18/2023 4:00,72.67180958,0.1029
4/18/2023 4:15,70.97928169,0.1005
4/18/2023 4:30,72.18789227,0.1022
4/18/2023 4:45,74.11811854,0.1049
4/18/2023 5:00,73.39521562,0.1039
4/18/2023 5:15,73.39521562,0.1039
4/18/2023 5:30,73.39521562,0.1039
4/18/2023 5:45,73.39521562,0.1039
4/18/2023 6:00,73.39521562,0.1039
4/18/2023 6:15,74.11811854,0.1049
4/18/2023 6:30,74.59700966,0.1056
4/18/2023 6:45,74.84049178,0.1059
4/18/2023 7:00,74.11811854,0.1049
4/18/2023 7:15,72.9116215,0.1032
4/18/2023 7:30,74.11811854,0.1049
4/18/2023 7:45,74.11811854,0.1049
4/18/2023 8:00,73.39521562,0.1039
4/18/2023 8:15,74.11811854,0.1049
4/18/2023 8:30,70.97928169,0.1005
4/18/2023 8:45,71.46369979,0.1012
4/18/2023 9:00,73.63486316,0.1042
4/18/2023 9:15,73.39108373,0.1039
4/18/2023 9:30,72.18789227,0.1022
4/18/2023 9:45,72.9116215,0.1032
4/18/2023 10:00,71.70376727,0.1015
4/18/2023 10:15,70.25432511,0.0995
4/18/2023 10:30,71.70376727,0.1015
4/18/2023 10:45,71.21944452,0.1008
4/18/2023 11:00,72.18789227,0.1022
4/18/2023 11:15,71.70376727,0.1015
4/18/2023 11:30,70.25432511,0.0995
4/18/2023 11:45,71.70376727,0.1015
4/18/2023 12:00,70.97928169,0.1005
4/18/2023 12:15,73.63486316,0.1042
4/18/2023 12:30,70.01396103,0.0991
4/18/2023 12:45,73.63486316,0.1042
4/18/2023 13:00,72.18789227,0.1022
4/18/2023 13:15,73.39108373,0.1039
4/18/2023 13:30,74.11398851,0.1049
4/18/2023 13:45,74.83636594,0.1059
4/18/2023 14:00,76.76131373,0.1087
4/18/2023 14:15,76.27943873,0.108
4/18/2023 14:30,78.92010536,0.1117
4/18/2023 14:45,78.68189917,0.1114
4/18/2023 15:00,77.48155218,0.1097
4/18/2023 15:15,81.55167519,0.1155
4/18/2023 15:30,80.83530533,0.1144
4/18/2023 15:45,79.40039741,0.1124
4/18/2023 16:00,80.11820691,0.1134
4/18/2023 16:15,82.03020463,0.1161
4/18/2023 16:30,80.11820691,0.1134
4/18/2023 16:45,81.31433152,0.1151
4/18/2023 17:00,82.98215457,0.1175
4/18/2023 17:15,81.31433152,0.1151
4/18/2023 17:30,82.74531665,0.1171
4/18/2023 17:45,80.59771798,0.1141
4/18/2023 18:00,82.74531665,0.1171
4/18/2023 18:15,82.03020463,0.1161
4/18/2023 18:30,82.74531665,0.1171
4/18/2023 18:45,79.8803822,0.1131
4/18/2023 19:00,79.8803822,0.1131
4/18/2023 19:15,80.59771798,0.1141
4/18/2023 19:30,83.21890639,0.1178
4/18/2023 19:45,80.35595332,0.1138
4/18/2023 20:00,83.93271499,0.1188
4/18/2023 20:15,79.8803822,0.1131
4/18/2023 20:30,81.31433152,0.1151
4/18/2023 20:45,82.03020463,0.1161
4/18/2023 21:00,80.59771798,0.1141
4/18/2023 21:15,78.20115608,0.1107
4/18/2023 21:30,80.35595332,0.1138
4/18/2023 21:45,79.16234185,0.1121
4/18/2023 22:00,78.44361942,0.1111
4/18/2023 22:15,77.72423316,0.11
4/18/2023 22:30,78.44361942,0.1111
4/18/2023 22:45,77.00420624,0.109
4/18/2023 23:00,79.64248025,0.1127
4/18/2023 23:15,79.63837719,0.1127
4/18/2023 23:30,78.20115608,0.1107
4/18/2023 23:45,78.92010536,0.1117
4/19/2023 0:00,77.48155218,0.1097
4/19/2023 0:15,78.92010536,0.1117
4/19/2023 0:30,79.16234185,0.1121
4/19/2023 0:45,78.44361942,0.1111
4/19/2023 1:00,76.28355909,0.108
4/19/2023 1:15,77.72423316,0.11
4/19/2023 1:30,74.84049178,0.1059
4/19/2023 1:45,75.56231266,0.107
4/19/2023 2:00,76.76131373,0.1087
4/19/2023 2:15,76.76131373,0.1087
4/19/2023 2:30,76.04046132,0.1076
4/19/2023 2:45,77.96273025,0.1104
4/19/2023 3:00,76.76131373,0.1087
4/19/2023 3:15,76.52246967,0.1083
4/19/2023 3:30,77.96273025,0.1104
4/19/2023 3:45,78.20115608,0.1107
4/19/2023 4:00,77.24291367,0.1094
4/19/2023 4:15,73.87445442,0.1046
4/19/2023 4:30,76.76131373,0.1087
4/19/2023 4:45,77.96273025,0.1104
4/19/2023 5:00,76.52246967,0.1083
4/19/2023 5:15,77.96273025,0.1104
4/19/2023 5:30,77.24291367,0.1094
4/19/2023 5:45,76.52246967,0.1083
4/19/2023 6:00,76.52246967,0.1083
4/19/2023 6:15,75.80141901,0.1073
4/19/2023 6:30,75.80141901,0.1073
4/19/2023 6:45,75.80141901,0.1073
4/19/2023 7:00,76.52246967,0.1083
4/19/2023 7:15,75.07978635,0.1063
4/19/2023 7:30,73.87858544,0.1046
4/19/2023 7:45,73.15137985,0.1036
4/19/2023 8:00,75.07978635,0.1063
4/19/2023 8:15,76.04046132,0.1076
4/19/2023 8:30,73.87445442,0.1046
4/19/2023 8:45,73.15137985,0.1036
4/19/2023 9:00,72.42780943,0.1025
4/19/2023 9:15,73.87445442,0.1046
4/19/2023 9:30,71.2235847,0.1008
4/19/2023 9:45,71.94792434,0.1019
4/19/2023 10:00,72.42780943,0.1025
4/19/2023 10:15,71.2235847,0.1008
4/19/2023 10:30,70.49879005,0.0998
4/19/2023 10:45,71.46369979,0.1012
4/19/2023 11:00,72.67180958,0.1029
4/19/2023 11:15,73.87445442,0.1046
4/19/2023 11:30,73.39521562,0.1039
4/19/2023 11:45,75.31901938,0.1066
4/19/2023 12:00,74.60113653,0.1056
4/19/2023 12:15,73.15551268,0.1036
4/19/2023 12:30,74.35759356,0.1053
4/19/2023 12:45,75.07978635,0.1063
4/19/2023 13:00,72.18789227,0.1022
4/19/2023 13:15,72.9116215,0.1032
4/19/2023 13:30,75.56231266,0.107
4/19/2023 13:45,74.84049178,0.1059
4/19/2023 14:00,78.44361942,0.1111
4/19/2023 14:15,76.76543067,0.1087
4/19/2023 14:30,79.63837719,0.1127
4/19/2023 14:45,80.35595332,0.1138
4/19/2023 15:00,77.48566556,0.1097
4/19/2023 15:15,77.48566556,0.1097
4/19/2023 15:30,78.20526687,0.1107
4/19/2023 15:45,83.45557145,0.1181
4/19/2023 16:00,92.61798906,0.1311
4/19/2023 16:15,90.49216492,0.1281
4/19/2023 16:30,94.7209786,0.1341
4/19/2023 16:45,91.34537374,0.1293
4/19/2023 17:00,91.33808617,0.1293
4/19/2023 17:15,91.33808617,0.1293
4/19/2023 17:30,96.81535573,0.1371
4/19/2023 17:45,93.45773359,0.1323
4/19/2023 18:00,92.61073282,0.1311
4/19/2023 18:15,93.45773359,0.1323
4/19/2023 18:30,93.45773359,0.1323
4/19/2023 18:45,88.77703505,0.1257
4/19/2023 19:00,85.76208338,0.1214
4/19/2023 19:15,84.4605403,0.1196
4/19/2023 19:30,86.62242894,0.1226
4/19/2023 19:45,84.4605403,0.1196
4/19/2023 20:00,81.84133325,0.1159
4/19/2023 20:15,81.84133325,0.1159
4/19/2023 20:30,86.62983587,0.1226
4/19/2023 20:45,86.62983587,0.1226
4/19/2023 21:00,81.84133325,0.1159
4/19/2023 21:15,84.02031687,0.1189
4/19/2023 21:30,86.62983587,0.1226
4/19/2023 21:45,87.49448034,0.1239
4/19/2023 22:00,83.15309545,0.1177
4/19/2023 22:15,82.71864797,0.1171
4/19/2023 22:30,85.33104481,0.1208
4/19/2023 22:45,85.33104481,0.1208
4/19/2023 23:00,85.32360786,0.1208
4/19/2023 23:15,86.19254563,0.122
4/19/2023 23:30,90.91579401,0.1287
4/19/2023 23:45,84.02031687,0.1189
4/20/2023 0:00,82.71115287,0.1171
4/20/2023 0:15,84.89198689,0.1202
4/20/2023 0:30,81.39770465,0.1152
4/20/2023 0:45,84.0277832,0.119
4/20/2023 1:00,81.84133325,0.1159
4/20/2023 1:15,81.84133325,0.1159
4/20/2023 1:30,84.0277832,0.119
4/20/2023 1:45,86.1999626,0.122
4/20/2023 2:00,81.84133325,0.1159
4/20/2023 2:15,84.89198689,0.1202
4/20/2023 2:30,82.71864797,0.1171
4/20/2023 2:45,82.71115287,0.1171
4/20/2023 3:00,84.0277832,0.119
4/20/2023 3:15,81.84133325,0.1159
4/20/2023 3:30,84.0277832,0.119
4/20/2023 3:45,84.89198689,0.1202
4/20/2023 4:00,85.33104481,0.1208
4/20/2023 4:15,83.59446207,0.1183
4/20/2023 4:30,87.05838648,0.1232
4/20/2023 4:45,84.0277832,0.119
4/20/2023 5:00,84.89943257,0.1202
4/20/2023 5:15,84.89198689,0.1202
4/20/2023 5:30,85.33104481,0.1208
4/20/2023 5:45,86.1999626,0.122
4/20/2023 6:00,84.89943257,0.1202
4/20/2023 6:15,82.71864797,0.1171
4/20/2023 6:30,84.89198689,0.1202
4/20/2023 6:45,84.02031687,0.1189
4/20/2023 7:00,80.07932472,0.1134
4/20/2023 7:15,76.98606132,0.109
4/20/2023 7:30,80.08687751,0.1134
4/20/2023 7:45,77.87591661,0.1102
4/20/2023 8:00,79.20225985,0.1121
4/20/2023 8:15,76.98606132,0.109
4/20/2023 8:30,77.87591661,0.1102
4/20/2023 8:45,81.39770465,0.1152
4/20/2023 9:00,74.31286555,0.1052
4/20/2023 9:15,81.39770465,0.1152
4/20/2023 9:30,77.87591661,0.1102
4/20/2023 9:45,75.65969606,0.1071
4/20/2023 10:00,80.08687751,0.1134
4/20/2023 10:15,72.07734039,0.102
4/20/2023 10:30,77.87591661,0.1102
4/20/2023 10:45,75.65205659,0.1071
4/20/2023 11:00,75.65205659,0.1071
4/20/2023 11:15,73.42357184,0.1039
4/20/2023 11:30,76.54417946,0.1084
4/20/2023 11:45,70.72782194,0.1001
4/20/2023 12:00,73.42357184,0.1039
4/20/2023 12:15,71.17580074,0.1008
4/20/2023 12:30,74.7648495,0.1058
4/20/2023 12:45,79.20225985,0.1121
4/20/2023 13:00,75.65205659,0.1071
4/20/2023 13:15,77.87591661,0.1102
4/20/2023 13:30,72.07734039,0.102
4/20/2023 13:45,81.40522894,0.1152
4/20/2023 14:00,79.20225985,0.1121
4/20/2023 14:15,74.7648495,0.1058
4/20/2023 14:30,78.31551759,0.1109
4/20/2023 14:45,72.07734039,0.102
4/20/2023 15:00,80.08687751,0.1134
4/20/2023 15:15,75.20869405,0.1065
4/20/2023 15:30,77.87591661,0.1102
4/20/2023 15:45,78.75536243,0.1115
4/20/2023 16:00,75.65969606,0.1071
4/20/2023 16:15,79.20225985,0.1121
4/20/2023 16:30,70.72009373,0.1001
4/20/2023 16:45,85.76208338,0.1214
4/20/2023 17:00,75.65205659,0.1071
4/20/2023 17:15,81.39770465,0.1152
4/20/2023 17:30,81.39770465,0.1152
4/20/2023 17:45,80.07932472,0.1134
4/20/2023 18:00,80.52385219,0.114
4/20/2023 18:15,79.20225985,0.1121
4/20/2023 18:30,79.20225985,0.1121
4/20/2023 18:45,81.39770465,0.1152
4/20/2023 19:00,74.75719293,0.1058
4/20/2023 19:15,80.07932472,0.1134
4/20/2023 19:30,81.39770465,0.1152
4/20/2023 19:45,78.76294185,0.1115
4/20/2023 20:00,73.41589099,0.1039
4/20/2023 20:15,82.71115287,0.1171
4/20/2023 20:30,80.96104741,0.1146
4/20/2023 20:45,78.75536243,0.1115
4/20/2023 21:00,78.76294185,0.1115
4/20/2023 21:15,76.54417946,0.1084
4/20/2023 21:30,75.20869405,0.1065
4/20/2023 21:45,82.27689265,0.1165
4/20/2023 22:00,77.87591661,0.1102
4/20/2023 22:15,77.87591661,0.1102
4/20/2023 22:30,77.42744288,0.1096
4/20/2023 22:45,75.20869405,0.1065
4/20/2023 23:00,73.86806707,0.1046
4/20/2023 23:15,78.75536243,0.1115
4/20/2023 23:30,78.75536243,0.1115
4/20/2023 23:45,80.96104741,0.1146
4/21/2023 0:00,78.75536243,0.1115
4/21/2023 0:15,73.86806707,0.1046
4/21/2023 0:30,75.20869405,0.1065
4/21/2023 0:45,74.31286555,0.1052
4/21/2023 1:00,73.86806707,0.1046
4/21/2023 1:15,77.43504923,0.1096
4/21/2023 1:30,79.6486164,0.1128
4/21/2023 1:45,82.28439827,0.1165
4/21/2023 2:00,73.86806707,0.1046
4/21/2023 2:15,75.20869405,0.1065
4/21/2023 2:30,77.43504923,0.1096
4/21/2023 2:45,76.54417946,0.1084
4/21/2023 3:00,76.54417946,0.1084
4/21/2023 3:15,72.97784887,0.1033
4/21/2023 3:30,77.42744288,0.1096
4/21/2023 3:45,76.54417946,0.1084
4/21/2023 4:00,77.42744288,0.1096
4/21/2023 4:15,77.42744288,0.1096
4/21/2023 4:30,76.54417946,0.1084
4/21/2023 4:45,81.39770465,0.1152
4/21/2023 5:00,78.75536243,0.1115
4/21/2023 5:15,78.75536243,0.1115
4/21/2023 5:30,78.75536243,0.1115
4/21/2023 5:45,77.87591661,0.1102
4/21/2023 6:00,75.65205659,0.1071
4/21/2023 6:15,71.62255137,0.1014
4/21/2023 6:30,76.54417946,0.1084
4/21/2023 6:45,76.54417946,0.1084
4/21/2023 7:00,76.09416924,0.1077
4/21/2023 7:15,72.07734039,0.102
4/21/2023 7:30,73.86806707,0.1046
4/21/2023 7:45,73.86806707,0.1046
4/21/2023 8:00,77.43504923,0.1096
4/21/2023 8:15,73.86806707,0.1046
4/21/2023 8:30,73.86806707,0.1046
4/21/2023 8:45,72.52397448,0.1027
4/21/2023 9:00,66.6557232,0.0944
4/21/2023 9:15,71.62255137,0.1014
4/21/2023 9:30,76.1018006,0.1077
4/21/2023 9:45,70.72009373,0.1001
4/21/2023 10:00,70.72009373,0.1001
4/21/2023 10:15,68.466857,0.0969
4/21/2023 10:30,70.27166775,0.0995
4/21/2023 10:45,70.72782194,0.1001
4/21/2023 11:00,68.00862745,0.0963
4/21/2023 11:15,68.00862745,0.0963
4/21/2023 11:30,71.62255137,0.1014
4/21/2023 11:45,66.64793404,0.0944
4/21/2023 12:00,68.00862745,0.0963
4/21/2023 12:15,67.1065456,0.095
4/21/2023 12:30,65.74363526,0.0931
4/21/2023 12:45,63.46204139,0.0898
4/21/2023 13:00,67.1065456,0.095
4/21/2023 13:15,69.822823,0.0988
4/21/2023 13:30,67.1065456,0.095
4/21/2023 13:45,70.72782194,0.1001
4/21/2023 14:00,64.83012798,0.0918
4/21/2023 14:15,67.1065456,0.095
4/21/2023 14:30,70.72782194,0.1001
4/21/2023 14:45,74.7648495,0.1058
4/21/2023 15:00,74.31286555,0.1052
4/21/2023 15:15,72.97015943,0.1033
4/21/2023 15:30,72.07734039,0.102
4/21/2023 15:45,74.32053103,0.1052
4/21/2023 16:00,73.42357184,0.1039
4/21/2023 16:15,76.99367607,0.109
4/21/2023 16:30,72.06963625,0.102
4/21/2023 16:45,73.41589099,0.1039
4/21/2023 17:00,70.72009373,0.1001
4/21/2023 17:15,73.41589099,0.1039
4/21/2023 17:30,71.17580074,0.1008
4/21/2023 17:45,74.75719293,0.1058
4/21/2023 18:00,75.65205659,0.1071
4/21/2023 18:15,72.06963625,0.102
4/21/2023 18:30,70.72782194,0.1001
4/21/2023 18:45,75.65205659,0.1071
4/21/2023 19:00,74.31286555,0.1052
4/21/2023 19:15,72.07734039,0.102
4/21/2023 19:30,69.822823,0.0988
4/21/2023 19:45,73.41589099,0.1039
4/21/2023 20:00,71.17580074,0.1008
4/21/2023 20:15,76.54417946,0.1084
4/21/2023 20:30,67.56555184,0.0957
4/21/2023 20:45,68.466857,0.0969
4/21/2023 21:00,71.17580074,0.1008
4/21/2023 21:15,77.87591661,0.1102
4/21/2023 21:30,70.72782194,0.1001
4/21/2023 21:45,68.01639676,0.0963
4/21/2023 22:00,68.466857,0.0969
4/21/2023 22:15,72.07734039,0.102
4/21/2023 22:30,75.20869405,0.1065
4/21/2023 22:45,72.97015943,0.1033
4/21/2023 23:00,74.31286555,0.1052
4/21/2023 23:15,67.56555184,0.0957
4/21/2023 23:30,68.466857,0.0969
4/21/2023 23:45,72.06963625,0.102
4/22/2023 0:00,71.17580074,0.1008
4/22/2023 0:15,67.55777542,0.0956
4/22/2023 0:30,66.19596292,0.0937
4/22/2023 0:45,66.19596292,0.0937
4/22/2023 1:00,74.31286555,0.1052
4/22/2023 1:15,68.466857,0.0969
4/22/2023 1:30,69.822823,0.0988
4/22/2023 1:45,72.07734039,0.102
4/22/2023 2:00,72.52397448,0.1027
4/22/2023 2:15,66.20375877,0.0937
4/22/2023 2:30,71.17580074,0.1008
4/22/2023 2:45,70.72009373,0.1001
4/22/2023 3:00,74.31286555,0.1052
4/22/2023 3:15,66.19596292,0.0937
4/22/2023 3:30,72.06963625,0.102
4/22/2023 3:45,74.31286555,0.1052
4/22/2023 4:00,73.41589099,0.1039
4/22/2023 4:15,73.41589099,0.1039
4/22/2023 4:30,65.29095947,0.0924
4/22/2023 4:45,72.06963625,0.102
4/22/2023 5:00,75.65205659,0.1071
4/22/2023 5:15,71.17580074,0.1008
4/22/2023 5:30,67.56555184,0.0957
4/22/2023 5:45,69.822823,0.0988
4/22/2023 6:00,70.72009373,0.1001
4/22/2023 6:15,68.466857,0.0969
4/22/2023 6:30,67.55777542,0.0956
4/22/2023 6:45,68.466857,0.0969
4/22/2023 7:00,71.17580074,0.1008
4/22/2023 7:15,65.29095947,0.0924
4/22/2023 7:30,68.92468061,0.0976
4/22/2023 7:45,68.466857,0.0969
4/22/2023 8:00,72.06963625,0.102
4/22/2023 8:15,69.822823,0.0988
4/22/2023 8:30,64.83794195,0.0918
4/22/2023 8:45,69.822823,0.0988
4/22/2023 9:00,68.466857,0.0969
4/22/2023 9:15,68.92468061,0.0976
4/22/2023 9:30,63.92387093,0.0905
4/22/2023 9:45,65.29095947,0.0924
4/22/2023 10:00,66.20375877,0.0937
4/22/2023 10:15,66.20375877,0.0937
4/22/2023 10:30,66.6557232,0.0944
4/22/2023 10:45,74.7648495,0.1058
4/22/2023 11:00,71.17580074,0.1008
4/22/2023 11:15,66.20375877,0.0937
4/22/2023 11:30,63.92387093,0.0905
4/22/2023 11:45,66.6557232,0.0944
4/22/2023 12:00,64.37755368,0.0911
4/22/2023 12:15,67.55777542,0.0956
4/22/2023 12:30,65.28315174,0.0924
4/22/2023 12:45,72.52397448,0.1027
4/22/2023 13:00,67.55777542,0.0956
4/22/2023 13:15,68.91692376,0.0976
4/22/2023 13:30,65.29095947,0.0924
4/22/2023 13:45,64.37755368,0.0911
4/22/2023 14:00,71.62255137,0.1014
4/22/2023 14:15,68.91692376,0.0976
4/22/2023 14:30,68.01639676,0.0963
4/22/2023 14:45,69.822823,0.0988
4/22/2023 15:00,70.27166775,0.0995
4/22/2023 15:15,65.29095947,0.0924
4/22/2023 15:30,66.6557232,0.0944
4/22/2023 15:45,68.00862745,0.0963
4/22/2023 16:00,71.17580074,0.1008
4/22/2023 16:15,64.37755368,0.0911
4/22/2023 16:30,65.28315174,0.0924
4/22/2023 16:45,63.01548291,0.0892
4/22/2023 17:00,71.17580074,0.1008
4/22/2023 17:15,70.27940275,0.0995
4/22/2023 17:30,66.64793404,0.0944
4/22/2023 17:45,73.41589099,0.1039
4/22/2023 18:00,71.63026267,0.1014
4/22/2023 18:15,68.01639676,0.0963
4/22/2023 18:30,70.27940275,0.0995
4/22/2023 18:45,69.37356669,0.0982
4/22/2023 19:00,74.75719293,0.1058
4/22/2023 19:15,72.06963625,0.102
4/22/2023 19:30,74.75719293,0.1058
4/22/2023 19:45,71.17580074,0.1008
4/22/2023 20:00,68.92468061,0.0976
4/22/2023 20:15,68.92468061,0.0976
4/22/2023 20:30,67.56555184,0.0957
4/22/2023 20:45,68.466857,0.0969
4/22/2023 21:00,71.17580074,0.1008
4/22/2023 21:15,72.07734039,0.102
4/22/2023 21:30,73.41589099,0.1039
4/22/2023 21:45,71.17580074,0.1008
4/22/2023 22:00,72.52397448,0.1027
4/22/2023 22:15,69.822823,0.0988
4/22/2023 22:30,69.822823,0.0988
4/22/2023 22:45,74.7648495,0.1058
4/22/2023 23:00,73.42357184,0.1039
4/22/2023 23:15,70.72782194,0.1001
4/22/2023 23:30,71.17580074,0.1008
4/22/2023 23:45,72.52397448,0.1027
4/23/2023 0:00,69.822823,0.0988
4/23/2023 0:15,67.55777542,0.0956
4/23/2023 0:30,72.06963625,0.102
4/23/2023 0:45,71.17580074,0.1008
4/23/2023 1:00,68.91692376,0.0976
4/23/2023 1:15,72.52397448,0.1027
4/23/2023 1:30,75.65205659,0.1071
4/23/2023 1:45,69.822823,0.0988
4/23/2023 2:00,71.17580074,0.1008
4/23/2023 2:15,71.17580074,0.1008
4/23/2023 2:30,72.07734039,0.102
4/23/2023 2:45,68.466857,0.0969
4/23/2023 3:00,72.07734039,0.102
4/23/2023 3:15,71.17580074,0.1008
4/23/2023 3:30,73.42357184,0.1039
4/23/2023 3:45,72.52397448,0.1027
4/23/2023 4:00,66.20375877,0.0937
4/23/2023 4:15,68.92468061,0.0976
4/23/2023 4:30,68.92468061,0.0976
4/23/2023 4:45,65.29095947,0.0924
4/23/2023 5:00,69.822823,0.0988
4/23/2023 5:15,69.822823,0.0988
4/23/2023 5:30,67.55777542,0.0956
4/23/2023 5:45,71.17580074,0.1008
4/23/2023 6:00,71.17580074,0.1008
4/23/2023 6:15,71.17580074,0.1008
4/23/2023 6:30,74.7648495,0.1058
4/23/2023 6:45,73.42357184,0.1039
4/23/2023 7:00,70.72782194,0.1001
4/23/2023 7:15,73.42357184,0.1039
4/23/2023 7:30,67.55777542,0.0956
4/23/2023 7:45,68.466857,0.0969
4/23/2023 8:00,69.822823,0.0988
4/23/2023 8:15,70.72009373,0.1001
4/23/2023 8:30,65.28315174,0.0924
4/23/2023 8:45,65.28315174,0.0924
4/23/2023 9:00,67.55777542,0.0956
4/23/2023 9:15,67.55777542,0.0956
4/23/2023 9:30,69.822823,0.0988
4/23/2023 9:45,63.92387093,0.0905
4/23/2023 10:00,63.92387093,0.0905
4/23/2023 10:15,63.92387093,0.0905
4/23/2023 10:30,59.68569125,0.0845
4/23/2023 10:45,63.92387093,0.0905
4/23/2023 11:00,63.01548291,0.0892
4/23/2023 11:15,61.92162476,0.0877
4/23/2023 11:30,63.92387093,0.0905
4/23/2023 11:45,62.29240857,0.0882
4/23/2023 12:00,61.18099324,0.0866
4/23/2023 12:15,66.19596292,0.0937
4/23/2023 12:30,63.01548291,0.0892
4/23/2023 12:45,66.64793404,0.0944
4/23/2023 13:00,65.29095947,0.0924
4/23/2023 13:15,65.74363526,0.0931
4/23/2023 13:30,67.55777542,0.0956
4/23/2023 13:45,66.64793404,0.0944
4/23/2023 14:00,65.29095947,0.0924
4/23/2023 14:15,70.27166775,0.0995
4/23/2023 14:30,66.6557232,0.0944
4/23/2023 14:45,69.37356669,0.0982
4/23/2023 15:00,74.7648495,0.1058
4/23/2023 15:15,69.822823,0.0988
4/23/2023 15:30,68.01639676,0.0963
4/23/2023 15:45,72.52397448,0.1027
4/23/2023 16:00,71.63026267,0.1014
4/23/2023 16:15,71.17580074,0.1008
4/23/2023 16:30,73.86806707,0.1046
4/23/2023 16:45,70.27940275,0.0995
4/23/2023 17:00,66.6557232,0.0944
4/23/2023 17:15,68.92468061,0.0976
4/23/2023 17:30,71.17580074,0.1008
4/23/2023 17:45,78.32310458,0.1109
4/23/2023 18:00,74.7648495,0.1058
4/23/2023 18:15,77.43504923,0.1096
4/23/2023 18:30,74.7648495,0.1058
4/23/2023 18:45,79.20225985,0.1121
4/23/2023 19:00,74.7648495,0.1058
4/23/2023 19:15,70.27940275,0.0995
4/23/2023 19:30,76.99367607,0.109
4/23/2023 19:45,76.99367607,0.109
4/23/2023 20:00,77.43504923,0.1096
4/23/2023 20:15,74.7648495,0.1058
4/23/2023 20:30,77.87591661,0.1102
4/23/2023 20:45,76.1018006,0.1077
4/23/2023 21:00,76.1018006,0.1077
4/23/2023 21:15,73.41589099,0.1039
4/23/2023 21:30,74.31286555,0.1052
4/23/2023 21:45,79.64105579,0.1127
4/23/2023 22:00,77.87591661,0.1102
4/23/2023 22:15,77.87591661,0.1102
4/23/2023 22:30,72.07734039,0.102
4/23/2023 22:45,74.7648495,0.1058
4/23/2023 23:00,69.822823,0.0988
4/23/2023 23:15,74.7648495,0.1058
4/23/2023 23:30,74.7648495,0.1058
4/23/2023 23:45,69.822823,0.0988
4/24/2023 0:00,75.65969606,0.1071
4/24/2023 0:15,75.65969606,0.1071
4/24/2023 0:30,76.99367607,0.109
4/24/2023 0:45,72.07734039,0.102
4/24/2023 1:00,72.52397448,0.1027
4/24/2023 1:15,78.32310458,0.1109
4/24/2023 1:30,73.86806707,0.1046
4/24/2023 1:45,76.1018006,0.1077
4/24/2023 2:00,74.7648495,0.1058
4/24/2023 2:15,79.20225985,0.1121
4/24/2023 2:30,73.41589099,0.1039
4/24/2023 2:45,73.86806707,0.1046
4/24/2023 3:00,68.00862745,0.0963
4/24/2023 3:15,71.17580074,0.1008
4/24/2023 3:30,76.99367607,0.109
4/24/2023 3:45,74.7648495,0.1058
4/24/2023 4:00,68.91692376,0.0976
4/24/2023 4:15,74.7648495,0.1058
4/24/2023 4:30,69.822823,0.0988
4/24/2023 4:45,67.55777542,0.0956
4/24/2023 5:00,72.52397448,0.1027
4/24/2023 5:15,73.86806707,0.1046
4/24/2023 5:30,72.52397448,0.1027
4/24/2023 5:45,68.91692376,0.0976
4/24/2023 6:00,71.17580074,0.1008
4/24/2023 6:15,71.17580074,0.1008
4/24/2023 6:30,68.91692376,0.0976
4/24/2023 6:45,68.00862745,0.0963
4/24/2023 7:00,71.17580074,0.1008
4/24/2023 7:15,68.91692376,0.0976
4/24/2023 7:30,67.55777542,0.0956
4/24/2023 7:45,68.00862745,0.0963
4/24/2023 8:00,61.92162476,0.0877
4/24/2023 8:15,66.64793404,0.0944
4/24/2023 8:30,66.6557232,0.0944
4/24/2023 8:45,69.822823,0.0988
4/24/2023 9:00,63.01548291,0.0892
4/24/2023 9:15,71.17580074,0.1008
4/24/2023 9:30,68.01639676,0.0963
4/24/2023 9:45,68.01639676,0.0963
4/24/2023 10:00,66.6557232,0.0944
4/24/2023 10:15,63.92387093,0.0905
4/24/2023 10:30,69.37356669,0.0982
4/24/2023 10:45,66.6557232,0.0944
4/24/2023 11:00,65.29095947,0.0924
4/24/2023 11:15,63.92387093,0.0905
4/24/2023 11:30,66.6557232,0.0944
4/24/2023 11:45,71.17580074,0.1008
4/24/2023 12:00,65.29095947,0.0924
4/24/2023 12:15,71.17580074,0.1008
4/24/2023 12:30,70.27940275,0.0995
4/24/2023 12:45,71.63026267,0.1014
4/24/2023 13:00,77.43504923,0.1096
4/24/2023 13:15,64.37755368,0.0911
4/24/2023 13:30,72.97015943,0.1033
4/24/2023 13:45,75.20869405,0.1065
4/24/2023 14:00,69.37356669,0.0982
4/24/2023 14:15,73.86806707,0.1046
4/24/2023 14:30,77.43504923,0.1096
4/24/2023 14:45,80.96104741,0.1146
4/24/2023 15:00,83.15309545,0.1177
4/24/2023 15:15,84.4605403,0.1196
4/24/2023 15:30,80.96104741,0.1146
4/24/2023 15:45,85.33104481,0.1208
4/24/2023 16:00,76.1018006,0.1077
4/24/2023 16:15,79.6486164,0.1128
4/24/2023 16:30,80.08687751,0.1134
4/24/2023 16:45,89.20997696,0.1263
4/24/2023 17:00,83.15309545,0.1177
4/24/2023 17:15,85.32360786,0.1208
4/24/2023 17:30,80.96858089,0.1146
4/24/2023 17:45,83.15309545,0.1177
4/24/2023 18:00,85.33104481,0.1208
4/24/2023 18:15,89.63570075,0.1269
4/24/2023 18:30,83.15309545,0.1177
4/24/2023 18:45,78.32310458,0.1109
4/24/2023 19:00,86.19254563,0.122
4/24/2023 19:15,79.64105579,0.1127
4/24/2023 19:30,78.76294185,0.1115
4/24/2023 19:45,84.02031687,0.1189
4/24/2023 20:00,80.96104741,0.1146
4/24/2023 20:15,80.52385219,0.114
4/24/2023 20:30,78.76294185,0.1115
4/24/2023 20:45,78.32310458,0.1109
4/24/2023 21:00,80.52385219,0.114
4/24/2023 21:15,79.64105579,0.1127
4/24/2023 21:30,82.71864797,0.1171
4/24/2023 21:45,79.20225985,0.1121
4/24/2023 22:00,83.15309545,0.1177
4/24/2023 22:15,86.62242894,0.1226
4/24/2023 22:30,78.31551759,0.1109
4/24/2023 22:45,76.98606132,0.109
4/24/2023 23:00,76.1018006,0.1077
4/24/2023 23:15,72.52397448,0.1027
4/24/2023 23:30,73.42357184,0.1039
4/24/2023 23:45,81.84133325,0.1159
4/25/2023 0:00,77.43504923,0.1096
4/25/2023 0:15,71.17580074,0.1008
4/25/2023 0:30,73.42357184,0.1039
4/25/2023 0:45,80.52385219,0.114
4/25/2023 1:00,76.09416924,0.1077
4/25/2023 1:15,73.86806707,0.1046
4/25/2023 1:30,80.96104741,0.1146
4/25/2023 1:45,81.84133325,0.1159
4/25/2023 2:00,77.42744288,0.1096
4/25/2023 2:15,78.31551759,0.1109
4/25/2023 2:30,77.43504923,0.1096
4/25/2023 2:45,76.54417946,0.1084
4/25/2023 3:00,73.86806707,0.1046
4/25/2023 3:15,78.76294185,0.1115
4/25/2023 3:30,72.52397448,0.1027
4/25/2023 3:45,75.20869405,0.1065
4/25/2023 4:00,77.43504923,0.1096
4/25/2023 4:15,79.64105579,0.1127
4/25/2023 4:30,72.97015943,0.1033
4/25/2023 4:45,76.1018006,0.1077
4/25/2023 5:00,79.64105579,0.1127
4/25/2023 5:15,76.54417946,0.1084
4/25/2023 5:30,75.20869405,0.1065
4/25/2023 5:45,76.1018006,0.1077
4/25/2023 6:00,77.43504923,0.1096
4/25/2023 6:15,70.27166775,0.0995
4/25/2023 6:30,74.7648495,0.1058
4/25/2023 6:45,74.7648495,0.1058
4/25/2023 7:00,76.54417946,0.1084
4/25/2023 7:15,77.43504923,0.1096
4/25/2023 7:30,71.62255137,0.1014
4/25/2023 7:45,73.86806707,0.1046
4/25/2023 8:00,68.91692376,0.0976
4/25/2023 8:15,74.75719293,0.1058
4/25/2023 8:30,68.91692376,0.0976
4/25/2023 8:45,66.6557232,0.0944
4/25/2023 9:00,65.28315174,0.0924
4/25/2023 9:15,70.27166775,0.0995
4/25/2023 9:30,70.27166775,0.0995
4/25/2023 9:45,69.37356669,0.0982
4/25/2023 10:00,68.01639676,0.0963
4/25/2023 10:15,67.1065456,0.095
4/25/2023 10:30,68.01639676,0.0963
4/25/2023 10:45,65.74363526,0.0931
4/25/2023 11:00,65.29095947,0.0924
4/25/2023 11:15,69.37356669,0.0982
4/25/2023 11:30,70.27940275,0.0995
4/25/2023 11:45,68.92468061,0.0976
4/25/2023 12:00,68.466857,0.0969
4/25/2023 12:15,71.62255137,0.1014
4/25/2023 12:30,63.01548291,0.0892
4/25/2023 12:45,64.37755368,0.0911
4/25/2023 13:00,65.74363526,0.0931
4/25/2023 13:15,70.72782194,0.1001
4/25/2023 13:30,67.1065456,0.095
4/25/2023 13:45,69.36581735,0.0982
4/25/2023 14:00,67.1065456,0.095
4/25/2023 14:15,68.01639676,0.0963
4/25/2023 14:30,71.63026267,0.1014
4/25/2023 14:45,72.52397448,0.1027
4/25/2023 15:00,68.00862745,0.0963
4/25/2023 15:15,70.72782194,0.1001
4/25/2023 15:30,68.00862745,0.0963
4/25/2023 15:45,69.822823,0.0988
4/25/2023 16:00,69.37356669,0.0982
4/25/2023 16:15,70.72782194,0.1001
4/25/2023 16:30,62.64827332,0.0887
4/25/2023 16:45,69.822823,0.0988
4/25/2023 17:00,72.52397448,0.1027
4/25/2023 17:15,69.36581735,0.0982
4/25/2023 17:30,70.27166775,0.0995
4/25/2023 17:45,69.37356669,0.0982
4/25/2023 18:00,69.37356669,0.0982
4/25/2023 18:15,70.27166775,0.0995
4/25/2023 18:30,72.52397448,0.1027
4/25/2023 18:45,70.72782194,0.1001
4/25/2023 19:00,68.00862745,0.0963
4/25/2023 19:15,68.466857,0.0969
4/25/2023 19:30,68.00862745,0.0963
4/25/2023 19:45,69.36581735,0.0982
4/25/2023 20:00,64.37755368,0.0911
4/25/2023 20:15,68.01639676,0.0963
4/25/2023 20:30,69.37356669,0.0982
4/25/2023 20:45,68.01639676,0.0963
4/25/2023 21:00,66.6557232,0.0944
4/25/2023 21:15,69.36581735,0.0982
4/25/2023 21:30,70.27166775,0.0995
4/25/2023 21:45,70.27166775,0.0995
4/25/2023 22:00,66.64793404,0.0944
4/25/2023 22:15,65.74363526,0.0931
4/25/2023 22:30,68.91692376,0.0976
4/25/2023 22:45,62.29240857,0.0882
4/25/2023 23:00,61.92162476,0.0877
4/25/2023 23:15,68.91692376,0.0976
4/25/2023 23:30,69.36581735,0.0982
4/25/2023 23:45,66.64793404,0.0944
4/26/2023 0:00,70.27166775,0.0995
4/26/2023 0:15,71.17580074,0.1008
4/26/2023 0:30,65.74363526,0.0931
4/26/2023 0:45,66.6557232,0.0944
4/26/2023 1:00,68.91692376,0.0976
4/26/2023 1:15,70.27166775,0.0995
4/26/2023 1:30,67.1065456,0.095
4/26/2023 1:45,67.1065456,0.095
4/26/2023 2:00,70.27940275,0.0995
4/26/2023 2:15,70.27940275,0.0995
4/26/2023 2:30,64.83794195,0.0918
4/26/2023 2:45,67.1065456,0.095
4/26/2023 3:00,66.6557232,0.0944
4/26/2023 3:15,67.1065456,0.095
4/26/2023 3:30,65.74363526,0.0931
4/26/2023 3:45,64.37755368,0.0911
4/26/2023 4:00,64.37755368,0.0911
4/26/2023 4:15,65.74363526,0.0931
4/26/2023 4:30,66.6557232,0.0944
4/26/2023 4:45,63.01548291,0.0892
4/26/2023 5:00,65.29095947,0.0924
4/26/2023 5:15,66.6557232,0.0944
4/26/2023 5:30,65.29095947,0.0924
4/26/2023 5:45,66.6557232,0.0944
4/26/2023 6:00,68.00862745,0.0963
4/26/2023 6:15,68.01639676,0.0963
4/26/2023 6:30,68.00862745,0.0963
4/26/2023 6:45,70.27166775,0.0995
4/26/2023 7:00,63.01548291,0.0892
4/26/2023 7:15,63.01548291,0.0892
4/26/2023 7:30,65.29095947,0.0924
4/26/2023 7:45,66.6557232,0.0944
4/26/2023 8:00,63.01548291,0.0892
4/26/2023 8:15,60.06066952,0.085
4/26/2023 8:30,65.28315174,0.0924
4/26/2023 8:45,64.37755368,0.0911
4/26/2023 9:00,60.06066952,0.085
4/26/2023 9:15,62.64827332,0.0887
4/26/2023 9:30,60.81121633,0.0861
4/26/2023 9:45,65.29095947,0.0924
4/26/2023 10:00,64.37755368,0.0911
4/26/2023 10:15,59.30249368,0.084
4/26/2023 10:30,56.22726183,0.0796
4/26/2023 10:45,63.01548291,0.0892
4/26/2023 11:00,61.92162476,0.0877
4/26/2023 11:15,59.68569125,0.0845
4/26/2023 11:30,61.92162476,0.0877
4/26/2023 11:45,62.65451235,0.0887
4/26/2023 12:00,63.92387093,0.0905
4/26/2023 12:15,61.92162476,0.0877
4/26/2023 12:30,61.92162476,0.0877
4/26/2023 12:45,60.81121633,0.0861
4/26/2023 13:00,60.06066952,0.085
4/26/2023 13:15,60.06066952,0.085
4/26/2023 13:30,57.7742889,0.0818
4/26/2023 13:45,59.68569125,0.0845
4/26/2023 14:00,58.92407183,0.0834
4/26/2023 14:15,59.68569125,0.0845
4/26/2023 14:30,59.68569125,0.0845
4/26/2023 14:45,60.81121633,0.0861
4/26/2023 15:00,58.92407183,0.0834
4/26/2023 15:15,58.92407183,0.0834
4/26/2023 15:30,60.81121633,0.0861
4/26/2023 15:45,60.06066952,0.085
4/26/2023 16:00,61.92162476,0.0877
4/26/2023 16:15,60.06066952,0.085
4/26/2023 16:30,57.7742889,0.0818
4/26/2023 16:45,61.92162476,0.0877
4/26/2023 17:00,57.7742889,0.0818
4/26/2023 17:15,60.81121633,0.0861
4/26/2023 17:30,58.92407183,0.0834
4/26/2023 17:45,57.7742889,0.0818
4/26/2023 18:00,56.61420063,0.0801
4/26/2023 18:15,56.61420063,0.0801
4/26/2023 18:30,58.92407183,0.0834
4/26/2023 18:45,60.81121633,0.0861
4/26/2023 19:00,63.92387093,0.0905
4/26/2023 19:15,58.93061083,0.0834
4/26/2023 19:30,59.68569125,0.0845
4/26/2023 19:45,61.92162476,0.0877
4/26/2023 20:00,63.92387093,0.0905
4/26/2023 20:15,62.65451235,0.0887
4/26/2023 20:30,60.81121633,0.0861
4/26/2023 20:45,61.55536108,0.0871
4/26/2023 21:00,63.46987209,0.0899
4/26/2023 21:15,61.55536108,0.0871
4/26/2023 21:30,60.44035053,0.0856
4/26/2023 21:45,62.65451235,0.0887
4/26/2023 22:00,60.81121633,0.0861
4/26/2023 22:15,59.68569125,0.0845
4/26/2023 22:30,59.3090032,0.084
4/26/2023 22:45,61.55536108,0.0871
4/26/2023 23:00,61.55536108,0.0871
4/26/2023 23:15,60.81121633,0.0861
4/26/2023 23:30,63.46987209,0.0899
4/26/2023 23:45,61.55536108,0.0871
4/27/2023 0:00,61.55536108,0.0871
4/27/2023 0:15,60.44035053,0.0856
4/27/2023 0:30,59.68569125,0.0845
4/27/2023 0:45,63.46987209,0.0899
4/27/2023 1:00,63.46987209,0.0899
4/27/2023 1:15,65.74363526,0.0931
4/27/2023 1:30,59.68569125,0.0845
4/27/2023 1:45,61.92162476,0.0877
4/27/2023 2:00,60.43392967,0.0856
4/27/2023 2:15,63.916046,0.0905
4/27/2023 2:30,63.916046,0.0905
4/27/2023 2:45,61.92162476,0.0877
4/27/2023 3:00,64.83012798,0.0918
4/27/2023 3:15,61.55536108,0.0871
4/27/2023 3:30,63.92387093,0.0905
4/27/2023 3:45,61.55536108,0.0871
4/27/2023 4:00,59.68569125,0.0845
4/27/2023 4:15,61.55536108,0.0871
4/27/2023 4:30,60.81121633,0.0861
4/27/2023 4:45,61.92162476,0.0877
4/27/2023 5:00,63.46987209,0.0899
4/27/2023 5:15,61.92162476,0.0877
4/27/2023 5:30,60.81121633,0.0861
4/27/2023 5:45,63.92387093,0.0905
4/27/2023 6:00,62.65451235,0.0887
4/27/2023 6:15,59.68569125,0.0845
4/27/2023 6:30,63.01548291,0.0892
4/27/2023 6:45,61.92162476,0.0877
4/27/2023 7:00,59.68569125,0.0845
4/27/2023 7:15,59.68569125,0.0845
4/27/2023 7:30,55.83921931,0.079
4/27/2023 7:45,54.66242411,0.0774
4/27/2023 8:00,57.39070707,0.0812
4/27/2023 8:15,55.44335564,0.0785
4/27/2023 8:30,58.5446504,0.0829
4/27/2023 8:45,60.06066952,0.085
4/27/2023 9:00,58.92407183,0.0834
4/27/2023 9:15,58.92407183,0.0834
4/27/2023 9:30,54.65566765,0.0774
4/27/2023 9:45,60.81121633,0.0861
4/27/2023 10:00,57.7742889,0.0818
4/27/2023 10:15,55.83921931,0.079
4/27/2023 10:30,57.78089303,0.0818
4/27/2023 10:45,57.78089303,0.0818
4/27/2023 11:00,53.86968596,0.0763
4/27/2023 11:15,55.83251854,0.079
4/27/2023 11:30,56.61420063,0.0801
4/27/2023 11:45,59.68569125,0.0845
4/27/2023 12:00,57.7742889,0.0818
4/27/2023 12:15,60.81121633,0.0861
4/27/2023 12:30,57.7742889,0.0818
4/27/2023 12:45,61.92162476,0.0877
4/27/2023 13:00,57.78089303,0.0818
4/27/2023 13:15,58.93061083,0.0834
4/27/2023 13:30,54.2632168,0.0768
4/27/2023 13:45,60.81121633,0.0861
4/27/2023 14:00,59.3090032,0.084
4/27/2023 14:15,59.3090032,0.084
4/27/2023 14:30,58.16333373,0.0823
4/27/2023 14:45,58.15674909,0.0823
4/27/2023 15:00,60.81121633,0.0861
4/27/2023 15:15,60.06066952,0.085
4/27/2023 15:30,60.06066952,0.085
4/27/2023 15:45,60.44035053,0.0856
4/27/2023 16:00,61.18735348,0.0866
4/27/2023 16:15,59.3090032,0.084
4/27/2023 16:30,61.18735348,0.0866
4/27/2023 16:45,63.46987209,0.0899
4/27/2023 17:00,63.916046,0.0905
4/27/2023 17:15,61.18735348,0.0866
4/27/2023 17:30,62.29240857,0.0882
4/27/2023 17:45,62.29240857,0.0882
4/27/2023 18:00,60.44035053,0.0856
4/27/2023 18:15,63.46987209,0.0899
4/27/2023 18:30,63.01548291,0.0892
4/27/2023 18:45,64.37755368,0.0911
4/27/2023 19:00,64.37755368,0.0911
4/27/2023 19:15,63.01548291,0.0892
4/27/2023 19:30,66.64793404,0.0944
4/27/2023 19:45,64.37755368,0.0911
4/27/2023 20:00,68.01639676,0.0963
4/27/2023 20:15,70.27166775,0.0995
4/27/2023 20:30,67.56555184,0.0957
4/27/2023 20:45,67.56555184,0.0957
4/27/2023 21:00,70.27940275,0.0995
4/27/2023 21:15,70.27940275,0.0995
4/27/2023 21:30,67.56555184,0.0957
4/27/2023 21:45,68.01639676,0.0963
4/27/2023 22:00,66.6557232,0.0944
4/27/2023 22:15,65.29095947,0.0924
4/27/2023 22:30,65.28315174,0.0924
4/27/2023 22:45,66.6557232,0.0944
4/27/2023 23:00,65.28315174,0.0924
4/27/2023 23:15,70.27166775,0.0995
4/27/2023 23:30,67.55777542,0.0956
4/27/2023 23:45,68.00862745,0.0963
4/28/2023 0:00,66.64793404,0.0944
4/28/2023 0:15,69.36581735,0.0982
4/28/2023 0:30,66.6557232,0.0944
4/28/2023 0:45,65.74363526,0.0931
4/28/2023 1:00,66.64793404,0.0944
4/28/2023 1:15,67.56555184,0.0957
4/28/2023 1:30,68.92468061,0.0976
4/28/2023 1:45,65.74363526,0.0931
4/28/2023 2:00,68.01639676,0.0963
4/28/2023 2:15,68.01639676,0.0963
4/28/2023 2:30,66.6557232,0.0944
4/28/2023 2:45,67.56555184,0.0957
4/28/2023 3:00,66.6557232,0.0944
4/28/2023 3:15,68.01639676,0.0963
4/28/2023 3:30,66.6557232,0.0944
4/28/2023 3:45,66.6557232,0.0944
4/28/2023 4:00,65.29095947,0.0924
4/28/2023 4:15,67.56555184,0.0957
4/28/2023 4:30,67.56555184,0.0957
4/28/2023 4:45,67.56555184,0.0957
4/28/2023 5:00,66.6557232,0.0944
4/28/2023 5:15,66.6557232,0.0944
4/28/2023 5:30,68.01639676,0.0963
4/28/2023 5:45,66.6557232,0.0944
4/28/2023 6:00,66.6557232,0.0944
4/28/2023 6:15,70.27166775,0.0995
4/28/2023 6:30,67.55777542,0.0956
4/28/2023 6:45,68.91692376,0.0976
4/28/2023 7:00,71.17580074,0.1008
4/28/2023 7:15,68.92468061,0.0976
4/28/2023 7:30,67.56555184,0.0957
4/28/2023 7:45,63.916046,0.0905
4/28/2023 8:00,65.28315174,0.0924
4/28/2023 8:15,65.29095947,0.0924
4/28/2023 8:30,64.83794195,0.0918
4/28/2023 8:45,68.466857,0.0969
4/28/2023 9:00,68.466857,0.0969
4/28/2023 9:15,67.1065456,0.095
4/28/2023 9:30,64.83794195,0.0918
4/28/2023 9:45,63.92387093,0.0905
4/28/2023 10:00,66.19596292,0.0937
4/28/2023 10:15,67.55777542,0.0956
4/28/2023 10:30,60.43392967,0.0856
4/28/2023 10:45,62.65451235,0.0887
4/28/2023 11:00,64.83794195,0.0918
4/28/2023 11:15,61.55536108,0.0871
4/28/2023 11:30,63.92387093,0.0905
4/28/2023 11:45,64.83794195,0.0918
4/28/2023 12:00,62.65451235,0.0887
4/28/2023 12:15,62.65451235,0.0887
4/28/2023 12:30,62.65451235,0.0887
4/28/2023 12:45,64.83794195,0.0918
4/28/2023 13:00,64.83794195,0.0918
4/28/2023 13:15,63.92387093,0.0905
4/28/2023 13:30,64.83012798,0.0918
4/28/2023 13:45,63.92387093,0.0905
4/28/2023 14:00,66.20375877,0.0937
4/28/2023 14:15,64.83794195,0.0918
4/28/2023 14:30,62.65451235,0.0887
4/28/2023 14:45,63.46987209,0.0899
4/28/2023 15:00,67.1065456,0.095
4/28/2023 15:15,64.83794195,0.0918
4/28/2023 15:30,64.83794195,0.0918
4/28/2023 15:45,66.20375877,0.0937
4/28/2023 16:00,63.46987209,0.0899
4/28/2023 16:15,60.44035053,0.0856
4/28/2023 16:30,66.20375877,0.0937
4/28/2023 16:45,63.46987209,0.0899
4/28/2023 17:00,64.83794195,0.0918
4/28/2023 17:15,64.83794195,0.0918
4/28/2023 17:30,63.46204139,0.0898
4/28/2023 17:45,66.19596292,0.0937
4/28/2023 18:00,66.19596292,0.0937
4/28/2023 18:15,65.74363526,0.0931
4/28/2023 18:30,65.74363526,0.0931
4/28/2023 18:45,64.37755368,0.0911
4/28/2023 19:00,64.37755368,0.0911
4/28/2023 19:15,64.37755368,0.0911
4/28/2023 19:30,65.74363526,0.0931
4/28/2023 19:45,63.46204139,0.0898
4/28/2023 20:00,67.1065456,0.095
4/28/2023 20:15,65.74363526,0.0931
4/28/2023 20:30,68.00862745,0.0963
4/28/2023 20:45,66.64793404,0.0944
4/28/2023 21:00,65.74363526,0.0931
4/28/2023 21:15,65.74363526,0.0931
4/28/2023 21:30,66.6557232,0.0944
4/28/2023 21:45,68.91692376,0.0976
4/28/2023 22:00,68.01639676,0.0963
4/28/2023 22:15,66.6557232,0.0944
4/28/2023 22:30,65.74363526,0.0931
4/28/2023 22:45,68.01639676,0.0963
4/28/2023 23:00,68.01639676,0.0963
4/28/2023 23:15,64.37755368,0.0911
4/28/2023 23:30,68.01639676,0.0963
4/28/2023 23:45,68.91692376,0.0976
4/29/2023 0:00,66.6557232,0.0944
4/29/2023 0:15,65.29095947,0.0924
4/29/2023 0:30,64.37755368,0.0911
4/29/2023 0:45,64.37755368,0.0911
4/29/2023 1:00,66.64793404,0.0944
4/29/2023 1:15,66.6557232,0.0944
4/29/2023 1:30,63.46204139,0.0898
4/29/2023 1:45,68.00862745,0.0963
4/29/2023 2:00,66.64793404,0.0944
4/29/2023 2:15,66.64793404,0.0944
4/29/2023 2:30,65.28315174,0.0924
4/29/2023 2:45,66.64793404,0.0944
4/29/2023 3:00,65.74363526,0.0931
4/29/2023 3:15,68.00862745,0.0963
4/29/2023 3:30,67.1065456,0.095
4/29/2023 3:45,65.74363526,0.0931
4/29/2023 4:00,64.37755368,0.0911
4/29/2023 4:15,65.29095947,0.0924
4/29/2023 4:30,65.74363526,0.0931
4/29/2023 4:45,67.1065456,0.095
4/29/2023 5:00,65.74363526,0.0931
4/29/2023 5:15,65.74363526,0.0931
4/29/2023 5:30,65.74363526,0.0931
4/29/2023 5:45,65.74363526,0.0931
4/29/2023 6:00,65.28315174,0.0924
4/29/2023 6:15,64.37755368,0.0911
4/29/2023 6:30,65.74363526,0.0931
4/29/2023 6:45,63.01548291,0.0892
4/29/2023 7:00,64.37755368,0.0911
4/29/2023 7:15,61.18099324,0.0866
4/29/2023 7:30,63.92387093,0.0905
4/29/2023 7:45,63.01548291,0.0892
4/29/2023 8:00,63.01548291,0.0892
4/29/2023 8:15,61.92162476,0.0877
4/29/2023 8:30,63.01548291,0.0892
4/29/2023 8:45,63.916046,0.0905
4/29/2023 9:00,61.18735348,0.0866
4/29/2023 9:15,65.29095947,0.0924
4/29/2023 9:30,60.81121633,0.0861
4/29/2023 9:45,60.06066952,0.085
4/29/2023 10:00,60.81121633,0.0861
4/29/2023 10:15,61.92162476,0.0877
4/29/2023 10:30,60.44035053,0.0856
4/29/2023 10:45,61.92162476,0.0877
4/29/2023 11:00,63.01548291,0.0892
4/29/2023 11:15,58.93061083,0.0834
4/29/2023 11:30,63.01548291,0.0892
4/29/2023 11:45,60.0671203,0.085
4/29/2023 12:00,63.916046,0.0905
4/29/2023 12:15,61.18099324,0.0866
4/29/2023 12:30,61.18099324,0.0866
4/29/2023 12:45,61.18099324,0.0866
4/29/2023 13:00,65.29095947,0.0924
4/29/2023 13:15,62.28613895,0.0882
4/29/2023 13:30,65.29095947,0.0924
4/29/2023 13:45,64.37755368,0.0911
4/29/2023 14:00,64.37755368,0.0911
4/29/2023 14:15,64.37755368,0.0911
4/29/2023 14:30,68.01639676,0.0963
4/29/2023 14:45,65.74363526,0.0931
4/29/2023 15:00,69.37356669,0.0982
4/29/2023 15:15,70.72782194,0.1001
4/29/2023 15:30,71.63026267,0.1014
4/29/2023 15:45,68.466857,0.0969
4/29/2023 16:00,68.466857,0.0969
4/29/2023 16:15,71.62255137,0.1014
4/29/2023 16:30,70.72009373,0.1001
4/29/2023 16:45,70.72009373,0.1001
4/29/2023 17:00,71.62255137,0.1014
4/29/2023 17:15,73.86806707,0.1046
4/29/2023 17:30,76.54417946,0.1084
4/29/2023 17:45,74.7648495,0.1058
4/29/2023 18:00,78.75536243,0.1115
4/29/2023 18:15,77.43504923,0.1096
4/29/2023 18:30,75.20869405,0.1065
4/29/2023 18:45,78.76294185,0.1115
4/29/2023 19:00,76.1018006,0.1077
4/29/2023 19:15,77.43504923,0.1096
4/29/2023 19:30,78.31551759,0.1109
4/29/2023 19:45,76.1018006,0.1077
4/29/2023 20:00,79.64105579,0.1127
4/29/2023 20:15,79.64105579,0.1127
4/29/2023 20:30,76.09416924,0.1077
4/29/2023 20:45,79.64105579,0.1127
4/29/2023 21:00,76.09416924,0.1077
4/29/2023 21:15,72.97784887,0.1033
4/29/2023 21:30,75.20869405,0.1065
4/29/2023 21:45,75.20869405,0.1065
4/29/2023 22:00,77.43504923,0.1096
4/29/2023 22:15,75.20869405,0.1065
4/29/2023 22:30,76.54417946,0.1084
4/29/2023 22:45,75.20869405,0.1065
4/29/2023 23:00,72.52397448,0.1027
4/29/2023 23:15,76.09416924,0.1077
4/29/2023 23:30,76.1018006,0.1077
4/29/2023 23:45,76.98606132,0.109
4/30/2023 0:00,73.86806707,0.1046
4/30/2023 0:15,74.7648495,0.1058
4/30/2023 0:30,76.54417946,0.1084
4/30/2023 0:45,77.43504923,0.1096
4/30/2023 1:00,78.32310458,0.1109
4/30/2023 1:15,77.43504923,0.1096
4/30/2023 1:30,77.43504923,0.1096
4/30/2023 1:45,78.75536243,0.1115
4/30/2023 2:00,76.09416924,0.1077
4/30/2023 2:15,77.42744288,0.1096
4/30/2023 2:30,74.31286555,0.1052
4/30/2023 2:45,73.86806707,0.1046
4/30/2023 3:00,72.97015943,0.1033
4/30/2023 3:15,71.62255137,0.1014
4/30/2023 3:30,70.72009373,0.1001
4/30/2023 3:45,72.06963625,0.102
4/30/2023 4:00,73.86806707,0.1046
4/30/2023 4:15,72.06963625,0.102
4/30/2023 4:30,72.06963625,0.102
4/30/2023 4:45,71.62255137,0.1014
4/30/2023 5:00,72.97015943,0.1033
4/30/2023 5:15,71.62255137,0.1014
4/30/2023 5:30,72.97015943,0.1033
4/30/2023 5:45,70.72782194,0.1001
4/30/2023 6:00,72.97015943,0.1033
4/30/2023 6:15,72.97015943,0.1033
4/30/2023 6:30,70.27166775,0.0995
4/30/2023 6:45,72.97015943,0.1033
4/30/2023 7:00,70.72009373,0.1001
4/30/2023 7:15,69.822823,0.0988
4/30/2023 7:30,69.36581735,0.0982
4/30/2023 7:45,69.36581735,0.0982
4/30/2023 8:00,66.64793404,0.0944
4/30/2023 8:15,70.27166775,0.0995
4/30/2023 8:30,68.466857,0.0969
4/30/2023 8:45,69.36581735,0.0982
4/30/2023 9:00,69.36581735,0.0982
4/30/2023 9:15,67.1065456,0.095
4/30/2023 9:30,68.466857,0.0969
4/30/2023 9:45,68.466857,0.0969
4/30/2023 10:00,67.1065456,0.095
4/30/2023 10:15,68.00862745,0.0963
4/30/2023 10:30,68.466857,0.0969
4/30/2023 10:45,69.822823,0.0988
4/30/2023 11:00,68.466857,0.0969
4/30/2023 11:15,68.466857,0.0969
4/30/2023 11:30,68.00862745,0.0963
4/30/2023 11:45,69.822823,0.0988
4/30/2023 12:00,64.83794195,0.0918
4/30/2023 12:15,69.36581735,0.0982
4/30/2023 12:30,70.72009373,0.1001
4/30/2023 12:45,70.72009373,0.1001
4/30/2023 13:00,72.06963625,0.102
4/30/2023 13:15,75.20869405,0.1065
4/30/2023 13:30,72.06963625,0.102
4/30/2023 13:45,76.54417946,0.1084
4/30/2023 14:00,78.76294185,0.1115
4/30/2023 14:15,76.54417946,0.1084
4/30/2023 14:30,80.52385219,0.114
4/30/2023 14:45,79.20225985,0.1121
4/30/2023 15:00,83.59446207,0.1183
4/30/2023 15:15,83.59446207,0.1183
4/30/2023 15:30,84.0277832,0.119
4/30/2023 15:45,82.71864797,0.1171
4/30/2023 16:00,81.40522894,0.1152
4/30/2023 16:15,80.07932472,0.1134
4/30/2023 16:30,84.89198689,0.1202
4/30/2023 16:45,82.27689265,0.1165
4/30/2023 17:00,82.27689265,0.1165
4/30/2023 17:15,79.20225985,0.1121
4/30/2023 17:30,80.52385219,0.114
4/30/2023 17:45,80.52385219,0.114
4/30/2023 18:00,81.39770465,0.1152
4/30/2023 18:15,82.27689265,0.1165
4/30/2023 18:30,85.76208338,0.1214
4/30/2023 18:45,85.76208338,0.1214
4/30/2023 19:00,84.89198689,0.1202
4/30/2023 19:15,83.5869861,0.1183
4/30/2023 19:30,85.76208338,0.1214
4/30/2023 19:45,84.89198689,0.1202
4/30/2023 20:00,83.5869861,0.1183
4/30/2023 20:15,85.76208338,0.1214
4/30/2023 20:30,86.19254563,0.122
4/30/2023 20:45,84.89198689,0.1202
4/30/2023 21:00,87.05838648,0.1232
4/30/2023 21:15,82.27689265,0.1165
4/30/2023 21:30,84.89198689,0.1202
4/30/2023 21:45,82.27689265,0.1165
4/30/2023 22:00,82.71115287,0.1171
4/30/2023 22:15,81.39770465,0.1152
4/30/2023 22:30,85.76208338,0.1214
4/30/2023 22:45,82.27689265,0.1165
4/30/2023 23:00,81.40522894,0.1152
4/30/2023 23:15,77.87591661,0.1102
4/30/2023 23:30,77.87591661,0.1102
4/30/2023 23:45,80.96104741,0.1146
5/1/2023 0:00,82.27689265,0.1165
5/1/2023 0:15,82.27689265,0.1165
5/1/2023 0:30,81.40522894,0.1152
5/1/2023 0:45,82.27689265,0.1165
5/1/2023 1:00,80.96104741,0.1146
5/1/2023 1:15,83.5869861,0.1183
5/1/2023 1:30,83.15309545,0.1177
5/1/2023 1:45,82.27689265,0.1165
5/1/2023 2:00,82.27689265,0.1165
5/1/2023 2:15,82.28439827,0.1165
5/1/2023 2:30,82.28439827,0.1165
5/1/2023 2:45,81.40522894,0.1152
5/1/2023 3:00,81.40522894,0.1152
5/1/2023 3:15,82.27689265,0.1165
5/1/2023 3:30,82.28439827,0.1165
5/1/2023 3:45,82.28439827,0.1165
5/1/2023 4:00,80.08687751,0.1134
5/1/2023 4:15,83.59446207,0.1183
5/1/2023 4:30,82.27689265,0.1165
5/1/2023 4:45,82.71864797,0.1171
5/1/2023 5:00,81.40522894,0.1152
5/1/2023 5:15,78.75536243,0.1115
5/1/2023 5:30,80.07932472,0.1134
5/1/2023 5:45,81.39770465,0.1152
5/1/2023 6:00,80.96104741,0.1146
5/1/2023 6:15,82.27689265,0.1165
5/1/2023 6:30,82.71864797,0.1171
5/1/2023 6:45,84.4605403,0.1196
5/1/2023 7:00,82.28439827,0.1165
5/1/2023 7:15,82.28439827,0.1165
5/1/2023 7:30,81.40522894,0.1152
5/1/2023 7:45,82.28439827,0.1165
5/1/2023 8:00,78.76294185,0.1115
5/1/2023 8:15,80.96858089,0.1146
5/1/2023 8:30,78.76294185,0.1115
5/1/2023 8:45,78.76294185,0.1115
5/1/2023 9:00,80.08687751,0.1134
5/1/2023 9:15,75.20869405,0.1065
5/1/2023 9:30,76.54417946,0.1084
5/1/2023 9:45,76.98606132,0.109
5/1/2023 10:00,77.87591661,0.1102
5/1/2023 10:15,75.65205659,0.1071
5/1/2023 10:30,76.98606132,0.109
5/1/2023 10:45,80.52385219,0.114
5/1/2023 11:00,75.65205659,0.1071
5/1/2023 11:15,76.98606132,0.109
5/1/2023 11:30,76.98606132,0.109
5/1/2023 11:45,72.97015943,0.1033
5/1/2023 12:00,77.87591661,0.1102
5/1/2023 12:15,79.20225985,0.1121
5/1/2023 12:30,76.54417946,0.1084
5/1/2023 12:45,78.32310458,0.1109
5/1/2023 13:00,77.87591661,0.1102
5/1/2023 13:15,75.65969606,0.1071
5/1/2023 13:30,78.32310458,0.1109
5/1/2023 13:45,76.1018006,0.1077
5/1/2023 14:00,79.20225985,0.1121
5/1/2023 14:15,80.52385219,0.114
5/1/2023 14:30,80.52385219,0.114
5/1/2023 14:45,82.71864797,0.1171
5/1/2023 15:00,81.40522894,0.1152
5/1/2023 15:15,84.0277832,0.119
5/1/2023 15:30,82.71864797,0.1171
5/1/2023 15:45,87.49448034,0.1239
5/1/2023 16:00,85.33104481,0.1208
5/1/2023 16:15,84.89198689,0.1202
5/1/2023 16:30,87.48709373,0.1239
5/1/2023 16:45,86.19254563,0.122
5/1/2023 17:00,85.32360786,0.1208
5/1/2023 17:15,84.02031687,0.1189
5/1/2023 17:30,85.32360786,0.1208
5/1/2023 17:45,85.32360786,0.1208
5/1/2023 18:00,86.19254563,0.122
5/1/2023 18:15,82.71115287,0.1171
5/1/2023 18:30,90.48485595,0.1281
5/1/2023 18:45,87.05838648,0.1232
5/1/2023 19:00,86.19254563,0.122
5/1/2023 19:15,87.48709373,0.1239
5/1/2023 19:30,89.63570075,0.1269
5/1/2023 19:45,84.89198689,0.1202
5/1/2023 20:00,87.49448034,0.1239
5/1/2023 20:15,84.89198689,0.1202
5/1/2023 20:30,84.0277832,0.119
5/1/2023 20:45,84.0277832,0.119
5/1/2023 21:00,84.89943257,0.1202
5/1/2023 21:15,82.71864797,0.1171
5/1/2023 21:30,86.1999626,0.122
5/1/2023 21:45,86.1999626,0.122
5/1/2023 22:00,87.49448034,0.1239
5/1/2023 22:15,86.1999626,0.122
5/1/2023 22:30,82.71864797,0.1171
5/1/2023 22:45,88.35010963,0.1251
5/1/2023 23:00,89.20997696,0.1263
5/1/2023 23:15,82.71864797,0.1171
5/1/2023 23:30,84.89198689,0.1202
5/1/2023 23:45,88.35010963,0.1251
5/2/2023 0:00,89.63570075,0.1269
5/2/2023 0:15,89.63570075,0.1269
5/2/2023 0:30,88.35010963,0.1251
5/2/2023 0:45,87.05838648,0.1232
5/2/2023 1:00,89.63570075,0.1269
5/2/2023 1:15,93.03853298,0.1317
5/2/2023 1:30,87.05838648,0.1232
5/2/2023 1:45,89.63570075,0.1269
5/2/2023 2:00,84.89198689,0.1202
5/2/2023 2:15,86.19254563,0.122
5/2/2023 2:30,89.63570075,0.1269
5/2/2023 2:45,93.03853298,0.1317
5/2/2023 3:00,89.63570075,0.1269
5/2/2023 3:15,85.76208338,0.1214
5/2/2023 3:30,87.05838648,0.1232
5/2/2023 3:45,87.9225899,0.1245
5/2/2023 4:00,84.89943257,0.1202
5/2/2023 4:15,92.61073282,0.1311
5/2/2023 4:30,84.89198689,0.1202
5/2/2023 4:45,84.89198689,0.1202
5/2/2023 5:00,85.76208338,0.1214
5/2/2023 5:15,87.91521352,0.1245
5/2/2023 5:30,87.05838648,0.1232
5/2/2023 5:45,86.1999626,0.122
5/2/2023 6:00,87.91521352,0.1245
5/2/2023 6:15,84.4605403,0.1196
5/2/2023 6:30,88.35010963,0.1251
5/2/2023 6:45,84.89198689,0.1202
5/2/2023 7:00,84.89198689,0.1202
5/2/2023 7:15,83.5869861,0.1183
5/2/2023 7:30,84.89198689,0.1202
5/2/2023 7:45,84.4605403,0.1196
5/2/2023 8:00,82.71115287,0.1171
5/2/2023 8:15,89.63570075,0.1269
5/2/2023 8:30,85.76208338,0.1214
5/2/2023 8:45,85.76208338,0.1214
5/2/2023 9:00,84.89198689,0.1202
5/2/2023 9:15,85.76208338,0.1214
5/2/2023 9:30,80.07932472,0.1134
5/2/2023 9:45,85.76208338,0.1214
5/2/2023 10:00,84.89943257,0.1202
5/2/2023 10:15,83.59446207,0.1183
5/2/2023 10:30,80.08687751,0.1134
5/2/2023 10:45,85.76208338,0.1214
5/2/2023 11:00,80.08687751,0.1134
5/2/2023 11:15,81.40522894,0.1152
5/2/2023 11:30,79.20225985,0.1121
5/2/2023 11:45,81.40522894,0.1152
5/2/2023 12:00,83.59446207,0.1183
5/2/2023 12:15,83.5869861,0.1183
5/2/2023 12:30,84.02031687,0.1189
5/2/2023 12:45,80.07932472,0.1134
5/2/2023 13:00,81.39770465,0.1152
5/2/2023 13:15,85.76208338,0.1214
5/2/2023 13:30,81.40522894,0.1152
5/2/2023 13:45,81.40522894,0.1152
5/2/2023 14:00,86.19254563,0.122
5/2/2023 14:15,83.5869861,0.1183
5/2/2023 14:30,84.89198689,0.1202
5/2/2023 14:45,80.52385219,0.114
5/2/2023 15:00,84.0277832,0.119
5/2/2023 15:15,93.88426195,0.1329
5/2/2023 15:30,89.63570075,0.1269
5/2/2023 15:45,86.1999626,0.122
5/2/2023 16:00,90.91579401,0.1287
5/2/2023 16:15,88.35010963,0.1251
5/2/2023 16:30,91.76777424,0.1299
5/2/2023 16:45,96.39332151,0.1365
5/2/2023 17:00,102.9873886,0.1458
5/2/2023 17:15,99.29759947,0.1406
5/2/2023 17:30,110.9974619,0.1571
5/2/2023 17:45,122.1341827,0.1729
5/2/2023 18:00,113.3544048,0.1605
5/2/2023 18:15,118.3607024,0.1676
5/2/2023 18:30,114.9053189,0.1627
5/2/2023 18:45,119.1236278,0.1686
5/2/2023 19:00,116.4455014,0.1648
5/2/2023 19:15,112.1819968,0.1588
5/2/2023 19:30,129.4870738,0.1833
5/2/2023 19:45,125.108964,0.1771
5/2/2023 20:00,117.9749527,0.167
5/2/2023 20:15,104.6147346,0.1481
5/2/2023 20:30,100.1240934,0.1417
5/2/2023 20:45,103.8020443,0.1469
5/2/2023 21:00,102.5822131,0.1452
5/2/2023 21:15,101.363481,0.1435
5/2/2023 21:30,101.363481,0.1435
5/2/2023 21:45,96.81535573,0.1371
5/2/2023 22:00,94.7209786,0.1341
5/2/2023 22:15,100.9486689,0.1429
5/2/2023 22:30,97.22959653,0.1376
5/2/2023 22:45,102.9943694,0.1458
5/2/2023 23:00,95.56165076,0.1353
5/2/2023 23:15,93.87703745,0.1329
5/2/2023 23:30,93.87703745,0.1329
5/2/2023 23:45,92.61073282,0.1311
5/3/2023 0:00,93.45773359,0.1323
5/3/2023 0:15,92.61073282,0.1311
5/3/2023 0:30,98.88656413,0.14
5/3/2023 0:45,102.1763846,0.1446
5/3/2023 1:00,97.22959653,0.1376
5/3/2023 1:15,95.56165076,0.1353
5/3/2023 1:30,98.88656413,0.14
5/3/2023 1:45,95.97780234,0.1359
5/3/2023 2:00,95.56165076,0.1353
5/3/2023 2:15,93.45773359,0.1323
5/3/2023 2:30,96.81535573,0.1371
5/3/2023 2:45,100.1311515,0.1418
5/3/2023 3:00,103.3988808,0.1464
5/3/2023 3:15,102.1763846,0.1446
5/3/2023 3:30,96.80820824,0.137
5/3/2023 3:45,100.1240934,0.1417
5/3/2023 4:00,98.05545481,0.1388
5/3/2023 4:15,103.3988808,0.1464
5/3/2023 4:30,98.05545481,0.1388
5/3/2023 4:45,93.45773359,0.1323
5/3/2023 5:00,95.97780234,0.1359
5/3/2023 5:15,98.88656413,0.14
5/3/2023 5:30,94.7209786,0.1341
5/3/2023 5:45,100.1240934,0.1417
5/3/2023 6:00,98.88656413,0.14
5/3/2023 6:15,94.7209786,0.1341
5/3/2023 6:30,100.9486689,0.1429
5/3/2023 6:45,103.3988808,0.1464
5/3/2023 7:00,108.6230361,0.1538
5/3/2023 7:15,93.45773359,0.1323
5/3/2023 7:30,98.89365683,0.14
5/3/2023 7:45,91.34537374,0.1293
5/3/2023 8:00,94.7209786,0.1341
5/3/2023 8:15,97.22959653,0.1376
5/3/2023 8:30,91.33808617,0.1293
5/3/2023 8:45,90.49216492,0.1281
5/3/2023 9:00,92.61073282,0.1311
5/3/2023 9:15,87.05838648,0.1232
5/3/2023 9:30,90.49216492,0.1281
5/3/2023 9:45,90.49216492,0.1281
5/3/2023 10:00,90.06060924,0.1275
5/3/2023 10:15,91.33808617,0.1293
5/3/2023 10:30,87.05838648,0.1232
5/3/2023 10:45,93.87703745,0.1329
5/3/2023 11:00,89.20997696,0.1263
5/3/2023 11:15,91.33808617,0.1293
5/3/2023 11:30,84.89198689,0.1202
5/3/2023 11:45,87.05838648,0.1232
5/3/2023 12:00,87.9225899,0.1245
5/3/2023 12:15,95.97780234,0.1359
5/3/2023 12:30,92.61798906,0.1311
5/3/2023 12:45,91.76777424,0.1299
5/3/2023 13:00,97.22959653,0.1376
5/3/2023 13:15,93.87703745,0.1329
5/3/2023 13:30,95.13839737,0.1347
5/3/2023 13:45,93.87703745,0.1329
5/3/2023 14:00,95.97780234,0.1359
5/3/2023 14:15,97.22959653,0.1376
5/3/2023 14:30,101.363481,0.1435
5/3/2023 14:45,99.71435568,0.1412
5/3/2023 15:00,103.8090014,0.147
5/3/2023 15:15,103.8090014,0.147
5/3/2023 15:30,103.8020443,0.1469
5/3/2023 15:45,102.9873886,0.1458
5/3/2023 16:00,104.6147346,0.1481
5/3/2023 16:15,106.2245245,0.1504
5/3/2023 16:30,101.7699069,0.1441
5/3/2023 16:45,106.2245245,0.1504
5/3/2023 17:00,109.0251016,0.1543
5/3/2023 17:15,112.1819968,0.1588
5/3/2023 17:30,105.0166174,0.1487
5/3/2023 17:45,105.0166174,0.1487
5/3/2023 18:00,109.0251016,0.1543
5/3/2023 18:15,123.998997,0.1755
5/3/2023 18:30,126.9470365,0.1797
5/3/2023 18:45,130.9232235,0.1853
5/3/2023 19:00,129.127787,0.1828
5/3/2023 19:15,133.7707528,0.1894
5/3/2023 19:30,131.6407283,0.1864
5/3/2023 19:45,126.9470365,0.1797
5/3/2023 20:00,126.9470365,0.1797
5/3/2023 20:15,119.8767135,0.1697
5/3/2023 20:30,132.7083802,0.1879
5/3/2023 20:45,133.7707528,0.1894
5/3/2023 21:00,135.5297306,0.1919
5/3/2023 21:15,129.127787,0.1828
5/3/2023 21:30,119.8767135,0.1697
5/3/2023 21:45,130.567172,0.1848
5/3/2023 22:00,122.1341827,0.1729
5/3/2023 22:15,136.5531871,0.1933
5/3/2023 22:30,131.9954343,0.1869
5/3/2023 22:45,124.3675379,0.1761
5/3/2023 23:00,124.3675379,0.1761
5/3/2023 23:15,129.1215868,0.1828
5/3/2023 23:30,124.3675379,0.1761
5/3/2023 23:45,124.3675379,0.1761
5/4/2023 0:00,118.3607024,0.1676
5/4/2023 0:15,120.2525852,0.1702
5/4/2023 0:30,119.1171182,0.1686
5/4/2023 0:45,117.21518,0.1659
5/4/2023 1:00,114.1275401,0.1616
5/4/2023 1:15,126.9470365,0.1797
5/4/2023 1:30,109.0251016,0.1543
5/4/2023 1:45,121.008789,0.1713
5/4/2023 2:00,121.008789,0.1713
5/4/2023 2:15,115.2898797,0.1632
5/4/2023 2:30,116.4455014,0.1648
5/4/2023 2:45,121.008789,0.1713
5/4/2023 3:00,107.0292163,0.1515
5/4/2023 3:15,126.9407683,0.1797
5/4/2023 3:30,110.2129586,0.156
5/4/2023 3:45,112.1752807,0.1588
5/4/2023 4:00,112.1752807,0.1588
5/4/2023 4:15,110.9974619,0.1571
5/4/2023 4:30,119.8767135,0.1697
5/4/2023 4:45,114.8986831,0.1627
5/4/2023 5:00,110.9974619,0.1571
5/4/2023 5:15,109.0182924,0.1543
5/4/2023 5:30,107.8236938,0.1526
5/4/2023 5:45,113.3477233,0.1605
5/4/2023 6:00,116.4455014,0.1648
5/4/2023 6:15,111.7853645,0.1583
5/4/2023 6:30,109.0251016,0.1543
5/4/2023 6:45,103.3988808,0.1464
5/4/2023 7:00,107.0292163,0.1515
5/4/2023 7:15,110.6055428,0.1566
5/4/2023 7:30,104.6147346,0.1481
5/4/2023 7:45,107.8305381,0.1527
5/4/2023 8:00,99.3046807,0.1406
5/4/2023 8:15,104.6147346,0.1481
5/4/2023 8:30,104.6147346,0.1481
5/4/2023 8:45,102.5822131,0.1452
5/4/2023 9:00,110.9974619,0.1571
5/4/2023 9:15,105.0166174,0.1487
5/4/2023 9:30,98.47488714,0.1394
5/4/2023 9:45,102.5822131,0.1452
5/4/2023 10:00,98.06256934,0.1388
5/4/2023 10:15,98.47488714,0.1394
5/4/2023 10:30,98.47488714,0.1394
5/4/2023 10:45,93.03853298,0.1317
5/4/2023 11:00,91.76777424,0.1299
5/4/2023 11:15,96.39332151,0.1365
5/4/2023 11:30,105.0166174,0.1487
5/4/2023 11:45,108.2271172,0.1532
5/4/2023 12:00,97.22959653,0.1376
5/4/2023 12:15,100.5402337,0.1423
5/4/2023 12:30,96.39332151,0.1365
5/4/2023 12:45,96.40048026,0.1365
5/4/2023 13:00,100.9486689,0.1429
5/4/2023 13:15,97.64961275,0.1382
5/4/2023 13:30,96.40048026,0.1365
5/4/2023 13:45,97.22959653,0.1376
5/4/2023 14:00,105.4247559,0.1492
5/4/2023 14:15,99.71435568,0.1412
5/4/2023 14:30,97.64248798,0.1382
5/4/2023 14:45,102.9873886,0.1458
5/4/2023 15:00,103.8020443,0.1469
5/4/2023 15:15,102.9873886,0.1458
5/4/2023 15:30,104.2121959,0.1475
5/4/2023 15:45,106.2245245,0.1504
5/4/2023 16:00,109.4196846,0.1549
5/4/2023 16:15,102.1763846,0.1446
5/4/2023 16:30,105.0235411,0.1487
5/4/2023 16:45,109.0251016,0.1543
5/4/2023 17:00,110.2129586,0.156
5/4/2023 17:15,118.3607024,0.1676
5/4/2023 17:30,114.1275401,0.1616
5/4/2023 17:45,108.2271172,0.1532
5/4/2023 18:00,122.5124583,0.1734
5/4/2023 18:15,123.6297958,0.175
5/4/2023 18:30,130.9232235,0.1853
5/4/2023 18:45,126.2122989,0.1787
5/4/2023 19:00,129.127787,0.1828
5/4/2023 19:15,115.673114,0.1638
5/4/2023 19:30,129.127787,0.1828
5/4/2023 19:45,124.3675379,0.1761
5/4/2023 20:00,114.5134446,0.1621
5/4/2023 20:15,124.3675379,0.1761
5/4/2023 20:30,113.3477233,0.1605
5/4/2023 20:45,114.1275401,0.1616
5/4/2023 21:00,120.2525852,0.1702
5/4/2023 21:15,114.8986831,0.1627
5/4/2023 21:30,114.1275401,0.1616
5/4/2023 21:45,112.9598134,0.1599
5/4/2023 22:00,114.1275401,0.1616
5/4/2023 22:15,113.7409714,0.161
5/4/2023 22:30,114.1275401,0.1616
5/4/2023 22:45,107.0292163,0.1515
5/4/2023 23:00,112.9598134,0.1599
5/4/2023 23:15,110.9974619,0.1571
5/4/2023 23:30,107.8305381,0.1527
5/4/2023 23:45,109.0251016,0.1543
5/5/2023 0:00,115.2898797,0.1632
5/5/2023 0:15,104.6147346,0.1481
5/5/2023 0:30,110.9974619,0.1571
5/5/2023 0:45,103.8020443,0.1469
5/5/2023 1:00,109.0251016,0.1543
5/5/2023 1:15,109.8129265,0.1555
5/5/2023 1:30,111.0042136,0.1571
5/5/2023 1:45,112.9598134,0.1599
5/5/2023 2:00,109.0251016,0.1543
5/5/2023 2:15,107.8305381,0.1527
5/5/2023 2:30,122.1341827,0.1729
5/5/2023 2:45,105.4247559,0.1492
5/5/2023 3:00,109.8197124,0.1555
5/5/2023 3:15,99.3046807,0.1406
5/5/2023 3:30,98.47488714,0.1394
5/5/2023 3:45,109.0251016,0.1543
5/5/2023 4:00,107.0292163,0.1515
5/5/2023 4:15,101.7699069,0.1441
5/5/2023 4:30,104.6147346,0.1481
5/5/2023 4:45,107.0292163,0.1515
5/5/2023 5:00,98.05545481,0.1388
5/5/2023 5:15,100.5402337,0.1423
5/5/2023 5:30,101.7699069,0.1441
5/5/2023 5:45,96.80820824,0.137
5/5/2023 6:00,103.3988808,0.1464
5/5/2023 6:15,103.3988808,0.1464
5/5/2023 6:30,105.0235411,0.1487
5/5/2023 6:45,104.6147346,0.1481
5/5/2023 7:00,94.7209786,0.1341
5/5/2023 7:15,95.13839737,0.1347
5/5/2023 7:30,99.3046807,0.1406
5/5/2023 7:45,95.13839737,0.1347
5/5/2023 8:00,100.5402337,0.1423
5/5/2023 8:15,107.0292163,0.1515
5/5/2023 8:30,87.05838648,0.1232
5/5/2023 8:45,97.22959653,0.1376
5/5/2023 9:00,85.76208338,0.1214
5/5/2023 9:15,91.33808617,0.1293
5/5/2023 9:30,90.48485595,0.1281
5/5/2023 9:45,89.63570075,0.1269
5/5/2023 10:00,98.47488714,0.1394
5/5/2023 10:15,93.87703745,0.1329
5/5/2023 10:30,95.97780234,0.1359
5/5/2023 10:45,95.13839737,0.1347
5/5/2023 11:00,97.22959653,0.1376
5/5/2023 11:15,95.13839737,0.1347
5/5/2023 11:30,98.47488714,0.1394
5/5/2023 11:45,90.91579401,0.1287
5/5/2023 12:00,101.3564556,0.1435
5/5/2023 12:15,95.97780234,0.1359
5/5/2023 12:30,101.3564556,0.1435
5/5/2023 12:45,89.63570075,0.1269
5/5/2023 13:00,99.71435568,0.1412
5/5/2023 13:15,86.19254563,0.122
5/5/2023 13:30,100.5402337,0.1423
5/5/2023 13:45,93.87703745,0.1329
5/5/2023 14:00,95.14558862,0.1347
5/5/2023 14:15,100.9486689,0.1429
5/5/2023 14:30,94.30293227,0.1335
5/5/2023 14:45,100.5402337,0.1423
5/5/2023 15:00,98.47488714,0.1394
5/5/2023 15:15,102.5822131,0.1452
5/5/2023 15:30,101.7628931,0.1441
5/5/2023 15:45,93.03128649,0.1317
5/5/2023 16:00,99.29759947,0.1406
5/5/2023 16:15,106.2245245,0.1504
5/5/2023 16:30,100.9486689,0.1429
5/5/2023 16:45,105.0166174,0.1487
5/5/2023 17:00,106.2245245,0.1504
5/5/2023 17:15,102.9873886,0.1458
5/5/2023 17:30,98.47488714,0.1394
5/5/2023 17:45,105.0166174,0.1487
5/5/2023 18:00,97.64248798,0.1382
5/5/2023 18:15,105.8246243,0.1498
5/5/2023 18:30,107.8305381,0.1527
5/5/2023 18:45,112.1752807,0.1588
5/5/2023 19:00,105.8246243,0.1498
5/5/2023 19:15,110.9974619,0.1571
5/5/2023 19:30,108.2271172,0.1532
5/5/2023 19:45,101.7628931,0.1441
5/5/2023 20:00,105.8246243,0.1498
5/5/2023 20:15,104.6147346,0.1481
5/5/2023 20:30,102.5892045,0.1452
5/5/2023 20:45,101.7699069,0.1441
5/5/2023 21:00,107.8305381,0.1527
5/5/2023 21:15,104.6147346,0.1481
5/5/2023 21:30,100.5402337,0.1423
5/5/2023 21:45,101.3564556,0.1435
5/5/2023 22:00,106.6237668,0.1509
5/5/2023 22:15,103.3988808,0.1464
5/5/2023 22:30,96.40048026,0.1365
5/5/2023 22:45,99.3046807,0.1406
5/5/2023 23:00,93.03853298,0.1317
5/5/2023 23:15,94.7209786,0.1341
5/5/2023 23:30,96.40048026,0.1365
5/5/2023 23:45,93.87703745,0.1329
5/6/2023 0:00,98.47488714,0.1394
5/6/2023 0:15,99.3046807,0.1406
5/6/2023 0:30,95.97780234,0.1359
5/6/2023 0:45,99.3046807,0.1406
5/6/2023 1:00,98.06256934,0.1388
5/6/2023 1:15,93.88426195,0.1329
5/6/2023 1:30,94.7209786,0.1341
5/6/2023 1:45,95.97780234,0.1359
5/6/2023 2:00,90.48485595,0.1281
5/6/2023 2:15,94.7209786,0.1341
5/6/2023 2:30,91.7604963,0.1299
5/6/2023 2:45,99.29759947,0.1406
5/6/2023 3:00,92.61073282,0.1311
5/6/2023 3:15,98.06256934,0.1388
5/6/2023 3:30,93.45773359,0.1323
5/6/2023 3:45,93.45773359,0.1323
5/6/2023 4:00,95.97780234,0.1359
5/6/2023 4:15,95.97780234,0.1359
5/6/2023 4:30,90.48485595,0.1281
5/6/2023 4:45,98.47488714,0.1394
5/6/2023 5:00,101.3564556,0.1435
5/6/2023 5:15,95.13839737,0.1347
5/6/2023 5:30,90.06060924,0.1275
5/6/2023 5:45,89.63570075,0.1269
5/6/2023 6:00,90.48485595,0.1281
5/6/2023 6:15,87.05838648,0.1232
5/6/2023 6:30,87.91521352,0.1245
5/6/2023 6:45,85.76208338,0.1214
5/6/2023 7:00,80.96104741,0.1146
5/6/2023 7:15,98.06256934,0.1388
5/6/2023 7:30,90.06792878,0.1275
5/6/2023 7:45,90.49216492,0.1281
5/6/2023 8:00,94.7209786,0.1341
5/6/2023 8:15,88.35010963,0.1251
5/6/2023 8:30,85.76208338,0.1214
5/6/2023 8:45,87.05838648,0.1232
5/6/2023 9:00,90.48485595,0.1281
5/6/2023 9:15,82.27689265,0.1165
5/6/2023 9:30,83.5869861,0.1183
5/6/2023 9:45,85.76208338,0.1214
5/6/2023 10:00,87.91521352,0.1245
5/6/2023 10:15,84.89943257,0.1202
5/6/2023 10:30,77.87591661,0.1102
5/6/2023 10:45,81.40522894,0.1152
5/6/2023 11:00,80.08687751,0.1134
5/6/2023 11:15,84.89943257,0.1202
5/6/2023 11:30,83.59446207,0.1183
5/6/2023 11:45,84.89943257,0.1202
5/6/2023 12:00,77.87591661,0.1102
5/6/2023 12:15,75.65969606,0.1071
5/6/2023 12:30,87.91521352,0.1245
5/6/2023 12:45,88.35010963,0.1251
5/6/2023 13:00,82.71864797,0.1171
5/6/2023 13:15,82.27689265,0.1165
5/6/2023 13:30,87.05838648,0.1232
5/6/2023 13:45,87.05838648,0.1232
5/6/2023 14:00,84.89943257,0.1202
5/6/2023 14:15,84.0277832,0.119
5/6/2023 14:30,80.52385219,0.114
5/6/2023 14:45,83.5869861,0.1183
5/6/2023 15:00,84.0277832,0.119
5/6/2023 15:15,83.5869861,0.1183
5/6/2023 15:30,89.63570075,0.1269
5/6/2023 15:45,81.39770465,0.1152
5/6/2023 16:00,85.76208338,0.1214
5/6/2023 16:15,85.76208338,0.1214
5/6/2023 16:30,82.71864797,0.1171
5/6/2023 16:45,90.49216492,0.1281
5/6/2023 17:00,92.61798906,0.1311
5/6/2023 17:15,91.76777424,0.1299
5/6/2023 17:30,88.35010963,0.1251
5/6/2023 17:45,92.61798906,0.1311
5/6/2023 18:00,91.76777424,0.1299
5/6/2023 18:15,89.63570075,0.1269
5/6/2023 18:30,84.0277832,0.119
5/6/2023 18:45,89.63570075,0.1269
5/6/2023 19:00,89.63570075,0.1269
5/6/2023 19:15,99.3046807,0.1406
5/6/2023 19:30,85.76208338,0.1214
5/6/2023 19:45,84.89198689,0.1202
5/6/2023 20:00,89.63570075,0.1269
5/6/2023 20:15,88.35010963,0.1251
5/6/2023 20:30,87.9225899,0.1245
5/6/2023 20:45,87.05838648,0.1232
5/6/2023 21:00,84.89198689,0.1202
5/6/2023 21:15,87.05838648,0.1232
5/6/2023 21:30,87.05838648,0.1232
5/6/2023 21:45,90.49216492,0.1281
5/6/2023 22:00,87.05838648,0.1232
5/6/2023 22:15,90.06792878,0.1275
5/6/2023 22:30,85.76208338,0.1214
5/6/2023 22:45,90.49216492,0.1281
5/6/2023 23:00,87.05838648,0.1232
5/6/2023 23:15,93.45773359,0.1323
5/6/2023 23:30,92.61798906,0.1311
5/6/2023 23:45,88.35010963,0.1251
5/7/2023 0:00,72.19788624,0.1022
5/7/2023 0:15,69.88945959,0.0989
5/7/2023 0:30,73.72020384,0.1044
5/7/2023 0:45,65.24307486,0.0924
5/7/2023 1:00,71.43411052,0.1011
5/7/2023 1:15,75.2514912,0.1065
5/7/2023 1:30,71.420931,0.1011
5/7/2023 1:45,72.96036342,0.1033
5/7/2023 2:00,62.3045732,0.0882
5/7/2023 2:15,67.55800254,0.0956
5/7/2023 2:30,75.2514912,0.1065
5/7/2023 2:45,71.420931,0.1011
5/7/2023 3:00,75.2514912,0.1065
5/7/2023 3:15,64.45559691,0.0912
5/7/2023 3:30,66.78697105,0.0945
5/7/2023 3:45,71.420931,0.1011
5/7/2023 4:00,67.57128575,0.0957
5/7/2023 4:15,73.73331572,0.1044
5/7/2023 4:30,69.12320644,0.0979
5/7/2023 4:45,72.96036342,0.1033
5/7/2023 5:00,69.12320644,0.0979
5/7/2023 5:15,75.2514912,0.1065
5/7/2023 5:30,66.78697105,0.0945
5/7/2023 5:45,69.1099623,0.0978
5/7/2023 6:00,62.92303271,0.0891
5/7/2023 6:15,64.45559691,0.0912
5/7/2023 6:30,79.79607471,0.113
5/7/2023 6:45,67.57128575,0.0957
5/7/2023 7:00,59.12599139,0.0837
5/7/2023 7:15,69.88945959,0.0989
5/7/2023 7:30,61.68099117,0.0873
5/7/2023 7:45,61.68099117,0.0873
5/7/2023 8:00,63.68050356,0.0902
5/7/2023 8:15,63.68050356,0.0902
5/7/2023 8:30,67.57128575,0.0957
5/7/2023 8:45,55.82636798,0.079
5/7/2023 9:00,71.420931,0.1011
5/7/2023 9:15,69.88945959,0.0989
5/7/2023 9:30,59.76984206,0.0846
5/7/2023 9:45,62.93364991,0.0891
5/7/2023 10:00,67.57128575,0.0957
5/7/2023 10:15,59.76984206,0.0846
5/7/2023 10:30,62.93364991,0.0891
5/7/2023 10:45,67.57128575,0.0957
5/7/2023 11:00,59.76984206,0.0846
5/7/2023 11:15,67.57128575,0.0957
5/7/2023 11:30,61.68099117,0.0873
5/7/2023 11:45,59.76984206,0.0846
5/7/2023 12:00,56.48863169,0.08
5/7/2023 12:15,56.48863169,0.08
5/7/2023 12:30,67.57128575,0.0957
5/7/2023 12:45,65.24307486,0.0924
5/7/2023 13:00,58.46604466,0.0828
5/7/2023 13:15,62.93364991,0.0891
5/7/2023 13:30,54.48183384,0.0771
5/7/2023 13:45,59.76984206,0.0846
5/7/2023 14:00,57.81471776,0.0818
5/7/2023 14:15,69.12320644,0.0979
5/7/2023 14:30,61.68099117,0.0873
5/7/2023 14:45,65.24307486,0.0924
5/7/2023 15:00,63.68050356,0.0902
5/7/2023 15:15,65.24307486,0.0924
5/7/2023 15:30,59.76984206,0.0846
5/7/2023 15:45,59.76984206,0.0846
5/7/2023 16:00,62.92303271,0.0891
5/7/2023 16:15,71.420931,0.1011
5/7/2023 16:30,62.92303271,0.0891
5/7/2023 16:45,71.420931,0.1011
5/7/2023 17:00,69.88945959,0.0989
5/7/2023 17:15,67.57128575,0.0957
5/7/2023 17:30,71.420931,0.1011
5/7/2023 17:45,71.420931,0.1011
5/7/2023 18:00,73.73331572,0.1044
5/7/2023 18:15,61.04251861,0.0864
5/7/2023 18:30,63.68050356,0.0902
5/7/2023 18:45,59.11484735,0.0837
5/7/2023 19:00,76.02152333,0.1076
5/7/2023 19:15,71.420931,0.1011
5/7/2023 19:30,73.72020384,0.1044
5/7/2023 19:45,78.29542161,0.1108
5/7/2023 20:00,77.52984786,0.1098
5/7/2023 20:15,77.52984786,0.1098
5/7/2023 20:30,73.73331572,0.1044
5/7/2023 20:45,75.2514912,0.1065
5/7/2023 21:00,76.00848398,0.1076
5/7/2023 21:15,69.88945959,0.0989
5/7/2023 21:30,67.57128575,0.0957
5/7/2023 21:45,73.72020384,0.1044
5/7/2023 22:00,78.28245921,0.1108
5/7/2023 22:15,71.420931,0.1011
5/7/2023 22:30,67.57128575,0.0957
5/7/2023 22:45,61.053402,0.0864
5/7/2023 23:00,69.1099623,0.0978
5/7/2023 23:15,78.28245921,0.1108
5/7/2023 23:30,75.2514912,0.1065
5/7/2023 23:45,76.00848398,0.1076
5/8/2023 0:00,73.72020384,0.1044
5/8/2023 0:15,69.88945959,0.0989
5/8/2023 0:30,67.57128575,0.0957
5/8/2023 0:45,59.76984206,0.0846
5/8/2023 1:00,79.79607471,0.113
5/8/2023 1:15,78.28245921,0.1108
5/8/2023 1:30,67.57128575,0.0957
5/8/2023 1:45,83.54467165,0.1183
5/8/2023 2:00,66.80027381,0.0946
5/8/2023 2:15,72.96036342,0.1033
5/8/2023 2:30,75.2514912,0.1065
5/8/2023 2:45,77.52984786,0.1098
5/8/2023 3:00,73.73331572,0.1044
5/8/2023 3:15,71.43411052,0.1011
5/8/2023 3:30,71.43411052,0.1011
5/8/2023 3:45,77.52984786,0.1098
5/8/2023 4:00,69.12320644,0.0979
5/8/2023 4:15,72.96036342,0.1033
5/8/2023 4:30,79.79607471,0.113
5/8/2023 4:45,71.420931,0.1011
5/8/2023 5:00,69.1099623,0.0978
5/8/2023 5:15,69.1099623,0.0978
5/8/2023 5:30,77.52984786,0.1098
5/8/2023 5:45,71.420931,0.1011
5/8/2023 6:00,73.72020384,0.1044
5/8/2023 6:15,77.52984786,0.1098
5/8/2023 6:30,73.72020384,0.1044
5/8/2023 6:45,72.18472791,0.1022
5/8/2023 7:00,72.18472791,0.1022
5/8/2023 7:15,73.72020384,0.1044
5/8/2023 7:30,59.76984206,0.0846
5/8/2023 7:45,65.24307486,0.0924
5/8/2023 8:00,67.57128575,0.0957
5/8/2023 8:15,69.1099623,0.0978
5/8/2023 8:30,63.68050356,0.0902
5/8/2023 8:45,72.19788624,0.1022
5/8/2023 9:00,63.68050356,0.0902
5/8/2023 9:15,66.01487239,0.0935
5/8/2023 9:30,69.88945959,0.0989
5/8/2023 9:45,67.57128575,0.0957
5/8/2023 10:00,56.48863169,0.08
5/8/2023 10:15,61.68099117,0.0873
5/8/2023 10:30,62.3045732,0.0882
5/8/2023 10:45,66.01487239,0.0935
5/8/2023 11:00,60.40869618,0.0855
5/8/2023 11:15,61.68099117,0.0873
5/8/2023 11:30,60.40869618,0.0855
5/8/2023 11:45,58.46604466,0.0828
5/8/2023 12:00,62.3045732,0.0882
5/8/2023 12:15,58.46604466,0.0828
5/8/2023 12:30,60.40869618,0.0855
5/8/2023 12:45,52.45686208,0.0743
5/8/2023 13:00,58.47726451,0.0828
5/8/2023 13:15,54.49338966,0.0771
5/8/2023 13:30,63.68050356,0.0902
5/8/2023 13:45,62.92303271,0.0891
5/8/2023 14:00,56.50002105,0.08
5/8/2023 14:15,54.48183384,0.0771
5/8/2023 14:30,58.47726451,0.0828
5/8/2023 14:45,58.46604466,0.0828
5/8/2023 15:00,66.01487239,0.0935
5/8/2023 15:15,62.93364991,0.0891
5/8/2023 15:30,69.88945959,0.0989
5/8/2023 15:45,59.76984206,0.0846
5/8/2023 16:00,74.49309301,0.1055
5/8/2023 16:15,58.46604466,0.0828
5/8/2023 16:30,67.57128575,0.0957
5/8/2023 16:45,71.43411052,0.1011
5/8/2023 17:00,62.93364991,0.0891
5/8/2023 17:15,58.46604466,0.0828
5/8/2023 17:30,67.57128575,0.0957
5/8/2023 17:45,69.88945959,0.0989
5/8/2023 18:00,67.57128575,0.0957
5/8/2023 18:15,62.93364991,0.0891
5/8/2023 18:30,61.68099117,0.0873
5/8/2023 18:45,76.00848398,0.1076
5/8/2023 19:00,62.92303271,0.0891
5/8/2023 19:15,71.420931,0.1011
5/8/2023 19:30,62.92303271,0.0891
5/8/2023 19:45,71.43411052,0.1011
5/8/2023 20:00,69.12320644,0.0979
5/8/2023 20:15,69.88945959,0.0989
5/8/2023 20:30,69.88945959,0.0989
5/8/2023 20:45,69.88945959,0.0989
5/8/2023 21:00,67.57128575,0.0957
5/8/2023 21:15,69.88945959,0.0989
5/8/2023 21:30,63.68050356,0.0902
5/8/2023 21:45,62.93364991,0.0891
5/8/2023 22:00,67.57128575,0.0957
5/8/2023 22:15,62.93364991,0.0891
5/8/2023 22:30,65.24307486,0.0924
5/8/2023 22:45,59.12599139,0.0837
5/8/2023 23:00,65.24307486,0.0924
5/8/2023 23:15,59.76984206,0.0846
5/8/2023 23:30,69.88945959,0.0989
5/8/2023 23:45,75.2514912,0.1065
5/9/2023 0:00,59.76984206,0.0846
5/9/2023 0:15,65.24307486,0.0924
5/9/2023 0:30,57.81471776,0.0818
5/9/2023 0:45,59.76984206,0.0846
5/9/2023 1:00,61.68099117,0.0873
5/9/2023 1:15,73.72020384,0.1044
5/9/2023 1:30,65.24307486,0.0924
5/9/2023 1:45,77.52984786,0.1098
5/9/2023 2:00,66.80027381,0.0946
5/9/2023 2:15,73.73331572,0.1044
5/9/2023 2:30,65.24307486,0.0924
5/9/2023 2:45,65.24307486,0.0924
5/9/2023 3:00,66.80027381,0.0946
5/9/2023 3:15,72.96036342,0.1033
5/9/2023 3:30,71.43411052,0.1011
5/9/2023 3:45,66.80027381,0.0946
5/9/2023 4:00,55.82636798,0.079
5/9/2023 4:15,61.68099117,0.0873
5/9/2023 4:30,66.80027381,0.0946
5/9/2023 4:45,71.43411052,0.1011
5/9/2023 5:00,69.12320644,0.0979
5/9/2023 5:15,62.93364991,0.0891
5/9/2023 5:30,65.24307486,0.0924
5/9/2023 5:45,69.88945959,0.0989
5/9/2023 6:00,66.80027381,0.0946
5/9/2023 6:15,73.73331572,0.1044
5/9/2023 6:30,64.46895192,0.0913
5/9/2023 6:45,61.053402,0.0864
5/9/2023 7:00,73.72020384,0.1044
5/9/2023 7:15,66.78697105,0.0945
5/9/2023 7:30,56.48863169,0.08
5/9/2023 7:45,61.68099117,0.0873
5/9/2023 8:00,61.68099117,0.0873
5/9/2023 8:15,57.81471776,0.0818
5/9/2023 8:30,61.68099117,0.0873
5/9/2023 8:45,67.57128575,0.0957
5/9/2023 9:00,59.76984206,0.0846
5/9/2023 9:15,56.50002105,0.08
5/9/2023 9:30,63.68050356,0.0902
5/9/2023 9:45,56.48863169,0.08
5/9/2023 10:00,55.16089449,0.0781
5/9/2023 10:15,56.48863169,0.08
5/9/2023 10:30,52.45686208,0.0743
5/9/2023 10:45,59.76984206,0.0846
5/9/2023 11:00,56.48863169,0.08
5/9/2023 11:15,61.68099117,0.0873
5/9/2023 11:30,59.76984206,0.0846
5/9/2023 11:45,56.50002105,0.08
5/9/2023 12:00,53.13496416,0.0752
5/9/2023 12:15,58.47726451,0.0828
5/9/2023 12:30,55.16089449,0.0781
5/9/2023 12:45,60.41966675,0.0855
5/9/2023 13:00,56.50002105,0.08
5/9/2023 13:15,58.47726451,0.0828
5/9/2023 13:30,53.13496416,0.0752
5/9/2023 13:45,57.81471776,0.0818
5/9/2023 14:00,61.68099117,0.0873
5/9/2023 14:15,66.01487239,0.0935
5/9/2023 14:30,53.12329913,0.0752
5/9/2023 14:45,57.81471776,0.0818
5/9/2023 15:00,59.76984206,0.0846
5/9/2023 15:15,61.053402,0.0864
5/9/2023 15:30,62.93364991,0.0891
5/9/2023 15:45,57.81471776,0.0818
5/9/2023 16:00,57.81471776,0.0818
5/9/2023 16:15,54.49338966,0.0771
5/9/2023 16:30,57.81471776,0.0818
5/9/2023 16:45,59.11484735,0.0837
5/9/2023 17:00,67.55800254,0.0956
5/9/2023 17:15,59.76984206,0.0846
5/9/2023 17:30,61.68099117,0.0873
5/9/2023 17:45,61.04251861,0.0864
5/9/2023 18:00,57.81471776,0.0818
5/9/2023 18:15,59.76984206,0.0846
5/9/2023 18:30,65.24307486,0.0924
5/9/2023 18:45,59.12599139,0.0837
5/9/2023 19:00,59.12599139,0.0837
5/9/2023 19:15,66.78697105,0.0945
5/9/2023 19:30,62.93364991,0.0891
5/9/2023 19:45,64.45559691,0.0912
5/9/2023 20:00,64.45559691,0.0912
5/9/2023 20:15,64.45559691,0.0912
5/9/2023 20:30,62.93364991,0.0891
5/9/2023 20:45,71.420931,0.1011
5/9/2023 21:00,66.78697105,0.0945
5/9/2023 21:15,66.78697105,0.0945
5/9/2023 21:30,64.45559691,0.0912
5/9/2023 21:45,66.78697105,0.0945
5/9/2023 22:00,57.15899652,0.0809
5/9/2023 22:15,59.12599139,0.0837
5/9/2023 22:30,71.420931,0.1011
5/9/2023 22:45,62.92303271,0.0891
5/9/2023 23:00,71.420931,0.1011
5/9/2023 23:15,71.420931,0.1011
5/9/2023 23:30,69.12320644,0.0979
5/9/2023 23:45,62.93364991,0.0891
5/10/2023 0:00,66.80027381,0.0946
5/10/2023 0:15,62.93364991,0.0891
5/10/2023 0:30,62.3045732,0.0882
5/10/2023 0:45,69.1099623,0.0978
5/10/2023 1:00,64.45559691,0.0912
5/10/2023 1:15,62.3045732,0.0882
5/10/2023 1:30,64.45559691,0.0912
5/10/2023 1:45,58.46604466,0.0828
5/10/2023 2:00,62.92303271,0.0891
5/10/2023 2:15,71.420931,0.1011
5/10/2023 2:30,68.34119414,0.0967
5/10/2023 2:45,70.65583228,0.1
5/10/2023 3:00,64.45559691,0.0912
5/10/2023 3:15,64.45559691,0.0912
5/10/2023 3:30,68.34119414,0.0967
5/10/2023 3:45,62.3045732,0.0882
5/10/2023 4:00,72.96036342,0.1033
5/10/2023 4:15,58.46604466,0.0828
5/10/2023 4:30,64.45559691,0.0912
5/10/2023 4:45,63.68050356,0.0902
5/10/2023 5:00,68.34119414,0.0967
5/10/2023 5:15,66.01487239,0.0935
5/10/2023 5:30,66.01487239,0.0935
5/10/2023 5:45,74.4800051,0.1054
5/10/2023 6:00,62.31528038,0.0882
5/10/2023 6:15,62.31528038,0.0882
5/10/2023 6:30,70.65583228,0.1
5/10/2023 6:45,70.65583228,0.1
5/10/2023 7:00,64.45559691,0.0912
5/10/2023 7:15,68.34119414,0.0967
5/10/2023 7:30,64.45559691,0.0912
5/10/2023 7:45,69.88945959,0.0989
5/10/2023 8:00,62.3045732,0.0882
5/10/2023 8:15,68.34119414,0.0967
5/10/2023 8:30,62.3045732,0.0882
5/10/2023 8:45,55.16089449,0.0781
5/10/2023 9:00,64.45559691,0.0912
5/10/2023 9:15,66.78697105,0.0945
5/10/2023 9:30,58.47726451,0.0828
5/10/2023 9:45,55.16089449,0.0781
5/10/2023 10:00,62.31528038,0.0882
5/10/2023 10:15,62.31528038,0.0882
5/10/2023 10:30,57.15899652,0.0809
5/10/2023 10:45,66.01487239,0.0935
5/10/2023 11:00,58.46604466,0.0828
5/10/2023 11:15,53.13496416,0.0752
5/10/2023 11:30,57.14766159,0.0809
5/10/2023 11:45,53.13496416,0.0752
5/10/2023 12:00,62.3045732,0.0882
5/10/2023 12:15,51.76391943,0.0733
5/10/2023 12:30,57.15899652,0.0809
5/10/2023 12:45,60.41966675,0.0855
5/10/2023 13:00,56.48863169,0.08
5/10/2023 13:15,58.46604466,0.0828
5/10/2023 13:30,52.44514371,0.0742
5/10/2023 13:45,58.46604466,0.0828
5/10/2023 14:00,60.40869618,0.0855
5/10/2023 14:15,56.50002105,0.08
5/10/2023 14:30,50.39359547,0.0713
5/10/2023 14:45,61.68099117,0.0873
5/10/2023 15:00,57.81471776,0.0818
5/10/2023 15:15,50.38172073,0.0713
5/10/2023 15:30,53.8099644,0.0762
5/10/2023 15:45,50.38172073,0.0713
5/10/2023 16:00,61.053402,0.0864
5/10/2023 16:15,67.57128575,0.0957
5/10/2023 16:30,57.81471776,0.0818
5/10/2023 16:45,53.8099644,0.0762
5/10/2023 17:00,57.15899652,0.0809
5/10/2023 17:15,71.43411052,0.1011
5/10/2023 17:30,61.68099117,0.0873
5/10/2023 17:45,62.93364991,0.0891
5/10/2023 18:00,55.16089449,0.0781
5/10/2023 18:15,57.81471776,0.0818
5/10/2023 18:30,61.053402,0.0864
5/10/2023 18:45,61.053402,0.0864
5/10/2023 19:00,65.24307486,0.0924
5/10/2023 19:15,50.38172073,0.0713
5/10/2023 19:30,61.053402,0.0864
5/10/2023 19:45,57.81471776,0.0818
5/10/2023 20:00,65.24307486,0.0924
5/10/2023 20:15,55.82636798,0.079
5/10/2023 20:30,64.45559691,0.0912
5/10/2023 20:45,72.96036342,0.1033
5/10/2023 21:00,67.57128575,0.0957
5/10/2023 21:15,62.93364991,0.0891
5/10/2023 21:30,69.88945959,0.0989
5/10/2023 21:45,61.68099117,0.0873
5/10/2023 22:00,59.76984206,0.0846
5/10/2023 22:15,62.93364991,0.0891
5/10/2023 22:30,61.68099117,0.0873
5/10/2023 22:45,65.24307486,0.0924
5/10/2023 23:00,69.12320644,0.0979
5/10/2023 23:15,65.24307486,0.0924
5/10/2023 23:30,62.93364991,0.0891
5/10/2023 23:45,72.96036342,0.1033
5/11/2023 0:00,69.1099623,0.0978
5/11/2023 0:15,70.65583228,0.1
5/11/2023 0:30,62.93364991,0.0891
5/11/2023 0:45,73.72020384,0.1044
5/11/2023 1:00,70.65583228,0.1
5/11/2023 1:15,77.52984786,0.1098
5/11/2023 1:30,59.12599139,0.0837
5/11/2023 1:45,66.80027381,0.0946
5/11/2023 2:00,64.46895192,0.0913
5/11/2023 2:15,70.65583228,0.1
5/11/2023 2:30,66.80027381,0.0946
5/11/2023 2:45,66.80027381,0.0946
5/11/2023 3:00,69.12320644,0.0979
5/11/2023 3:15,71.43411052,0.1011
5/11/2023 3:30,66.80027381,0.0946
5/11/2023 3:45,59.12599139,0.0837
5/11/2023 4:00,68.34119414,0.0967
5/11/2023 4:15,66.80027381,0.0946
5/11/2023 4:30,64.46895192,0.0913
5/11/2023 4:45,69.12320644,0.0979
5/11/2023 5:00,72.96036342,0.1033
5/11/2023 5:15,59.12599139,0.0837
5/11/2023 5:30,53.8099644,0.0762
5/11/2023 5:45,69.1099623,0.0978
5/11/2023 6:00,60.40869618,0.0855
5/11/2023 6:15,60.40869618,0.0855
5/11/2023 6:30,64.45559691,0.0912
5/11/2023 6:45,68.34119414,0.0967
5/11/2023 7:00,75.2514912,0.1065
5/11/2023 7:15,64.46895192,0.0913
5/11/2023 7:30,55.16089449,0.0781
5/11/2023 7:45,62.93364991,0.0891
5/11/2023 8:00,59.12599139,0.0837
5/11/2023 8:15,60.41966675,0.0855
5/11/2023 8:30,71.420931,0.1011
5/11/2023 8:45,62.92303271,0.0891
5/11/2023 9:00,61.04251861,0.0864
5/11/2023 9:15,61.04251861,0.0864
5/11/2023 9:30,62.93364991,0.0891
5/11/2023 9:45,69.88945959,0.0989
5/11/2023 10:00,52.45686208,0.0743
5/11/2023 10:15,56.48863169,0.08
5/11/2023 10:30,63.68050356,0.0902
5/11/2023 10:45,59.76984206,0.0846
5/11/2023 11:00,56.48863169,0.08
5/11/2023 11:15,51.06902055,0.0723
5/11/2023 11:30,54.48183384,0.0771
5/11/2023 11:45,58.46604466,0.0828
5/11/2023 12:00,61.68099117,0.0873
5/11/2023 12:15,63.68050356,0.0902
5/11/2023 12:30,60.40869618,0.0855
5/11/2023 12:45,58.46604466,0.0828
5/11/2023 13:00,54.48183384,0.0771
5/11/2023 13:15,63.68050356,0.0902
5/11/2023 13:30,62.3045732,0.0882
5/11/2023 13:45,54.48183384,0.0771
5/11/2023 14:00,63.68050356,0.0902
5/11/2023 14:15,51.06902055,0.0723
5/11/2023 14:30,54.48183384,0.0771
5/11/2023 14:45,53.12329913,0.0752
5/11/2023 15:00,57.81471776,0.0818
5/11/2023 15:15,54.48183384,0.0771
5/11/2023 15:30,57.81471776,0.0818
5/11/2023 15:45,57.81471776,0.0818
5/11/2023 16:00,58.46604466,0.0828
5/11/2023 16:15,63.68050356,0.0902
5/11/2023 16:30,54.48183384,0.0771
5/11/2023 16:45,50.38172073,0.0713
5/11/2023 17:00,57.81471776,0.0818
5/11/2023 17:15,63.68050356,0.0902
5/11/2023 17:30,58.46604466,0.0828
5/11/2023 17:45,54.48183384,0.0771
5/11/2023 18:00,56.48863169,0.08
5/11/2023 18:15,58.46604466,0.0828
5/11/2023 18:30,60.41966675,0.0855
5/11/2023 18:45,66.01487239,0.0935
5/11/2023 19:00,57.81471776,0.0818
5/11/2023 19:15,54.48183384,0.0771
5/11/2023 19:30,56.48863169,0.08
5/11/2023 19:45,61.68099117,0.0873
5/11/2023 20:00,57.14766159,0.0809
5/11/2023 20:15,51.06902055,0.0723
5/11/2023 20:30,60.40869618,0.0855
5/11/2023 20:45,60.41966675,0.0855
5/11/2023 21:00,55.16089449,0.0781
5/11/2023 21:15,51.76391943,0.0733
5/11/2023 21:30,55.16089449,0.0781
5/11/2023 21:45,53.13496416,0.0752
5/11/2023 22:00,64.45559691,0.0912
5/11/2023 22:15,60.40869618,0.0855
5/11/2023 22:30,60.40869618,0.0855
5/11/2023 22:45,57.14766159,0.0809
5/11/2023 23:00,57.15899652,0.0809
5/11/2023 23:15,68.34119414,0.0967
5/11/2023 23:30,60.40869618,0.0855
5/11/2023 23:45,59.11484735,0.0837
5/12/2023 0:00,60.40869618,0.0855
5/12/2023 0:15,55.16089449,0.0781
5/12/2023 0:30,58.47726451,0.0828
5/12/2023 0:45,58.47726451,0.0828
5/12/2023 1:00,57.15899652,0.0809
5/12/2023 1:15,57.15899652,0.0809
5/12/2023 1:30,57.15899652,0.0809
5/12/2023 1:45,57.15899652,0.0809
5/12/2023 2:00,53.13496416,0.0752
5/12/2023 2:15,58.46604466,0.0828
5/12/2023 2:30,57.15899652,0.0809
5/12/2023 2:45,58.46604466,0.0828
5/12/2023 3:00,57.15899652,0.0809
5/12/2023 3:15,55.16089449,0.0781
5/12/2023 3:30,59.12599139,0.0837
5/12/2023 3:45,55.16089449,0.0781
5/12/2023 4:00,63.68050356,0.0902
5/12/2023 4:15,62.3045732,0.0882
5/12/2023 4:30,62.3045732,0.0882
5/12/2023 4:45,58.46604466,0.0828
5/12/2023 5:00,60.40869618,0.0855
5/12/2023 5:15,64.45559691,0.0912
5/12/2023 5:30,66.01487239,0.0935
5/12/2023 5:45,59.11484735,0.0837
5/12/2023 6:00,60.40869618,0.0855
5/12/2023 6:15,61.053402,0.0864
5/12/2023 6:30,59.11484735,0.0837
5/12/2023 6:45,61.053402,0.0864
5/12/2023 7:00,61.053402,0.0864
5/12/2023 7:15,57.15899652,0.0809
5/12/2023 7:30,55.82636798,0.079
5/12/2023 7:45,59.12599139,0.0837
5/12/2023 8:00,55.82636798,0.079
5/12/2023 8:15,64.45559691,0.0912
5/12/2023 8:30,53.8099644,0.0762
5/12/2023 8:45,55.82636798,0.079
5/12/2023 9:00,55.82636798,0.079
5/12/2023 9:15,52.45686208,0.0743
5/12/2023 9:30,52.45686208,0.0743
5/12/2023 9:45,54.49338966,0.0771
5/12/2023 10:00,54.49338966,0.0771
5/12/2023 10:15,50.39359547,0.0713
5/12/2023 10:30,52.45686208,0.0743
5/12/2023 10:45,57.81471776,0.0818
5/12/2023 11:00,52.45686208,0.0743
5/12/2023 11:15,57.81471776,0.0818
5/12/2023 11:30,52.44514371,0.0742
5/12/2023 11:45,54.48183384,0.0771
5/12/2023 12:00,54.48183384,0.0771
5/12/2023 12:15,51.0808441,0.0723
5/12/2023 12:30,53.8099644,0.0762
5/12/2023 12:45,59.76984206,0.0846
5/12/2023 13:00,55.82636798,0.079
5/12/2023 13:15,50.39359547,0.0713
5/12/2023 13:30,52.44514371,0.0742
5/12/2023 13:45,52.45686208,0.0743
5/12/2023 14:00,44.75754289,0.0634
5/12/2023 14:15,52.45686208,0.0743
5/12/2023 14:30,54.49338966,0.0771
5/12/2023 14:45,52.45686208,0.0743
5/12/2023 15:00,54.49338966,0.0771
5/12/2023 15:15,57.81471776,0.0818
5/12/2023 15:30,57.81471776,0.0818
5/12/2023 15:45,57.81471776,0.0818
5/12/2023 16:00,52.45686208,0.0743
5/12/2023 16:15,57.81471776,0.0818
5/12/2023 16:30,50.39359547,0.0713
5/12/2023 16:45,56.50002105,0.08
5/12/2023 17:00,53.8099644,0.0762
5/12/2023 17:15,52.45686208,0.0743
5/12/2023 17:30,57.81471776,0.0818
5/12/2023 17:45,54.49338966,0.0771
5/12/2023 18:00,48.30225712,0.0684
5/12/2023 18:15,54.49338966,0.0771
5/12/2023 18:30,56.50002105,0.08
5/12/2023 18:45,53.8099644,0.0762
5/12/2023 19:00,55.82636798,0.079
5/12/2023 19:15,59.76984206,0.0846
5/12/2023 19:30,57.81471776,0.0818
5/12/2023 19:45,53.8099644,0.0762
5/12/2023 20:00,53.8099644,0.0762
5/12/2023 20:15,54.49338966,0.0771
5/12/2023 20:30,52.45686208,0.0743
5/12/2023 20:45,52.45686208,0.0743
5/12/2023 21:00,61.68099117,0.0873
5/12/2023 21:15,53.8099644,0.0762
5/12/2023 21:30,53.8099644,0.0762
5/12/2023 21:45,54.48183384,0.0771
5/12/2023 22:00,51.06902055,0.0723
5/12/2023 22:15,50.38172073,0.0713
5/12/2023 22:30,54.48183384,0.0771
5/12/2023 22:45,54.48183384,0.0771
5/12/2023 23:00,61.68099117,0.0873
5/12/2023 23:15,57.81471776,0.0818
5/12/2023 23:30,59.12599139,0.0837
5/12/2023 23:45,59.76984206,0.0846
5/13/2023 0:00,57.81471776,0.0818
5/13/2023 0:15,59.76984206,0.0846
5/13/2023 0:30,61.04251861,0.0864
5/13/2023 0:45,54.48183384,0.0771
5/13/2023 1:00,61.68099117,0.0873
5/13/2023 1:15,53.8099644,0.0762
5/13/2023 1:30,59.76984206,0.0846
5/13/2023 1:45,54.49338966,0.0771
5/13/2023 2:00,52.45686208,0.0743
5/13/2023 2:15,52.44514371,0.0742
5/13/2023 2:30,59.76984206,0.0846
5/13/2023 2:45,51.0808441,0.0723
5/13/2023 3:00,48.99829515,0.0694
5/13/2023 3:15,54.48183384,0.0771
5/13/2023 3:30,63.68050356,0.0902
5/13/2023 3:45,54.48183384,0.0771
5/13/2023 4:00,51.0808441,0.0723
5/13/2023 4:15,53.13496416,0.0752
5/13/2023 4:30,56.48863169,0.08
5/13/2023 4:45,51.06902055,0.0723
5/13/2023 5:00,60.40869618,0.0855
5/13/2023 5:15,48.99829515,0.0694
5/13/2023 5:30,52.44514371,0.0742
5/13/2023 5:45,53.12329913,0.0752
5/13/2023 6:00,46.87874178,0.0664
5/13/2023 6:15,53.12329913,0.0752
5/13/2023 6:30,49.69146441,0.0703
5/13/2023 6:45,55.16089449,0.0781
5/13/2023 7:00,55.16089449,0.0781
5/13/2023 7:15,45.46722476,0.0644
5/13/2023 7:30,53.13496416,0.0752
5/13/2023 7:45,51.76391943,0.0733
5/13/2023 8:00,51.0808441,0.0723
5/13/2023 8:15,51.76391943,0.0733
5/13/2023 8:30,55.16089449,0.0781
5/13/2023 8:45,55.16089449,0.0781
5/13/2023 9:00,51.76391943,0.0733
5/13/2023 9:15,49.69146441,0.0703
5/13/2023 9:30,51.76391943,0.0733
5/13/2023 9:45,48.99829515,0.0694
5/13/2023 10:00,51.76391943,0.0733
5/13/2023 10:15,49.69146441,0.0703
5/13/2023 10:30,46.17431037,0.0654
5/13/2023 10:45,49.69146441,0.0703
5/13/2023 11:00,53.13496416,0.0752
5/13/2023 11:15,53.8099644,0.0762
5/13/2023 11:30,57.15899652,0.0809
5/13/2023 11:45,45.46722476,0.0644
5/13/2023 12:00,49.69146441,0.0703
5/13/2023 12:15,51.76391943,0.0733
5/13/2023 12:30,47.59253324,0.0674
5/13/2023 12:45,59.12599139,0.0837
5/13/2023 13:00,57.15899652,0.0809
5/13/2023 13:15,53.13496416,0.0752
5/13/2023 13:30,57.15899652,0.0809
5/13/2023 13:45,47.59253324,0.0674
5/13/2023 14:00,49.69146441,0.0703
5/13/2023 14:15,58.47726451,0.0828
5/13/2023 14:30,49.69146441,0.0703
5/13/2023 14:45,49.69146441,0.0703
5/13/2023 15:00,51.76391943,0.0733
5/13/2023 15:15,55.16089449,0.0781
5/13/2023 15:30,55.14939265,0.0781
5/13/2023 15:45,58.46604466,0.0828
5/13/2023 16:00,51.06902055,0.0723
5/13/2023 16:15,52.44514371,0.0742
5/13/2023 16:30,56.48863169,0.08
5/13/2023 16:45,54.48183384,0.0771
5/13/2023 17:00,52.44514371,0.0742
5/13/2023 17:15,47.59253324,0.0674
5/13/2023 17:30,49.69146441,0.0703
5/13/2023 17:45,49.69146441,0.0703
5/13/2023 18:00,53.13496416,0.0752
5/13/2023 18:15,53.13496416,0.0752
5/13/2023 18:30,49.69146441,0.0703
5/13/2023 18:45,58.47726451,0.0828
5/13/2023 19:00,57.15899652,0.0809
5/13/2023 19:15,53.13496416,0.0752
5/13/2023 19:30,57.15899652,0.0809
5/13/2023 19:45,59.11484735,0.0837
5/13/2023 20:00,57.14766159,0.0809
5/13/2023 20:15,55.82636798,0.079
5/13/2023 20:30,46.18647898,0.0654
5/13/2023 20:45,57.15899652,0.0809
5/13/2023 21:00,55.82636798,0.079
5/13/2023 21:15,59.76984206,0.0846
5/13/2023 21:30,53.8099644,0.0762
5/13/2023 21:45,57.81471776,0.0818
5/13/2023 22:00,57.81471776,0.0818
5/13/2023 22:15,62.92303271,0.0891
5/13/2023 22:30,57.81471776,0.0818
5/13/2023 22:45,55.82636798,0.079
5/13/2023 23:00,61.04251861,0.0864
5/13/2023 23:15,61.04251861,0.0864
5/13/2023 23:30,59.76984206,0.0846
5/13/2023 23:45,61.68099117,0.0873
5/14/2023 0:00,57.15899652,0.0809
5/14/2023 0:15,57.81471776,0.0818
5/14/2023 0:30,62.92303271,0.0891
5/14/2023 0:45,55.82636798,0.079
5/14/2023 1:00,59.11484735,0.0837
5/14/2023 1:15,61.04251861,0.0864
5/14/2023 1:30,61.68099117,0.0873
5/14/2023 1:45,53.8099644,0.0762
5/14/2023 2:00,62.92303271,0.0891
5/14/2023 2:15,59.76984206,0.0846
5/14/2023 2:30,61.68099117,0.0873
5/14/2023 2:45,61.04251861,0.0864
5/14/2023 3:00,53.8099644,0.0762
5/14/2023 3:15,61.04251861,0.0864
5/14/2023 3:30,59.11484735,0.0837
5/14/2023 3:45,55.82636798,0.079
5/14/2023 4:00,57.81471776,0.0818
5/14/2023 4:15,62.92303271,0.0891
5/14/2023 4:30,55.82636798,0.079
5/14/2023 4:45,55.82636798,0.079
5/14/2023 5:00,55.82636798,0.079
5/14/2023 5:15,49.69146441,0.0703
5/14/2023 5:30,57.81471776,0.0818
5/14/2023 5:45,57.81471776,0.0818
5/14/2023 6:00,57.81471776,0.0818
5/14/2023 6:15,52.45686208,0.0743
5/14/2023 6:30,52.45686208,0.0743
5/14/2023 6:45,61.04251861,0.0864
5/14/2023 7:00,62.93364991,0.0891
5/14/2023 7:15,52.44514371,0.0742
5/14/2023 7:30,61.053402,0.0864
5/14/2023 7:45,51.0808441,0.0723
5/14/2023 8:00,52.44514371,0.0742
5/14/2023 8:15,48.98631883,0.0693
5/14/2023 8:30,48.98631883,0.0693
5/14/2023 8:45,52.44514371,0.0742
5/14/2023 9:00,52.44514371,0.0742
5/14/2023 9:15,51.0808441,0.0723
5/14/2023 9:30,48.99829515,0.0694
5/14/2023 9:45,55.16089449,0.0781
5/14/2023 10:00,51.0808441,0.0723
5/14/2023 10:15,55.16089449,0.0781
5/14/2023 10:30,51.0808441,0.0723
5/14/2023 10:45,56.50002105,0.08
5/14/2023 11:00,54.49338966,0.0771
5/14/2023 11:15,56.50002105,0.08
5/14/2023 11:30,51.0808441,0.0723
5/14/2023 11:45,51.0808441,0.0723
5/14/2023 12:00,51.0808441,0.0723
5/14/2023 12:15,54.49338966,0.0771
5/14/2023 12:30,46.89086263,0.0664
5/14/2023 12:45,48.99829515,0.0694
5/14/2023 13:00,53.13496416,0.0752
5/14/2023 13:15,51.0808441,0.0723
5/14/2023 13:30,53.13496416,0.0752
5/14/2023 13:45,48.99829515,0.0694
5/14/2023 14:00,52.45686208,0.0743
5/14/2023 14:15,46.89086263,0.0664
5/14/2023 14:30,53.13496416,0.0752
5/14/2023 14:45,56.50002105,0.08
5/14/2023 15:00,54.49338966,0.0771
5/14/2023 15:15,55.16089449,0.0781
5/14/2023 15:30,58.47726451,0.0828
5/14/2023 15:45,57.15899652,0.0809
5/14/2023 16:00,49.69146441,0.0703
5/14/2023 16:15,66.78697105,0.0945
5/14/2023 16:30,54.49338966,0.0771
5/14/2023 16:45,54.49338966,0.0771
5/14/2023 17:00,63.68050356,0.0902
5/14/2023 17:15,60.41966675,0.0855
5/14/2023 17:30,56.50002105,0.08
5/14/2023 17:45,66.01487239,0.0935
5/14/2023 18:00,54.49338966,0.0771
5/14/2023 18:15,59.76984206,0.0846
5/14/2023 18:30,60.41966675,0.0855
5/14/2023 18:45,55.16089449,0.0781
5/14/2023 19:00,62.3045732,0.0882
5/14/2023 19:15,60.40869618,0.0855
5/14/2023 19:30,58.46604466,0.0828
5/14/2023 19:45,63.68050356,0.0902
5/14/2023 20:00,62.3045732,0.0882
5/14/2023 20:15,51.0808441,0.0723
5/14/2023 20:30,62.31528038,0.0882
5/14/2023 20:45,57.15899652,0.0809
5/14/2023 21:00,48.29023217,0.0684
5/14/2023 21:15,61.053402,0.0864
5/14/2023 21:30,61.053402,0.0864
5/14/2023 21:45,51.76391943,0.0733
5/14/2023 22:00,57.81471776,0.0818
5/14/2023 22:15,59.11484735,0.0837
5/14/2023 22:30,51.76391943,0.0733
5/14/2023 22:45,51.76391943,0.0733
5/14/2023 23:00,48.29023217,0.0684
5/14/2023 23:15,57.14766159,0.0809
5/14/2023 23:30,53.8099644,0.0762
5/14/2023 23:45,57.14766159,0.0809
5/15/2023 0:00,53.8099644,0.0762
5/15/2023 0:15,53.8099644,0.0762
5/15/2023 0:30,57.14766159,0.0809
5/15/2023 0:45,51.76391943,0.0733
5/15/2023 1:00,62.3045732,0.0882
5/15/2023 1:15,59.11484735,0.0837
5/15/2023 1:30,59.11484735,0.0837
5/15/2023 1:45,57.14766159,0.0809
5/15/2023 2:00,51.76391943,0.0733
5/15/2023 2:15,61.04251861,0.0864
5/15/2023 2:30,55.82636798,0.079
5/15/2023 2:45,55.16089449,0.0781
5/15/2023 3:00,57.15899652,0.0809
5/15/2023 3:15,69.1099623,0.0978
5/15/2023 3:30,55.16089449,0.0781
5/15/2023 3:45,68.34119414,0.0967
5/15/2023 4:00,57.15899652,0.0809
5/15/2023 4:15,59.12599139,0.0837
5/15/2023 4:30,59.12599139,0.0837
5/15/2023 4:45,59.12599139,0.0837
5/15/2023 5:00,59.12599139,0.0837
5/15/2023 5:15,59.12599139,0.0837
5/15/2023 5:30,62.3045732,0.0882
5/15/2023 5:45,53.13496416,0.0752
5/15/2023 6:00,62.3045732,0.0882
5/15/2023 6:15,59.12599139,0.0837
5/15/2023 6:30,61.04251861,0.0864
5/15/2023 6:45,64.45559691,0.0912
5/15/2023 7:00,57.14766159,0.0809
5/15/2023 7:15,53.8099644,0.0762
5/15/2023 7:30,49.69146441,0.0703
5/15/2023 7:45,65.24307486,0.0924
5/15/2023 8:00,53.8099644,0.0762
5/15/2023 8:15,54.48183384,0.0771
5/15/2023 8:30,57.15899652,0.0809
5/15/2023 8:45,50.38172073,0.0713
5/15/2023 9:00,59.76984206,0.0846
5/15/2023 9:15,44.75754289,0.0634
5/15/2023 9:30,55.82636798,0.079
5/15/2023 9:45,55.82636798,0.079
5/15/2023 10:00,52.44514371,0.0742
5/15/2023 10:15,48.29023217,0.0684
5/15/2023 10:30,50.38172073,0.0713
5/15/2023 10:45,57.81471776,0.0818
5/15/2023 11:00,44.75754289,0.0634
5/15/2023 11:15,54.48183384,0.0771
5/15/2023 11:30,59.76984206,0.0846
5/15/2023 11:45,71.420931,0.1011
5/15/2023 12:00,67.57128575,0.0957
5/15/2023 12:15,67.57128575,0.0957
5/15/2023 12:30,53.8099644,0.0762
5/15/2023 12:45,61.68099117,0.0873
5/15/2023 13:00,62.93364991,0.0891
5/15/2023 13:15,61.68099117,0.0873
5/15/2023 13:30,61.053402,0.0864
5/15/2023 13:45,71.43411052,0.1011
5/15/2023 14:00,59.76984206,0.0846
5/15/2023 14:15,65.24307486,0.0924
5/15/2023 14:30,62.92303271,0.0891
5/15/2023 14:45,55.82636798,0.079
5/15/2023 15:00,62.3045732,0.0882
5/15/2023 15:15,57.15899652,0.0809
5/15/2023 15:30,49.69146441,0.0703
5/15/2023 15:45,60.41966675,0.0855
5/15/2023 16:00,62.31528038,0.0882
5/15/2023 16:15,60.41966675,0.0855
5/15/2023 16:30,58.46604466,0.0828
5/15/2023 16:45,53.12329913,0.0752
5/15/2023 17:00,58.46604466,0.0828
5/15/2023 17:15,60.40869618,0.0855
5/15/2023 17:30,55.14939265,0.0781
5/15/2023 17:45,55.14939265,0.0781
5/15/2023 18:00,56.48863169,0.08
5/15/2023 18:15,45.46722476,0.0644
5/15/2023 18:30,58.46604466,0.0828
5/15/2023 18:45,66.01487239,0.0935
5/15/2023 19:00,59.11484735,0.0837
5/15/2023 19:15,55.14939265,0.0781
5/15/2023 19:30,56.48863169,0.08
5/15/2023 19:45,59.12599139,0.0837
5/15/2023 20:00,57.15899652,0.0809
5/15/2023 20:15,64.46895192,0.0913
5/15/2023 20:30,59.12599139,0.0837
5/15/2023 20:45,51.76391943,0.0733
5/15/2023 21:00,62.3045732,0.0882
5/15/2023 21:15,53.8099644,0.0762
5/15/2023 21:30,53.8099644,0.0762
5/15/2023 21:45,57.15899652,0.0809
5/15/2023 22:00,59.12599139,0.0837
5/15/2023 22:15,53.8099644,0.0762
5/15/2023 22:30,59.12599139,0.0837
5/15/2023 22:45,55.16089449,0.0781
5/15/2023 23:00,59.12599139,0.0837
5/15/2023 23:15,69.1099623,0.0978
5/15/2023 23:30,61.053402,0.0864
5/15/2023 23:45,60.41966675,0.0855
5/16/2023 0:00,53.8099644,0.0762
5/16/2023 0:15,58.47726451,0.0828
5/16/2023 0:30,53.13496416,0.0752
5/16/2023 0:45,62.31528038,0.0882
5/16/2023 1:00,55.16089449,0.0781
5/16/2023 1:15,55.14939265,0.0781
5/16/2023 1:30,57.14766159,0.0809
5/16/2023 1:45,53.13496416,0.0752
5/16/2023 2:00,44.03425982,0.0623
5/16/2023 2:15,51.76391943,0.0733
5/16/2023 2:30,53.13496416,0.0752
5/16/2023 2:45,47.59253324,0.0674
5/16/2023 3:00,53.13496416,0.0752
5/16/2023 3:15,53.13496416,0.0752
5/16/2023 3:30,56.50002105,0.08
5/16/2023 3:45,53.13496416,0.0752
5/16/2023 4:00,51.0808441,0.0723
5/16/2023 4:15,51.0808441,0.0723
5/16/2023 4:30,43.30328583,0.0613
5/16/2023 4:45,53.13496416,0.0752
5/16/2023 5:00,63.68050356,0.0902
5/16/2023 5:15,53.13496416,0.0752
5/16/2023 5:30,56.48863169,0.08
5/16/2023 5:45,52.44514371,0.0742
5/16/2023 6:00,48.99829515,0.0694
5/16/2023 6:15,56.50002105,0.08
5/16/2023 6:30,56.50002105,0.08
5/16/2023 6:45,53.13496416,0.0752
5/16/2023 7:00,61.68099117,0.0873
5/16/2023 7:15,56.50002105,0.08
5/16/2023 7:30,44.75754289,0.0634
5/16/2023 7:45,48.99829515,0.0694
5/16/2023 8:00,44.75754289,0.0634
5/16/2023 8:15,48.99829515,0.0694
5/16/2023 8:30,53.13496416,0.0752
5/16/2023 8:45,47.59253324,0.0674
5/16/2023 9:00,53.13496416,0.0752
5/16/2023 9:15,44.75754289,0.0634
5/16/2023 9:30,45.46722476,0.0644
5/16/2023 9:45,48.99829515,0.0694
5/16/2023 10:00,51.0808441,0.0723
5/16/2023 10:15,44.74528496,0.0633
5/16/2023 10:30,48.98631883,0.0693
5/16/2023 10:45,52.44514371,0.0742
5/16/2023 11:00,35.16698438,0.0498
5/16/2023 11:15,51.06902055,0.0723
5/16/2023 11:30,46.87874178,0.0664
5/16/2023 11:45,40.32347718,0.0571
5/16/2023 12:00,46.89086263,0.0664
5/16/2023 12:15,44.75754289,0.0634
5/16/2023 12:30,54.48183384,0.0771
5/16/2023 12:45,43.30328583,0.0613
5/16/2023 13:00,50.39359547,0.0713
5/16/2023 13:15,44.75754289,0.0634
5/16/2023 13:30,46.89086263,0.0664
5/16/2023 13:45,48.29023217,0.0684
5/16/2023 14:00,44.03425982,0.0623
5/16/2023 14:15,46.17431037,0.0654
5/16/2023 14:30,44.74528496,0.0633
5/16/2023 14:45,53.8099644,0.0762
5/16/2023 15:00,55.82636798,0.079
5/16/2023 15:15,61.053402,0.0864
5/16/2023 15:30,48.30225712,0.0684
5/16/2023 15:45,57.15899652,0.0809
5/16/2023 16:00,46.17431037,0.0654
5/16/2023 16:15,47.59253324,0.0674
5/16/2023 16:30,51.76391943,0.0733
5/16/2023 16:45,51.76391943,0.0733
5/16/2023 17:00,49.69146441,0.0703
5/16/2023 17:15,41.78967553,0.0592
5/16/2023 17:30,53.13496416,0.0752
5/16/2023 17:45,47.59253324,0.0674
5/16/2023 18:00,46.17431037,0.0654
5/16/2023 18:15,55.16089449,0.0781
5/16/2023 18:30,49.69146441,0.0703
5/16/2023 18:45,47.59253324,0.0674
5/16/2023 19:00,46.17431037,0.0654
5/16/2023 19:15,51.76391943,0.0733
5/16/2023 19:30,46.17431037,0.0654
5/16/2023 19:45,44.03425982,0.0623
5/16/2023 20:00,48.29023217,0.0684
5/16/2023 20:15,57.15899652,0.0809
5/16/2023 20:30,57.15899652,0.0809
5/16/2023 20:45,47.59253324,0.0674
5/16/2023 21:00,49.69146441,0.0703
5/16/2023 21:15,59.11484735,0.0837
5/16/2023 21:30,61.04251861,0.0864
5/16/2023 21:45,41.78967553,0.0592
5/16/2023 22:00,49.69146441,0.0703
5/16/2023 22:15,47.59253324,0.0674
5/16/2023 22:30,47.59253324,0.0674
5/16/2023 22:45,44.04656083,0.0624
5/16/2023 23:00,44.04656083,0.0624
5/16/2023 23:15,51.76391943,0.0733
5/16/2023 23:30,55.82636798,0.079
5/16/2023 23:45,51.76391943,0.0733
5/17/2023 0:00,46.18647898,0.0654
5/17/2023 0:15,53.8099644,0.0762
5/17/2023 0:30,48.30225712,0.0684
5/17/2023 0:45,49.69146441,0.0703
5/17/2023 1:00,49.69146441,0.0703
5/17/2023 1:15,57.14766159,0.0809
5/17/2023 1:30,47.59253324,0.0674
5/17/2023 1:45,51.0808441,0.0723
5/17/2023 2:00,55.16089449,0.0781
5/17/2023 2:15,49.69146441,0.0703
5/17/2023 2:30,55.16089449,0.0781
5/17/2023 2:45,55.16089449,0.0781
5/17/2023 3:00,47.59253324,0.0674
5/17/2023 3:15,49.69146441,0.0703
5/17/2023 3:30,55.16089449,0.0781
5/17/2023 3:45,58.47726451,0.0828
5/17/2023 4:00,53.13496416,0.0752
5/17/2023 4:15,47.59253324,0.0674
5/17/2023 4:30,43.30328583,0.0613
5/17/2023 4:45,55.16089449,0.0781
5/17/2023 5:00,60.41966675,0.0855
5/17/2023 5:15,45.46722476,0.0644
5/17/2023 5:30,46.87874178,0.0664
5/17/2023 5:45,56.48863169,0.08
5/17/2023 6:00,56.48863169,0.08
5/17/2023 6:15,55.14939265,0.0781
5/17/2023 6:30,49.69146441,0.0703
5/17/2023 6:45,53.13496416,0.0752
5/17/2023 7:00,48.98631883,0.0693
5/17/2023 7:15,45.46722476,0.0644
5/17/2023 7:30,51.0808441,0.0723
5/17/2023 7:45,47.59253324,0.0674
5/17/2023 8:00,45.46722476,0.0644
5/17/2023 8:15,47.59253324,0.0674
5/17/2023 8:30,41.05684192,0.0581
5/17/2023 8:45,41.05684192,0.0581
5/17/2023 9:00,39.58714189,0.056
5/17/2023 9:15,41.05684192,0.0581
5/17/2023 9:30,45.46722476,0.0644
5/17/2023 9:45,47.59253324,0.0674
5/17/2023 10:00,43.30328583,0.0613
5/17/2023 10:15,39.58714189,0.056
5/17/2023 10:30,45.46722476,0.0644
5/17/2023 10:45,41.80229443,0.0592
5/17/2023 11:00,45.46722476,0.0644
5/17/2023 11:15,35.16698438,0.0498
5/17/2023 11:30,51.0808441,0.0723
5/17/2023 11:45,43.30328583,0.0613
5/17/2023 12:00,46.89086263,0.0664
5/17/2023 12:15,45.46722476,0.0644
5/17/2023 12:30,53.12329913,0.0752
5/17/2023 12:45,45.46722476,0.0644
5/17/2023 13:00,48.99829515,0.0694
5/17/2023 13:15,47.59253324,0.0674
5/17/2023 13:30,46.89086263,0.0664
5/17/2023 13:45,51.0808441,0.0723
5/17/2023 14:00,53.13496416,0.0752
5/17/2023 14:15,45.46722476,0.0644
5/17/2023 14:30,35.17731681,0.0498
5/17/2023 14:45,41.05684192,0.0581
5/17/2023 15:00,43.30328583,0.0613
5/17/2023 15:15,46.89086263,0.0664
5/17/2023 15:30,41.05684192,0.0581
5/17/2023 15:45,34.56474673,0.0489
5/17/2023 16:00,48.99829515,0.0694
5/17/2023 16:15,44.75754289,0.0634
5/17/2023 16:30,46.89086263,0.0664
5/17/2023 16:45,42.55090144,0.0602
5/17/2023 17:00,44.75754289,0.0634
5/17/2023 17:15,46.89086263,0.0664
5/17/2023 17:30,40.32347718,0.0571
5/17/2023 17:45,42.55090144,0.0602
5/17/2023 18:00,40.32347718,0.0571
5/17/2023 18:15,36.60248409,0.0518
5/17/2023 18:30,41.05684192,0.0581
5/17/2023 18:45,44.75754289,0.0634
5/17/2023 19:00,43.30328583,0.0613
5/17/2023 19:15,36.60248409,0.0518
5/17/2023 19:30,44.75754289,0.0634
5/17/2023 19:45,43.30328583,0.0613
5/17/2023 20:00,46.87874178,0.0664
5/17/2023 20:15,43.30328583,0.0613
5/17/2023 20:30,53.12329913,0.0752
5/17/2023 20:45,46.89086263,0.0664
5/17/2023 21:00,51.06902055,0.0723
5/17/2023 21:15,42.55090144,0.0602
5/17/2023 21:30,52.44514371,0.0742
5/17/2023 21:45,43.30328583,0.0613
5/17/2023 22:00,41.05684192,0.0581
5/17/2023 22:15,50.38172073,0.0713
5/17/2023 22:30,38.83646432,0.055
5/17/2023 22:45,46.87874178,0.0664
5/17/2023 23:00,44.74528496,0.0633
5/17/2023 23:15,41.05684192,0.0581
5/17/2023 23:30,51.06902055,0.0723
5/17/2023 23:45,52.44514371,0.0742
5/18/2023 0:00,40.32347718,0.0571
5/18/2023 0:15,51.06902055,0.0723
5/18/2023 0:30,38.83646432,0.055
5/18/2023 0:45,50.38172073,0.0713
5/18/2023 1:00,46.89086263,0.0664
5/18/2023 1:15,44.75754289,0.0634
5/18/2023 1:30,42.55090144,0.0602
5/18/2023 1:45,44.75754289,0.0634
5/18/2023 2:00,44.75754289,0.0634
5/18/2023 2:15,38.83646432,0.055
5/18/2023 2:30,41.05684192,0.0581
5/18/2023 2:45,46.18647898,0.0654
5/18/2023 3:00,46.89086263,0.0664
5/18/2023 3:15,52.45686208,0.0743
5/18/2023 3:30,44.75754289,0.0634
5/18/2023 3:45,36.60248409,0.0518
5/18/2023 4:00,44.03425982,0.0623
5/18/2023 4:15,41.78967553,0.0592
5/18/2023 4:30,46.89086263,0.0664
5/18/2023 4:45,48.29023217,0.0684
5/18/2023 5:00,46.17431037,0.0654
5/18/2023 5:15,46.17431037,0.0654
5/18/2023 5:30,40.31079571,0.0571
5/18/2023 5:45,46.17431037,0.0654
5/18/2023 6:00,38.08423477,0.0539
5/18/2023 6:15,41.78967553,0.0592
5/18/2023 6:30,44.03425982,0.0623
5/18/2023 6:45,44.75754289,0.0634
5/18/2023 7:00,50.39359547,0.0713
5/18/2023 7:15,42.55090144,0.0602
5/18/2023 7:30,46.89086263,0.0664
5/18/2023 7:45,36.60248409,0.0518
5/18/2023 8:00,43.30328583,0.0613
5/18/2023 8:15,43.30328583,0.0613
5/18/2023 8:30,45.46722476,0.0644
5/18/2023 8:45,41.05684192,0.0581
5/18/2023 9:00,51.06902055,0.0723
5/18/2023 9:15,43.30328583,0.0613
5/18/2023 9:30,48.98631883,0.0693
5/18/2023 9:45,54.48183384,0.0771
5/18/2023 10:00,45.46722476,0.0644
5/18/2023 10:15,41.05684192,0.0581
5/18/2023 10:30,53.12329913,0.0752
5/18/2023 10:45,43.30328583,0.0613
5/18/2023 11:00,44.74528496,0.0633
5/18/2023 11:15,41.05684192,0.0581
5/18/2023 11:30,47.59253324,0.0674
5/18/2023 11:45,43.30328583,0.0613
5/18/2023 12:00,44.74528496,0.0633
5/18/2023 12:15,45.46722476,0.0644
5/18/2023 12:30,41.05684192,0.0581
5/18/2023 12:45,48.99829515,0.0694
5/18/2023 13:00,48.99829515,0.0694
5/18/2023 13:15,41.05684192,0.0581
5/18/2023 13:30,38.83646432,0.055
5/18/2023 13:45,42.53791689,0.0602
5/18/2023 14:00,44.74528496,0.0633
5/18/2023 14:15,46.89086263,0.0664
5/18/2023 14:30,38.83646432,0.055
5/18/2023 14:45,40.32347718,0.0571
5/18/2023 15:00,50.38172073,0.0713
5/18/2023 15:15,38.83646432,0.055
5/18/2023 15:30,41.05684192,0.0581
5/18/2023 15:45,41.05684192,0.0581
5/18/2023 16:00,44.75754289,0.0634
5/18/2023 16:15,44.75754289,0.0634
5/18/2023 16:30,36.60248409,0.0518
5/18/2023 16:45,44.75754289,0.0634
5/18/2023 17:00,46.89086263,0.0664
5/18/2023 17:15,52.45686208,0.0743
5/18/2023 17:30,44.75754289,0.0634
5/18/2023 17:45,50.38172073,0.0713
5/18/2023 18:00,36.60248409,0.0518
5/18/2023 18:15,40.32347718,0.0571
5/18/2023 18:30,46.89086263,0.0664
5/18/2023 18:45,36.60248409,0.0518
5/18/2023 19:00,48.29023217,0.0684
5/18/2023 19:15,37.34335526,0.0529
5/18/2023 19:30,48.98631883,0.0693
5/18/2023 19:45,38.83646432,0.055
5/18/2023 20:00,38.83646432,0.055
5/18/2023 20:15,48.98631883,0.0693
5/18/2023 20:30,42.53791689,0.0602
5/18/2023 20:45,48.99829515,0.0694
5/18/2023 21:00,43.30328583,0.0613
5/18/2023 21:15,46.89086263,0.0664
5/18/2023 21:30,45.46722476,0.0644
5/18/2023 21:45,38.83646432,0.055
5/18/2023 22:00,46.89086263,0.0664
5/18/2023 22:15,41.05684192,0.0581
5/18/2023 22:30,43.30328583,0.0613
5/18/2023 22:45,44.75754289,0.0634
5/18/2023 23:00,48.99829515,0.0694
5/18/2023 23:15,46.89086263,0.0664
5/18/2023 23:30,41.05684192,0.0581
5/18/2023 23:45,54.49338966,0.0771
5/19/2023 0:00,48.99829515,0.0694
5/19/2023 0:15,43.30328583,0.0613
5/19/2023 0:30,41.05684192,0.0581
5/19/2023 0:45,46.89086263,0.0664
5/19/2023 1:00,50.39359547,0.0713
5/19/2023 1:15,38.83646432,0.055
5/19/2023 1:30,48.99829515,0.0694
5/19/2023 1:45,46.89086263,0.0664
5/19/2023 2:00,43.30328583,0.0613
5/19/2023 2:15,43.30328583,0.0613
5/19/2023 2:30,52.45686208,0.0743
5/19/2023 2:45,46.89086263,0.0664
5/19/2023 3:00,41.05684192,0.0581
5/19/2023 3:15,44.75754289,0.0634
5/19/2023 3:30,48.99829515,0.0694
5/19/2023 3:45,44.75754289,0.0634
5/19/2023 4:00,41.05684192,0.0581
5/19/2023 4:15,47.59253324,0.0674
5/19/2023 4:30,48.99829515,0.0694
5/19/2023 4:45,39.57443242,0.056
5/19/2023 5:00,45.46722476,0.0644
5/19/2023 5:15,43.30328583,0.0613
5/19/2023 5:30,45.46722476,0.0644
5/19/2023 5:45,44.04656083,0.0624
5/19/2023 6:00,43.30328583,0.0613
5/19/2023 6:15,39.57443242,0.056
5/19/2023 6:30,37.35614047,0.0529
5/19/2023 6:45,47.59253324,0.0674
5/19/2023 7:00,41.78967553,0.0592
5/19/2023 7:15,41.78967553,0.0592
5/19/2023 7:30,46.17431037,0.0654
5/19/2023 7:45,41.78967553,0.0592
5/19/2023 8:00,35.8463568,0.0507
5/19/2023 8:15,38.0969968,0.0539
5/19/2023 8:30,40.32347718,0.0571
5/19/2023 8:45,35.85918183,0.0508
5/19/2023 9:00,32.71821362,0.0463
5/19/2023 9:15,38.0969968,0.0539
5/19/2023 9:30,42.55090144,0.0602
5/19/2023 9:45,35.85918183,0.0508
5/19/2023 10:00,40.32347718,0.0571
5/19/2023 10:15,38.0969968,0.0539
5/19/2023 10:30,44.74528496,0.0633
5/19/2023 10:45,46.17431037,0.0654
5/19/2023 11:00,48.29023217,0.0684
5/19/2023 11:15,57.81471776,0.0818
5/19/2023 11:30,54.49338966,0.0771
5/19/2023 11:45,54.49338966,0.0771
5/19/2023 12:00,52.45686208,0.0743
5/19/2023 12:15,46.18647898,0.0654
5/19/2023 12:30,50.39359547,0.0713
5/19/2023 12:45,55.82636798,0.079
5/19/2023 13:00,52.45686208,0.0743
5/19/2023 13:15,48.30225712,0.0684
5/19/2023 13:30,50.39359547,0.0713
5/19/2023 13:45,44.75754289,0.0634
5/19/2023 14:00,48.30225712,0.0684
5/19/2023 14:15,46.18647898,0.0654
5/19/2023 14:30,43.30328583,0.0613
5/19/2023 14:45,46.89086263,0.0664
5/19/2023 15:00,46.89086263,0.0664
5/19/2023 15:15,46.89086263,0.0664
5/19/2023 15:30,50.39359547,0.0713
5/19/2023 15:45,50.39359547,0.0713
5/19/2023 16:00,44.75754289,0.0634
5/19/2023 16:15,40.32347718,0.0571
5/19/2023 16:30,46.18647898,0.0654
5/19/2023 16:45,42.55090144,0.0602
5/19/2023 17:00,46.89086263,0.0664
5/19/2023 17:15,42.55090144,0.0602
5/19/2023 17:30,42.55090144,0.0602
5/19/2023 17:45,34.56474673,0.0489
5/19/2023 18:00,41.05684192,0.0581
5/19/2023 18:15,38.83646432,0.055
5/19/2023 18:30,44.75754289,0.0634
5/19/2023 18:45,41.05684192,0.0581
5/19/2023 19:00,46.89086263,0.0664
5/19/2023 19:15,41.05684192,0.0581
5/19/2023 19:30,46.89086263,0.0664
5/19/2023 19:45,42.55090144,0.0602
5/19/2023 20:00,38.83646432,0.055
5/19/2023 20:15,41.05684192,0.0581
5/19/2023 20:30,46.87874178,0.0664
5/19/2023 20:45,43.30328583,0.0613
5/19/2023 21:00,37.35614047,0.0529
5/19/2023 21:15,37.34335526,0.0529
5/19/2023 21:30,41.05684192,0.0581
5/19/2023 21:45,37.34335526,0.0529
5/19/2023 22:00,39.57443242,0.056
5/19/2023 22:15,47.59253324,0.0674
5/19/2023 22:30,37.34335526,0.0529
5/19/2023 22:45,44.03425982,0.0623
5/19/2023 23:00,38.08423477,0.0539
5/19/2023 23:15,41.78967553,0.0592
5/19/2023 23:30,43.30328583,0.0613
5/19/2023 23:45,35.8463568,0.0507
5/20/2023 0:00,45.46722476,0.0644
5/20/2023 0:15,39.57443242,0.056
5/20/2023 0:30,43.30328583,0.0613
5/20/2023 0:45,41.78967553,0.0592
5/20/2023 1:00,41.78967553,0.0592
5/20/2023 1:15,35.85918183,0.0508
5/20/2023 1:30,37.34335526,0.0529
5/20/2023 1:45,43.30328583,0.0613
5/20/2023 2:00,43.30328583,0.0613
5/20/2023 2:15,47.59253324,0.0674
5/20/2023 2:30,38.83646432,0.055
5/20/2023 2:45,39.57443242,0.056
5/20/2023 3:00,45.46722476,0.0644
5/20/2023 3:15,38.83646432,0.055
5/20/2023 3:30,37.35614047,0.0529
5/20/2023 3:45,42.53791689,0.0602
5/20/2023 4:00,44.74528496,0.0633
5/20/2023 4:15,51.0808441,0.0723
5/20/2023 4:30,35.17731681,0.0498
5/20/2023 4:45,37.35614047,0.0529
5/20/2023 5:00,38.83646432,0.055
5/20/2023 5:15,43.30328583,0.0613
5/20/2023 5:30,45.46722476,0.0644
5/20/2023 5:45,46.87874178,0.0664
5/20/2023 6:00,41.05684192,0.0581
5/20/2023 6:15,43.30328583,0.0613
5/20/2023 6:30,45.46722476,0.0644
5/20/2023 6:45,41.05684192,0.0581
5/20/2023 7:00,41.78967553,0.0592
5/20/2023 7:15,47.59253324,0.0674
5/20/2023 7:30,39.57443242,0.056
5/20/2023 7:45,33.33547337,0.0472
5/20/2023 8:00,45.46722476,0.0644
5/20/2023 8:15,31.45854044,0.0445
5/20/2023 8:30,33.9468231,0.0481
5/20/2023 8:45,41.05684192,0.0581
5/20/2023 9:00,37.34335526,0.0529
5/20/2023 9:15,41.05684192,0.0581
5/20/2023 9:30,37.34335526,0.0529
5/20/2023 9:45,37.34335526,0.0529
5/20/2023 10:00,41.05684192,0.0581
5/20/2023 10:15,39.57443242,0.056
5/20/2023 10:30,43.30328583,0.0613
5/20/2023 10:45,35.16698438,0.0498
5/20/2023 11:00,39.57443242,0.056
5/20/2023 11:15,33.9468231,0.0481
5/20/2023 11:30,33.9468231,0.0481
5/20/2023 11:45,35.8463568,0.0507
5/20/2023 12:00,35.8463568,0.0507
5/20/2023 12:15,37.34335526,0.0529
5/20/2023 12:30,41.78967553,0.0592
5/20/2023 12:45,33.33547337,0.0472
5/20/2023 13:00,35.17731681,0.0498
5/20/2023 13:15,35.17731681,0.0498
5/20/2023 13:30,38.83646432,0.055
5/20/2023 13:45,36.60248409,0.0518
5/20/2023 14:00,36.60248409,0.0518
5/20/2023 14:15,31.45854044,0.0445
5/20/2023 14:30,38.83646432,0.055
5/20/2023 14:45,31.45854044,0.0445
5/20/2023 15:00,41.05684192,0.0581
5/20/2023 15:15,26.26489579,0.0372
5/20/2023 15:30,41.05684192,0.0581
5/20/2023 15:45,30.8270503,0.0436
5/20/2023 16:00,36.60248409,0.0518
5/20/2023 16:15,32.71821362,0.0463
5/20/2023 16:30,38.83646432,0.055
5/20/2023 16:45,28.89565551,0.0409
5/20/2023 17:00,33.34607315,0.0472
5/20/2023 17:15,32.71821362,0.0463
5/20/2023 17:30,29.54055151,0.0418
5/20/2023 17:45,31.45854044,0.0445
5/20/2023 18:00,33.33547337,0.0472
5/20/2023 18:15,35.16698438,0.0498
5/20/2023 18:30,42.55090144,0.0602
5/20/2023 18:45,46.89086263,0.0664
5/20/2023 19:00,48.30225712,0.0684
5/20/2023 19:15,43.30328583,0.0613
5/20/2023 19:30,44.75754289,0.0634
5/20/2023 19:45,42.55090144,0.0602
5/20/2023 20:00,46.18647898,0.0654
5/20/2023 20:15,42.55090144,0.0602
5/20/2023 20:30,36.60248409,0.0518
5/20/2023 20:45,36.60248409,0.0518
5/20/2023 21:00,40.32347718,0.0571
5/20/2023 21:15,34.56474673,0.0489
5/20/2023 21:30,36.60248409,0.0518
5/20/2023 21:45,41.05684192,0.0581
5/20/2023 22:00,37.34335526,0.0529
5/20/2023 22:15,34.56474673,0.0489
5/20/2023 22:30,37.34335526,0.0529
5/20/2023 22:45,37.34335526,0.0529
5/20/2023 23:00,41.05684192,0.0581
5/20/2023 23:15,38.83646432,0.055
5/20/2023 23:30,38.83646432,0.055
5/20/2023 23:45,43.30328583,0.0613
5/21/2023 0:00,40.32347718,0.0571
5/21/2023 0:15,42.55090144,0.0602
5/21/2023 0:30,34.56474673,0.0489
5/21/2023 0:45,30.8270503,0.0436
5/21/2023 1:00,40.32347718,0.0571
5/21/2023 1:15,36.60248409,0.0518
5/21/2023 1:30,41.05684192,0.0581
5/21/2023 1:45,44.75754289,0.0634
5/21/2023 2:00,40.31079571,0.0571
5/21/2023 2:15,42.53791689,0.0602
5/21/2023 2:30,38.08423477,0.0539
5/21/2023 2:45,40.31079571,0.0571
5/21/2023 3:00,46.17431037,0.0654
5/21/2023 3:15,46.17431037,0.0654
5/21/2023 3:30,40.32347718,0.0571
5/21/2023 3:45,35.85918183,0.0508
5/21/2023 4:00,35.85918183,0.0508
5/21/2023 4:15,44.03425982,0.0623
5/21/2023 4:30,35.85918183,0.0508
5/21/2023 4:45,40.32347718,0.0571
5/21/2023 5:00,42.55090144,0.0602
5/21/2023 5:15,38.0969968,0.0539
5/21/2023 5:30,44.03425982,0.0623
5/21/2023 5:45,44.04656083,0.0624
5/21/2023 6:00,38.0969968,0.0539
5/21/2023 6:15,35.85918183,0.0508
5/21/2023 6:30,35.85918183,0.0508
5/21/2023 6:45,44.03425982,0.0623
5/21/2023 7:00,46.17431037,0.0654
5/21/2023 7:15,44.03425982,0.0623
5/21/2023 7:30,38.0969968,0.0539
5/21/2023 7:45,46.17431037,0.0654
5/21/2023 8:00,28.89565551,0.0409
5/21/2023 8:15,38.0969968,0.0539
5/21/2023 8:30,35.85918183,0.0508
5/21/2023 8:45,33.95733907,0.0481
5/21/2023 9:00,32.71821362,0.0463
5/21/2023 9:15,40.32347718,0.0571
5/21/2023 9:30,40.32347718,0.0571
5/21/2023 9:45,40.32347718,0.0571
5/21/2023 10:00,40.32347718,0.0571
5/21/2023 10:15,40.32347718,0.0571
5/21/2023 10:30,42.55090144,0.0602
5/21/2023 10:45,35.85918183,0.0508
5/21/2023 11:00,38.0969968,0.0539
5/21/2023 11:15,42.55090144,0.0602
5/21/2023 11:30,34.56474673,0.0489
5/21/2023 11:45,32.71821362,0.0463
5/21/2023 12:00,38.0969968,0.0539
5/21/2023 12:15,35.85918183,0.0508
5/21/2023 12:30,42.55090144,0.0602
5/21/2023 12:45,42.55090144,0.0602
5/21/2023 13:00,34.56474673,0.0489
5/21/2023 13:15,33.9468231,0.0481
5/21/2023 13:30,38.08423477,0.0539
5/21/2023 13:45,33.9468231,0.0481
5/21/2023 14:00,35.8463568,0.0507
5/21/2023 14:15,32.71821362,0.0463
5/21/2023 14:30,33.95733907,0.0481
5/21/2023 14:45,38.0969968,0.0539
5/21/2023 15:00,33.95733907,0.0481
5/21/2023 15:15,33.95733907,0.0481
5/21/2023 15:30,35.85918183,0.0508
5/21/2023 15:45,35.85918183,0.0508
5/21/2023 16:00,37.35614047,0.0529
5/21/2023 16:15,37.35614047,0.0529
5/21/2023 16:30,40.32347718,0.0571
5/21/2023 16:45,38.0969968,0.0539
5/21/2023 17:00,35.17731681,0.0498
5/21/2023 17:15,38.0969968,0.0539
5/21/2023 17:30,53.13496416,0.0752
5/21/2023 17:45,46.17431037,0.0654
5/21/2023 18:00,55.16089449,0.0781
5/21/2023 18:15,61.04251861,0.0864
5/21/2023 18:30,69.1099623,0.0978
5/21/2023 18:45,64.45559691,0.0912
5/21/2023 19:00,66.78697105,0.0945
5/21/2023 19:15,70.65583228,0.1
5/21/2023 19:30,58.47726451,0.0828
5/21/2023 19:45,47.59253324,0.0674
5/21/2023 20:00,58.47726451,0.0828
5/21/2023 20:15,62.31528038,0.0882
5/21/2023 20:30,68.34119414,0.0967
5/21/2023 20:45,62.31528038,0.0882
5/21/2023 21:00,58.47726451,0.0828
5/21/2023 21:15,55.16089449,0.0781
5/21/2023 21:30,55.16089449,0.0781
5/21/2023 21:45,49.69146441,0.0703
5/21/2023 22:00,51.0808441,0.0723
5/21/2023 22:15,49.69146441,0.0703
5/21/2023 22:30,48.29023217,0.0684
5/21/2023 22:45,49.69146441,0.0703
5/21/2023 23:00,51.76391943,0.0733
5/21/2023 23:15,49.69146441,0.0703
5/21/2023 23:30,44.03425982,0.0623
5/21/2023 23:45,49.69146441,0.0703
5/22/2023 0:00,51.76391943,0.0733
5/22/2023 0:15,41.78967553,0.0592
5/22/2023 0:30,46.17431037,0.0654
5/22/2023 0:45,53.13496416,0.0752
5/22/2023 1:00,47.59253324,0.0674
5/22/2023 1:15,45.46722476,0.0644
5/22/2023 1:30,59.12599139,0.0837
5/22/2023 1:45,53.13496416,0.0752
5/22/2023 2:00,51.76391943,0.0733
5/22/2023 2:15,44.04656083,0.0624
5/22/2023 2:30,45.46722476,0.0644
5/22/2023 2:45,48.98631883,0.0693
5/22/2023 3:00,51.06902055,0.0723
5/22/2023 3:15,43.30328583,0.0613
5/22/2023 3:30,47.59253324,0.0674
5/22/2023 3:45,49.69146441,0.0703
5/22/2023 4:00,48.98631883,0.0693
5/22/2023 4:15,53.12329913,0.0752
5/22/2023 4:30,43.30328583,0.0613
5/22/2023 4:45,46.89086263,0.0664
5/22/2023 5:00,41.05684192,0.0581
5/22/2023 5:15,48.98631883,0.0693
5/22/2023 5:30,44.75754289,0.0634
5/22/2023 5:45,41.05684192,0.0581
5/22/2023 6:00,52.44514371,0.0742
5/22/2023 6:15,53.13496416,0.0752
5/22/2023 6:30,44.75754289,0.0634
5/22/2023 6:45,44.75754289,0.0634
5/22/2023 7:00,44.75754289,0.0634
5/22/2023 7:15,37.34335526,0.0529
5/22/2023 7:30,44.04656083,0.0624
5/22/2023 7:45,41.05684192,0.0581
5/22/2023 8:00,45.46722476,0.0644
5/22/2023 8:15,43.30328583,0.0613
5/22/2023 8:30,41.80229443,0.0592
5/22/2023 8:45,41.80229443,0.0592
5/22/2023 9:00,45.46722476,0.0644
5/22/2023 9:15,39.58714189,0.056
5/22/2023 9:30,35.17731681,0.0498
5/22/2023 9:45,39.58714189,0.056
5/22/2023 10:00,33.95733907,0.0481
5/22/2023 10:15,45.46722476,0.0644
5/22/2023 10:30,47.59253324,0.0674
5/22/2023 10:45,37.34335526,0.0529
5/22/2023 11:00,41.05684192,0.0581
5/22/2023 11:15,41.05684192,0.0581
5/22/2023 11:30,33.33547337,0.0472
5/22/2023 11:45,41.78967553,0.0592
5/22/2023 12:00,35.16698438,0.0498
5/22/2023 12:15,37.34335526,0.0529
5/22/2023 12:30,33.33547337,0.0472
5/22/2023 12:45,31.45854044,0.0445
5/22/2023 13:00,33.33547337,0.0472
5/22/2023 13:15,35.16698438,0.0498
5/22/2023 13:30,30.19211236,0.0427
5/22/2023 13:45,35.16698438,0.0498
5/22/2023 14:00,33.95733907,0.0481
5/22/2023 14:15,33.95733907,0.0481
5/22/2023 14:30,33.95733907,0.0481
5/22/2023 14:45,30.19211236,0.0427
5/22/2023 15:00,35.16698438,0.0498
5/22/2023 15:15,37.34335526,0.0529
5/22/2023 15:30,30.19211236,0.0427
5/22/2023 15:45,35.17731681,0.0498
5/22/2023 16:00,32.09616044,0.0454
5/22/2023 16:15,30.19211236,0.0427
5/22/2023 16:30,29.54055151,0.0418
5/22/2023 16:45,33.33547337,0.0472
5/22/2023 17:00,30.19211236,0.0427
5/22/2023 17:15,33.34607315,0.0472
5/22/2023 17:30,38.83646432,0.055
5/22/2023 17:45,28.24653668,0.04
5/22/2023 18:00,31.46938735,0.0446
5/22/2023 18:15,33.34607315,0.0472
5/22/2023 18:30,33.34607315,0.0472
5/22/2023 18:45,37.34335526,0.0529
5/22/2023 19:00,31.45854044,0.0445
5/22/2023 19:15,41.78967553,0.0592
5/22/2023 19:30,33.33547337,0.0472
5/22/2023 19:45,37.34335526,0.0529
5/22/2023 20:00,33.33547337,0.0472
5/22/2023 20:15,33.33547337,0.0472
5/22/2023 20:30,38.83646432,0.055
5/22/2023 20:45,39.57443242,0.056
5/22/2023 21:00,37.34335526,0.0529
5/22/2023 21:15,42.55090144,0.0602
5/22/2023 21:30,39.57443242,0.056
5/22/2023 21:45,38.83646432,0.055
5/22/2023 22:00,39.58714189,0.056
5/22/2023 22:15,39.57443242,0.056
5/22/2023 22:30,37.34335526,0.0529
5/22/2023 22:45,36.60248409,0.0518
5/22/2023 23:00,38.83646432,0.055
5/22/2023 23:15,36.60248409,0.0518
5/22/2023 23:30,41.05684192,0.0581
5/22/2023 23:45,41.05684192,0.0581
5/23/2023 0:00,32.08539353,0.0454
5/23/2023 0:15,42.55090144,0.0602
5/23/2023 0:30,41.05684192,0.0581
5/23/2023 0:45,33.33547337,0.0472
5/23/2023 1:00,33.33547337,0.0472
5/23/2023 1:15,41.05684192,0.0581
5/23/2023 1:30,38.83646432,0.055
5/23/2023 1:45,36.60248409,0.0518
5/23/2023 2:00,38.83646432,0.055
5/23/2023 2:15,43.30328583,0.0613
5/23/2023 2:30,37.34335526,0.0529
5/23/2023 2:45,48.99829515,0.0694
5/23/2023 3:00,48.30225712,0.0684
5/23/2023 3:15,38.83646432,0.055
5/23/2023 3:30,39.57443242,0.056
5/23/2023 3:45,42.55090144,0.0602
5/23/2023 4:00,41.05684192,0.0581
5/23/2023 4:15,43.30328583,0.0613
5/23/2023 4:30,35.16698438,0.0498
5/23/2023 4:45,34.56474673,0.0489
5/23/2023 5:00,38.83646432,0.055
5/23/2023 5:15,35.16698438,0.0498
5/23/2023 5:30,41.05684192,0.0581
5/23/2023 5:45,35.16698438,0.0498
5/23/2023 6:00,46.89086263,0.0664
5/23/2023 6:15,37.34335526,0.0529
5/23/2023 6:30,37.34335526,0.0529
5/23/2023 6:45,37.34335526,0.0529
5/23/2023 7:00,39.57443242,0.056
5/23/2023 7:15,35.85918183,0.0508
5/23/2023 7:30,33.95733907,0.0481
5/23/2023 7:45,38.83646432,0.055
5/23/2023 8:00,35.16698438,0.0498
5/23/2023 8:15,33.95733907,0.0481
5/23/2023 8:30,33.95733907,0.0481
5/23/2023 8:45,35.85918183,0.0508
5/23/2023 9:00,37.35614047,0.0529
5/23/2023 9:15,33.95733907,0.0481
5/23/2023 9:30,32.09616044,0.0454
5/23/2023 9:45,37.35614047,0.0529
5/23/2023 10:00,38.0969968,0.0539
5/23/2023 10:15,32.09616044,0.0454
5/23/2023 10:30,39.58714189,0.056
5/23/2023 10:45,32.09616044,0.0454
5/23/2023 11:00,30.18110755,0.0427
5/23/2023 11:15,37.35614047,0.0529
5/23/2023 11:30,35.85918183,0.0508
5/23/2023 11:45,33.95733907,0.0481
5/23/2023 12:00,32.08539353,0.0454
5/23/2023 12:15,22.88672125,0.0324
5/23/2023 12:30,32.08539353,0.0454
5/23/2023 12:45,30.8270503,0.0436
5/23/2023 13:00,28.23530914,0.04
5/23/2023 13:15,32.08539353,0.0454
5/23/2023 13:30,32.08539353,0.0454
5/23/2023 13:45,24.92055003,0.0353
5/23/2023 14:00,26.25346582,0.0372
5/23/2023 14:15,28.23530914,0.04
5/23/2023 14:30,31.45854044,0.0445
5/23/2023 14:45,29.54055151,0.0418
5/23/2023 15:00,33.9468231,0.0481
5/23/2023 15:15,31.45854044,0.0445
5/23/2023 15:30,24.24909929,0.0343
5/23/2023 15:45,36.60248409,0.0518
5/23/2023 16:00,31.45854044,0.0445
5/23/2023 16:15,36.60248409,0.0518
5/23/2023 16:30,39.57443242,0.056
5/23/2023 16:45,31.46938735,0.0446
5/23/2023 17:00,32.09616044,0.0454
5/23/2023 17:15,38.83646432,0.055
5/23/2023 17:30,31.45854044,0.0445
5/23/2023 17:45,33.33547337,0.0472
5/23/2023 18:00,33.34607315,0.0472
5/23/2023 18:15,28.24653668,0.04
5/23/2023 18:30,31.46938735,0.0446
5/23/2023 18:45,33.34607315,0.0472
5/23/2023 19:00,31.46938735,0.0446
5/23/2023 19:15,30.19211236,0.0427
5/23/2023 19:30,29.55163296,0.0418
5/23/2023 19:45,35.16698438,0.0498
5/23/2023 20:00,28.24653668,0.04
5/23/2023 20:15,33.33547337,0.0472
5/23/2023 20:30,31.45854044,0.0445
5/23/2023 20:45,31.45854044,0.0445
5/23/2023 21:00,35.85918183,0.0508
5/23/2023 21:15,35.16698438,0.0498
5/23/2023 21:30,32.09616044,0.0454
5/23/2023 21:45,37.34335526,0.0529
5/23/2023 22:00,45.46722476,0.0644
5/23/2023 22:15,33.95733907,0.0481
5/23/2023 22:30,43.30328583,0.0613
5/23/2023 22:45,44.03425982,0.0623
5/23/2023 23:00,35.85918183,0.0508
5/23/2023 23:15,37.35614047,0.0529
5/23/2023 23:30,37.35614047,0.0529
5/23/2023 23:45,43.30328583,0.0613
5/24/2023 0:00,43.30328583,0.0613
5/24/2023 0:15,35.16698438,0.0498
5/24/2023 0:30,41.05684192,0.0581
5/24/2023 0:45,42.55090144,0.0602
5/24/2023 1:00,38.83646432,0.055
5/24/2023 1:15,43.30328583,0.0613
5/24/2023 1:30,37.34335526,0.0529
5/24/2023 1:45,35.16698438,0.0498
5/24/2023 2:00,41.05684192,0.0581
5/24/2023 2:15,35.16698438,0.0498
5/24/2023 2:30,36.60248409,0.0518
5/24/2023 2:45,37.34335526,0.0529
5/24/2023 3:00,41.05684192,0.0581
5/24/2023 3:15,37.34335526,0.0529
5/24/2023 3:30,31.45854044,0.0445
5/24/2023 3:45,38.83646432,0.055
5/24/2023 4:00,33.9468231,0.0481
5/24/2023 4:15,35.16698438,0.0498
5/24/2023 4:30,36.60248409,0.0518
5/24/2023 4:45,29.54055151,0.0418
5/24/2023 5:00,35.16698438,0.0498
5/24/2023 5:15,37.34335526,0.0529
5/24/2023 5:30,38.83646432,0.055
5/24/2023 5:45,32.09616044,0.0454
5/24/2023 6:00,35.16698438,0.0498
5/24/2023 6:15,35.85918183,0.0508
5/24/2023 6:30,35.17731681,0.0498
5/24/2023 6:45,37.35614047,0.0529
5/24/2023 7:00,33.34607315,0.0472
5/24/2023 7:15,39.58714189,0.056
5/24/2023 7:30,35.85918183,0.0508
5/24/2023 7:45,32.09616044,0.0454
5/24/2023 8:00,30.8270503,0.0436
5/24/2023 8:15,33.95733907,0.0481
5/24/2023 8:30,30.19211236,0.0427
5/24/2023 8:45,32.09616044,0.0454
5/24/2023 9:00,30.19211236,0.0427
5/24/2023 9:15,33.95733907,0.0481
5/24/2023 9:30,39.57443242,0.056
5/24/2023 9:45,32.09616044,0.0454
5/24/2023 10:00,33.34607315,0.0472
5/24/2023 10:15,30.19211236,0.0427
5/24/2023 10:30,33.95733907,0.0481
5/24/2023 10:45,33.95733907,0.0481
5/24/2023 11:00,35.85918183,0.0508
5/24/2023 11:15,33.33547337,0.0472
5/24/2023 11:30,24.92055003,0.0353
5/24/2023 11:45,26.92592694,0.0381
5/24/2023 12:00,24.92055003,0.0353
5/24/2023 12:15,32.08539353,0.0454
5/24/2023 12:30,32.08539353,0.0454
5/24/2023 12:45,28.24653668,0.04
5/24/2023 13:00,30.19211236,0.0427
5/24/2023 13:15,35.16698438,0.0498
5/24/2023 13:30,33.95733907,0.0481
5/24/2023 13:45,30.19211236,0.0427
5/24/2023 14:00,32.09616044,0.0454
5/24/2023 14:15,28.24653668,0.04
5/24/2023 14:30,33.95733907,0.0481
5/24/2023 14:45,30.19211236,0.0427
5/24/2023 15:00,30.19211236,0.0427
5/24/2023 15:15,39.58714189,0.056
5/24/2023 15:30,35.16698438,0.0498
5/24/2023 15:45,24.23749468,0.0343
5/24/2023 16:00,26.25346582,0.0372
5/24/2023 16:15,31.45854044,0.0445
5/24/2023 16:30,24.24909929,0.0343
5/24/2023 16:45,27.58202619,0.039
5/24/2023 17:00,27.59332365,0.0391
5/24/2023 17:15,30.8270503,0.0436
5/24/2023 17:30,34.56474673,0.0489
5/24/2023 17:45,32.71821362,0.0463
5/24/2023 18:00,29.55163296,0.0418
5/24/2023 18:15,29.55163296,0.0418
5/24/2023 18:30,29.55163296,0.0418
5/24/2023 18:45,29.55163296,0.0418
5/24/2023 19:00,27.59332365,0.0391
5/24/2023 19:15,27.58202619,0.039
5/24/2023 19:30,29.55163296,0.0418
5/24/2023 19:45,27.59332365,0.0391
5/24/2023 20:00,24.24909929,0.0343
5/24/2023 20:15,34.56474673,0.0489
5/24/2023 20:30,25.60022712,0.0362
5/24/2023 20:45,31.46938735,0.0446
5/24/2023 21:00,36.60248409,0.0518
5/24/2023 21:15,31.46938735,0.0446
5/24/2023 21:30,28.24653668,0.04
5/24/2023 21:45,33.33547337,0.0472
5/24/2023 22:00,27.58202619,0.039
5/24/2023 22:15,31.45854044,0.0445
5/24/2023 22:30,28.23530914,0.04
5/24/2023 22:45,36.60248409,0.0518
5/24/2023 23:00,24.24909929,0.0343
5/24/2023 23:15,29.54055151,0.0418
5/24/2023 23:30,27.58202619,0.039
5/24/2023 23:45,29.54055151,0.0418
5/25/2023 0:00,20.14338164,0.0285
5/25/2023 0:15,24.24909929,0.0343
5/25/2023 0:30,29.54055151,0.0418
5/25/2023 0:45,24.23749468,0.0343
5/25/2023 1:00,29.54055151,0.0418
5/25/2023 1:15,26.25346582,0.0372
5/25/2023 1:30,29.54055151,0.0418
5/25/2023 1:45,33.33547337,0.0472
5/25/2023 2:00,33.33547337,0.0472
5/25/2023 2:15,34.56474673,0.0489
5/25/2023 2:30,29.54055151,0.0418
5/25/2023 2:45,33.34607315,0.0472
5/25/2023 3:00,35.17731681,0.0498
5/25/2023 3:15,31.45854044,0.0445
5/25/2023 3:30,31.45854044,0.0445
5/25/2023 3:45,32.09616044,0.0454
5/25/2023 4:00,31.45854044,0.0445
5/25/2023 4:15,30.19211236,0.0427
5/25/2023 4:30,27.58202619,0.039
5/25/2023 4:45,38.83646432,0.055
5/25/2023 5:00,36.60248409,0.0518
5/25/2023 5:15,26.26489579,0.0372
5/25/2023 5:30,36.60248409,0.0518
5/25/2023 5:45,32.71821362,0.0463
5/25/2023 6:00,37.35614047,0.0529
5/25/2023 6:15,35.17731681,0.0498
5/25/2023 6:30,34.56474673,0.0489
5/25/2023 6:45,30.19211236,0.0427
5/25/2023 7:00,32.71821362,0.0463
5/25/2023 7:15,35.17731681,0.0498
5/25/2023 7:30,31.46938735,0.0446
5/25/2023 7:45,22.20675374,0.0314
5/25/2023 8:00,22.20675374,0.0314
5/25/2023 8:15,38.83646432,0.055
5/25/2023 8:30,28.24653668,0.04
5/25/2023 8:45,30.19211236,0.0427
5/25/2023 9:00,32.09616044,0.0454
5/25/2023 9:15,33.34607315,0.0472
5/25/2023 9:30,31.45854044,0.0445
5/25/2023 9:45,29.54055151,0.0418
5/25/2023 10:00,31.45854044,0.0445
5/25/2023 10:15,27.58202619,0.039
5/25/2023 10:30,27.58202619,0.039
5/25/2023 10:45,31.45854044,0.0445
5/25/2023 11:00,26.26489579,0.0372
5/25/2023 11:15,31.45854044,0.0445
5/25/2023 11:30,31.45854044,0.0445
5/25/2023 11:45,22.88672125,0.0324
5/25/2023 12:00,30.19211236,0.0427
5/25/2023 12:15,31.45854044,0.0445
5/25/2023 12:30,31.45854044,0.0445
5/25/2023 12:45,33.33547337,0.0472
5/25/2023 13:00,29.54055151,0.0418
5/25/2023 13:15,31.45854044,0.0445
5/25/2023 13:30,26.25346582,0.0372
5/25/2023 13:45,22.19500954,0.0314
5/25/2023 14:00,20.82830713,0.0295
5/25/2023 14:15,31.45854044,0.0445
5/25/2023 14:30,27.58202619,0.039
5/25/2023 14:45,29.54055151,0.0418
5/25/2023 15:00,27.58202619,0.039
5/25/2023 15:15,29.54055151,0.0418
5/25/2023 15:30,26.26489579,0.0372
5/25/2023 15:45,31.45854044,0.0445
5/25/2023 16:00,35.16698438,0.0498
5/25/2023 16:15,27.59332365,0.0391
5/25/2023 16:30,27.59332365,0.0391
5/25/2023 16:45,29.55163296,0.0418
5/25/2023 17:00,27.59332365,0.0391
5/25/2023 17:15,24.24909929,0.0343
5/25/2023 17:30,27.59332365,0.0391
5/25/2023 17:45,31.46938735,0.0446
5/25/2023 18:00,27.58202619,0.039
5/25/2023 18:15,25.58873665,0.0362
5/25/2023 18:30,33.34607315,0.0472
5/25/2023 18:45,24.24909929,0.0343
5/25/2023 19:00,29.55163296,0.0418
5/25/2023 19:15,33.34607315,0.0472
5/25/2023 19:30,33.34607315,0.0472
5/25/2023 19:45,27.59332365,0.0391
5/25/2023 20:00,25.60022712,0.0362
5/25/2023 20:15,29.54055151,0.0418
5/25/2023 20:30,29.55163296,0.0418
5/25/2023 20:45,29.55163296,0.0418
5/25/2023 21:00,32.71821362,0.0463
5/25/2023 21:15,29.55163296,0.0418
5/25/2023 21:30,26.26489579,0.0372
5/25/2023 21:45,31.45854044,0.0445
5/25/2023 22:00,24.24909929,0.0343
5/25/2023 22:15,31.45854044,0.0445
5/25/2023 22:30,24.24909929,0.0343
5/25/2023 22:45,34.56474673,0.0489
5/25/2023 23:00,29.55163296,0.0418
5/25/2023 23:15,32.71821362,0.0463
5/25/2023 23:30,32.71821362,0.0463
5/25/2023 23:45,31.46938735,0.0446
5/26/2023 0:00,33.34607315,0.0472
5/26/2023 0:15,34.56474673,0.0489
5/26/2023 0:30,29.55163296,0.0418
5/26/2023 0:45,32.71821362,0.0463
5/26/2023 1:00,29.55163296,0.0418
5/26/2023 1:15,30.8270503,0.0436
5/26/2023 1:30,31.46938735,0.0446
5/26/2023 1:45,29.55163296,0.0418
5/26/2023 2:00,36.60248409,0.0518
5/26/2023 2:15,20.82830713,0.0295
5/26/2023 2:30,29.55163296,0.0418
5/26/2023 2:45,28.89565551,0.0409
5/26/2023 3:00,36.60248409,0.0518
5/26/2023 3:15,32.71821362,0.0463
5/26/2023 3:30,38.0969968,0.0539
5/26/2023 3:45,34.56474673,0.0489
5/26/2023 4:00,31.45854044,0.0445
5/26/2023 4:15,34.56474673,0.0489
5/26/2023 4:30,30.8270503,0.0436
5/26/2023 4:45,31.45854044,0.0445
5/26/2023 5:00,32.71821362,0.0463
5/26/2023 5:15,34.56474673,0.0489
5/26/2023 5:30,34.56474673,0.0489
5/26/2023 5:45,36.60248409,0.0518
5/26/2023 6:00,35.17731681,0.0498
5/26/2023 6:15,28.24653668,0.04
5/26/2023 6:30,34.56474673,0.0489
5/26/2023 6:45,32.09616044,0.0454
5/26/2023 7:00,28.24653668,0.04
5/26/2023 7:15,29.54055151,0.0418
5/26/2023 7:30,26.92592694,0.0381
5/26/2023 7:45,24.92055003,0.0353
5/26/2023 8:00,32.08539353,0.0454
5/26/2023 8:15,30.18110755,0.0427
5/26/2023 8:30,32.09616044,0.0454
5/26/2023 8:45,26.92592694,0.0381
5/26/2023 9:00,33.33547337,0.0472
5/26/2023 9:15,33.95733907,0.0481
5/26/2023 9:30,28.89565551,0.0409
5/26/2023 9:45,30.8270503,0.0436
5/26/2023 10:00,30.8270503,0.0436
5/26/2023 10:15,24.92055003,0.0353
5/26/2023 10:30,28.89565551,0.0409
5/26/2023 10:45,30.8270503,0.0436
5/26/2023 11:00,28.89565551,0.0409
5/26/2023 11:15,28.23530914,0.04
5/26/2023 11:30,28.89565551,0.0409
5/26/2023 11:45,28.89565551,0.0409
5/26/2023 12:00,22.88672125,0.0324
5/26/2023 12:15,22.88672125,0.0324
5/26/2023 12:30,26.92592694,0.0381
5/26/2023 12:45,20.82830713,0.0295
5/26/2023 13:00,31.45854044,0.0445
5/26/2023 13:15,28.24653668,0.04
5/26/2023 13:30,22.88672125,0.0324
5/26/2023 13:45,26.92592694,0.0381
5/26/2023 14:00,30.19211236,0.0427
5/26/2023 14:15,30.19211236,0.0427
5/26/2023 14:30,24.24909929,0.0343
5/26/2023 14:45,27.58202619,0.039
5/26/2023 15:00,20.82830713,0.0295
5/26/2023 15:15,31.45854044,0.0445
5/26/2023 15:30,28.23530914,0.04
5/26/2023 15:45,28.23530914,0.04
5/26/2023 16:00,30.18110755,0.0427
5/26/2023 16:15,26.25346582,0.0372
5/26/2023 16:30,25.58873665,0.0362
5/26/2023 16:45,29.54055151,0.0418
5/26/2023 17:00,20.82830713,0.0295
5/26/2023 17:15,26.26489579,0.0372
5/26/2023 17:30,29.54055151,0.0418
5/26/2023 17:45,29.54055151,0.0418
5/26/2023 18:00,27.58202619,0.039
5/26/2023 18:15,29.54055151,0.0418
5/26/2023 18:30,24.24909929,0.0343
5/26/2023 18:45,27.58202619,0.039
5/26/2023 19:00,27.58202619,0.039
5/26/2023 19:15,26.26489579,0.0372
5/26/2023 19:30,26.26489579,0.0372
5/26/2023 19:45,31.45854044,0.0445
5/26/2023 20:00,29.54055151,0.0418
5/26/2023 20:15,25.58873665,0.0362
5/26/2023 20:30,30.18110755,0.0427
5/26/2023 20:45,30.18110755,0.0427
5/26/2023 21:00,29.54055151,0.0418
5/26/2023 21:15,22.19500954,0.0314
5/26/2023 21:30,29.54055151,0.0418
5/26/2023 21:45,28.24653668,0.04
5/26/2023 22:00,26.26489579,0.0372
5/26/2023 22:15,30.19211236,0.0427
5/26/2023 22:30,28.24653668,0.04
5/26/2023 22:45,32.09616044,0.0454
5/26/2023 23:00,30.19211236,0.0427
5/26/2023 23:15,26.26489579,0.0372
5/26/2023 23:30,35.17731681,0.0498
5/26/2023 23:45,28.24653668,0.04
5/27/2023 0:00,31.46938735,0.0446
5/27/2023 0:15,30.19211236,0.0427
5/27/2023 0:30,30.19211236,0.0427
5/27/2023 0:45,33.33547337,0.0472
5/27/2023 1:00,35.16698438,0.0498
5/27/2023 1:15,27.58202619,0.039
5/27/2023 1:30,29.54055151,0.0418
5/27/2023 1:45,27.58202619,0.039
5/27/2023 2:00,29.54055151,0.0418
5/27/2023 2:15,29.54055151,0.0418
5/27/2023 2:30,28.24653668,0.04
5/27/2023 2:45,32.71821362,0.0463
5/27/2023 3:00,38.83646432,0.055
5/27/2023 3:15,30.8270503,0.0436
5/27/2023 3:30,32.71821362,0.0463
5/27/2023 3:45,35.8463568,0.0507
5/27/2023 4:00,31.46938735,0.0446
5/27/2023 4:15,29.55163296,0.0418
5/27/2023 4:30,32.71821362,0.0463
5/27/2023 4:45,27.59332365,0.0391
5/27/2023 5:00,31.46938735,0.0446
5/27/2023 5:15,32.71821362,0.0463
5/27/2023 5:30,29.55163296,0.0418
5/27/2023 5:45,38.0969968,0.0539
5/27/2023 6:00,31.45854044,0.0445
5/27/2023 6:15,32.71821362,0.0463
5/27/2023 6:30,31.45854044,0.0445
5/27/2023 6:45,36.60248409,0.0518
5/27/2023 7:00,29.54055151,0.0418
5/27/2023 7:15,32.71821362,0.0463
5/27/2023 7:30,26.26489579,0.0372
5/27/2023 7:45,35.16698438,0.0498
5/27/2023 8:00,28.24653668,0.04
5/27/2023 8:15,26.26489579,0.0372
5/27/2023 8:30,28.24653668,0.04
5/27/2023 8:45,28.24653668,0.04
5/27/2023 9:00,28.24653668,0.04
5/27/2023 9:15,29.55163296,0.0418
5/27/2023 9:30,31.46938735,0.0446
5/27/2023 9:45,35.17731681,0.0498
5/27/2023 10:00,30.19211236,0.0427
5/27/2023 10:15,30.19211236,0.0427
5/27/2023 10:30,33.34607315,0.0472
5/27/2023 10:45,30.19211236,0.0427
5/27/2023 11:00,30.19211236,0.0427
5/27/2023 11:15,26.26489579,0.0372
5/27/2023 11:30,26.25346582,0.0372
5/27/2023 11:45,30.19211236,0.0427
5/27/2023 12:00,24.92055003,0.0353
5/27/2023 12:15,29.54055151,0.0418
5/27/2023 12:30,31.45854044,0.0445
5/27/2023 12:45,26.26489579,0.0372
5/27/2023 13:00,26.25346582,0.0372
5/27/2023 13:15,20.82830713,0.0295
5/27/2023 13:30,27.58202619,0.039
5/27/2023 13:45,27.58202619,0.039
5/27/2023 14:00,24.24909929,0.0343
5/27/2023 14:15,25.58873665,0.0362
5/27/2023 14:30,24.24909929,0.0343
5/27/2023 14:45,26.26489579,0.0372
5/27/2023 15:00,27.59332365,0.0391
5/27/2023 15:15,29.55163296,0.0418
5/27/2023 15:30,27.59332365,0.0391
5/27/2023 15:45,27.59332365,0.0391
5/27/2023 16:00,25.58873665,0.0362
5/27/2023 16:15,20.14338164,0.0285
5/27/2023 16:30,21.51267791,0.0305
5/27/2023 16:45,29.54055151,0.0418
5/27/2023 17:00,29.54055151,0.0418
5/27/2023 17:15,18.05422365,0.0256
5/27/2023 17:30,20.13153875,0.0285
5/27/2023 17:45,29.55163296,0.0418
5/27/2023 18:00,23.56410278,0.0334
5/27/2023 18:15,20.13153875,0.0285
5/27/2023 18:30,20.14338164,0.0285
5/27/2023 18:45,20.14338164,0.0285
5/27/2023 19:00,23.56410278,0.0334
5/27/2023 19:15,27.59332365,0.0391
5/27/2023 19:30,29.55163296,0.0418
5/27/2023 19:45,25.60022712,0.0362
5/27/2023 20:00,24.24909929,0.0343
5/27/2023 20:15,23.57575709,0.0334
5/27/2023 20:30,25.60022712,0.0362
5/27/2023 20:45,26.26489579,0.0372
5/27/2023 21:00,20.82830713,0.0295
5/27/2023 21:15,27.58202619,0.039
5/27/2023 21:30,27.58202619,0.039
5/27/2023 21:45,20.14338164,0.0285
5/27/2023 22:00,26.25346582,0.0372
5/27/2023 22:15,33.33547337,0.0472
5/27/2023 22:30,28.23530914,0.04
5/27/2023 22:45,26.25346582,0.0372
5/27/2023 23:00,24.23749468,0.0343
5/27/2023 23:15,22.19500954,0.0314
5/27/2023 23:30,26.25346582,0.0372
5/27/2023 23:45,28.23530914,0.04
5/28/2023 0:00,22.19500954,0.0314
5/28/2023 0:15,24.23749468,0.0343
5/28/2023 0:30,20.82830713,0.0295
5/28/2023 0:45,29.54055151,0.0418
5/28/2023 1:00,26.25346582,0.0372
5/28/2023 1:15,28.23530914,0.04
5/28/2023 1:30,28.23530914,0.04
5/28/2023 1:45,29.54055151,0.0418
5/28/2023 2:00,20.14338164,0.0285
5/28/2023 2:15,33.33547337,0.0472
5/28/2023 2:30,24.24909929,0.0343
5/28/2023 2:45,26.26489579,0.0372
5/28/2023 3:00,27.59332365,0.0391
5/28/2023 3:15,24.24909929,0.0343
5/28/2023 3:30,34.56474673,0.0489
5/28/2023 3:45,28.89565551,0.0409
5/28/2023 4:00,32.71821362,0.0463
5/28/2023 4:15,31.45854044,0.0445
5/28/2023 4:30,29.54055151,0.0418
5/28/2023 4:45,27.58202619,0.039
5/28/2023 5:00,29.54055151,0.0418
5/28/2023 5:15,33.33547337,0.0472
5/28/2023 5:30,22.20675374,0.0314
5/28/2023 5:45,33.33547337,0.0472
5/28/2023 6:00,31.45854044,0.0445
5/28/2023 6:15,29.54055151,0.0418
5/28/2023 6:30,27.58202619,0.039
5/28/2023 6:45,29.54055151,0.0418
5/28/2023 7:00,24.23749468,0.0343
5/28/2023 7:15,26.25346582,0.0372
5/28/2023 7:30,30.19211236,0.0427
5/28/2023 7:45,25.58873665,0.0362
5/28/2023 8:00,28.24653668,0.04
5/28/2023 8:15,30.19211236,0.0427
5/28/2023 8:30,26.92592694,0.0381
5/28/2023 8:45,26.92592694,0.0381
5/28/2023 9:00,26.92592694,0.0381
5/28/2023 9:15,22.88672125,0.0324
5/28/2023 9:30,22.88672125,0.0324
5/28/2023 9:45,22.88672125,0.0324
5/28/2023 10:00,22.20675374,0.0314
5/28/2023 10:15,20.82830713,0.0295
5/28/2023 10:30,24.24909929,0.0343
5/28/2023 10:45,22.20675374,0.0314
5/28/2023 11:00,28.24653668,0.04
5/28/2023 11:15,20.82830713,0.0295
5/28/2023 11:30,20.82830713,0.0295
5/28/2023 11:45,22.20675374,0.0314
5/28/2023 12:00,28.24653668,0.04
5/28/2023 12:15,24.24909929,0.0343
5/28/2023 12:30,20.82830713,0.0295
5/28/2023 12:45,26.25346582,0.0372
5/28/2023 13:00,26.25346582,0.0372
5/28/2023 13:15,24.23749468,0.0343
5/28/2023 13:30,29.54055151,0.0418
5/28/2023 13:45,20.82830713,0.0295
5/28/2023 14:00,24.23749468,0.0343
5/28/2023 14:15,20.13153875,0.0285
5/28/2023 14:30,18.75539669,0.0266
5/28/2023 14:45,24.23749468,0.0343
5/28/2023 15:00,20.14338164,0.0285
5/28/2023 15:15,25.58873665,0.0362
5/28/2023 15:30,20.14338164,0.0285
5/28/2023 15:45,22.20675374,0.0314
5/28/2023 16:00,24.24909929,0.0343
5/28/2023 16:15,25.60022712,0.0362
5/28/2023 16:30,22.20675374,0.0314
5/28/2023 16:45,23.57575709,0.0334
5/28/2023 17:00,22.20675374,0.0314
5/28/2023 17:15,15.987649,0.0226
5/28/2023 17:30,15.987649,0.0226
5/28/2023 17:45,20.14338164,0.0285
5/28/2023 18:00,20.14338164,0.0285
5/28/2023 18:15,20.14338164,0.0285
5/28/2023 18:30,22.20675374,0.0314
5/28/2023 18:45,22.20675374,0.0314
5/28/2023 19:00,20.82830713,0.0295
5/28/2023 19:15,18.75539669,0.0266
5/28/2023 19:30,26.26489579,0.0372
5/28/2023 19:45,24.24909929,0.0343
5/28/2023 20:00,27.58202619,0.039
5/28/2023 20:15,22.20675374,0.0314
5/28/2023 20:30,22.20675374,0.0314
5/28/2023 20:45,24.24909929,0.0343
5/28/2023 21:00,29.54055151,0.0418
5/28/2023 21:15,26.25346582,0.0372
5/28/2023 21:30,22.88672125,0.0324
5/28/2023 21:45,29.54055151,0.0418
5/28/2023 22:00,28.23530914,0.04
5/28/2023 22:15,29.54055151,0.0418
5/28/2023 22:30,28.23530914,0.04
5/28/2023 22:45,27.58202619,0.039
5/28/2023 23:00,24.23749468,0.0343
5/28/2023 23:15,26.26489579,0.0372
5/28/2023 23:30,29.54055151,0.0418
5/28/2023 23:45,22.19500954,0.0314
5/29/2023 0:00,26.26489579,0.0372
5/29/2023 0:15,27.58202619,0.039
5/29/2023 0:30,28.24653668,0.04
5/29/2023 0:45,24.23749468,0.0343
5/29/2023 1:00,28.23530914,0.04
5/29/2023 1:15,27.58202619,0.039
5/29/2023 1:30,29.54055151,0.0418
5/29/2023 1:45,28.23530914,0.04
5/29/2023 2:00,36.60248409,0.0518
5/29/2023 2:15,28.23530914,0.04
5/29/2023 2:30,29.54055151,0.0418
5/29/2023 2:45,34.56474673,0.0489
5/29/2023 3:00,31.45854044,0.0445
5/29/2023 3:15,32.71821362,0.0463
5/29/2023 3:30,32.71821362,0.0463
5/29/2023 3:45,28.23530914,0.04
5/29/2023 4:00,29.54055151,0.0418
5/29/2023 4:15,26.25346582,0.0372
5/29/2023 4:30,27.58202619,0.039
5/29/2023 4:45,22.20675374,0.0314
5/29/2023 5:00,22.20675374,0.0314
5/29/2023 5:15,24.24909929,0.0343
5/29/2023 5:30,20.82830713,0.0295
5/29/2023 5:45,24.24909929,0.0343
5/29/2023 6:00,27.59332365,0.0391
5/29/2023 6:15,24.92055003,0.0353
5/29/2023 6:30,26.26489579,0.0372
5/29/2023 6:45,24.24909929,0.0343
5/29/2023 7:00,31.45854044,0.0445
5/29/2023 7:15,28.23530914,0.04
5/29/2023 7:30,30.18110755,0.0427
5/29/2023 7:45,28.23530914,0.04
5/29/2023 8:00,28.23530914,0.04
5/29/2023 8:15,22.88672125,0.0324
5/29/2023 8:30,26.92592694,0.0381
5/29/2023 8:45,20.82830713,0.0295
5/29/2023 9:00,26.92592694,0.0381
5/29/2023 9:15,24.92055003,0.0353
5/29/2023 9:30,30.8270503,0.0436
5/29/2023 9:45,30.18110755,0.0427
5/29/2023 10:00,28.23530914,0.04
5/29/2023 10:15,24.92055003,0.0353
5/29/2023 10:30,24.92055003,0.0353
5/29/2023 10:45,23.57575709,0.0334
5/29/2023 11:00,23.57575709,0.0334
5/29/2023 11:15,22.88672125,0.0324
5/29/2023 11:30,24.23749468,0.0343
5/29/2023 11:45,20.82830713,0.0295
5/29/2023 12:00,22.88672125,0.0324
5/29/2023 12:15,24.92055003,0.0353
5/29/2023 12:30,22.88672125,0.0324
5/29/2023 12:45,23.57575709,0.0334
5/29/2023 13:00,24.92055003,0.0353
5/29/2023 13:15,20.82830713,0.0295
5/29/2023 13:30,26.25346582,0.0372
5/29/2023 13:45,24.92055003,0.0353
5/29/2023 14:00,26.25346582,0.0372
5/29/2023 14:15,19.44399686,0.0275
5/29/2023 14:30,20.82830713,0.0295
5/29/2023 14:45,18.75539669,0.0266
5/29/2023 15:00,22.88672125,0.0324
5/29/2023 15:15,20.82830713,0.0295
5/29/2023 15:30,18.75539669,0.0266
5/29/2023 15:45,19.44399686,0.0275
5/29/2023 16:00,20.82830713,0.0295
5/29/2023 16:15,19.44399686,0.0275
5/29/2023 16:30,20.82830713,0.0295
5/29/2023 16:45,24.24909929,0.0343
5/29/2023 17:00,26.26489579,0.0372
5/29/2023 17:15,18.75539669,0.0266
5/29/2023 17:30,22.19500954,0.0314
5/29/2023 17:45,12.54962538,0.0178
5/29/2023 18:00,16.6764369,0.0236
5/29/2023 18:15,14.6021538,0.0207
5/29/2023 18:30,18.75539669,0.0266
5/29/2023 18:45,18.75539669,0.0266
5/29/2023 19:00,17.3765462,0.0246
5/29/2023 19:15,18.75539669,0.0266
5/29/2023 19:30,15.2999806,0.0217
5/29/2023 19:45,18.75539669,0.0266
5/29/2023 20:00,15.28813691,0.0216
5/29/2023 20:15,24.92055003,0.0353
5/29/2023 20:30,18.75539669,0.0266
5/29/2023 20:45,22.88672125,0.0324
5/29/2023 21:00,18.75539669,0.0266
5/29/2023 21:15,20.82830713,0.0295
5/29/2023 21:30,18.75539669,0.0266
5/29/2023 21:45,20.82830713,0.0295
5/29/2023 22:00,22.20675374,0.0314
5/29/2023 22:15,20.82830713,0.0295
5/29/2023 22:30,24.24909929,0.0343
5/29/2023 22:45,20.82830713,0.0295
5/29/2023 23:00,24.24909929,0.0343
5/29/2023 23:15,17.36465688,0.0246
5/29/2023 23:30,20.82830713,0.0295
5/29/2023 23:45,24.24909929,0.0343
5/30/2023 0:00,16.6764369,0.0236
5/30/2023 0:15,20.82830713,0.0295
5/30/2023 0:30,20.82830713,0.0295
5/30/2023 0:45,20.82830713,0.0295
5/30/2023 1:00,22.88672125,0.0324
5/30/2023 1:15,22.88672125,0.0324
5/30/2023 1:30,24.24909929,0.0343
5/30/2023 1:45,20.82830713,0.0295
5/30/2023 2:00,28.24653668,0.04
5/30/2023 2:15,22.88672125,0.0324
5/30/2023 2:30,24.24909929,0.0343
5/30/2023 2:45,20.82830713,0.0295
5/30/2023 3:00,18.75539669,0.0266
5/30/2023 3:15,20.82830713,0.0295
5/30/2023 3:30,22.20675374,0.0314
5/30/2023 3:45,24.24909929,0.0343
5/30/2023 4:00,20.82830713,0.0295
5/30/2023 4:15,22.88672125,0.0324
5/30/2023 4:30,24.24909929,0.0343
5/30/2023 4:45,20.82830713,0.0295
5/30/2023 5:00,28.24653668,0.04
5/30/2023 5:15,24.92055003,0.0353
5/30/2023 5:30,20.82830713,0.0295
5/30/2023 5:45,26.26489579,0.0372
5/30/2023 6:00,24.92055003,0.0353
5/30/2023 6:15,26.26489579,0.0372
5/30/2023 6:30,28.24653668,0.04
5/30/2023 6:45,23.57575709,0.0334
5/30/2023 7:00,23.57575709,0.0334
5/30/2023 7:15,21.52446023,0.0305
5/30/2023 7:30,21.52446023,0.0305
5/30/2023 7:45,18.06611208,0.0256
5/30/2023 8:00,21.51267791,0.0305
5/30/2023 8:15,13.9184057,0.0197
5/30/2023 8:30,22.88672125,0.0324
5/30/2023 8:45,24.92055003,0.0353
5/30/2023 9:00,24.92055003,0.0353
5/30/2023 9:15,15.987649,0.0226
5/30/2023 9:30,20.82830713,0.0295
5/30/2023 9:45,18.06611208,0.0256
5/30/2023 10:00,22.88672125,0.0324
5/30/2023 10:15,17.3765462,0.0246
5/30/2023 10:30,23.56410278,0.0334
5/30/2023 10:45,19.45586122,0.0275
5/30/2023 11:00,20.82830713,0.0295
5/30/2023 11:15,20.82830713,0.0295
5/30/2023 11:30,21.52446023,0.0305
5/30/2023 11:45,20.82830713,0.0295
5/30/2023 12:00,22.88672125,0.0324
5/30/2023 12:15,20.82830713,0.0295
5/30/2023 12:30,17.3765462,0.0246
5/30/2023 12:45,22.88672125,0.0324
5/30/2023 13:00,20.82830713,0.0295
5/30/2023 13:15,17.36465688,0.0246
5/30/2023 13:30,20.82830713,0.0295
5/30/2023 13:45,18.75539669,0.0266
5/30/2023 14:00,17.36465688,0.0246
5/30/2023 14:15,15.28813691,0.0216
5/30/2023 14:30,22.20675374,0.0314
5/30/2023 14:45,18.75539669,0.0266
5/30/2023 15:00,22.19500954,0.0314
5/30/2023 15:15,22.88672125,0.0324
5/30/2023 15:30,18.75539669,0.0266
5/30/2023 15:45,16.6764369,0.0236
5/30/2023 16:00,18.75539669,0.0266
5/30/2023 16:15,18.06611208,0.0256
5/30/2023 16:30,20.14338164,0.0285
5/30/2023 16:45,22.20675374,0.0314
5/30/2023 17:00,18.75539669,0.0266
5/30/2023 17:15,16.6764369,0.0236
5/30/2023 17:30,16.6764369,0.0236
5/30/2023 17:45,15.987649,0.0226
5/30/2023 18:00,18.06611208,0.0256
5/30/2023 18:15,14.6021538,0.0207
5/30/2023 18:30,14.6021538,0.0207
5/30/2023 18:45,13.22696557,0.0187
5/30/2023 19:00,18.06611208,0.0256
5/30/2023 19:15,16.6764369,0.0236
5/30/2023 19:30,16.6764369,0.0236
5/30/2023 19:45,20.14338164,0.0285
5/30/2023 20:00,16.6764369,0.0236
5/30/2023 20:15,18.75539669,0.0266
5/30/2023 20:30,22.88672125,0.0324
5/30/2023 20:45,18.06611208,0.0256
5/30/2023 21:00,15.28813691,0.0216
5/30/2023 21:15,22.19500954,0.0314
5/30/2023 21:30,18.75539669,0.0266
5/30/2023 21:45,18.75539669,0.0266
5/30/2023 22:00,20.82830713,0.0295
5/30/2023 22:15,22.88672125,0.0324
5/30/2023 22:30,20.82830713,0.0295
5/30/2023 22:45,15.28813691,0.0216
5/30/2023 23:00,16.6764369,0.0236
5/30/2023 23:15,18.06611208,0.0256
5/30/2023 23:30,18.75539669,0.0266
5/30/2023 23:45,22.20675374,0.0314
5/31/2023 0:00,14.6021538,0.0207
5/31/2023 0:15,20.14338164,0.0285
5/31/2023 0:30,24.24909929,0.0343
5/31/2023 0:45,24.24909929,0.0343
5/31/2023 1:00,18.75539669,0.0266
5/31/2023 1:15,16.6764369,0.0236
5/31/2023 1:30,18.05422365,0.0256
5/31/2023 1:45,18.05422365,0.0256
5/31/2023 2:00,25.58873665,0.0362
5/31/2023 2:15,24.23749468,0.0343
5/31/2023 2:30,21.51267791,0.0305
5/31/2023 2:45,18.05422365,0.0256
5/31/2023 3:00,20.13153875,0.0285
5/31/2023 3:15,15.987649,0.0226
5/31/2023 3:30,21.51267791,0.0305
5/31/2023 3:45,18.06611208,0.0256
5/31/2023 4:00,23.56410278,0.0334
5/31/2023 4:15,27.58202619,0.039
5/31/2023 4:30,22.88672125,0.0324
5/31/2023 4:45,24.92055003,0.0353
5/31/2023 5:00,23.57575709,0.0334
5/31/2023 5:15,19.45586122,0.0275
5/31/2023 5:30,24.92055003,0.0353
5/31/2023 5:45,23.56410278,0.0334
5/31/2023 6:00,19.44399686,0.0275
5/31/2023 6:15,20.13153875,0.0285
5/31/2023 6:30,23.57575709,0.0334
5/31/2023 6:45,20.14338164,0.0285
5/31/2023 7:00,22.20675374,0.0314
5/31/2023 7:15,22.20675374,0.0314
5/31/2023 7:30,20.14338164,0.0285
5/31/2023 7:45,26.26489579,0.0372
5/31/2023 8:00,20.14338164,0.0285
5/31/2023 8:15,22.20675374,0.0314
5/31/2023 8:30,23.57575709,0.0334
5/31/2023 8:45,20.82830713,0.0295
5/31/2023 9:00,22.20675374,0.0314
5/31/2023 9:15,22.20675374,0.0314
5/31/2023 9:30,20.14338164,0.0285
5/31/2023 9:45,22.20675374,0.0314
5/31/2023 10:00,22.20675374,0.0314
5/31/2023 10:15,20.14338164,0.0285
5/31/2023 10:30,23.56410278,0.0334
5/31/2023 10:45,21.51267791,0.0305
5/31/2023 11:00,23.56410278,0.0334
5/31/2023 11:15,22.19500954,0.0314
5/31/2023 11:30,23.56410278,0.0334
5/31/2023 11:45,27.58202619,0.039
5/31/2023 12:00,24.23749468,0.0343
5/31/2023 12:15,15.97578169,0.0226
5/31/2023 12:30,20.13153875,0.0285
5/31/2023 12:45,18.06611208,0.0256
5/31/2023 13:00,18.06611208,0.0256
5/31/2023 13:15,23.56410278,0.0334
5/31/2023 13:30,18.06611208,0.0256
5/31/2023 13:45,25.58873665,0.0362
5/31/2023 14:00,23.56410278,0.0334
5/31/2023 14:15,24.92055003,0.0353
5/31/2023 14:30,21.51267791,0.0305
5/31/2023 14:45,23.56410278,0.0334
5/31/2023 15:00,18.05422365,0.0256
5/31/2023 15:15,22.88672125,0.0324
5/31/2023 15:30,18.75539669,0.0266
5/31/2023 15:45,19.44399686,0.0275
5/31/2023 16:00,26.92592694,0.0381
5/31/2023 16:15,21.51267791,0.0305
5/31/2023 16:30,24.92055003,0.0353
5/31/2023 16:45,22.88672125,0.0324
5/31/2023 17:00,28.89565551,0.0409
5/31/2023 17:15,21.52446023,0.0305
5/31/2023 17:30,24.92055003,0.0353
5/31/2023 17:45,23.57575709,0.0334
5/31/2023 18:00,28.89565551,0.0409
5/31/2023 18:15,22.88672125,0.0324
5/31/2023 18:30,24.92055003,0.0353
5/31/2023 18:45,26.92592694,0.0381
5/31/2023 19:00,26.92592694,0.0381
5/31/2023 19:15,20.82830713,0.0295
5/31/2023 19:30,24.92055003,0.0353
5/31/2023 19:45,22.88672125,0.0324
5/31/2023 20:00,30.18110755,0.0427
5/31/2023 20:15,24.92055003,0.0353
5/31/2023 20:30,32.08539353,0.0454
5/31/2023 20:45,24.92055003,0.0353
5/31/2023 21:00,26.25346582,0.0372
5/31/2023 21:15,24.92055003,0.0353
5/31/2023 21:30,26.92592694,0.0381
5/31/2023 21:45,26.92592694,0.0381
5/31/2023 22:00,26.92592694,0.0381
5/31/2023 22:15,24.92055003,0.0353
5/31/2023 22:30,28.89565551,0.0409
5/31/2023 22:45,28.89565551,0.0409
5/31/2023 23:00,26.92592694,0.0381
5/31/2023 23:15,26.92592694,0.0381
5/31/2023 23:30,30.19211236,0.0427
5/31/2023 23:45,26.92592694,0.0381
6/1/2023 0:00,26.92592694,0.0381
6/1/2023 0:15,26.92592694,0.0381
6/1/2023 0:30,32.71821362,0.0463
6/1/2023 0:45,22.88672125,0.0324
6/1/2023 1:00,27.58202619,0.039
6/1/2023 1:15,32.09616044,0.0454
6/1/2023 1:30,32.09616044,0.0454
6/1/2023 1:45,32.09616044,0.0454
6/1/2023 2:00,32.09616044,0.0454
6/1/2023 2:15,32.08539353,0.0454
6/1/2023 2:30,32.08539353,0.0454
6/1/2023 2:45,30.18110755,0.0427
6/1/2023 3:00,26.25346582,0.0372
6/1/2023 3:15,33.33547337,0.0472
6/1/2023 3:30,26.92592694,0.0381
6/1/2023 3:45,24.92055003,0.0353
6/1/2023 4:00,28.23530914,0.04
6/1/2023 4:15,30.18110755,0.0427
6/1/2023 4:30,32.08539353,0.0454
6/1/2023 4:45,31.45854044,0.0445
6/1/2023 5:00,28.23530914,0.04
6/1/2023 5:15,26.25346582,0.0372
6/1/2023 5:30,28.23530914,0.04
6/1/2023 5:45,30.18110755,0.0427
6/1/2023 6:00,26.92592694,0.0381
6/1/2023 6:15,22.88672125,0.0324
6/1/2023 6:30,28.89565551,0.0409
6/1/2023 6:45,32.09616044,0.0454
6/1/2023 7:00,33.33547337,0.0472
6/1/2023 7:15,25.58873665,0.0362
6/1/2023 7:30,28.89565551,0.0409
6/1/2023 7:45,28.89565551,0.0409
6/1/2023 8:00,24.92055003,0.0353
6/1/2023 8:15,25.60022712,0.0362
6/1/2023 8:30,26.92592694,0.0381
6/1/2023 8:45,26.92592694,0.0381
6/1/2023 9:00,21.52446023,0.0305
6/1/2023 9:15,21.52446023,0.0305
6/1/2023 9:30,19.45586122,0.0275
6/1/2023 9:45,23.57575709,0.0334
6/1/2023 10:00,25.60022712,0.0362
6/1/2023 10:15,28.89565551,0.0409
6/1/2023 10:30,26.92592694,0.0381
6/1/2023 10:45,25.58873665,0.0362
6/1/2023 11:00,28.89565551,0.0409
6/1/2023 11:15,23.56410278,0.0334
6/1/2023 11:30,23.56410278,0.0334
6/1/2023 11:45,20.14338164,0.0285
6/1/2023 12:00,21.52446023,0.0305
6/1/2023 12:15,28.89565551,0.0409
6/1/2023 12:30,33.95733907,0.0481
6/1/2023 12:45,37.35614047,0.0529
6/1/2023 13:00,28.89565551,0.0409
6/1/2023 13:15,22.88672125,0.0324
6/1/2023 13:30,32.71821362,0.0463
6/1/2023 13:45,20.13153875,0.0285
6/1/2023 14:00,26.92592694,0.0381
6/1/2023 14:15,28.89565551,0.0409
6/1/2023 14:30,25.58873665,0.0362
6/1/2023 14:45,18.05422365,0.0256
6/1/2023 15:00,28.89565551,0.0409
6/1/2023 15:15,30.19211236,0.0427
6/1/2023 15:30,24.92055003,0.0353
6/1/2023 15:45,24.92055003,0.0353
6/1/2023 16:00,28.89565551,0.0409
6/1/2023 16:15,26.92592694,0.0381
6/1/2023 16:30,26.92592694,0.0381
6/1/2023 16:45,21.51267791,0.0305
6/1/2023 17:00,26.92592694,0.0381
6/1/2023 17:15,35.85918183,0.0508
6/1/2023 17:30,30.8270503,0.0436
6/1/2023 17:45,21.51267791,0.0305
6/1/2023 18:00,19.45586122,0.0275
6/1/2023 18:15,28.89565551,0.0409
6/1/2023 18:30,28.89565551,0.0409
6/1/2023 18:45,24.92055003,0.0353
6/1/2023 19:00,23.56410278,0.0334
6/1/2023 19:15,21.51267791,0.0305
6/1/2023 19:30,30.8270503,0.0436
6/1/2023 19:45,24.92055003,0.0353
6/1/2023 20:00,28.89565551,0.0409
6/1/2023 20:15,27.59332365,0.0391
6/1/2023 20:30,19.45586122,0.0275
6/1/2023 20:45,30.8270503,0.0436
6/1/2023 21:00,22.88672125,0.0324
6/1/2023 21:15,23.56410278,0.0334
6/1/2023 21:30,28.89565551,0.0409
6/1/2023 21:45,27.58202619,0.039
6/1/2023 22:00,25.58873665,0.0362
6/1/2023 22:15,26.92592694,0.0381
6/1/2023 22:30,23.56410278,0.0334
6/1/2023 22:45,29.54055151,0.0418
6/1/2023 23:00,25.58873665,0.0362
6/1/2023 23:15,26.92592694,0.0381
6/1/2023 23:30,25.58873665,0.0362
6/1/2023 23:45,24.92055003,0.0353
6/2/2023 0:00,24.92055003,0.0353
6/2/2023 0:15,33.95733907,0.0481
6/2/2023 0:30,30.8270503,0.0436
6/2/2023 0:45,33.95733907,0.0481
6/2/2023 1:00,28.23530914,0.04
6/2/2023 1:15,26.92592694,0.0381
6/2/2023 1:30,26.92592694,0.0381
6/2/2023 1:45,26.92592694,0.0381
6/2/2023 2:00,30.18110755,0.0427
6/2/2023 2:15,32.08539353,0.0454
6/2/2023 2:30,32.08539353,0.0454
6/2/2023 2:45,28.23530914,0.04
6/2/2023 3:00,26.92592694,0.0381
6/2/2023 3:15,26.92592694,0.0381
6/2/2023 3:30,22.88672125,0.0324
6/2/2023 3:45,32.08539353,0.0454
6/2/2023 4:00,26.92592694,0.0381
6/2/2023 4:15,26.92592694,0.0381
6/2/2023 4:30,24.92055003,0.0353
6/2/2023 4:45,28.89565551,0.0409
6/2/2023 5:00,19.45586122,0.0275
6/2/2023 5:15,33.95733907,0.0481
6/2/2023 5:30,28.89565551,0.0409
6/2/2023 5:45,30.8270503,0.0436
6/2/2023 6:00,23.56410278,0.0334
6/2/2023 6:15,30.8270503,0.0436
6/2/2023 6:30,27.58202619,0.039
6/2/2023 6:45,27.58202619,0.039
6/2/2023 7:00,27.58202619,0.039
6/2/2023 7:15,24.92055003,0.0353
6/2/2023 7:30,23.56410278,0.0334
6/2/2023 7:45,27.58202619,0.039
6/2/2023 8:00,27.58202619,0.039
6/2/2023 8:15,25.60022712,0.0362
6/2/2023 8:30,26.26489579,0.0372
6/2/2023 8:45,22.20675374,0.0314
6/2/2023 9:00,24.24909929,0.0343
6/2/2023 9:15,18.06611208,0.0256
6/2/2023 9:30,22.20675374,0.0314
6/2/2023 9:45,25.60022712,0.0362
6/2/2023 10:00,24.24909929,0.0343
6/2/2023 10:15,27.59332365,0.0391
6/2/2023 10:30,18.06611208,0.0256
6/2/2023 10:45,20.14338164,0.0285
6/2/2023 11:00,27.59332365,0.0391
6/2/2023 11:15,22.20675374,0.0314
6/2/2023 11:30,22.20675374,0.0314
6/2/2023 11:45,25.58873665,0.0362
6/2/2023 12:00,20.13153875,0.0285
6/2/2023 12:15,23.56410278,0.0334
6/2/2023 12:30,20.13153875,0.0285
6/2/2023 12:45,25.58873665,0.0362
6/2/2023 13:00,25.58873665,0.0362
6/2/2023 13:15,25.58873665,0.0362
6/2/2023 13:30,26.92592694,0.0381
6/2/2023 13:45,25.58873665,0.0362
6/2/2023 14:00,19.44399686,0.0275
6/2/2023 14:15,21.51267791,0.0305
6/2/2023 14:30,15.97578169,0.0226
6/2/2023 14:45,16.6764369,0.0236
6/2/2023 15:00,23.56410278,0.0334
6/2/2023 15:15,27.58202619,0.039
6/2/2023 15:30,20.14338164,0.0285
6/2/2023 15:45,25.58873665,0.0362
6/2/2023 16:00,27.58202619,0.039
6/2/2023 16:15,24.23749468,0.0343
6/2/2023 16:30,22.19500954,0.0314
6/2/2023 16:45,25.58873665,0.0362
6/2/2023 17:00,23.56410278,0.0334
6/2/2023 17:15,21.51267791,0.0305
6/2/2023 17:30,20.14338164,0.0285
6/2/2023 17:45,18.06611208,0.0256
6/2/2023 18:00,18.06611208,0.0256
6/2/2023 18:15,26.92592694,0.0381
6/2/2023 18:30,19.44399686,0.0275
6/2/2023 18:45,21.51267791,0.0305
6/2/2023 19:00,20.13153875,0.0285
6/2/2023 19:15,21.51267791,0.0305
6/2/2023 19:30,23.56410278,0.0334
6/2/2023 19:45,22.20675374,0.0314
6/2/2023 20:00,24.24909929,0.0343
6/2/2023 20:15,27.58202619,0.039
6/2/2023 20:30,22.19500954,0.0314
6/2/2023 20:45,28.89565551,0.0409
6/2/2023 21:00,26.92592694,0.0381
6/2/2023 21:15,23.56410278,0.0334
6/2/2023 21:30,21.51267791,0.0305
6/2/2023 21:45,22.19500954,0.0314
6/2/2023 22:00,28.89565551,0.0409
6/2/2023 22:15,24.24909929,0.0343
6/2/2023 22:30,20.14338164,0.0285
6/2/2023 22:45,27.59332365,0.0391
6/2/2023 23:00,27.59332365,0.0391
6/2/2023 23:15,25.60022712,0.0362
6/2/2023 23:30,29.54055151,0.0418
6/2/2023 23:45,24.24909929,0.0343
6/3/2023 0:00,30.8270503,0.0436
6/3/2023 0:15,28.89565551,0.0409
6/3/2023 0:30,25.60022712,0.0362
6/3/2023 0:45,21.52446023,0.0305
6/3/2023 1:00,25.60022712,0.0362
6/3/2023 1:15,20.14338164,0.0285
6/3/2023 1:30,29.55163296,0.0418
6/3/2023 1:45,24.24909929,0.0343
6/3/2023 2:00,18.06611208,0.0256
6/3/2023 2:15,29.55163296,0.0418
6/3/2023 2:30,25.58873665,0.0362
6/3/2023 2:45,23.56410278,0.0334
6/3/2023 3:00,25.58873665,0.0362
6/3/2023 3:15,25.58873665,0.0362
6/3/2023 3:30,25.58873665,0.0362
6/3/2023 3:45,28.89565551,0.0409
6/3/2023 4:00,25.58873665,0.0362
6/3/2023 4:15,25.58873665,0.0362
6/3/2023 4:30,27.58202619,0.039
6/3/2023 4:45,25.58873665,0.0362
6/3/2023 5:00,23.56410278,0.0334
6/3/2023 5:15,26.92592694,0.0381
6/3/2023 5:30,26.92592694,0.0381
6/3/2023 5:45,28.89565551,0.0409
6/3/2023 6:00,28.89565551,0.0409
6/3/2023 6:15,24.92055003,0.0353
6/3/2023 6:30,27.58202619,0.039
6/3/2023 6:45,27.58202619,0.039
6/3/2023 7:00,27.59332365,0.0391
6/3/2023 7:15,27.59332365,0.0391
6/3/2023 7:30,22.20675374,0.0314
6/3/2023 7:45,22.20675374,0.0314
6/3/2023 8:00,22.20675374,0.0314
6/3/2023 8:15,22.20675374,0.0314
6/3/2023 8:30,20.14338164,0.0285
6/3/2023 8:45,22.88672125,0.0324
6/3/2023 9:00,26.25346582,0.0372
6/3/2023 9:15,18.75539669,0.0266
6/3/2023 9:30,22.19500954,0.0314
6/3/2023 9:45,22.19500954,0.0314
6/3/2023 10:00,22.19500954,0.0314
6/3/2023 10:15,16.6764369,0.0236
6/3/2023 10:30,22.19500954,0.0314
6/3/2023 10:45,20.13153875,0.0285
6/3/2023 11:00,24.23749468,0.0343
6/3/2023 11:15,20.13153875,0.0285
6/3/2023 11:30,24.23749468,0.0343
6/3/2023 11:45,22.88672125,0.0324
6/3/2023 12:00,22.19500954,0.0314
6/3/2023 12:15,24.23749468,0.0343
6/3/2023 12:30,20.82830713,0.0295
6/3/2023 12:45,24.23749468,0.0343
6/3/2023 13:00,24.23749468,0.0343
6/3/2023 13:15,26.25346582,0.0372
6/3/2023 13:30,24.23749468,0.0343
6/3/2023 13:45,22.19500954,0.0314
6/3/2023 14:00,22.19500954,0.0314
6/3/2023 14:15,20.82830713,0.0295
6/3/2023 14:30,20.82830713,0.0295
6/3/2023 14:45,27.58202619,0.039
6/3/2023 15:00,22.20675374,0.0314
6/3/2023 15:15,20.82830713,0.0295
6/3/2023 15:30,22.88672125,0.0324
6/3/2023 15:45,22.20675374,0.0314
6/3/2023 16:00,24.23749468,0.0343
6/3/2023 16:15,18.75539669,0.0266
6/3/2023 16:30,22.20675374,0.0314
6/3/2023 16:45,22.20675374,0.0314
6/3/2023 17:00,22.20675374,0.0314
6/3/2023 17:15,22.20675374,0.0314
6/3/2023 17:30,22.20675374,0.0314
6/3/2023 17:45,22.20675374,0.0314
6/3/2023 18:00,27.59332365,0.0391
6/3/2023 18:15,22.20675374,0.0314
6/3/2023 18:30,22.20675374,0.0314
6/3/2023 18:45,15.987649,0.0226
6/3/2023 19:00,24.24909929,0.0343
6/3/2023 19:15,22.20675374,0.0314
6/3/2023 19:30,18.06611208,0.0256
6/3/2023 19:45,20.82830713,0.0295
6/3/2023 20:00,22.20675374,0.0314
6/3/2023 20:15,23.57575709,0.0334
6/3/2023 20:30,20.82830713,0.0295
6/3/2023 20:45,18.75539669,0.0266
6/3/2023 21:00,22.88672125,0.0324
6/3/2023 21:15,24.23749468,0.0343
6/3/2023 21:30,18.75539669,0.0266
6/3/2023 21:45,29.54055151,0.0418
6/3/2023 22:00,18.75539669,0.0266
6/3/2023 22:15,22.88672125,0.0324
6/3/2023 22:30,28.24653668,0.04
6/3/2023 22:45,22.20675374,0.0314
6/3/2023 23:00,24.24909929,0.0343
6/3/2023 23:15,26.26489579,0.0372
6/3/2023 23:30,22.88672125,0.0324
6/3/2023 23:45,24.24909929,0.0343
6/4/2023 0:00,22.19500954,0.0314
6/4/2023 0:15,22.20675374,0.0314
6/4/2023 0:30,22.20675374,0.0314
6/4/2023 0:45,22.20675374,0.0314
6/4/2023 1:00,26.26489579,0.0372
6/4/2023 1:15,24.24909929,0.0343
6/4/2023 1:30,26.26489579,0.0372
6/4/2023 1:45,29.54055151,0.0418
6/4/2023 2:00,22.88672125,0.0324
6/4/2023 2:15,18.05422365,0.0256
6/4/2023 2:30,22.19500954,0.0314
6/4/2023 2:45,24.23749468,0.0343
6/4/2023 3:00,28.24653668,0.04
6/4/2023 3:15,26.26489579,0.0372
6/4/2023 3:30,24.24909929,0.0343
6/4/2023 3:45,22.20675374,0.0314
6/4/2023 4:00,20.82830713,0.0295
6/4/2023 4:15,20.82830713,0.0295
6/4/2023 4:30,24.24909929,0.0343
6/4/2023 4:45,27.58202619,0.039
6/4/2023 5:00,22.88672125,0.0324
6/4/2023 5:15,27.58202619,0.039
6/4/2023 5:30,24.23749468,0.0343
6/4/2023 5:45,31.45854044,0.0445
6/4/2023 6:00,31.45854044,0.0445
6/4/2023 6:15,25.58873665,0.0362
6/4/2023 6:30,28.24653668,0.04
6/4/2023 6:45,26.26489579,0.0372
6/4/2023 7:00,26.26489579,0.0372
6/4/2023 7:15,33.33547337,0.0472
6/4/2023 7:30,20.82830713,0.0295
6/4/2023 7:45,22.88672125,0.0324
6/4/2023 8:00,20.82830713,0.0295
6/4/2023 8:15,19.45586122,0.0275
6/4/2023 8:30,23.57575709,0.0334
6/4/2023 8:45,22.88672125,0.0324
6/4/2023 9:00,26.92592694,0.0381
6/4/2023 9:15,19.45586122,0.0275
6/4/2023 9:30,21.52446023,0.0305
6/4/2023 9:45,24.92055003,0.0353
6/4/2023 10:00,24.92055003,0.0353
6/4/2023 10:15,24.92055003,0.0353
6/4/2023 10:30,20.82830713,0.0295
6/4/2023 10:45,22.88672125,0.0324
6/4/2023 11:00,22.88672125,0.0324
6/4/2023 11:15,26.26489579,0.0372
6/4/2023 11:30,22.88672125,0.0324
6/4/2023 11:45,20.82830713,0.0295
6/4/2023 12:00,20.82830713,0.0295
6/4/2023 12:15,22.20675374,0.0314
6/4/2023 12:30,22.20675374,0.0314
6/4/2023 12:45,17.36465688,0.0246
6/4/2023 13:00,17.3765462,0.0246
6/4/2023 13:15,15.2999806,0.0217
6/4/2023 13:30,26.92592694,0.0381
6/4/2023 13:45,18.75539669,0.0266
6/4/2023 14:00,19.44399686,0.0275
6/4/2023 14:15,9.86108334,0.014
6/4/2023 14:30,20.82830713,0.0295
6/4/2023 14:45,24.24909929,0.0343
6/4/2023 15:00,22.88672125,0.0324
6/4/2023 15:15,17.36465688,0.0246
6/4/2023 15:30,17.36465688,0.0246
6/4/2023 15:45,20.82830713,0.0295
6/4/2023 16:00,18.75539669,0.0266
6/4/2023 16:15,14.6021538,0.0207
6/4/2023 16:30,18.75539669,0.0266
6/4/2023 16:45,20.82830713,0.0295
6/4/2023 17:00,17.36465688,0.0246
6/4/2023 17:15,11.19461688,0.0158
6/4/2023 17:30,20.82830713,0.0295
6/4/2023 17:45,13.23867651,0.0187
6/4/2023 18:00,22.88672125,0.0324
6/4/2023 18:15,15.2999806,0.0217
6/4/2023 18:30,17.3765462,0.0246
6/4/2023 18:45,18.75539669,0.0266
6/4/2023 19:00,17.3765462,0.0246
6/4/2023 19:15,26.26489579,0.0372
6/4/2023 19:30,15.2999806,0.0217
6/4/2023 19:45,22.88672125,0.0324
6/4/2023 20:00,22.20675374,0.0314
6/4/2023 20:15,14.6021538,0.0207
6/4/2023 20:30,17.36465688,0.0246
6/4/2023 20:45,24.92055003,0.0353
6/4/2023 21:00,17.36465688,0.0246
6/4/2023 21:15,22.88672125,0.0324
6/4/2023 21:30,19.45586122,0.0275
6/4/2023 21:45,13.9184057,0.0197
6/4/2023 22:00,15.28813691,0.0216
6/4/2023 22:15,13.90664004,0.0197
6/4/2023 22:30,19.44399686,0.0275
6/4/2023 22:45,11.8642878,0.0168
6/4/2023 23:00,21.51267791,0.0305
6/4/2023 23:15,11.8642878,0.0168
6/4/2023 23:30,19.44399686,0.0275
6/4/2023 23:45,20.13153875,0.0285
6/5/2023 0:00,19.44399686,0.0275
6/5/2023 0:15,17.36465688,0.0246
6/5/2023 0:30,21.51267791,0.0305
6/5/2023 0:45,17.36465688,0.0246
6/5/2023 1:00,23.56410278,0.0334
6/5/2023 1:15,21.51267791,0.0305
6/5/2023 1:30,21.51267791,0.0305
6/5/2023 1:45,19.44399686,0.0275
6/5/2023 2:00,15.987649,0.0226
6/5/2023 2:15,25.58873665,0.0362
6/5/2023 2:30,19.44399686,0.0275
6/5/2023 2:45,23.56410278,0.0334
6/5/2023 3:00,17.36465688,0.0246
6/5/2023 3:15,19.45586122,0.0275
6/5/2023 3:30,22.88672125,0.0324
6/5/2023 3:45,19.44399686,0.0275
6/5/2023 4:00,21.51267791,0.0305
6/5/2023 4:15,23.56410278,0.0334
6/5/2023 4:30,28.89565551,0.0409
6/5/2023 4:45,21.51267791,0.0305
6/5/2023 5:00,22.88672125,0.0324
6/5/2023 5:15,24.92055003,0.0353
6/5/2023 5:30,24.92055003,0.0353
6/5/2023 5:45,21.51267791,0.0305
6/5/2023 6:00,21.51267791,0.0305
6/5/2023 6:15,21.51267791,0.0305
6/5/2023 6:30,26.92592694,0.0381
6/5/2023 6:45,24.92055003,0.0353
6/5/2023 7:00,17.36465688,0.0246
6/5/2023 7:15,15.987649,0.0226
6/5/2023 7:30,23.57575709,0.0334
6/5/2023 7:45,23.57575709,0.0334
6/5/2023 8:00,23.56410278,0.0334
6/5/2023 8:15,22.20675374,0.0314
6/5/2023 8:30,20.14338164,0.0285
6/5/2023 8:45,18.06611208,0.0256
6/5/2023 9:00,18.06611208,0.0256
6/5/2023 9:15,20.14338164,0.0285
6/5/2023 9:30,15.987649,0.0226
6/5/2023 9:45,22.20675374,0.0314
6/5/2023 10:00,18.06611208,0.0256
6/5/2023 10:15,22.20675374,0.0314
6/5/2023 10:30,18.06611208,0.0256
6/5/2023 10:45,18.06611208,0.0256
6/5/2023 11:00,18.06611208,0.0256
6/5/2023 11:15,18.06611208,0.0256
6/5/2023 11:30,15.987649,0.0226
6/5/2023 11:45,22.20675374,0.0314
6/5/2023 12:00,18.06611208,0.0256
6/5/2023 12:15,21.51267791,0.0305
6/5/2023 12:30,19.45586122,0.0275
6/5/2023 12:45,20.14338164,0.0285
6/5/2023 13:00,16.6764369,0.0236
6/5/2023 13:15,18.06611208,0.0256
6/5/2023 13:30,21.52446023,0.0305
6/5/2023 13:45,19.45586122,0.0275
6/5/2023 14:00,23.57575709,0.0334
6/5/2023 14:15,18.06611208,0.0256
6/5/2023 14:30,18.06611208,0.0256
6/5/2023 14:45,18.06611208,0.0256
6/5/2023 15:00,20.14338164,0.0285
6/5/2023 15:15,15.987649,0.0226
6/5/2023 15:30,17.36465688,0.0246
6/5/2023 15:45,19.44399686,0.0275
6/5/2023 16:00,17.36465688,0.0246
6/5/2023 16:15,15.28813691,0.0216
6/5/2023 16:30,23.56410278,0.0334
6/5/2023 16:45,19.44399686,0.0275
6/5/2023 17:00,15.28813691,0.0216
6/5/2023 17:15,15.987649,0.0226
6/5/2023 17:30,17.36465688,0.0246
6/5/2023 17:45,15.987649,0.0226
6/5/2023 18:00,18.06611208,0.0256
6/5/2023 18:15,17.3765462,0.0246
6/5/2023 18:30,15.987649,0.0226
6/5/2023 18:45,21.51267791,0.0305
6/5/2023 19:00,15.28813691,0.0216
6/5/2023 19:15,17.36465688,0.0246
6/5/2023 19:30,13.9184057,0.0197
6/5/2023 19:45,20.13153875,0.0285
6/5/2023 20:00,18.05422365,0.0256
6/5/2023 20:15,23.56410278,0.0334
6/5/2023 20:30,19.44399686,0.0275
6/5/2023 20:45,19.44399686,0.0275
6/5/2023 21:00,21.51267791,0.0305
6/5/2023 21:15,21.51267791,0.0305
6/5/2023 21:30,23.56410278,0.0334
6/5/2023 21:45,23.57575709,0.0334
6/5/2023 22:00,19.45586122,0.0275
6/5/2023 22:15,18.06611208,0.0256
6/5/2023 22:30,18.06611208,0.0256
6/5/2023 22:45,23.56410278,0.0334
6/5/2023 23:00,23.56410278,0.0334
6/5/2023 23:15,24.92055003,0.0353
6/5/2023 23:30,21.51267791,0.0305
6/5/2023 23:45,24.24909929,0.0343
6/6/2023 0:00,19.45586122,0.0275
6/6/2023 0:15,21.52446023,0.0305
6/6/2023 0:30,21.52446023,0.0305
6/6/2023 0:45,18.06611208,0.0256
6/6/2023 1:00,22.88672125,0.0324
6/6/2023 1:15,19.44399686,0.0275
6/6/2023 1:30,21.51267791,0.0305
6/6/2023 1:45,23.56410278,0.0334
6/6/2023 2:00,21.51267791,0.0305
6/6/2023 2:15,23.56410278,0.0334
6/6/2023 2:30,19.44399686,0.0275
6/6/2023 2:45,27.58202619,0.039
6/6/2023 3:00,21.51267791,0.0305
6/6/2023 3:15,21.51267791,0.0305
6/6/2023 3:30,19.44399686,0.0275
6/6/2023 3:45,19.44399686,0.0275
6/6/2023 4:00,19.44399686,0.0275
6/6/2023 4:15,19.45586122,0.0275
6/6/2023 4:30,23.56410278,0.0334
6/6/2023 4:45,22.88672125,0.0324
6/6/2023 5:00,15.987649,0.0226
6/6/2023 5:15,19.44399686,0.0275
6/6/2023 5:30,21.51267791,0.0305
6/6/2023 5:45,20.13153875,0.0285
6/6/2023 6:00,20.13153875,0.0285
6/6/2023 6:15,22.88672125,0.0324
6/6/2023 6:30,19.44399686,0.0275
6/6/2023 6:45,20.13153875,0.0285
6/6/2023 7:00,18.05422365,0.0256
6/6/2023 7:15,18.05422365,0.0256
6/6/2023 7:30,13.90664004,0.0197
6/6/2023 7:45,17.36465688,0.0246
6/6/2023 8:00,18.05422365,0.0256
6/6/2023 8:15,19.44399686,0.0275
6/6/2023 8:30,12.54962538,0.0178
6/6/2023 8:45,17.36465688,0.0246
6/6/2023 9:00,20.14338164,0.0285
6/6/2023 9:15,13.90664004,0.0197
6/6/2023 9:30,21.51267791,0.0305
6/6/2023 9:45,21.51267791,0.0305
6/6/2023 10:00,20.13153875,0.0285
6/6/2023 10:15,15.28813691,0.0216
6/6/2023 10:30,18.05422365,0.0256
6/6/2023 10:45,15.97578169,0.0226
6/6/2023 11:00,15.28813691,0.0216
6/6/2023 11:15,19.44399686,0.0275
6/6/2023 11:30,17.36465688,0.0246
6/6/2023 11:45,18.75539669,0.0266
6/6/2023 12:00,19.44399686,0.0275
6/6/2023 12:15,18.75539669,0.0266
6/6/2023 12:30,18.06611208,0.0256
6/6/2023 12:45,17.3765462,0.0246
6/6/2023 13:00,13.23867651,0.0187
6/6/2023 13:15,17.3765462,0.0246
6/6/2023 13:30,13.9184057,0.0197
6/6/2023 13:45,13.9184057,0.0197
6/6/2023 14:00,15.2999806,0.0217
6/6/2023 14:15,16.6764369,0.0236
6/6/2023 14:30,13.22696557,0.0187
6/6/2023 14:45,9.209599065,0.013
6/6/2023 15:00,11.19461688,0.0158
6/6/2023 15:15,17.36465688,0.0246
6/6/2023 15:30,15.28813691,0.0216
6/6/2023 15:45,15.28813691,0.0216
6/6/2023 16:00,16.6764369,0.0236
6/6/2023 16:15,13.23867651,0.0187
6/6/2023 16:30,14.6021538,0.0207
6/6/2023 16:45,14.6021538,0.0207
6/6/2023 17:00,11.19461688,0.0158
6/6/2023 17:15,14.6021538,0.0207
6/6/2023 17:30,14.6021538,0.0207
6/6/2023 17:45,14.6021538,0.0207
6/6/2023 18:00,11.20612373,0.0159
6/6/2023 18:15,13.23867651,0.0187
6/6/2023 18:30,12.54962538,0.0178
6/6/2023 18:45,12.54962538,0.0178
6/6/2023 19:00,13.23867651,0.0187
6/6/2023 19:15,18.75539669,0.0266
6/6/2023 19:30,15.28813691,0.0216
6/6/2023 19:45,15.28813691,0.0216
6/6/2023 20:00,20.82830713,0.0295
6/6/2023 20:15,20.82830713,0.0295
6/6/2023 20:30,24.92055003,0.0353
6/6/2023 20:45,19.45586122,0.0275
6/6/2023 21:00,23.56410278,0.0334
6/6/2023 21:15,26.92592694,0.0381
6/6/2023 21:30,24.92055003,0.0353
6/6/2023 21:45,24.92055003,0.0353
6/6/2023 22:00,22.88672125,0.0324
6/6/2023 22:15,24.92055003,0.0353
6/6/2023 22:30,21.51267791,0.0305
6/6/2023 22:45,23.56410278,0.0334
6/6/2023 23:00,21.51267791,0.0305
6/6/2023 23:15,28.89565551,0.0409
6/6/2023 23:30,19.44399686,0.0275
6/6/2023 23:45,22.88672125,0.0324
6/7/2023 0:00,24.92055003,0.0353
6/7/2023 0:15,20.82830713,0.0295
6/7/2023 0:30,22.20675374,0.0314
6/7/2023 0:45,22.88672125,0.0324
6/7/2023 1:00,22.88672125,0.0324
6/7/2023 1:15,22.88672125,0.0324
6/7/2023 1:30,13.23867651,0.0187
6/7/2023 1:45,18.75539669,0.0266
6/7/2023 2:00,19.44399686,0.0275
6/7/2023 2:15,22.88672125,0.0324
6/7/2023 2:30,18.75539669,0.0266
6/7/2023 2:45,24.24909929,0.0343
6/7/2023 3:00,24.24909929,0.0343
6/7/2023 3:15,20.14338164,0.0285
6/7/2023 3:30,20.82830713,0.0295
6/7/2023 3:45,28.24653668,0.04
6/7/2023 4:00,22.19500954,0.0314
6/7/2023 4:15,16.6764369,0.0236
6/7/2023 4:30,24.23749468,0.0343
6/7/2023 4:45,22.19500954,0.0314
6/7/2023 5:00,20.13153875,0.0285
6/7/2023 5:15,24.23749468,0.0343
6/7/2023 5:30,20.13153875,0.0285
6/7/2023 5:45,16.6764369,0.0236
6/7/2023 6:00,18.75539669,0.0266
6/7/2023 6:15,16.6764369,0.0236
6/7/2023 6:30,24.23749468,0.0343
6/7/2023 6:45,22.88672125,0.0324
6/7/2023 7:00,16.6764369,0.0236
6/7/2023 7:15,17.36465688,0.0246
6/7/2023 7:30,19.44399686,0.0275
6/7/2023 7:45,16.6764369,0.0236
6/7/2023 8:00,20.82830713,0.0295
6/7/2023 8:15,15.28813691,0.0216
6/7/2023 8:30,16.6764369,0.0236
6/7/2023 8:45,16.6764369,0.0236
6/7/2023 9:00,16.6764369,0.0236
6/7/2023 9:15,18.75539669,0.0266
6/7/2023 9:30,13.22696557,0.0187
6/7/2023 9:45,18.75539669,0.0266
6/7/2023 10:00,17.36465688,0.0246
6/7/2023 10:15,13.22696557,0.0187
6/7/2023 10:30,16.6764369,0.0236
6/7/2023 10:45,18.75539669,0.0266
6/7/2023 11:00,17.36465688,0.0246
6/7/2023 11:15,17.36465688,0.0246
6/7/2023 11:30,20.82830713,0.0295
6/7/2023 11:45,13.22696557,0.0187
6/7/2023 12:00,18.75539669,0.0266
6/7/2023 12:15,15.28813691,0.0216
6/7/2023 12:30,22.88672125,0.0324
6/7/2023 12:45,11.20612373,0.0159
6/7/2023 13:00,16.6764369,0.0236
6/7/2023 13:15,16.6764369,0.0236
6/7/2023 13:30,20.13153875,0.0285
6/7/2023 13:45,18.75539669,0.0266
6/7/2023 14:00,14.6021538,0.0207
6/7/2023 14:15,16.6764369,0.0236
6/7/2023 14:30,13.22696557,0.0187
6/7/2023 14:45,16.6764369,0.0236
6/7/2023 15:00,16.6764369,0.0236
6/7/2023 15:15,16.6764369,0.0236
6/7/2023 15:30,14.6021538,0.0207
6/7/2023 15:45,16.6764369,0.0236
6/7/2023 16:00,12.54962538,0.0178
6/7/2023 16:15,18.75539669,0.0266
6/7/2023 16:30,11.19461688,0.0158
6/7/2023 16:45,13.22696557,0.0187
6/7/2023 17:00,13.22696557,0.0187
6/7/2023 17:15,8.566640628,0.0121
6/7/2023 17:30,9.209599065,0.013
6/7/2023 17:45,14.6021538,0.0207
6/7/2023 18:00,7.923000907,0.0112
6/7/2023 18:15,13.22696557,0.0187
6/7/2023 18:30,16.6764369,0.0236
6/7/2023 18:45,14.6021538,0.0207
6/7/2023 19:00,9.209599065,0.013
6/7/2023 19:15,15.987649,0.0226
6/7/2023 19:30,14.6021538,0.0207
6/7/2023 19:45,12.54962538,0.0178
6/7/2023 20:00,14.6021538,0.0207
6/7/2023 20:15,13.22696557,0.0187
6/7/2023 20:30,16.6764369,0.0236
6/7/2023 20:45,16.6764369,0.0236
6/7/2023 21:00,13.22696557,0.0187
6/7/2023 21:15,16.6764369,0.0236
6/7/2023 21:30,20.14338164,0.0285
6/7/2023 21:45,18.06611208,0.0256
6/7/2023 22:00,14.6021538,0.0207
6/7/2023 22:15,18.75539669,0.0266
6/7/2023 22:30,16.6764369,0.0236
6/7/2023 22:45,17.3765462,0.0246
6/7/2023 23:00,15.2999806,0.0217
6/7/2023 23:15,18.75539669,0.0266
6/7/2023 23:30,15.2999806,0.0217
6/7/2023 23:45,24.23749468,0.0343
6/8/2023 0:00,18.75539669,0.0266
6/8/2023 0:15,18.05422365,0.0256
6/8/2023 0:30,22.19500954,0.0314
6/8/2023 0:45,22.19500954,0.0314
6/8/2023 1:00,20.13153875,0.0285
6/8/2023 1:15,18.05422365,0.0256
6/8/2023 1:30,22.88672125,0.0324
6/8/2023 1:45,18.05422365,0.0256
6/8/2023 2:00,20.13153875,0.0285
6/8/2023 2:15,16.6764369,0.0236
6/8/2023 2:30,22.88672125,0.0324
6/8/2023 2:45,16.6764369,0.0236
6/8/2023 3:00,16.6764369,0.0236
6/8/2023 3:15,20.82830713,0.0295
6/8/2023 3:30,18.75539669,0.0266
6/8/2023 3:45,18.75539669,0.0266
6/8/2023 4:00,15.28813691,0.0216
6/8/2023 4:15,18.75539669,0.0266
6/8/2023 4:30,22.20675374,0.0314
6/8/2023 4:45,20.82830713,0.0295
6/8/2023 5:00,24.92055003,0.0353
6/8/2023 5:15,20.82830713,0.0295
6/8/2023 5:30,18.75539669,0.0266
6/8/2023 5:45,16.6764369,0.0236
6/8/2023 6:00,14.6021538,0.0207
6/8/2023 6:15,16.6764369,0.0236
6/8/2023 6:30,20.82830713,0.0295
6/8/2023 6:45,14.6021538,0.0207
6/8/2023 7:00,20.82830713,0.0295
6/8/2023 7:15,20.82830713,0.0295
6/8/2023 7:30,15.28813691,0.0216
6/8/2023 7:45,17.36465688,0.0246
6/8/2023 8:00,17.3765462,0.0246
6/8/2023 8:15,15.987649,0.0226
6/8/2023 8:30,15.987649,0.0226
6/8/2023 8:45,13.9184057,0.0197
6/8/2023 9:00,17.3765462,0.0246
6/8/2023 9:15,17.3765462,0.0246
6/8/2023 9:30,15.2999806,0.0217
6/8/2023 9:45,13.23867651,0.0187
6/8/2023 10:00,15.2999806,0.0217
6/8/2023 10:15,15.2999806,0.0217
6/8/2023 10:30,15.2999806,0.0217
6/8/2023 10:45,13.9184057,0.0197
6/8/2023 11:00,11.87587172,0.0168
6/8/2023 11:15,17.3765462,0.0246
6/8/2023 11:30,17.3765462,0.0246
6/8/2023 11:45,11.87587172,0.0168
6/8/2023 12:00,13.23867651,0.0187
6/8/2023 12:15,10.52993432,0.0149
6/8/2023 12:30,13.9184057,0.0197
6/8/2023 12:45,11.87587172,0.0168
6/8/2023 13:00,13.9184057,0.0197
6/8/2023 13:15,9.209599065,0.013
6/8/2023 13:30,11.87587172,0.0168
6/8/2023 13:45,17.36465688,0.0246
6/8/2023 14:00,13.22696557,0.0187
6/8/2023 14:15,13.22696557,0.0187
6/8/2023 14:30,13.22696557,0.0187
6/8/2023 14:45,13.22696557,0.0187
6/8/2023 15:00,17.36465688,0.0246
6/8/2023 15:15,9.86108334,0.014
6/8/2023 15:30,11.19461688,0.0158
6/8/2023 15:45,11.19461688,0.0158
6/8/2023 16:00,9.209599065,0.013
6/8/2023 16:15,9.872381543,0.014
6/8/2023 16:30,15.28813691,0.0216
6/8/2023 16:45,11.19461688,0.0158
6/8/2023 17:00,13.22696557,0.0187
6/8/2023 17:15,13.22696557,0.0187
6/8/2023 17:30,11.87587172,0.0168
6/8/2023 17:45,11.19461688,0.0158
6/8/2023 18:00,11.87587172,0.0168
6/8/2023 18:15,9.872381543,0.014
6/8/2023 18:30,7.933815557,0.0112
6/8/2023 18:45,13.22696557,0.0187
6/8/2023 19:00,9.872381543,0.014
6/8/2023 19:15,11.19461688,0.0158
6/8/2023 19:30,7.301694475,0.0103
6/8/2023 19:45,11.19461688,0.0158
6/8/2023 20:00,11.19461688,0.0158
6/8/2023 20:15,7.923000907,0.0112
6/8/2023 20:30,9.209599065,0.013
6/8/2023 20:45,15.28813691,0.0216
6/8/2023 21:00,15.28813691,0.0216
6/8/2023 21:15,13.22696557,0.0187
6/8/2023 21:30,11.87587172,0.0168
6/8/2023 21:45,11.87587172,0.0168
6/8/2023 22:00,9.872381543,0.014
6/8/2023 22:15,13.9184057,0.0197
6/8/2023 22:30,13.9184057,0.0197
6/8/2023 22:45,13.9184057,0.0197
6/8/2023 23:00,18.75539669,0.0266
6/8/2023 23:15,17.36465688,0.0246
6/8/2023 23:30,17.36465688,0.0246
6/8/2023 23:45,13.9184057,0.0197
6/9/2023 0:00,9.872381543,0.014
6/9/2023 0:15,13.9184057,0.0197
6/9/2023 0:30,15.987649,0.0226
6/9/2023 0:45,11.87587172,0.0168
6/9/2023 1:00,13.9184057,0.0197
6/9/2023 1:15,13.9184057,0.0197
6/9/2023 1:30,11.87587172,0.0168
6/9/2023 1:45,15.28813691,0.0216
6/9/2023 2:00,15.28813691,0.0216
6/9/2023 2:15,15.28813691,0.0216
6/9/2023 2:30,14.6021538,0.0207
6/9/2023 2:45,15.28813691,0.0216
6/9/2023 3:00,18.75539669,0.0266
6/9/2023 3:15,19.44399686,0.0275
6/9/2023 3:30,20.82830713,0.0295
6/9/2023 3:45,17.36465688,0.0246
6/9/2023 4:00,20.82830713,0.0295
6/9/2023 4:15,16.6764369,0.0236
6/9/2023 4:30,13.22696557,0.0187
6/9/2023 4:45,11.19461688,0.0158
6/9/2023 5:00,15.28813691,0.0216
6/9/2023 5:15,17.3765462,0.0246
6/9/2023 5:30,22.88672125,0.0324
6/9/2023 5:45,17.36465688,0.0246
6/9/2023 6:00,20.82830713,0.0295
6/9/2023 6:15,17.36465688,0.0246
6/9/2023 6:30,19.45586122,0.0275
6/9/2023 6:45,20.82830713,0.0295
6/9/2023 7:00,19.45586122,0.0275
6/9/2023 7:15,15.2999806,0.0217
6/9/2023 7:30,15.987649,0.0226
6/9/2023 7:45,15.987649,0.0226
6/9/2023 8:00,13.9184057,0.0197
6/9/2023 8:15,13.23867651,0.0187
6/9/2023 8:30,11.87587172,0.0168
6/9/2023 8:45,11.87587172,0.0168
6/9/2023 9:00,15.2999806,0.0217
6/9/2023 9:15,13.23867651,0.0187
6/9/2023 9:30,13.23867651,0.0187
6/9/2023 9:45,15.2999806,0.0217
6/9/2023 10:00,13.9184057,0.0197
6/9/2023 10:15,11.87587172,0.0168
6/9/2023 10:30,13.9184057,0.0197
6/9/2023 10:45,9.872381543,0.014
6/9/2023 11:00,11.87587172,0.0168
6/9/2023 11:15,13.9184057,0.0197
6/9/2023 11:30,13.9184057,0.0197
6/9/2023 11:45,13.9184057,0.0197
6/9/2023 12:00,8.566640628,0.0121
6/9/2023 12:15,13.9184057,0.0197
6/9/2023 12:30,11.87587172,0.0168
6/9/2023 12:45,13.22696557,0.0187
6/9/2023 13:00,11.87587172,0.0168
6/9/2023 13:15,11.19461688,0.0158
6/9/2023 13:30,11.8642878,0.0168
6/9/2023 13:45,11.8642878,0.0168
6/9/2023 14:00,11.19461688,0.0158
6/9/2023 14:15,7.301694475,0.0103
6/9/2023 14:30,7.933815557,0.0112
6/9/2023 14:45,6.099162957,0.0086
6/9/2023 15:00,7.933815557,0.0112
6/9/2023 15:15,11.87587172,0.0168
6/9/2023 15:30,9.872381543,0.014
6/9/2023 15:45,7.933815557,0.0112
6/9/2023 16:00,15.2999806,0.0217
6/9/2023 16:15,12.54962538,0.0178
6/9/2023 16:30,9.872381543,0.014
6/9/2023 16:45,7.301694475,0.0103
6/9/2023 17:00,11.19461688,0.0158
6/9/2023 17:15,9.209599065,0.013
6/9/2023 17:30,4.402110956,0.0062
6/9/2023 17:45,9.209599065,0.013
6/9/2023 18:00,13.22696557,0.0187
6/9/2023 18:15,7.923000907,0.0112
6/9/2023 18:30,6.089034242,0.0086
6/9/2023 18:45,7.301694475,0.0103
6/9/2023 19:00,9.209599065,0.013
6/9/2023 19:15,9.209599065,0.013
6/9/2023 19:30,11.19461688,0.0158
6/9/2023 19:45,7.301694475,0.0103
6/9/2023 20:00,9.209599065,0.013
6/9/2023 20:15,9.209599065,0.013
6/9/2023 20:30,9.209599065,0.013
6/9/2023 20:45,7.301694475,0.0103
6/9/2023 21:00,7.301694475,0.0103
6/9/2023 21:15,9.220765336,0.0131
6/9/2023 21:30,13.23867651,0.0187
6/9/2023 21:45,9.220765336,0.0131
6/9/2023 22:00,11.20612373,0.0159
6/9/2023 22:15,13.22696557,0.0187
6/9/2023 22:30,11.87587172,0.0168
6/9/2023 22:45,13.23867651,0.0187
6/9/2023 23:00,13.23867651,0.0187
6/9/2023 23:15,13.23867651,0.0187
6/9/2023 23:30,18.05422365,0.0256
6/9/2023 23:45,16.6764369,0.0236
6/10/2023 0:00,11.20612373,0.0159
6/10/2023 0:15,7.933815557,0.0112
6/10/2023 0:30,11.20612373,0.0159
6/10/2023 0:45,11.20612373,0.0159
6/10/2023 1:00,9.872381543,0.014
6/10/2023 1:15,14.6021538,0.0207
6/10/2023 1:30,11.19461688,0.0158
6/10/2023 1:45,11.19461688,0.0158
6/10/2023 2:00,11.20612373,0.0159
6/10/2023 2:15,11.20612373,0.0159
6/10/2023 2:30,6.099162957,0.0086
6/10/2023 2:45,11.20612373,0.0159
6/10/2023 3:00,12.54962538,0.0178
6/10/2023 3:15,14.6021538,0.0207
6/10/2023 3:30,13.22696557,0.0187
6/10/2023 3:45,12.54962538,0.0178
6/10/2023 4:00,14.6021538,0.0207
6/10/2023 4:15,12.54962538,0.0178
6/10/2023 4:30,16.6764369,0.0236
6/10/2023 4:45,12.54962538,0.0178
6/10/2023 5:00,12.54962538,0.0178
6/10/2023 5:15,14.6021538,0.0207
6/10/2023 5:30,14.6021538,0.0207
6/10/2023 5:45,14.6021538,0.0207
6/10/2023 6:00,14.6021538,0.0207
6/10/2023 6:15,13.22696557,0.0187
6/10/2023 6:30,14.6021538,0.0207
6/10/2023 6:45,16.6764369,0.0236
6/10/2023 7:00,13.23867651,0.0187
6/10/2023 7:15,15.2999806,0.0217
6/10/2023 7:30,13.23867651,0.0187
6/10/2023 7:45,9.872381543,0.014
6/10/2023 8:00,11.87587172,0.0168
6/10/2023 8:15,11.87587172,0.0168
6/10/2023 8:30,9.872381543,0.014
6/10/2023 8:45,7.933815557,0.0112
6/10/2023 9:00,7.933815557,0.0112
6/10/2023 9:15,9.209599065,0.013
6/10/2023 9:30,9.872381543,0.014
6/10/2023 9:45,9.872381543,0.014
6/10/2023 10:00,13.22696557,0.0187
6/10/2023 10:15,11.19461688,0.0158
6/10/2023 10:30,9.872381543,0.014
6/10/2023 10:45,9.872381543,0.014
6/10/2023 11:00,9.220765336,0.0131
6/10/2023 11:15,9.872381543,0.014
6/10/2023 11:30,11.87587172,0.0168
6/10/2023 11:45,11.87587172,0.0168
6/10/2023 12:00,13.22696557,0.0187
6/10/2023 12:15,9.220765336,0.0131
6/10/2023 12:30,9.220765336,0.0131
6/10/2023 12:45,6.099162957,0.0086
6/10/2023 13:00,9.220765336,0.0131
6/10/2023 13:15,9.872381543,0.014
6/10/2023 13:30,9.220765336,0.0131
6/10/2023 13:45,7.933815557,0.0112
6/10/2023 14:00,9.209599065,0.013
6/10/2023 14:15,7.923000907,0.0112
6/10/2023 14:30,9.209599065,0.013
6/10/2023 14:45,7.301694475,0.0103
6/10/2023 15:00,9.209599065,0.013
6/10/2023 15:15,9.209599065,0.013
6/10/2023 15:30,9.209599065,0.013
6/10/2023 15:45,9.209599065,0.013
6/10/2023 16:00,4.402110956,0.0062
6/10/2023 16:15,5.509495866,0.0078
6/10/2023 16:30,9.209599065,0.013
6/10/2023 16:45,6.089034242,0.0086
6/10/2023 17:00,9.209599065,0.013
6/10/2023 17:15,7.301694475,0.0103
6/10/2023 17:30,5.509495866,0.0078
6/10/2023 17:45,7.301694475,0.0103
6/10/2023 18:00,9.209599065,0.013
6/10/2023 18:15,7.301694475,0.0103
6/10/2023 18:30,9.209599065,0.013
6/10/2023 18:45,6.099162957,0.0086
6/10/2023 19:00,11.19461688,0.0158
6/10/2023 19:15,5.509495866,0.0078
6/10/2023 19:30,7.301694475,0.0103
6/10/2023 19:45,7.301694475,0.0103
6/10/2023 20:00,7.301694475,0.0103
6/10/2023 20:15,7.301694475,0.0103
6/10/2023 20:30,9.209599065,0.013
6/10/2023 20:45,7.301694475,0.0103
6/10/2023 21:00,9.209599065,0.013
6/10/2023 21:15,7.301694475,0.0103
6/10/2023 21:30,9.209599065,0.013
6/10/2023 21:45,10.52993432,0.0149
6/10/2023 22:00,9.209599065,0.013
6/10/2023 22:15,9.209599065,0.013
6/10/2023 22:30,10.52993432,0.0149
6/10/2023 22:45,9.209599065,0.013
6/10/2023 23:00,11.19461688,0.0158
6/10/2023 23:15,13.22696557,0.0187
6/10/2023 23:30,12.54962538,0.0178
6/10/2023 23:45,11.19461688,0.0158
6/11/2023 0:00,12.54962538,0.0178
6/11/2023 0:15,9.209599065,0.013
6/11/2023 0:30,11.19461688,0.0158
6/11/2023 0:45,9.209599065,0.013
6/11/2023 1:00,13.22696557,0.0187
6/11/2023 1:15,12.54962538,0.0178
6/11/2023 1:30,16.6764369,0.0236
6/11/2023 1:45,14.6021538,0.0207
6/11/2023 2:00,14.6021538,0.0207
6/11/2023 2:15,14.6021538,0.0207
6/11/2023 2:30,12.54962538,0.0178
6/11/2023 2:45,14.6021538,0.0207
6/11/2023 3:00,15.97578169,0.0226
6/11/2023 3:15,19.44399686,0.0275
6/11/2023 3:30,15.97578169,0.0226
6/11/2023 3:45,18.05422365,0.0256
6/11/2023 4:00,16.6764369,0.0236
6/11/2023 4:15,15.97578169,0.0226
6/11/2023 4:30,13.90664004,0.0197
6/11/2023 4:45,15.97578169,0.0226
6/11/2023 5:00,16.6764369,0.0236
6/11/2023 5:15,16.6764369,0.0236
6/11/2023 5:30,13.9184057,0.0197
6/11/2023 5:45,20.14338164,0.0285
6/11/2023 6:00,20.14338164,0.0285
6/11/2023 6:15,12.54962538,0.0178
6/11/2023 6:30,20.14338164,0.0285
6/11/2023 6:45,18.06611208,0.0256
6/11/2023 7:00,9.209599065,0.013
6/11/2023 7:15,9.209599065,0.013
6/11/2023 7:30,14.6021538,0.0207
6/11/2023 7:45,11.20612373,0.0159
6/11/2023 8:00,12.54962538,0.0178
6/11/2023 8:15,13.23867651,0.0187
6/11/2023 8:30,14.6021538,0.0207
6/11/2023 8:45,16.6764369,0.0236
6/11/2023 9:00,11.20612373,0.0159
6/11/2023 9:15,9.220765336,0.0131
6/11/2023 9:30,9.220765336,0.0131
6/11/2023 9:45,13.23867651,0.0187
6/11/2023 10:00,11.20612373,0.0159
6/11/2023 10:15,11.20612373,0.0159
6/11/2023 10:30,7.312303704,0.0104
6/11/2023 10:45,11.20612373,0.0159
6/11/2023 11:00,11.20612373,0.0159
6/11/2023 11:15,13.23867651,0.0187
6/11/2023 11:30,11.87587172,0.0168
6/11/2023 11:45,11.87587172,0.0168
6/11/2023 12:00,7.933815557,0.0112
6/11/2023 12:15,9.220765336,0.0131
6/11/2023 12:30,7.933815557,0.0112
6/11/2023 12:45,11.20612373,0.0159
6/11/2023 13:00,7.933815557,0.0112
6/11/2023 13:15,7.933815557,0.0112
6/11/2023 13:30,7.933815557,0.0112
6/11/2023 13:45,11.19461688,0.0158
6/11/2023 14:00,14.6021538,0.0207
6/11/2023 14:15,9.209599065,0.013
6/11/2023 14:30,5.509495866,0.0078
6/11/2023 14:45,11.19461688,0.0158
6/11/2023 15:00,9.209599065,0.013
6/11/2023 15:15,7.301694475,0.0103
6/11/2023 15:30,9.209599065,0.013
6/11/2023 15:45,7.301694475,0.0103
6/11/2023 16:00,9.209599065,0.013
6/11/2023 16:15,7.301694475,0.0103
6/11/2023 16:30,14.6021538,0.0207
6/11/2023 16:45,8.566640628,0.0121
6/11/2023 17:00,7.301694475,0.0103
6/11/2023 17:15,8.566640628,0.0121
6/11/2023 17:30,8.566640628,0.0121
6/11/2023 17:45,7.312303704,0.0104
6/11/2023 18:00,7.301694475,0.0103
6/11/2023 18:15,7.312303704,0.0104
6/11/2023 18:30,10.52993432,0.0149
6/11/2023 18:45,10.52993432,0.0149
6/11/2023 19:00,8.566640628,0.0121
6/11/2023 19:15,7.312303704,0.0104
6/11/2023 19:30,7.312303704,0.0104
6/11/2023 19:45,8.566640628,0.0121
6/11/2023 20:00,8.566640628,0.0121
6/11/2023 20:15,8.566640628,0.0121
6/11/2023 20:30,9.209599065,0.013
6/11/2023 20:45,11.19461688,0.0158
6/11/2023 21:00,13.22696557,0.0187
6/11/2023 21:15,11.19461688,0.0158
6/11/2023 21:30,9.209599065,0.013
6/11/2023 21:45,16.6764369,0.0236
6/11/2023 22:00,12.54962538,0.0178
6/11/2023 22:15,4.392894674,0.0062
6/11/2023 22:30,7.923000907,0.0112
6/11/2023 22:45,9.209599065,0.013
6/11/2023 23:00,13.22696557,0.0187
6/11/2023 23:15,9.209599065,0.013
6/11/2023 23:30,10.52993432,0.0149
6/11/2023 23:45,10.52993432,0.0149
6/12/2023 0:00,12.54962538,0.0178
6/12/2023 0:15,18.75539669,0.0266
6/12/2023 0:30,11.19461688,0.0158
6/12/2023 0:45,9.209599065,0.013
6/12/2023 1:00,12.54962538,0.0178
6/12/2023 1:15,15.987649,0.0226
6/12/2023 1:30,9.209599065,0.013
6/12/2023 1:45,12.54962538,0.0178
6/12/2023 2:00,14.6021538,0.0207
6/12/2023 2:15,14.6021538,0.0207
6/12/2023 2:30,15.987649,0.0226
6/12/2023 2:45,14.6021538,0.0207
6/12/2023 3:00,13.22696557,0.0187
6/12/2023 3:15,14.6021538,0.0207
6/12/2023 3:30,14.6021538,0.0207
6/12/2023 3:45,14.6021538,0.0207
6/12/2023 4:00,20.14338164,0.0285
6/12/2023 4:15,13.22696557,0.0187
6/12/2023 4:30,14.6021538,0.0207
6/12/2023 4:45,12.54962538,0.0178
6/12/2023 5:00,13.22696557,0.0187
6/12/2023 5:15,13.9184057,0.0197
6/12/2023 5:30,15.987649,0.0226
6/12/2023 5:45,13.9184057,0.0197
6/12/2023 6:00,18.06611208,0.0256
6/12/2023 6:15,15.987649,0.0226
6/12/2023 6:30,12.54962538,0.0178
6/12/2023 6:45,15.987649,0.0226
6/12/2023 7:00,12.54962538,0.0178
6/12/2023 7:15,14.6021538,0.0207
6/12/2023 7:30,13.22696557,0.0187
6/12/2023 7:45,16.6764369,0.0236
6/12/2023 8:00,16.6764369,0.0236
6/12/2023 8:15,10.52993432,0.0149
6/12/2023 8:30,12.54962538,0.0178
6/12/2023 8:45,12.54962538,0.0178
6/12/2023 9:00,14.6021538,0.0207
6/12/2023 9:15,14.6021538,0.0207
6/12/2023 9:30,24.24909929,0.0343
6/12/2023 9:45,11.19461688,0.0158
6/12/2023 10:00,9.209599065,0.013
6/12/2023 10:15,9.209599065,0.013
6/12/2023 10:30,12.54962538,0.0178
6/12/2023 10:45,18.06611208,0.0256
6/12/2023 11:00,18.06611208,0.0256
6/12/2023 11:15,16.6764369,0.0236
6/12/2023 11:30,8.566640628,0.0121
6/12/2023 11:45,14.6021538,0.0207
6/12/2023 12:00,9.220765336,0.0131
6/12/2023 12:15,16.6764369,0.0236
6/12/2023 12:30,12.54962538,0.0178
6/12/2023 12:45,14.6021538,0.0207
6/12/2023 13:00,16.6764369,0.0236
6/12/2023 13:15,10.52993432,0.0149
6/12/2023 13:30,15.97578169,0.0226
6/12/2023 13:45,7.301694475,0.0103
6/12/2023 14:00,9.209599065,0.013
6/12/2023 14:15,7.301694475,0.0103
6/12/2023 14:30,9.209599065,0.013
6/12/2023 14:45,11.19461688,0.0158
6/12/2023 15:00,11.19461688,0.0158
6/12/2023 15:15,10.52993432,0.0149
6/12/2023 15:30,8.566640628,0.0121
6/12/2023 15:45,6.694025856,0.0095
6/12/2023 16:00,10.52993432,0.0149
6/12/2023 16:15,5.509495866,0.0078
6/12/2023 16:30,7.301694475,0.0103
6/12/2023 16:45,10.52993432,0.0149
6/12/2023 17:00,7.301694475,0.0103
6/12/2023 17:15,8.566640628,0.0121
6/12/2023 17:30,8.566640628,0.0121
6/12/2023 17:45,7.301694475,0.0103
6/12/2023 18:00,5.509495866,0.0078
6/12/2023 18:15,4.392894674,0.0062
6/12/2023 18:30,6.694025856,0.0095
6/12/2023 18:45,9.209599065,0.013
6/12/2023 19:00,5.509495866,0.0078
6/12/2023 19:15,5.509495866,0.0078
6/12/2023 19:30,7.312303704,0.0104
6/12/2023 19:45,6.099162957,0.0086
6/12/2023 20:00,12.54962538,0.0178
6/12/2023 20:15,5.519351521,0.0078
6/12/2023 20:30,9.209599065,0.013
6/12/2023 20:45,7.301694475,0.0103
6/12/2023 21:00,11.19461688,0.0158
6/12/2023 21:15,9.209599065,0.013
6/12/2023 21:30,6.089034242,0.0086
6/12/2023 21:45,11.19461688,0.0158
6/12/2023 22:00,5.509495866,0.0078
6/12/2023 22:15,9.209599065,0.013
6/12/2023 22:30,9.209599065,0.013
6/12/2023 22:45,11.19461688,0.0158
6/12/2023 23:00,13.22696557,0.0187
6/12/2023 23:15,11.19461688,0.0158
6/12/2023 23:30,11.19461688,0.0158
6/12/2023 23:45,14.6021538,0.0207
6/13/2023 0:00,7.301694475,0.0103
6/13/2023 0:15,11.19461688,0.0158
6/13/2023 0:30,11.19461688,0.0158
6/13/2023 0:45,12.54962538,0.0178
6/13/2023 1:00,13.9184057,0.0197
6/13/2023 1:15,11.19461688,0.0158
6/13/2023 1:30,12.54962538,0.0178
6/13/2023 1:45,11.19461688,0.0158
6/13/2023 2:00,9.209599065,0.013
6/13/2023 2:15,12.54962538,0.0178
6/13/2023 2:30,10.52993432,0.0149
6/13/2023 2:45,11.19461688,0.0158
6/13/2023 3:00,12.54962538,0.0178
6/13/2023 3:15,12.54962538,0.0178
6/13/2023 3:30,14.6021538,0.0207
6/13/2023 3:45,14.6021538,0.0207
6/13/2023 4:00,10.52993432,0.0149
6/13/2023 4:15,12.54962538,0.0178
6/13/2023 4:30,15.97578169,0.0226
6/13/2023 4:45,11.8642878,0.0168
6/13/2023 5:00,15.97578169,0.0226
6/13/2023 5:15,18.05422365,0.0256
6/13/2023 5:30,13.90664004,0.0197
6/13/2023 5:45,15.97578169,0.0226
6/13/2023 6:00,13.90664004,0.0197
6/13/2023 6:15,15.97578169,0.0226
6/13/2023 6:30,12.54962538,0.0178
6/13/2023 6:45,14.6021538,0.0207
6/13/2023 7:00,8.566640628,0.0121
6/13/2023 7:15,12.54962538,0.0178
6/13/2023 7:30,11.19461688,0.0158
6/13/2023 7:45,9.209599065,0.013
6/13/2023 8:00,11.19461688,0.0158
6/13/2023 8:15,11.19461688,0.0158
6/13/2023 8:30,15.28813691,0.0216
6/13/2023 8:45,11.19461688,0.0158
6/13/2023 9:00,13.22696557,0.0187
6/13/2023 9:15,9.209599065,0.013
6/13/2023 9:30,12.54962538,0.0178
6/13/2023 9:45,14.6021538,0.0207
6/13/2023 10:00,14.6021538,0.0207
6/13/2023 10:15,14.6021538,0.0207
6/13/2023 10:30,9.209599065,0.013
6/13/2023 10:45,9.209599065,0.013
6/13/2023 11:00,9.209599065,0.013
6/13/2023 11:15,13.22696557,0.0187
6/13/2023 11:30,9.209599065,0.013
6/13/2023 11:45,9.209599065,0.013
6/13/2023 12:00,11.19461688,0.0158
6/13/2023 12:15,9.209599065,0.013
6/13/2023 12:30,7.312303704,0.0104
6/13/2023 12:45,6.099162957,0.0086
6/13/2023 13:00,3.878679674,0.0055
6/13/2023 13:15,6.099162957,0.0086
6/13/2023 13:30,7.312303704,0.0104
6/13/2023 13:45,5.519351521,0.0078
6/13/2023 14:00,3.001562931,0.0042
6/13/2023 14:15,6.099162957,0.0086
6/13/2023 14:30,7.312303704,0.0104
6/13/2023 14:45,5.519351521,0.0078
6/13/2023 15:00,7.312303704,0.0104
6/13/2023 15:15,7.312303704,0.0104
6/13/2023 15:30,7.312303704,0.0104
6/13/2023 15:45,11.20612373,0.0159
6/13/2023 16:00,8.566640628,0.0121
6/13/2023 16:15,7.301694475,0.0103
6/13/2023 16:30,10.52993432,0.0149
6/13/2023 16:45,7.301694475,0.0103
6/13/2023 17:00,4.402110956,0.0062
6/13/2023 17:15,5.509495866,0.0078
6/13/2023 17:30,3.001562931,0.0042
6/13/2023 17:45,4.402110956,0.0062
6/13/2023 18:00,3.869827791,0.0055
6/13/2023 18:15,5.509495866,0.0078
6/13/2023 18:30,7.301694475,0.0103
6/13/2023 18:45,5.519351521,0.0078
6/13/2023 19:00,5.519351521,0.0078
6/13/2023 19:15,7.301694475,0.0103
6/13/2023 19:30,5.519351521,0.0078
6/13/2023 19:45,5.519351521,0.0078
6/13/2023 20:00,4.402110956,0.0062
6/13/2023 20:15,10.52993432,0.0149
6/13/2023 20:30,8.566640628,0.0121
6/13/2023 20:45,8.566640628,0.0121
6/13/2023 21:00,5.519351521,0.0078
6/13/2023 21:15,11.19461688,0.0158
6/13/2023 21:30,9.209599065,0.013
6/13/2023 21:45,9.209599065,0.013
6/13/2023 22:00,3.869827791,0.0055
6/13/2023 22:15,6.089034242,0.0086
6/13/2023 22:30,9.209599065,0.013
6/13/2023 22:45,10.52993432,0.0149
6/13/2023 23:00,7.301694475,0.0103
6/13/2023 23:15,9.209599065,0.013
6/13/2023 23:30,11.19461688,0.0158
6/13/2023 23:45,12.54962538,0.0178
6/14/2023 0:00,11.19461688,0.0158
6/14/2023 0:15,9.209599065,0.013
6/14/2023 0:30,9.209599065,0.013
6/14/2023 0:45,9.209599065,0.013
6/14/2023 1:00,9.209599065,0.013
6/14/2023 1:15,11.19461688,0.0158
6/14/2023 1:30,11.19461688,0.0158
6/14/2023 1:45,5.509495866,0.0078
6/14/2023 2:00,10.52993432,0.0149
6/14/2023 2:15,8.566640628,0.0121
6/14/2023 2:30,12.54962538,0.0178
6/14/2023 2:45,14.6021538,0.0207
6/14/2023 3:00,11.8642878,0.0168
6/14/2023 3:15,12.54962538,0.0178
6/14/2023 3:30,12.54962538,0.0178
6/14/2023 3:45,14.6021538,0.0207
6/14/2023 4:00,10.52993432,0.0149
6/14/2023 4:15,5.519351521,0.0078
6/14/2023 4:30,8.566640628,0.0121
6/14/2023 4:45,8.566640628,0.0121
6/14/2023 5:00,12.54962538,0.0178
6/14/2023 5:15,15.987649,0.0226
6/14/2023 5:30,10.52993432,0.0149
6/14/2023 5:45,13.9184057,0.0197
6/14/2023 6:00,12.54962538,0.0178
6/14/2023 6:15,9.209599065,0.013
6/14/2023 6:30,7.301694475,0.0103
6/14/2023 6:45,10.52993432,0.0149
6/14/2023 7:00,10.52993432,0.0149
6/14/2023 7:15,11.19461688,0.0158
6/14/2023 7:30,13.22696557,0.0187
6/14/2023 7:45,11.19461688,0.0158
6/14/2023 8:00,9.209599065,0.013
6/14/2023 8:15,9.209599065,0.013
6/14/2023 8:30,9.872381543,0.014
6/14/2023 8:45,6.099162957,0.0086
6/14/2023 9:00,9.872381543,0.014
6/14/2023 9:15,7.933815557,0.0112
6/14/2023 9:30,6.099162957,0.0086
6/14/2023 9:45,13.23867651,0.0187
6/14/2023 10:00,9.209599065,0.013
6/14/2023 10:15,4.392894674,0.0062
6/14/2023 10:30,7.301694475,0.0103
6/14/2023 10:45,11.19461688,0.0158
6/14/2023 11:00,13.22696557,0.0187
6/14/2023 11:15,9.209599065,0.013
6/14/2023 11:30,7.301694475,0.0103
6/14/2023 11:45,6.089034242,0.0086
6/14/2023 12:00,7.301694475,0.0103
6/14/2023 12:15,11.19461688,0.0158
6/14/2023 12:30,10.52993432,0.0149
6/14/2023 12:45,4.392894674,0.0062
6/14/2023 13:00,7.301694475,0.0103
6/14/2023 13:15,4.402110956,0.0062
6/14/2023 13:30,10.52993432,0.0149
6/14/2023 13:45,7.312303704,0.0104
6/14/2023 14:00,10.52993432,0.0149
6/14/2023 14:15,11.20612373,0.0159
6/14/2023 14:30,7.312303704,0.0104
6/14/2023 14:45,7.312303704,0.0104
6/14/2023 15:00,3.001562931,0.0042
6/14/2023 15:15,5.509495866,0.0078
6/14/2023 15:30,3.869827791,0.0055
6/14/2023 15:45,5.509495866,0.0078
6/14/2023 16:00,6.694025856,0.0095
6/14/2023 16:15,3.869827791,0.0055
6/14/2023 16:30,5.509495866,0.0078
6/14/2023 16:45,3.869827791,0.0055
6/14/2023 17:00,3.001562931,0.0042
6/14/2023 17:15,3.878679674,0.0055
6/14/2023 17:30,3.878679674,0.0055
6/14/2023 17:45,2.655819812,0.0038
6/14/2023 18:00,6.694025856,0.0095
6/14/2023 18:15,7.301694475,0.0103
6/14/2023 18:30,4.946630151,0.007
6/14/2023 18:45,5.509495866,0.0078
6/14/2023 19:00,3.878679674,0.0055
6/14/2023 19:15,4.946630151,0.007
6/14/2023 19:30,4.946630151,0.007
6/14/2023 19:45,8.566640628,0.0121
6/14/2023 20:00,2.882992075,0.0041
6/14/2023 20:15,7.312303704,0.0104
6/14/2023 20:30,2.882992075,0.0041
6/14/2023 20:45,8.566640628,0.0121
6/14/2023 21:00,4.946630151,0.007
6/14/2023 21:15,6.694025856,0.0095
6/14/2023 21:30,5.509495866,0.0078
6/14/2023 21:45,6.694025856,0.0095
6/14/2023 22:00,3.869827791,0.0055
6/14/2023 22:15,6.694025856,0.0095
6/14/2023 22:30,5.509495866,0.0078
6/14/2023 22:45,5.509495866,0.0078
6/14/2023 23:00,10.52993432,0.0149
6/14/2023 23:15,8.566640628,0.0121
6/14/2023 23:30,5.509495866,0.0078
6/14/2023 23:45,3.869827791,0.0055
6/15/2023 0:00,7.301694475,0.0103
6/15/2023 0:15,9.209599065,0.013
6/15/2023 0:30,7.301694475,0.0103
6/15/2023 0:45,2.999484758,0.0042
6/15/2023 1:00,5.509495866,0.0078
6/15/2023 1:15,5.509495866,0.0078
6/15/2023 1:30,5.509495866,0.0078
6/15/2023 1:45,5.509495866,0.0078
6/15/2023 2:00,6.694025856,0.0095
6/15/2023 2:15,8.566640628,0.0121
6/15/2023 2:30,6.694025856,0.0095
6/15/2023 2:45,3.878679674,0.0055
6/15/2023 3:00,5.519351521,0.0078
6/15/2023 3:15,3.878679674,0.0055
6/15/2023 3:30,5.519351521,0.0078
6/15/2023 3:45,5.519351521,0.0078
6/15/2023 4:00,8.566640628,0.0121
6/15/2023 4:15,4.946630151,0.007
6/15/2023 4:30,8.566640628,0.0121
6/15/2023 4:45,6.694025856,0.0095
6/15/2023 5:00,11.87587172,0.0168
6/15/2023 5:15,8.566640628,0.0121
6/15/2023 5:30,9.872381543,0.014
6/15/2023 5:45,6.694025856,0.0095
6/15/2023 6:00,8.566640628,0.0121
6/15/2023 6:15,7.923000907,0.0112
6/15/2023 6:30,10.52993432,0.0149
6/15/2023 6:45,4.946630151,0.007
6/15/2023 7:00,5.509495866,0.0078
6/15/2023 7:15,6.694025856,0.0095
6/15/2023 7:30,5.509495866,0.0078
6/15/2023 7:45,2.999484758,0.0042
6/15/2023 8:00,5.509495866,0.0078
6/15/2023 8:15,7.312303704,0.0104
6/15/2023 8:30,9.209599065,0.013
6/15/2023 8:45,7.301694475,0.0103
6/15/2023 9:00,7.301694475,0.0103
6/15/2023 9:15,7.301694475,0.0103
6/15/2023 9:30,2.880982424,0.0041
6/15/2023 9:45,5.509495866,0.0078
6/15/2023 10:00,9.220765336,0.0131
6/15/2023 10:15,7.301694475,0.0103
6/15/2023 10:30,7.312303704,0.0104
6/15/2023 10:45,4.402110956,0.0062
6/15/2023 11:00,5.519351521,0.0078
6/15/2023 11:15,7.312303704,0.0104
6/15/2023 11:30,6.099162957,0.0086
6/15/2023 11:45,6.099162957,0.0086
6/15/2023 12:00,7.301694475,0.0103
6/15/2023 12:15,9.209599065,0.013
6/15/2023 12:30,3.001562931,0.0042
6/15/2023 12:45,7.301694475,0.0103
6/15/2023 13:00,4.402110956,0.0062
6/15/2023 13:15,7.312303704,0.0104
6/15/2023 13:30,5.519351521,0.0078
6/15/2023 13:45,2.766400111,0.0039
6/15/2023 14:00,5.519351521,0.0078
6/15/2023 14:15,5.519351521,0.0078
6/15/2023 14:30,4.402110956,0.0062
6/15/2023 14:45,5.509495866,0.0078
6/15/2023 15:00,5.509495866,0.0078
6/15/2023 15:15,3.869827791,0.0055
6/15/2023 15:30,3.869827791,0.0055
6/15/2023 15:45,2.341965306,0.0033
6/15/2023 16:00,2.999484758,0.0042
6/15/2023 16:15,2.653942833,0.0038
6/15/2023 16:30,4.392894674,0.0062
6/15/2023 16:45,3.869827791,0.0055
6/15/2023 17:00,2.999484758,0.0042
6/15/2023 17:15,2.653942833,0.0038
6/15/2023 17:30,2.999484758,0.0042
6/15/2023 17:45,5.509495866,0.0078
6/15/2023 18:00,3.869827791,0.0055
6/15/2023 18:15,2.880982424,0.0041
6/15/2023 18:30,2.880982424,0.0041
6/15/2023 18:45,2.653942833,0.0038
6/15/2023 19:00,5.509495866,0.0078
6/15/2023 19:15,3.869827791,0.0055
6/15/2023 19:30,4.402110956,0.0062
6/15/2023 19:45,3.001562931,0.0042
6/15/2023 20:00,3.001562931,0.0042
6/15/2023 20:15,6.099162957,0.0086
6/15/2023 20:30,3.001562931,0.0042
6/15/2023 20:45,2.655819812,0.0038
6/15/2023 21:00,2.999484758,0.0042
6/15/2023 21:15,2.653942833,0.0038
6/15/2023 21:30,6.089034242,0.0086
6/15/2023 21:45,3.36806233,0.0048
6/15/2023 22:00,3.001562931,0.0042
6/15/2023 22:15,3.001562931,0.0042
6/15/2023 22:30,4.402110956,0.0062
6/15/2023 22:45,6.099162957,0.0086
6/15/2023 23:00,4.402110956,0.0062
6/15/2023 23:15,4.402110956,0.0062
6/15/2023 23:30,3.001562931,0.0042
6/15/2023 23:45,3.001562931,0.0042
6/16/2023 0:00,6.099162957,0.0086
6/16/2023 0:15,6.099162957,0.0086
6/16/2023 0:30,6.099162957,0.0086
6/16/2023 0:45,6.099162957,0.0086
6/16/2023 1:00,4.402110956,0.0062
6/16/2023 1:15,3.001562931,0.0042
6/16/2023 1:30,6.099162957,0.0086
6/16/2023 1:45,6.099162957,0.0086
6/16/2023 2:00,4.402110956,0.0062
6/16/2023 2:15,3.001562931,0.0042
6/16/2023 2:30,7.933815557,0.0112
6/16/2023 2:45,4.402110956,0.0062
6/16/2023 3:00,4.402110956,0.0062
6/16/2023 3:15,4.402110956,0.0062
6/16/2023 3:30,4.402110956,0.0062
6/16/2023 3:45,4.402110956,0.0062
6/16/2023 4:00,6.099162957,0.0086
6/16/2023 4:15,6.099162957,0.0086
6/16/2023 4:30,4.402110956,0.0062
6/16/2023 4:45,5.519351521,0.0078
6/16/2023 5:00,4.402110956,0.0062
6/16/2023 5:15,7.933815557,0.0112
6/16/2023 5:30,6.099162957,0.0086
6/16/2023 5:45,3.001562931,0.0042
6/16/2023 6:00,6.099162957,0.0086
6/16/2023 6:15,9.872381543,0.014
6/16/2023 6:30,7.301694475,0.0103
6/16/2023 6:45,3.36806233,0.0048
6/16/2023 7:00,6.089034242,0.0086
6/16/2023 7:15,7.923000907,0.0112
6/16/2023 7:30,4.946630151,0.007
6/16/2023 7:45,6.694025856,0.0095
6/16/2023 8:00,6.099162957,0.0086
6/16/2023 8:15,4.946630151,0.007
6/16/2023 8:30,4.946630151,0.007
6/16/2023 8:45,2.880982424,0.0041
6/16/2023 9:00,4.946630151,0.007
6/16/2023 9:15,7.933815557,0.0112
6/16/2023 9:30,2.766400111,0.0039
6/16/2023 9:45,3.36806233,0.0048
6/16/2023 10:00,3.869827791,0.0055
6/16/2023 10:15,8.566640628,0.0121
6/16/2023 10:30,8.566640628,0.0121
6/16/2023 10:45,10.52993432,0.0149
6/16/2023 11:00,4.946630151,0.007
6/16/2023 11:15,4.946630151,0.007
6/16/2023 11:30,4.946630151,0.007
6/16/2023 11:45,4.946630151,0.007
6/16/2023 12:00,8.566640628,0.0121
6/16/2023 12:15,4.946630151,0.007
6/16/2023 12:30,3.36806233,0.0048
6/16/2023 12:45,2.766400111,0.0039
6/16/2023 13:00,2.245427057,0.0032
6/16/2023 13:15,2.245427057,0.0032
6/16/2023 13:30,2.546942543,0.0036
6/16/2023 13:45,2.546942543,0.0036
6/16/2023 14:00,2.766400111,0.0039
6/16/2023 14:15,3.36806233,0.0048
6/16/2023 14:30,2.5487565,0.0036
6/16/2023 14:45,3.36806233,0.0048
6/16/2023 15:00,2.44355038,0.0035
6/16/2023 15:15,2.766400111,0.0039
6/16/2023 15:30,2.766400111,0.0039
6/16/2023 15:45,2.766400111,0.0039
6/16/2023 16:00,2.766400111,0.0039
6/16/2023 16:15,2.655819812,0.0038
6/16/2023 16:30,3.001562931,0.0042
6/16/2023 16:45,2.44355038,0.0035
6/16/2023 17:00,2.152228212,0.003
6/16/2023 17:15,2.766400111,0.0039
6/16/2023 17:30,2.766400111,0.0039
6/16/2023 17:45,2.44355038,0.0035
6/16/2023 18:00,2.44355038,0.0035
6/16/2023 18:15,2.766400111,0.0039
6/16/2023 18:30,2.766400111,0.0039
6/16/2023 18:45,2.44355038,0.0035
6/16/2023 19:00,2.44355038,0.0035
6/16/2023 19:15,2.44355038,0.0035
6/16/2023 19:30,2.152228212,0.003
6/16/2023 19:45,3.36806233,0.0048
6/16/2023 20:00,2.766400111,0.0039
6/16/2023 20:15,2.152228212,0.003
6/16/2023 20:30,2.882992075,0.0041
6/16/2023 20:45,2.247064306,0.0032
6/16/2023 21:00,2.061973956,0.0029
6/16/2023 21:15,2.245427057,0.0032
6/16/2023 21:30,2.341965306,0.0033
6/16/2023 21:45,2.546942543,0.0036
6/16/2023 22:00,2.546942543,0.0036
6/16/2023 22:15,3.869827791,0.0055
6/16/2023 22:30,2.880982424,0.0041
6/16/2023 22:45,4.946630151,0.007
6/16/2023 23:00,2.546942543,0.0036
6/16/2023 23:15,3.869827791,0.0055
6/16/2023 23:30,3.869827791,0.0055
6/16/2023 23:45,2.546942543,0.0036
6/17/2023 0:00,2.546942543,0.0036
6/17/2023 0:15,2.880982424,0.0041
6/17/2023 0:30,3.36806233,0.0048
6/17/2023 0:45,8.566640628,0.0121
6/17/2023 1:00,6.694025856,0.0095
6/17/2023 1:15,6.694025856,0.0095
6/17/2023 1:30,6.099162957,0.0086
6/17/2023 1:45,4.946630151,0.007
6/17/2023 2:00,6.099162957,0.0086
6/17/2023 2:15,6.099162957,0.0086
6/17/2023 2:30,4.946630151,0.007
6/17/2023 2:45,4.946630151,0.007
6/17/2023 3:00,8.566640628,0.0121
6/17/2023 3:15,8.566640628,0.0121
6/17/2023 3:30,7.923000907,0.0112
6/17/2023 3:45,4.946630151,0.007
6/17/2023 4:00,6.694025856,0.0095
6/17/2023 4:15,4.392894674,0.0062
6/17/2023 4:30,2.5487565,0.0036
6/17/2023 4:45,6.694025856,0.0095
6/17/2023 5:00,6.694025856,0.0095
6/17/2023 5:15,7.923000907,0.0112
6/17/2023 5:30,9.209599065,0.013
6/17/2023 5:45,4.392894674,0.0062
6/17/2023 6:00,6.089034242,0.0086
6/17/2023 6:15,9.86108334,0.014
6/17/2023 6:30,9.86108334,0.014
6/17/2023 6:45,7.923000907,0.0112
6/17/2023 7:00,6.089034242,0.0086
6/17/2023 7:15,6.694025856,0.0095
6/17/2023 7:30,7.923000907,0.0112
6/17/2023 7:45,6.694025856,0.0095
6/17/2023 8:00,4.946630151,0.007
6/17/2023 8:15,6.694025856,0.0095
6/17/2023 8:30,6.694025856,0.0095
6/17/2023 8:45,2.766400111,0.0039
6/17/2023 9:00,4.946630151,0.007
6/17/2023 9:15,6.099162957,0.0086
6/17/2023 9:30,6.694025856,0.0095
6/17/2023 9:45,2.766400111,0.0039
6/17/2023 10:00,4.946630151,0.007
6/17/2023 10:15,7.923000907,0.0112
6/17/2023 10:30,4.392894674,0.0062
6/17/2023 10:45,6.694025856,0.0095
6/17/2023 11:00,2.766400111,0.0039
6/17/2023 11:15,6.694025856,0.0095
6/17/2023 11:30,9.872381543,0.014
6/17/2023 11:45,4.946630151,0.007
6/17/2023 12:00,7.923000907,0.0112
6/17/2023 12:15,3.36806233,0.0048
6/17/2023 12:30,6.089034242,0.0086
6/17/2023 12:45,3.36806233,0.0048
6/17/2023 13:00,6.089034242,0.0086
6/17/2023 13:15,3.36806233,0.0048
6/17/2023 13:30,2.44355038,0.0035
6/17/2023 13:45,6.099162957,0.0086
6/17/2023 14:00,3.001562931,0.0042
6/17/2023 14:15,3.001562931,0.0042
6/17/2023 14:30,7.933815557,0.0112
6/17/2023 14:45,2.655819812,0.0038
6/17/2023 15:00,2.655819812,0.0038
6/17/2023 15:15,2.766400111,0.0039
6/17/2023 15:30,2.766400111,0.0039
6/17/2023 15:45,2.766400111,0.0039
6/17/2023 16:00,4.402110956,0.0062
6/17/2023 16:15,3.001562931,0.0042
6/17/2023 16:30,3.001562931,0.0042
6/17/2023 16:45,4.402110956,0.0062
6/17/2023 17:00,6.099162957,0.0086
6/17/2023 17:15,4.402110956,0.0062
6/17/2023 17:30,2.766400111,0.0039
6/17/2023 17:45,4.402110956,0.0062
6/17/2023 18:00,4.402110956,0.0062
6/17/2023 18:15,2.44355038,0.0035
6/17/2023 18:30,3.001562931,0.0042
6/17/2023 18:45,2.44355038,0.0035
6/17/2023 19:00,2.44355038,0.0035
6/17/2023 19:15,2.152228212,0.003
6/17/2023 19:30,2.44355038,0.0035
6/17/2023 19:45,2.44355038,0.0035
6/17/2023 20:00,2.152228212,0.003
6/17/2023 20:15,3.36806233,0.0048
6/17/2023 20:30,4.946630151,0.007
6/17/2023 20:45,2.766400111,0.0039
6/17/2023 21:00,4.946630151,0.007
6/17/2023 21:15,2.880982424,0.0041
6/17/2023 21:30,4.946630151,0.007
6/17/2023 21:45,2.766400111,0.0039
6/17/2023 22:00,2.546942543,0.0036
6/17/2023 22:15,6.694025856,0.0095
6/17/2023 22:30,3.36806233,0.0048
6/17/2023 22:45,6.694025856,0.0095
6/17/2023 23:00,4.946630151,0.007
6/17/2023 23:15,4.946630151,0.007
6/17/2023 23:30,6.694025856,0.0095
6/17/2023 23:45,6.694025856,0.0095
6/18/2023 0:00,4.946630151,0.007
6/18/2023 0:15,9.86108334,0.014
6/18/2023 0:30,3.36806233,0.0048
6/18/2023 0:45,3.36806233,0.0048
6/18/2023 1:00,4.946630151,0.007
6/18/2023 1:15,4.392894674,0.0062
6/18/2023 1:30,3.36806233,0.0048
6/18/2023 1:45,3.36806233,0.0048
6/18/2023 2:00,4.392894674,0.0062
6/18/2023 2:15,6.089034242,0.0086
6/18/2023 2:30,7.923000907,0.0112
6/18/2023 2:45,6.089034242,0.0086
6/18/2023 3:00,3.36806233,0.0048
6/18/2023 3:15,4.946630151,0.007
6/18/2023 3:30,6.099162957,0.0086
6/18/2023 3:45,7.933815557,0.0112
6/18/2023 4:00,7.301694475,0.0103
6/18/2023 4:15,7.301694475,0.0103
6/18/2023 4:30,6.099162957,0.0086
6/18/2023 4:45,7.923000907,0.0112
6/18/2023 5:00,7.923000907,0.0112
6/18/2023 5:15,7.923000907,0.0112
6/18/2023 5:30,7.923000907,0.0112
6/18/2023 5:45,11.8642878,0.0168
6/18/2023 6:00,7.923000907,0.0112
6/18/2023 6:15,9.86108334,0.014
6/18/2023 6:30,6.089034242,0.0086
6/18/2023 6:45,8.566640628,0.0121
6/18/2023 7:00,4.392894674,0.0062
6/18/2023 7:15,9.86108334,0.014
6/18/2023 7:30,7.933815557,0.0112
6/18/2023 7:45,6.694025856,0.0095
6/18/2023 8:00,4.946630151,0.007
6/18/2023 8:15,4.946630151,0.007
6/18/2023 8:30,8.566640628,0.0121
6/18/2023 8:45,6.694025856,0.0095
6/18/2023 9:00,4.946630151,0.007
6/18/2023 9:15,10.52993432,0.0149
6/18/2023 9:30,6.694025856,0.0095
6/18/2023 9:45,6.694025856,0.0095
6/18/2023 10:00,6.694025856,0.0095
6/18/2023 10:15,4.946630151,0.007
6/18/2023 10:30,6.694025856,0.0095
6/18/2023 10:45,7.933815557,0.0112
6/18/2023 11:00,6.099162957,0.0086
6/18/2023 11:15,3.36806233,0.0048
6/18/2023 11:30,4.946630151,0.007
6/18/2023 11:45,6.694025856,0.0095
6/18/2023 12:00,4.946630151,0.007
6/18/2023 12:15,2.766400111,0.0039
6/18/2023 12:30,2.44355038,0.0035
6/18/2023 12:45,2.766400111,0.0039
6/18/2023 13:00,2.766400111,0.0039
6/18/2023 13:15,4.402110956,0.0062
6/18/2023 13:30,4.946630151,0.007
6/18/2023 13:45,2.152228212,0.003
6/18/2023 14:00,4.402110956,0.0062
6/18/2023 14:15,2.245427057,0.0032
6/18/2023 14:30,2.766400111,0.0039
6/18/2023 14:45,2.766400111,0.0039
6/18/2023 15:00,4.392894674,0.0062
6/18/2023 15:15,2.999484758,0.0042
6/18/2023 15:30,2.999484758,0.0042
6/18/2023 15:45,2.999484758,0.0042
6/18/2023 16:00,2.766400111,0.0039
6/18/2023 16:15,2.766400111,0.0039
6/18/2023 16:30,2.44355038,0.0035
6/18/2023 16:45,2.343658254,0.0033
6/18/2023 17:00,2.655819812,0.0038
6/18/2023 17:15,2.655819812,0.0038
6/18/2023 17:30,2.44355038,0.0035
6/18/2023 17:45,2.655819812,0.0038
6/18/2023 18:00,2.44355038,0.0035
6/18/2023 18:15,2.152228212,0.003
6/18/2023 18:30,2.655819812,0.0038
6/18/2023 18:45,2.44355038,0.0035
6/18/2023 19:00,2.152228212,0.003
6/18/2023 19:15,2.655819812,0.0038
6/18/2023 19:30,2.44355038,0.0035
6/18/2023 19:45,2.152228212,0.003
6/18/2023 20:00,2.999484758,0.0042
6/18/2023 20:15,2.152228212,0.003
6/18/2023 20:30,2.999484758,0.0042
6/18/2023 20:45,2.44355038,0.0035
6/18/2023 21:00,2.44355038,0.0035
6/18/2023 21:15,2.44355038,0.0035
6/18/2023 21:30,2.152228212,0.003
6/18/2023 21:45,2.766400111,0.0039
6/18/2023 22:00,2.655819812,0.0038
6/18/2023 22:15,2.655819812,0.0038
6/18/2023 22:30,3.36806233,0.0048
6/18/2023 22:45,3.36806233,0.0048
6/18/2023 23:00,2.766400111,0.0039
6/18/2023 23:15,2.766400111,0.0039
6/18/2023 23:30,2.766400111,0.0039
6/18/2023 23:45,2.44355038,0.0035
6/19/2023 0:00,2.766400111,0.0039
6/19/2023 0:15,3.36806233,0.0048
6/19/2023 0:30,3.36806233,0.0048
6/19/2023 0:45,2.766400111,0.0039
6/19/2023 1:00,2.766400111,0.0039
6/19/2023 1:15,2.766400111,0.0039
6/19/2023 1:30,3.001562931,0.0042
6/19/2023 1:45,3.001562931,0.0042
6/19/2023 2:00,6.099162957,0.0086
6/19/2023 2:15,3.001562931,0.0042
6/19/2023 2:30,2.655819812,0.0038
6/19/2023 2:45,2.655819812,0.0038
6/19/2023 3:00,3.001562931,0.0042
6/19/2023 3:15,2.44355038,0.0035
6/19/2023 3:30,3.001562931,0.0042
6/19/2023 3:45,4.402110956,0.0062
6/19/2023 4:00,3.001562931,0.0042
6/19/2023 4:15,3.001562931,0.0042
6/19/2023 4:30,2.655819812,0.0038
6/19/2023 4:45,3.001562931,0.0042
6/19/2023 5:00,3.001562931,0.0042
6/19/2023 5:15,4.402110956,0.0062
6/19/2023 5:30,4.402110956,0.0062
6/19/2023 5:45,2.766400111,0.0039
6/19/2023 6:00,4.946630151,0.007
6/19/2023 6:15,2.766400111,0.0039
6/19/2023 6:30,3.001562931,0.0042
6/19/2023 6:45,2.766400111,0.0039
6/19/2023 7:00,3.36806233,0.0048
6/19/2023 7:15,3.36806233,0.0048
6/19/2023 7:30,2.882992075,0.0041
6/19/2023 7:45,4.946630151,0.007
6/19/2023 8:00,3.36806233,0.0048
6/19/2023 8:15,2.546942543,0.0036
6/19/2023 8:30,2.880982424,0.0041
6/19/2023 8:45,4.946630151,0.007
6/19/2023 9:00,3.36806233,0.0048
6/19/2023 9:15,6.694025856,0.0095
6/19/2023 9:30,2.546942543,0.0036
6/19/2023 9:45,2.880982424,0.0041
6/19/2023 10:00,4.946630151,0.007
6/19/2023 10:15,3.869827791,0.0055
6/19/2023 10:30,4.946630151,0.007
6/19/2023 10:45,2.766400111,0.0039
6/19/2023 11:00,2.880982424,0.0041
6/19/2023 11:15,4.946630151,0.007
6/19/2023 11:30,2.245427057,0.0032
6/19/2023 11:45,2.060445487,0.0029
6/19/2023 12:00,3.36806233,0.0048
6/19/2023 12:15,2.880982424,0.0041
6/19/2023 12:30,1.729502407,0.0024
6/19/2023 12:45,2.766400111,0.0039
6/19/2023 13:00,2.766400111,0.0039
6/19/2023 13:15,2.152228212,0.003
6/19/2023 13:30,2.44355038,0.0035
6/19/2023 13:45,2.247064306,0.0032
6/19/2023 14:00,2.247064306,0.0032
6/19/2023 14:15,2.999484758,0.0042
6/19/2023 14:30,2.44355038,0.0035
6/19/2023 14:45,2.44355038,0.0035
6/19/2023 15:00,1.808626597,0.0026
6/19/2023 15:15,2.44355038,0.0035
6/19/2023 15:30,2.766400111,0.0039
6/19/2023 15:45,2.44355038,0.0035
6/19/2023 16:00,2.44355038,0.0035
6/19/2023 16:15,2.44355038,0.0035
6/19/2023 16:30,1.973413743,0.0028
6/19/2023 16:45,2.245427057,0.0032
6/19/2023 17:00,2.44355038,0.0035
6/19/2023 17:15,1.973413743,0.0028
6/19/2023 17:30,2.44355038,0.0035
6/19/2023 17:45,2.44355038,0.0035
6/19/2023 18:00,1.511415151,0.0021
6/19/2023 18:15,1.654461261,0.0023
6/19/2023 18:30,2.44355038,0.0035
6/19/2023 18:45,2.44355038,0.0035
6/19/2023 19:00,1.973413743,0.0028
6/19/2023 19:15,1.973413743,0.0028
6/19/2023 19:30,2.152228212,0.003
6/19/2023 19:45,2.152228212,0.003
6/19/2023 20:00,1.974887489,0.0028
6/19/2023 20:15,2.247064306,0.0032
6/19/2023 20:30,2.5487565,0.0036
6/19/2023 20:45,1.730820966,0.0025
6/19/2023 21:00,2.245427057,0.0032
6/19/2023 21:15,2.546942543,0.0036
6/19/2023 21:30,2.546942543,0.0036
6/19/2023 21:45,2.060445487,0.0029
6/19/2023 22:00,1.807258185,0.0026
6/19/2023 22:15,2.880982424,0.0041
6/19/2023 22:30,2.245427057,0.0032
6/19/2023 22:45,2.245427057,0.0032
6/19/2023 23:00,2.061973956,0.0029
6/19/2023 23:15,2.343658254,0.0033
6/19/2023 23:30,3.878679674,0.0055
6/19/2023 23:45,2.343658254,0.0033
6/20/2023 0:00,2.5487565,0.0036
6/20/2023 0:15,2.882992075,0.0041
6/20/2023 0:30,2.882992075,0.0041
6/20/2023 0:45,2.343658254,0.0033
6/20/2023 1:00,2.882992075,0.0041
6/20/2023 1:15,2.5487565,0.0036
6/20/2023 1:30,5.519351521,0.0078
6/20/2023 1:45,4.946630151,0.007
6/20/2023 2:00,2.655819812,0.0038
6/20/2023 2:15,2.5487565,0.0036
6/20/2023 2:30,2.5487565,0.0036
6/20/2023 2:45,3.878679674,0.0055
6/20/2023 3:00,2.343658254,0.0033
6/20/2023 3:15,2.882992075,0.0041
6/20/2023 3:30,2.882992075,0.0041
6/20/2023 3:45,2.343658254,0.0033
6/20/2023 4:00,3.878679674,0.0055
6/20/2023 4:15,2.882992075,0.0041
6/20/2023 4:30,2.061973956,0.0029
6/20/2023 4:45,2.882992075,0.0041
6/20/2023 5:00,2.247064306,0.0032
6/20/2023 5:15,2.343658254,0.0033
6/20/2023 5:30,1.808626597,0.0026
6/20/2023 5:45,2.247064306,0.0032
6/20/2023 6:00,2.247064306,0.0032
6/20/2023 6:15,2.061973956,0.0029
6/20/2023 6:30,2.655819812,0.0038
6/20/2023 6:45,1.582185684,0.0022
6/20/2023 7:00,2.882992075,0.0041
6/20/2023 7:15,3.001562931,0.0042
6/20/2023 7:30,3.001562931,0.0042
6/20/2023 7:45,2.546942543,0.0036
6/20/2023 8:00,3.869827791,0.0055
6/20/2023 8:15,2.060445487,0.0029
6/20/2023 8:30,2.343658254,0.0033
6/20/2023 8:45,3.001562931,0.0042
6/20/2023 9:00,3.001562931,0.0042
6/20/2023 9:15,2.880982424,0.0041
6/20/2023 9:30,2.653942833,0.0038
6/20/2023 9:45,2.341965306,0.0033
6/20/2023 10:00,2.999484758,0.0042
6/20/2023 10:15,2.546942543,0.0036
6/20/2023 10:30,2.653942833,0.0038
6/20/2023 10:45,2.653942833,0.0038
6/20/2023 11:00,2.999484758,0.0042
6/20/2023 11:15,2.152228212,0.003
6/20/2023 11:30,3.869827791,0.0055
6/20/2023 11:45,2.655819812,0.0038
6/20/2023 12:00,2.546942543,0.0036
6/20/2023 12:15,1.808626597,0.0026
6/20/2023 12:30,2.061973956,0.0029
6/20/2023 12:45,2.061973956,0.0029
6/20/2023 13:00,2.343658254,0.0033
6/20/2023 13:15,2.247064306,0.0032
6/20/2023 13:30,1.974887489,0.0028
6/20/2023 13:45,2.882992075,0.0041
6/20/2023 14:00,2.247064306,0.0032
6/20/2023 14:15,2.247064306,0.0032
6/20/2023 14:30,1.808626597,0.0026
6/20/2023 14:45,2.061973956,0.0029
6/20/2023 15:00,2.5487565,0.0036
6/20/2023 15:15,2.343658254,0.0033
6/20/2023 15:30,2.245427057,0.0032
6/20/2023 15:45,2.546942543,0.0036
6/20/2023 16:00,1.973413743,0.0028
6/20/2023 16:15,1.091323134,0.0015
6/20/2023 16:30,1.973413743,0.0028
6/20/2023 16:45,1.379054109,0.002
6/20/2023 17:00,2.546942543,0.0036
6/20/2023 17:15,1.444465427,0.002
6/20/2023 17:30,2.060445487,0.0029
6/20/2023 17:45,1.580963352,0.0022
6/20/2023 18:00,1.379054109,0.002
6/20/2023 18:15,2.546942543,0.0036
6/20/2023 18:30,1.379054109,0.002
6/20/2023 18:45,2.245427057,0.0032
6/20/2023 19:00,1.808626597,0.0026
6/20/2023 19:15,2.343658254,0.0033
6/20/2023 19:30,2.061973956,0.0029
6/20/2023 19:45,2.061973956,0.0029
6/20/2023 20:00,1.808626597,0.0026
6/20/2023 20:15,2.247064306,0.0032
6/20/2023 20:30,2.247064306,0.0032
6/20/2023 20:45,1.654461261,0.0023
6/20/2023 21:00,1.808626597,0.0026
6/20/2023 21:15,2.343658254,0.0033
6/20/2023 21:30,2.061973956,0.0029
6/20/2023 21:45,2.061973956,0.0029
6/20/2023 22:00,2.152228212,0.003
6/20/2023 22:15,2.341965306,0.0033
6/20/2023 22:30,1.88950475,0.0027
6/20/2023 22:45,2.341965306,0.0033
6/20/2023 23:00,2.341965306,0.0033
6/20/2023 23:15,2.343658254,0.0033
6/20/2023 23:30,2.546942543,0.0036
6/20/2023 23:45,2.343658254,0.0033
6/21/2023 0:00,2.999484758,0.0042
6/21/2023 0:15,2.341965306,0.0033
6/21/2023 0:30,2.341965306,0.0033
6/21/2023 0:45,1.88950475,0.0027
6/21/2023 1:00,2.152228212,0.003
6/21/2023 1:15,2.341965306,0.0033
6/21/2023 1:30,2.653942833,0.0038
6/21/2023 1:45,2.152228212,0.003
6/21/2023 2:00,1.88950475,0.0027
6/21/2023 2:15,2.341965306,0.0033
6/21/2023 2:30,2.152228212,0.003
6/21/2023 2:45,2.880982424,0.0041
6/21/2023 3:00,2.152228212,0.003
6/21/2023 3:15,2.999484758,0.0042
6/21/2023 3:30,2.152228212,0.003
6/21/2023 3:45,2.341965306,0.0033
6/21/2023 4:00,2.880982424,0.0041
6/21/2023 4:15,2.880982424,0.0041
6/21/2023 4:30,2.880982424,0.0041
6/21/2023 4:45,2.653942833,0.0038
6/21/2023 5:00,2.653942833,0.0038
6/21/2023 5:15,2.880982424,0.0041
6/21/2023 5:30,2.655819812,0.0038
6/21/2023 5:45,3.869827791,0.0055
6/21/2023 6:00,2.655819812,0.0038
6/21/2023 6:15,2.880982424,0.0041
6/21/2023 6:30,5.509495866,0.0078
6/21/2023 6:45,2.880982424,0.0041
6/21/2023 7:00,2.343658254,0.0033
6/21/2023 7:15,2.341965306,0.0033
6/21/2023 7:30,2.653942833,0.0038
6/21/2023 7:45,2.653942833,0.0038
6/21/2023 8:00,2.653942833,0.0038
6/21/2023 8:15,2.653942833,0.0038
6/21/2023 8:30,2.341965306,0.0033
6/21/2023 8:45,2.653942833,0.0038
6/21/2023 9:00,2.060445487,0.0029
6/21/2023 9:15,2.341965306,0.0033
6/21/2023 9:30,2.341965306,0.0033
6/21/2023 9:45,2.341965306,0.0033
6/21/2023 10:00,2.653942833,0.0038
6/21/2023 10:15,2.343658254,0.0033
6/21/2023 10:30,2.341965306,0.0033
6/21/2023 10:45,2.341965306,0.0033
6/21/2023 11:00,1.808626597,0.0026
6/21/2023 11:15,2.341965306,0.0033
6/21/2023 11:30,2.245427057,0.0032
6/21/2023 11:45,2.546942543,0.0036
6/21/2023 12:00,2.546942543,0.0036
6/21/2023 12:15,1.808626597,0.0026
6/21/2023 12:30,2.546942543,0.0036
6/21/2023 12:45,1.654461261,0.0023
6/21/2023 13:00,1.808626597,0.0026
6/21/2023 13:15,2.247064306,0.0032
6/21/2023 13:30,2.5487565,0.0036
6/21/2023 13:45,2.343658254,0.0033
6/21/2023 14:00,1.974887489,0.0028
6/21/2023 14:15,2.5487565,0.0036
6/21/2023 14:30,2.546942543,0.0036
6/21/2023 14:45,2.5487565,0.0036
6/21/2023 15:00,1.808626597,0.0026
6/21/2023 15:15,2.247064306,0.0032
6/21/2023 15:30,1.808626597,0.0026
6/21/2023 15:45,1.808626597,0.0026
6/21/2023 16:00,2.061973956,0.0029
6/21/2023 16:15,2.245427057,0.0032
6/21/2023 16:30,1.973413743,0.0028
6/21/2023 16:45,2.766400111,0.0039
6/21/2023 17:00,2.245427057,0.0032
6/21/2023 17:15,2.546942543,0.0036
6/21/2023 17:30,2.766400111,0.0039
6/21/2023 17:45,2.247064306,0.0032
6/21/2023 18:00,2.5487565,0.0036
6/21/2023 18:15,1.974887489,0.0028
6/21/2023 18:30,1.974887489,0.0028
6/21/2023 18:45,1.974887489,0.0028
6/21/2023 19:00,1.974887489,0.0028
6/21/2023 19:15,2.766400111,0.0039
6/21/2023 19:30,2.247064306,0.0032
6/21/2023 19:45,2.880982424,0.0041
6/21/2023 20:00,2.880982424,0.0041
6/21/2023 20:15,2.546942543,0.0036
6/21/2023 20:30,2.880982424,0.0041
6/21/2023 20:45,2.245427057,0.0032
6/21/2023 21:00,2.546942543,0.0036
6/21/2023 21:15,1.580963352,0.0022
6/21/2023 21:30,1.379054109,0.002
6/21/2023 21:45,1.654461261,0.0023
6/21/2023 22:00,2.061973956,0.0029
6/21/2023 22:15,2.061973956,0.0029
6/21/2023 22:30,2.343658254,0.0033
6/21/2023 22:45,2.061973956,0.0029
6/21/2023 23:00,1.808626597,0.0026
6/21/2023 23:15,2.061973956,0.0029
6/21/2023 23:30,2.655819812,0.0038
6/21/2023 23:45,1.808626597,0.0026
6/22/2023 0:00,1.973413743,0.0028
6/22/2023 0:15,1.973413743,0.0028
6/22/2023 0:30,2.341965306,0.0033
6/22/2023 0:45,1.973413743,0.0028
6/22/2023 1:00,2.245427057,0.0032
6/22/2023 1:15,1.973413743,0.0028
6/22/2023 1:30,2.245427057,0.0032
6/22/2023 1:45,1.973413743,0.0028
6/22/2023 2:00,2.245427057,0.0032
6/22/2023 2:15,2.546942543,0.0036
6/22/2023 2:30,2.245427057,0.0032
6/22/2023 2:45,2.546942543,0.0036
6/22/2023 3:00,2.546942543,0.0036
6/22/2023 3:15,1.808626597,0.0026
6/22/2023 3:30,2.546942543,0.0036
6/22/2023 3:45,2.061973956,0.0029
6/22/2023 4:00,2.247064306,0.0032
6/22/2023 4:15,2.44355038,0.0035
6/22/2023 4:30,2.546942543,0.0036
6/22/2023 4:45,1.973413743,0.0028
6/22/2023 5:00,2.060445487,0.0029
6/22/2023 5:15,2.060445487,0.0029
6/22/2023 5:30,2.060445487,0.0029
6/22/2023 5:45,2.245427057,0.0032
6/22/2023 6:00,2.060445487,0.0029
6/22/2023 6:15,2.245427057,0.0032
6/22/2023 6:30,2.343658254,0.0033
6/22/2023 6:45,1.807258185,0.0026
6/22/2023 7:00,1.808626597,0.0026
6/22/2023 7:15,2.061973956,0.0029
6/22/2023 7:30,2.343658254,0.0033
6/22/2023 7:45,2.061973956,0.0029
6/22/2023 8:00,2.882992075,0.0041
6/22/2023 8:15,2.882992075,0.0041
6/22/2023 8:30,2.5487565,0.0036
6/22/2023 8:45,2.247064306,0.0032
6/22/2023 9:00,2.343658254,0.0033
6/22/2023 9:15,2.343658254,0.0033
6/22/2023 9:30,3.001562931,0.0042
6/22/2023 9:45,1.88950475,0.0027
6/22/2023 10:00,1.654461261,0.0023
6/22/2023 10:15,1.654461261,0.0023
6/22/2023 10:30,1.808626597,0.0026
6/22/2023 10:45,2.247064306,0.0032
6/22/2023 11:00,2.5487565,0.0036
6/22/2023 11:15,1.808626597,0.0026
6/22/2023 11:30,2.546942543,0.0036
6/22/2023 11:45,2.5487565,0.0036
6/22/2023 12:00,2.343658254,0.0033
6/22/2023 12:15,1.582185684,0.0022
6/22/2023 12:30,1.808626597,0.0026
6/22/2023 12:45,2.245427057,0.0032
6/22/2023 13:00,2.546942543,0.0036
6/22/2023 13:15,2.060445487,0.0029
6/22/2023 13:30,2.546942543,0.0036
6/22/2023 13:45,2.44355038,0.0035
6/22/2023 14:00,2.245427057,0.0032
6/22/2023 14:15,1.973413743,0.0028
6/22/2023 14:30,1.973413743,0.0028
6/22/2023 14:45,2.245427057,0.0032
6/22/2023 15:00,1.379054109,0.002
6/22/2023 15:15,1.582185684,0.0022
6/22/2023 15:30,1.582185684,0.0022
6/22/2023 15:45,1.808626597,0.0026
6/22/2023 16:00,1.974887489,0.0028
6/22/2023 16:15,1.380143445,0.002
6/22/2023 16:30,1.380143445,0.002
6/22/2023 16:45,1.511415151,0.0021
6/22/2023 17:00,1.730820966,0.0025
6/22/2023 17:15,1.973413743,0.0028
6/22/2023 17:30,1.511415151,0.0021
6/22/2023 17:45,1.582185684,0.0022
6/22/2023 18:00,1.973413743,0.0028
6/22/2023 18:15,1.808626597,0.0026
6/22/2023 18:30,1.973413743,0.0028
6/22/2023 18:45,1.582185684,0.0022
6/22/2023 19:00,1.380143445,0.002
6/22/2023 19:15,1.974887489,0.0028
6/22/2023 19:30,1.580963352,0.0022
6/22/2023 19:45,2.247064306,0.0032
6/22/2023 20:00,1.730820966,0.0025
6/22/2023 20:15,2.247064306,0.0032
6/22/2023 20:30,2.5487565,0.0036
6/22/2023 20:45,1.582185684,0.0022
6/22/2023 21:00,2.247064306,0.0032
6/22/2023 21:15,1.974887489,0.0028
6/22/2023 21:30,1.808626597,0.0026
6/22/2023 21:45,2.546942543,0.0036
6/22/2023 22:00,1.973413743,0.0028
6/22/2023 22:15,2.245427057,0.0032
6/22/2023 22:30,1.973413743,0.0028
6/22/2023 22:45,2.060445487,0.0029
6/22/2023 23:00,2.546942543,0.0036
6/22/2023 23:15,2.546942543,0.0036
6/22/2023 23:30,2.880982424,0.0041
6/22/2023 23:45,1.807258185,0.0026
6/23/2023 0:00,2.341965306,0.0033
6/23/2023 0:15,2.546942543,0.0036
6/23/2023 0:30,2.341965306,0.0033
6/23/2023 0:45,2.060445487,0.0029
6/23/2023 1:00,2.245427057,0.0032
6/23/2023 1:15,2.060445487,0.0029
6/23/2023 1:30,2.060445487,0.0029
6/23/2023 1:45,2.766400111,0.0039
6/23/2023 2:00,2.880982424,0.0041
6/23/2023 2:15,2.060445487,0.0029
6/23/2023 2:30,2.245427057,0.0032
6/23/2023 2:45,2.766400111,0.0039
6/23/2023 3:00,2.546942543,0.0036
6/23/2023 3:15,2.341965306,0.0033
6/23/2023 3:30,2.546942543,0.0036
6/23/2023 3:45,2.245427057,0.0032
6/23/2023 4:00,2.546942543,0.0036
6/23/2023 4:15,3.36806233,0.0048
6/23/2023 4:30,2.245427057,0.0032
6/23/2023 4:45,3.36806233,0.0048
6/23/2023 5:00,2.546942543,0.0036
6/23/2023 5:15,2.880982424,0.0041
6/23/2023 5:30,2.546942543,0.0036
6/23/2023 5:45,3.869827791,0.0055
6/23/2023 6:00,3.36806233,0.0048
6/23/2023 6:15,3.36806233,0.0048
6/23/2023 6:30,2.546942543,0.0036
6/23/2023 6:45,2.060445487,0.0029
6/23/2023 7:00,2.880982424,0.0041
6/23/2023 7:15,2.546942543,0.0036
6/23/2023 7:30,2.880982424,0.0041
6/23/2023 7:45,2.245427057,0.0032
6/23/2023 8:00,2.882992075,0.0041
6/23/2023 8:15,2.061973956,0.0029
6/23/2023 8:30,2.061973956,0.0029
6/23/2023 8:45,2.655819812,0.0038
6/23/2023 9:00,2.882992075,0.0041
6/23/2023 9:15,2.245427057,0.0032
6/23/2023 9:30,6.694025856,0.0095
6/23/2023 9:45,2.880982424,0.0041
6/23/2023 10:00,1.973413743,0.0028
6/23/2023 10:15,2.880982424,0.0041
6/23/2023 10:30,2.880982424,0.0041
6/23/2023 10:45,2.546942543,0.0036
6/23/2023 11:00,2.245427057,0.0032
6/23/2023 11:15,1.973413743,0.0028
6/23/2023 11:30,2.880982424,0.0041
6/23/2023 11:45,2.245427057,0.0032
6/23/2023 12:00,2.880982424,0.0041
6/23/2023 12:15,2.546942543,0.0036
6/23/2023 12:30,2.152228212,0.003
6/23/2023 12:45,1.582185684,0.0022
6/23/2023 13:00,1.973413743,0.0028
6/23/2023 13:15,2.44355038,0.0035
6/23/2023 13:30,1.974887489,0.0028
6/23/2023 13:45,1.200201638,0.0017
6/23/2023 14:00,1.512591988,0.0021
6/23/2023 14:15,1.318149035,0.0019
6/23/2023 14:30,1.730820966,0.0025
6/23/2023 14:45,1.318149035,0.0019
6/23/2023 15:00,2.247064306,0.0032
6/23/2023 15:15,1.582185684,0.0022
6/23/2023 15:30,1.730820966,0.0025
6/23/2023 15:45,2.061973956,0.0029
6/23/2023 16:00,1.582185684,0.0022
6/23/2023 16:15,2.5487565,0.0036
6/23/2023 16:30,2.44355038,0.0035
6/23/2023 16:45,2.061973956,0.0029
6/23/2023 17:00,1.974887489,0.0028
6/23/2023 17:15,2.5487565,0.0036
6/23/2023 17:30,2.44355038,0.0035
6/23/2023 17:45,2.766400111,0.0039
6/23/2023 18:00,2.247064306,0.0032
6/23/2023 18:15,1.974887489,0.0028
6/23/2023 18:30,2.247064306,0.0032
6/23/2023 18:45,1.974887489,0.0028
6/23/2023 19:00,2.44355038,0.0035
6/23/2023 19:15,2.247064306,0.0032
6/23/2023 19:30,2.247064306,0.0032
6/23/2023 19:45,2.766400111,0.0039
6/23/2023 20:00,2.766400111,0.0039
6/23/2023 20:15,2.546942543,0.0036
6/23/2023 20:30,1.729502407,0.0024
6/23/2023 20:45,1.807258185,0.0026
6/23/2023 21:00,2.245427057,0.0032
6/23/2023 21:15,1.973413743,0.0028
6/23/2023 21:30,2.546942543,0.0036
6/23/2023 21:45,2.655819812,0.0038
6/23/2023 22:00,1.808626597,0.0026
6/23/2023 22:15,2.882992075,0.0041
6/23/2023 22:30,2.882992075,0.0041
6/23/2023 22:45,2.247064306,0.0032
6/23/2023 23:00,2.247064306,0.0032
6/23/2023 23:15,2.343658254,0.0033
6/23/2023 23:30,2.655819812,0.0038
6/23/2023 23:45,2.343658254,0.0033
6/24/2023 0:00,2.343658254,0.0033
6/24/2023 0:15,2.343658254,0.0033
6/24/2023 0:30,2.882992075,0.0041
6/24/2023 0:45,5.519351521,0.0078
6/24/2023 1:00,2.880982424,0.0041
6/24/2023 1:15,2.880982424,0.0041
6/24/2023 1:30,2.245427057,0.0032
6/24/2023 1:45,2.546942543,0.0036
6/24/2023 2:00,2.880982424,0.0041
6/24/2023 2:15,3.869827791,0.0055
6/24/2023 2:30,3.869827791,0.0055
6/24/2023 2:45,3.869827791,0.0055
6/24/2023 3:00,3.869827791,0.0055
6/24/2023 3:15,2.880982424,0.0041
6/24/2023 3:30,2.546942543,0.0036
6/24/2023 3:45,3.869827791,0.0055
6/24/2023 4:00,2.882992075,0.0041
6/24/2023 4:15,6.694025856,0.0095
6/24/2023 4:30,6.694025856,0.0095
6/24/2023 4:45,3.36806233,0.0048
6/24/2023 5:00,3.36806233,0.0048
6/24/2023 5:15,5.519351521,0.0078
6/24/2023 5:30,3.878679674,0.0055
6/24/2023 5:45,3.869827791,0.0055
6/24/2023 6:00,2.880982424,0.0041
6/24/2023 6:15,4.946630151,0.007
6/24/2023 6:30,3.878679674,0.0055
6/24/2023 6:45,6.694025856,0.0095
6/24/2023 7:00,3.878679674,0.0055
6/24/2023 7:15,3.001562931,0.0042
6/24/2023 7:30,2.546942543,0.0036
6/24/2023 7:45,4.392894674,0.0062
6/24/2023 8:00,2.341965306,0.0033
6/24/2023 8:15,2.653942833,0.0038
6/24/2023 8:30,3.869827791,0.0055
6/24/2023 8:45,2.999484758,0.0042
6/24/2023 9:00,2.653942833,0.0038
6/24/2023 9:15,2.341965306,0.0033
6/24/2023 9:30,2.999484758,0.0042
6/24/2023 9:45,2.880982424,0.0041
6/24/2023 10:00,2.341965306,0.0033
6/24/2023 10:15,2.999484758,0.0042
6/24/2023 10:30,3.001562931,0.0042
6/24/2023 10:45,2.343658254,0.0033
6/24/2023 11:00,3.001562931,0.0042
6/24/2023 11:15,1.88950475,0.0027
6/24/2023 11:30,1.88950475,0.0027
6/24/2023 11:45,3.001562931,0.0042
6/24/2023 12:00,1.654461261,0.0023
6/24/2023 12:15,2.343658254,0.0033
6/24/2023 12:30,2.061973956,0.0029
6/24/2023 12:45,1.654461261,0.0023
6/24/2023 13:00,2.060445487,0.0029
6/24/2023 13:15,2.343658254,0.0033
6/24/2023 13:30,1.654461261,0.0023
6/24/2023 13:45,2.343658254,0.0033
6/24/2023 14:00,2.880982424,0.0041
6/24/2023 14:15,2.341965306,0.0033
6/24/2023 14:30,1.444465427,0.002
6/24/2023 14:45,2.343658254,0.0033
6/24/2023 15:00,2.343658254,0.0033
6/24/2023 15:15,1.88950475,0.0027
6/24/2023 15:30,1.88950475,0.0027
6/24/2023 15:45,2.655819812,0.0038
6/24/2023 16:00,2.653942833,0.0038
6/24/2023 16:15,1.807258185,0.0026
6/24/2023 16:30,2.341965306,0.0033
6/24/2023 16:45,2.152228212,0.003
6/24/2023 17:00,2.44355038,0.0035
6/24/2023 17:15,2.880982424,0.0041
6/24/2023 17:30,2.880982424,0.0041
6/24/2023 17:45,1.88950475,0.0027
6/24/2023 18:00,2.341965306,0.0033
6/24/2023 18:15,2.152228212,0.003
6/24/2023 18:30,2.152228212,0.003
6/24/2023 18:45,1.88950475,0.0027
6/24/2023 19:00,2.152228212,0.003
6/24/2023 19:15,2.343658254,0.0033
6/24/2023 19:30,1.88950475,0.0027
6/24/2023 19:45,2.152228212,0.003
6/24/2023 20:00,1.729502407,0.0024
6/24/2023 20:15,1.88950475,0.0027
6/24/2023 20:30,2.152228212,0.003
6/24/2023 20:45,1.88950475,0.0027
6/24/2023 21:00,2.766400111,0.0039
6/24/2023 21:15,1.88950475,0.0027
6/24/2023 21:30,1.729502407,0.0024
6/24/2023 21:45,2.152228212,0.003
6/24/2023 22:00,2.152228212,0.003
6/24/2023 22:15,2.152228212,0.003
6/24/2023 22:30,2.44355038,0.0035
6/24/2023 22:45,2.44355038,0.0035
6/24/2023 23:00,2.766400111,0.0039
6/24/2023 23:15,2.653942833,0.0038
6/24/2023 23:30,2.152228212,0.003
6/24/2023 23:45,2.44355038,0.0035
6/25/2023 0:00,2.152228212,0.003
6/25/2023 0:15,2.152228212,0.003
6/25/2023 0:30,2.44355038,0.0035
6/25/2023 0:45,2.655819812,0.0038
6/25/2023 1:00,1.973413743,0.0028
6/25/2023 1:15,2.655819812,0.0038
6/25/2023 1:30,2.655819812,0.0038
6/25/2023 1:45,4.402110956,0.0062
6/25/2023 2:00,2.343658254,0.0033
6/25/2023 2:15,2.655819812,0.0038
6/25/2023 2:30,3.001562931,0.0042
6/25/2023 2:45,3.001562931,0.0042
6/25/2023 3:00,4.402110956,0.0062
6/25/2023 3:15,3.001562931,0.0042
6/25/2023 3:30,3.001562931,0.0042
6/25/2023 3:45,2.152228212,0.003
6/25/2023 4:00,3.001562931,0.0042
6/25/2023 4:15,3.001562931,0.0042
6/25/2023 4:30,2.655819812,0.0038
6/25/2023 4:45,2.655819812,0.0038
6/25/2023 5:00,3.001562931,0.0042
6/25/2023 5:15,2.44355038,0.0035
6/25/2023 5:30,2.653942833,0.0038
6/25/2023 5:45,2.44355038,0.0035
6/25/2023 6:00,2.999484758,0.0042
6/25/2023 6:15,2.44355038,0.0035
6/25/2023 6:30,2.152228212,0.003
6/25/2023 6:45,2.766400111,0.0039
6/25/2023 7:00,2.766400111,0.0039
6/25/2023 7:15,2.44355038,0.0035
6/25/2023 7:30,2.44355038,0.0035
6/25/2023 7:45,2.152228212,0.003
6/25/2023 8:00,2.44355038,0.0035
6/25/2023 8:15,3.36806233,0.0048
6/25/2023 8:30,2.44355038,0.0035
6/25/2023 8:45,2.245427057,0.0032
6/25/2023 9:00,2.44355038,0.0035
6/25/2023 9:15,4.946630151,0.007
6/25/2023 9:30,2.44355038,0.0035
6/25/2023 9:45,2.245427057,0.0032
6/25/2023 10:00,2.44355038,0.0035
6/25/2023 10:15,2.245427057,0.0032
6/25/2023 10:30,2.152228212,0.003
6/25/2023 10:45,1.379054109,0.002
6/25/2023 11:00,2.44355038,0.0035
6/25/2023 11:15,3.36806233,0.0048
6/25/2023 11:30,2.44355038,0.0035
6/25/2023 11:45,2.766400111,0.0039
6/25/2023 12:00,4.402110956,0.0062
6/25/2023 12:15,2.245427057,0.0032
6/25/2023 12:30,2.152228212,0.003
6/25/2023 12:45,2.44355038,0.0035
6/25/2023 13:00,2.44355038,0.0035
6/25/2023 13:15,1.729502407,0.0024
6/25/2023 13:30,2.44355038,0.0035
6/25/2023 13:45,1.88950475,0.0027
6/25/2023 14:00,1.88950475,0.0027
6/25/2023 14:15,1.974887489,0.0028
6/25/2023 14:30,2.152228212,0.003
6/25/2023 14:45,1.974887489,0.0028
6/25/2023 15:00,1.511415151,0.0021
6/25/2023 15:15,1.974887489,0.0028
6/25/2023 15:30,2.152228212,0.003
6/25/2023 15:45,1.729502407,0.0024
6/25/2023 16:00,1.729502407,0.0024
6/25/2023 16:15,2.152228212,0.003
6/25/2023 16:30,2.44355038,0.0035
6/25/2023 16:45,1.88950475,0.0027
6/25/2023 17:00,1.654461261,0.0023
6/25/2023 17:15,1.88950475,0.0027
6/25/2023 17:30,1.88950475,0.0027
6/25/2023 17:45,1.88950475,0.0027
6/25/2023 18:00,1.444465427,0.002
6/25/2023 18:15,1.88950475,0.0027
6/25/2023 18:30,1.654461261,0.0023
6/25/2023 18:45,1.444465427,0.002
6/25/2023 19:00,2.061973956,0.0029
6/25/2023 19:15,1.88950475,0.0027
6/25/2023 19:30,2.152228212,0.003
6/25/2023 19:45,2.061973956,0.0029
6/25/2023 20:00,2.152228212,0.003
6/25/2023 20:15,2.44355038,0.0035
6/25/2023 20:30,1.88950475,0.0027
6/25/2023 20:45,1.88950475,0.0027
6/25/2023 21:00,1.88950475,0.0027
6/25/2023 21:15,2.152228212,0.003
6/25/2023 21:30,2.152228212,0.003
6/25/2023 21:45,2.152228212,0.003
6/25/2023 22:00,2.766400111,0.0039
6/25/2023 22:15,2.341965306,0.0033
6/25/2023 22:30,1.974887489,0.0028
6/25/2023 22:45,1.512591988,0.0021
6/25/2023 23:00,2.44355038,0.0035
6/25/2023 23:15,1.88950475,0.0027
6/25/2023 23:30,2.44355038,0.0035
6/25/2023 23:45,1.974887489,0.0028
6/26/2023 0:00,1.974887489,0.0028
6/26/2023 0:15,1.730820966,0.0025
6/26/2023 0:30,2.766400111,0.0039
6/26/2023 0:45,1.654461261,0.0023
6/26/2023 1:00,1.88950475,0.0027
6/26/2023 1:15,1.88950475,0.0027
6/26/2023 1:30,2.44355038,0.0035
6/26/2023 1:45,2.766400111,0.0039
6/26/2023 2:00,2.44355038,0.0035
6/26/2023 2:15,2.653942833,0.0038
6/26/2023 2:30,2.766400111,0.0039
6/26/2023 2:45,2.152228212,0.003
6/26/2023 3:00,2.999484758,0.0042
6/26/2023 3:15,2.44355038,0.0035
6/26/2023 3:30,2.766400111,0.0039
6/26/2023 3:45,2.343658254,0.0033
6/26/2023 4:00,2.44355038,0.0035
6/26/2023 4:15,2.343658254,0.0033
6/26/2023 4:30,2.152228212,0.003
6/26/2023 4:45,3.001562931,0.0042
6/26/2023 5:00,2.655819812,0.0038
6/26/2023 5:15,2.343658254,0.0033
6/26/2023 5:30,2.152228212,0.003
6/26/2023 5:45,2.44355038,0.0035
6/26/2023 6:00,1.729502407,0.0024
6/26/2023 6:15,4.392894674,0.0062
6/26/2023 6:30,2.44355038,0.0035
6/26/2023 6:45,2.653942833,0.0038
6/26/2023 7:00,2.341965306,0.0033
6/26/2023 7:15,2.653942833,0.0038
6/26/2023 7:30,2.44355038,0.0035
6/26/2023 7:45,2.341965306,0.0033
6/26/2023 8:00,2.44355038,0.0035
6/26/2023 8:15,2.152228212,0.003
6/26/2023 8:30,2.44355038,0.0035
6/26/2023 8:45,2.152228212,0.003
6/26/2023 9:00,2.766400111,0.0039
6/26/2023 9:15,2.653942833,0.0038
6/26/2023 9:30,2.341965306,0.0033
6/26/2023 9:45,4.392894674,0.0062
6/26/2023 10:00,2.999484758,0.0042
6/26/2023 10:15,2.247064306,0.0032
6/26/2023 10:30,2.152228212,0.003
6/26/2023 10:45,2.766400111,0.0039
6/26/2023 11:00,2.655819812,0.0038
6/26/2023 11:15,1.88950475,0.0027
6/26/2023 11:30,2.061973956,0.0029
6/26/2023 11:45,2.655819812,0.0038
6/26/2023 12:00,1.511415151,0.0021
6/26/2023 12:15,2.655819812,0.0038
6/26/2023 12:30,2.343658254,0.0033
6/26/2023 12:45,2.343658254,0.0033
6/26/2023 13:00,1.444465427,0.002
6/26/2023 13:15,2.061973956,0.0029
6/26/2023 13:30,2.343658254,0.0033
6/26/2023 13:45,1.654461261,0.0023
6/26/2023 14:00,2.060445487,0.0029
6/26/2023 14:15,2.060445487,0.0029
6/26/2023 14:30,2.060445487,0.0029
6/26/2023 14:45,1.654461261,0.0023
6/26/2023 15:00,1.808626597,0.0026
6/26/2023 15:15,1.88950475,0.0027
6/26/2023 15:30,2.343658254,0.0033
6/26/2023 15:45,1.808626597,0.0026
6/26/2023 16:00,2.061973956,0.0029
6/26/2023 16:15,1.444465427,0.002
6/26/2023 16:30,1.582185684,0.0022
6/26/2023 16:45,2.343658254,0.0033
6/26/2023 17:00,1.654461261,0.0023
6/26/2023 17:15,1.808626597,0.0026
6/26/2023 17:30,1.654461261,0.0023
6/26/2023 17:45,2.546942543,0.0036
6/26/2023 18:00,1.808626597,0.0026
6/26/2023 18:15,1.654461261,0.0023
6/26/2023 18:30,2.061973956,0.0029
6/26/2023 18:45,1.654461261,0.0023
6/26/2023 19:00,2.341965306,0.0033
6/26/2023 19:15,1.257509953,0.0018
6/26/2023 19:30,2.655819812,0.0038
6/26/2023 19:45,2.061973956,0.0029
6/26/2023 20:00,2.061973956,0.0029
6/26/2023 20:15,2.653942833,0.0038
6/26/2023 20:30,2.882992075,0.0041
6/26/2023 20:45,2.343658254,0.0033
6/26/2023 21:00,1.808626597,0.0026
6/26/2023 21:15,2.060445487,0.0029
6/26/2023 21:30,1.88950475,0.0027
6/26/2023 21:45,2.44355038,0.0035
6/26/2023 22:00,1.88950475,0.0027
6/26/2023 22:15,2.343658254,0.0033
6/26/2023 22:30,2.343658254,0.0033
6/26/2023 22:45,2.152228212,0.003
6/26/2023 23:00,2.152228212,0.003
6/26/2023 23:15,2.44355038,0.0035
6/26/2023 23:30,2.152228212,0.003
6/26/2023 23:45,2.341965306,0.0033
6/27/2023 0:00,2.653942833,0.0038
6/27/2023 0:15,4.392894674,0.0062
6/27/2023 0:30,2.341965306,0.0033
6/27/2023 0:45,2.343658254,0.0033
6/27/2023 1:00,2.880982424,0.0041
6/27/2023 1:15,2.343658254,0.0033
6/27/2023 1:30,2.343658254,0.0033
6/27/2023 1:45,2.061973956,0.0029
6/27/2023 2:00,2.882992075,0.0041
6/27/2023 2:15,2.882992075,0.0041
6/27/2023 2:30,2.880982424,0.0041
6/27/2023 2:45,2.061973956,0.0029
6/27/2023 3:00,2.247064306,0.0032
6/27/2023 3:15,2.5487565,0.0036
6/27/2023 3:30,2.5487565,0.0036
6/27/2023 3:45,2.061973956,0.0029
6/27/2023 4:00,2.343658254,0.0033
6/27/2023 4:15,2.5487565,0.0036
6/27/2023 4:30,2.061973956,0.0029
6/27/2023 4:45,2.5487565,0.0036
6/27/2023 5:00,2.343658254,0.0033
6/27/2023 5:15,2.5487565,0.0036
6/27/2023 5:30,4.946630151,0.007
6/27/2023 5:45,2.247064306,0.0032
6/27/2023 6:00,3.878679674,0.0055
6/27/2023 6:15,4.946630151,0.007
6/27/2023 6:30,2.655819812,0.0038
6/27/2023 6:45,3.001562931,0.0042
6/27/2023 7:00,2.655819812,0.0038
6/27/2023 7:15,5.509495866,0.0078
6/27/2023 7:30,2.880982424,0.0041
6/27/2023 7:45,2.880982424,0.0041
6/27/2023 8:00,2.653942833,0.0038
6/27/2023 8:15,2.999484758,0.0042
6/27/2023 8:30,2.880982424,0.0041
6/27/2023 8:45,2.880982424,0.0041
6/27/2023 9:00,3.869827791,0.0055
6/27/2023 9:15,3.001562931,0.0042
6/27/2023 9:30,2.882992075,0.0041
6/27/2023 9:45,3.878679674,0.0055
6/27/2023 10:00,2.247064306,0.0032
6/27/2023 10:15,5.519351521,0.0078
6/27/2023 10:30,2.882992075,0.0041
6/27/2023 10:45,2.882992075,0.0041
6/27/2023 11:00,2.247064306,0.0032
6/27/2023 11:15,4.946630151,0.007
6/27/2023 11:30,2.882992075,0.0041
6/27/2023 11:45,2.061973956,0.0029
6/27/2023 12:00,2.766400111,0.0039
6/27/2023 12:15,2.880982424,0.0041
6/27/2023 12:30,4.946630151,0.007
6/27/2023 12:45,3.36806233,0.0048
6/27/2023 13:00,1.582185684,0.0022
6/27/2023 13:15,3.36806233,0.0048
6/27/2023 13:30,2.245427057,0.0032
6/27/2023 13:45,1.807258185,0.0026
6/27/2023 14:00,2.655819812,0.0038
6/27/2023 14:15,2.882992075,0.0041
6/27/2023 14:30,2.655819812,0.0038
6/27/2023 14:45,2.766400111,0.0039
6/27/2023 15:00,2.245427057,0.0032
6/27/2023 15:15,4.946630151,0.007
6/27/2023 15:30,2.061973956,0.0029
6/27/2023 15:45,2.880982424,0.0041
6/27/2023 16:00,2.245427057,0.0032
6/27/2023 16:15,2.343658254,0.0033
6/27/2023 16:30,2.341965306,0.0033
6/27/2023 16:45,4.946630151,0.007
6/27/2023 17:00,2.766400111,0.0039
6/27/2023 17:15,2.766400111,0.0039
6/27/2023 17:30,2.882992075,0.0041
6/27/2023 17:45,2.766400111,0.0039
6/27/2023 18:00,2.882992075,0.0041
6/27/2023 18:15,2.766400111,0.0039
6/27/2023 18:30,4.392894674,0.0062
6/27/2023 18:45,2.882992075,0.0041
6/27/2023 19:00,2.5487565,0.0036
6/27/2023 19:15,2.882992075,0.0041
6/27/2023 19:30,2.44355038,0.0035
6/27/2023 19:45,2.5487565,0.0036
6/27/2023 20:00,2.766400111,0.0039
6/27/2023 20:15,3.36806233,0.0048
6/27/2023 20:30,4.946630151,0.007
6/27/2023 20:45,2.880982424,0.0041
6/27/2023 21:00,2.546942543,0.0036
6/27/2023 21:15,2.060445487,0.0029
6/27/2023 21:30,1.580963352,0.0022
6/27/2023 21:45,2.245427057,0.0032
6/27/2023 22:00,2.546942543,0.0036
6/27/2023 22:15,2.343658254,0.0033
6/27/2023 22:30,2.343658254,0.0033
6/27/2023 22:45,2.343658254,0.0033
6/27/2023 23:00,2.655819812,0.0038
6/27/2023 23:15,2.343658254,0.0033
6/27/2023 23:30,3.878679674,0.0055
6/27/2023 23:45,3.878679674,0.0055
6/28/2023 0:00,2.882992075,0.0041
6/28/2023 0:15,2.061973956,0.0029
6/28/2023 0:30,2.882992075,0.0041
6/28/2023 0:45,2.5487565,0.0036
6/28/2023 1:00,2.655819812,0.0038
6/28/2023 1:15,2.5487565,0.0036
6/28/2023 1:30,2.882992075,0.0041
6/28/2023 1:45,2.655819812,0.0038
6/28/2023 2:00,3.36806233,0.0048
6/28/2023 2:15,2.546942543,0.0036
6/28/2023 2:30,2.880982424,0.0041
6/28/2023 2:45,2.880982424,0.0041
6/28/2023 3:00,2.880982424,0.0041
6/28/2023 3:15,2.880982424,0.0041
6/28/2023 3:30,2.880982424,0.0041
6/28/2023 3:45,2.880982424,0.0041
6/28/2023 4:00,2.880982424,0.0041
6/28/2023 4:15,5.509495866,0.0078
6/28/2023 4:30,3.869827791,0.0055
6/28/2023 4:45,2.546942543,0.0036
6/28/2023 5:00,3.869827791,0.0055
6/28/2023 5:15,2.546942543,0.0036
6/28/2023 5:30,2.245427057,0.0032
6/28/2023 5:45,3.869827791,0.0055
6/28/2023 6:00,2.546942543,0.0036
6/28/2023 6:15,1.807258185,0.0026
6/28/2023 6:30,2.882992075,0.0041
6/28/2023 6:45,2.655819812,0.0038
6/28/2023 7:00,2.882992075,0.0041
6/28/2023 7:15,2.5487565,0.0036
6/28/2023 7:30,3.001562931,0.0042
6/28/2023 7:45,2.655819812,0.0038
6/28/2023 8:00,2.061973956,0.0029
6/28/2023 8:15,2.343658254,0.0033
6/28/2023 8:30,2.999484758,0.0042
6/28/2023 8:45,2.653942833,0.0038
6/28/2023 9:00,2.653942833,0.0038
6/28/2023 9:15,2.341965306,0.0033
6/28/2023 9:30,2.060445487,0.0029
6/28/2023 9:45,2.343658254,0.0033
6/28/2023 10:00,2.653942833,0.0038
6/28/2023 10:15,2.152228212,0.003
6/28/2023 10:30,2.341965306,0.0033
6/28/2023 10:45,2.341965306,0.0033
6/28/2023 11:00,2.060445487,0.0029
6/28/2023 11:15,2.060445487,0.0029
6/28/2023 11:30,2.546942543,0.0036
6/28/2023 11:45,2.245427057,0.0032
6/28/2023 12:00,2.245427057,0.0032
6/28/2023 12:15,2.343658254,0.0033
6/28/2023 12:30,2.061973956,0.0029
6/28/2023 12:45,2.061973956,0.0029
6/28/2023 13:00,2.882992075,0.0041
6/28/2023 13:15,2.247064306,0.0032
6/28/2023 13:30,1.582185684,0.0022
6/28/2023 13:45,2.247064306,0.0032
6/28/2023 14:00,1.808626597,0.0026
6/28/2023 14:15,1.257509953,0.0018
6/28/2023 14:30,1.444465427,0.002
6/28/2023 14:45,2.245427057,0.0032
6/28/2023 15:00,1.807258185,0.0026
6/28/2023 15:15,1.973413743,0.0028
6/28/2023 15:30,1.654461261,0.0023
6/28/2023 15:45,1.580963352,0.0022
6/28/2023 16:00,1.807258185,0.0026
6/28/2023 16:15,1.580963352,0.0022
6/28/2023 16:30,1.807258185,0.0026
6/28/2023 16:45,2.060445487,0.0029
6/28/2023 17:00,1.580963352,0.0022
6/28/2023 17:15,2.060445487,0.0029
6/28/2023 17:30,2.060445487,0.0029
6/28/2023 17:45,2.060445487,0.0029
6/28/2023 18:00,1.807258185,0.0026
6/28/2023 18:15,1.807258185,0.0026
6/28/2023 18:30,2.060445487,0.0029
6/28/2023 18:45,1.580963352,0.0022
6/28/2023 19:00,1.808626597,0.0026
6/28/2023 19:15,1.808626597,0.0026
6/28/2023 19:30,2.546942543,0.0036
6/28/2023 19:45,1.808626597,0.0026
6/28/2023 20:00,1.808626597,0.0026
6/28/2023 20:15,1.973413743,0.0028
6/28/2023 20:30,1.808626597,0.0026
6/28/2023 20:45,1.973413743,0.0028
6/28/2023 21:00,1.807258185,0.0026
6/28/2023 21:15,2.546942543,0.0036
6/28/2023 21:30,1.580963352,0.0022
6/28/2023 21:45,2.546942543,0.0036
6/28/2023 22:00,1.808626597,0.0026
6/28/2023 22:15,2.546942543,0.0036
6/28/2023 22:30,2.882992075,0.0041
6/28/2023 22:45,2.655819812,0.0038
6/28/2023 23:00,2.245427057,0.0032
6/28/2023 23:15,2.655819812,0.0038
6/28/2023 23:30,2.061973956,0.0029
6/28/2023 23:45,2.880982424,0.0041
6/29/2023 0:00,2.343658254,0.0033
6/29/2023 0:15,2.880982424,0.0041
6/29/2023 0:30,2.546942543,0.0036
6/29/2023 0:45,2.546942543,0.0036
6/29/2023 1:00,2.546942543,0.0036
6/29/2023 1:15,2.655819812,0.0038
6/29/2023 1:30,1.582185684,0.0022
6/29/2023 1:45,1.654461261,0.0023
6/29/2023 2:00,2.880982424,0.0041
6/29/2023 2:15,1.973413743,0.0028
6/29/2023 2:30,1.973413743,0.0028
6/29/2023 2:45,2.546942543,0.0036
6/29/2023 3:00,2.341965306,0.0033
6/29/2023 3:15,2.060445487,0.0029
6/29/2023 3:30,2.341965306,0.0033
6/29/2023 3:45,2.060445487,0.0029
6/29/2023 4:00,2.245427057,0.0032
6/29/2023 4:15,2.245427057,0.0032
6/29/2023 4:30,2.061973956,0.0029
6/29/2023 4:45,2.546942543,0.0036
6/29/2023 5:00,2.655819812,0.0038
6/29/2023 5:15,2.5487565,0.0036
6/29/2023 5:30,2.5487565,0.0036
6/29/2023 5:45,3.001562931,0.0042
6/29/2023 6:00,2.5487565,0.0036
6/29/2023 6:15,2.061973956,0.0029
6/29/2023 6:30,2.5487565,0.0036
6/29/2023 6:45,2.061973956,0.0029
6/29/2023 7:00,2.061973956,0.0029
6/29/2023 7:15,2.655819812,0.0038
6/29/2023 7:30,2.655819812,0.0038
6/29/2023 7:45,2.343658254,0.0033
6/29/2023 8:00,2.880982424,0.0041
6/29/2023 8:15,2.341965306,0.0033
6/29/2023 8:30,2.060445487,0.0029
6/29/2023 8:45,2.653942833,0.0038
6/29/2023 9:00,2.341965306,0.0033
6/29/2023 9:15,2.653942833,0.0038
6/29/2023 9:30,2.341965306,0.0033
6/29/2023 9:45,2.999484758,0.0042
6/29/2023 10:00,2.341965306,0.0033
6/29/2023 10:15,2.999484758,0.0042
6/29/2023 10:30,4.392894674,0.0062
6/29/2023 10:45,2.341965306,0.0033
6/29/2023 11:00,2.245427057,0.0032
6/29/2023 11:15,2.653942833,0.0038
6/29/2023 11:30,3.869827791,0.0055
6/29/2023 11:45,2.060445487,0.0029
6/29/2023 12:00,2.546942543,0.0036
6/29/2023 12:15,1.654461261,0.0023
6/29/2023 12:30,1.582185684,0.0022
6/29/2023 12:45,2.152228212,0.003
6/29/2023 13:00,1.974887489,0.0028
6/29/2023 13:15,1.808626597,0.0026
6/29/2023 13:30,2.247064306,0.0032
6/29/2023 13:45,1.808626597,0.0026
6/29/2023 14:00,2.343658254,0.0033
6/29/2023 14:15,1.807258185,0.0026
6/29/2023 14:30,1.257509953,0.0018
6/29/2023 14:45,2.060445487,0.0029
6/29/2023 15:00,2.060445487,0.0029
6/29/2023 15:15,2.060445487,0.0029
6/29/2023 15:30,2.546942543,0.0036
6/29/2023 15:45,2.546942543,0.0036
6/29/2023 16:00,1.973413743,0.0028
6/29/2023 16:15,1.973413743,0.0028
6/29/2023 16:30,1.973413743,0.0028
6/29/2023 16:45,2.061973956,0.0029
6/29/2023 17:00,2.546942543,0.0036
6/29/2023 17:15,1.974887489,0.0028
6/29/2023 17:30,1.380143445,0.002
6/29/2023 17:45,2.5487565,0.0036
6/29/2023 18:00,1.974887489,0.0028
6/29/2023 18:15,2.44355038,0.0035
6/29/2023 18:30,2.247064306,0.0032
6/29/2023 18:45,1.974887489,0.0028
6/29/2023 19:00,2.245427057,0.0032
6/29/2023 19:15,1.808626597,0.0026
6/29/2023 19:30,1.973413743,0.0028
6/29/2023 19:45,1.808626597,0.0026
6/29/2023 20:00,1.973413743,0.0028
6/29/2023 20:15,1.973413743,0.0028
6/29/2023 20:30,2.245427057,0.0032
6/29/2023 20:45,2.245427057,0.0032
6/29/2023 21:00,1.807258185,0.0026
6/29/2023 21:15,2.060445487,0.0029
6/29/2023 21:30,2.880982424,0.0041
6/29/2023 21:45,2.245427057,0.0032
6/29/2023 22:00,2.245427057,0.0032
6/29/2023 22:15,2.245427057,0.0032
6/29/2023 22:30,2.245427057,0.0032
6/29/2023 22:45,1.807258185,0.0026
6/29/2023 23:00,2.245427057,0.0032
6/29/2023 23:15,2.245427057,0.0032
6/29/2023 23:30,1.973413743,0.0028
6/29/2023 23:45,2.245427057,0.0032
6/30/2023 0:00,2.655819812,0.0038
6/30/2023 0:15,2.343658254,0.0033
6/30/2023 0:30,2.343658254,0.0033
6/30/2023 0:45,2.061973956,0.0029
6/30/2023 1:00,2.245427057,0.0032
6/30/2023 1:15,2.546942543,0.0036
6/30/2023 1:30,2.245427057,0.0032
6/30/2023 1:45,2.060445487,0.0029
6/30/2023 2:00,2.245427057,0.0032
6/30/2023 2:15,1.808626597,0.0026
6/30/2023 2:30,2.061973956,0.0029
6/30/2023 2:45,2.061973956,0.0029
6/30/2023 3:00,1.807258185,0.0026
6/30/2023 3:15,1.807258185,0.0026
6/30/2023 3:30,2.880982424,0.0041
6/30/2023 3:45,2.546942543,0.0036
6/30/2023 4:00,1.379054109,0.002
6/30/2023 4:15,2.880982424,0.0041
6/30/2023 4:30,2.341965306,0.0033
6/30/2023 4:45,2.546942543,0.0036
6/30/2023 5:00,1.807258185,0.0026
6/30/2023 5:15,2.060445487,0.0029
6/30/2023 5:30,2.245427057,0.0032
6/30/2023 5:45,2.245427057,0.0032
6/30/2023 6:00,2.880982424,0.0041
6/30/2023 6:15,2.880982424,0.0041
6/30/2023 6:30,2.880982424,0.0041
6/30/2023 6:45,2.882992075,0.0041
6/30/2023 7:00,2.655819812,0.0038
6/30/2023 7:15,2.343658254,0.0033
6/30/2023 7:30,2.5487565,0.0036
6/30/2023 7:45,2.061973956,0.0029
6/30/2023 8:00,2.343658254,0.0033
6/30/2023 8:15,2.343658254,0.0033
6/30/2023 8:30,2.343658254,0.0033
6/30/2023 8:45,2.061973956,0.0029
6/30/2023 9:00,2.343658254,0.0033
6/30/2023 9:15,1.808626597,0.0026
6/30/2023 9:30,2.5487565,0.0036
6/30/2023 9:45,2.247064306,0.0032
6/30/2023 10:00,2.247064306,0.0032
6/30/2023 10:15,2.343658254,0.0033
6/30/2023 10:30,2.343658254,0.0033
6/30/2023 10:45,2.061973956,0.0029
6/30/2023 11:00,2.061973956,0.0029
6/30/2023 11:15,1.808626597,0.0026
6/30/2023 11:30,2.061973956,0.0029
6/30/2023 11:45,2.5487565,0.0036
6/30/2023 12:00,2.061973956,0.0029
6/30/2023 12:15,1.582185684,0.0022
6/30/2023 12:30,1.582185684,0.0022
6/30/2023 12:45,1.582185684,0.0022
6/30/2023 13:00,1.808626597,0.0026
6/30/2023 13:15,1.582185684,0.0022
6/30/2023 13:30,1.444465427,0.002
6/30/2023 13:45,2.245427057,0.0032
6/30/2023 14:00,1.973413743,0.0028
6/30/2023 14:15,1.807258185,0.0026
6/30/2023 14:30,1.379054109,0.002
6/30/2023 14:45,1.580963352,0.0022
6/30/2023 15:00,1.379054109,0.002
6/30/2023 15:15,1.807258185,0.0026
6/30/2023 15:30,1.199233184,0.0017
6/30/2023 15:45,1.729502407,0.0024
6/30/2023 16:00,1.444465427,0.002
6/30/2023 16:15,1.729502407,0.0024
6/30/2023 16:30,1.973413743,0.0028
6/30/2023 16:45,1.808626597,0.0026
6/30/2023 17:00,1.380143445,0.002
6/30/2023 17:15,1.582185684,0.0022
6/30/2023 17:30,1.380143445,0.002
6/30/2023 17:45,1.257509953,0.0018
6/30/2023 18:00,2.061973956,0.0029
6/30/2023 18:15,2.061973956,0.0029
6/30/2023 18:30,1.808626597,0.0026
6/30/2023 18:45,2.245427057,0.0032
6/30/2023 19:00,1.973413743,0.0028
6/30/2023 19:15,1.380143445,0.002
6/30/2023 19:30,1.580963352,0.0022
6/30/2023 19:45,2.060445487,0.0029
6/30/2023 20:00,1.580963352,0.0022
6/30/2023 20:15,2.060445487,0.0029
6/30/2023 20:30,1.807258185,0.0026
6/30/2023 20:45,1.379054109,0.002
6/30/2023 21:00,2.061973956,0.0029
6/30/2023 21:15,1.582185684,0.0022
6/30/2023 21:30,1.091323134,0.0015
6/30/2023 21:45,2.247064306,0.0032
6/30/2023 22:00,1.88950475,0.0027
6/30/2023 22:15,2.061973956,0.0029
6/30/2023 22:30,2.343658254,0.0033
6/30/2023 22:45,1.808626597,0.0026
6/30/2023 23:00,2.343658254,0.0033
6/30/2023 23:15,2.341965306,0.0033
6/30/2023 23:30,1.88950475,0.0027
6/30/2023 23:45,1.88950475,0.0027
7/1/2023 0:00,2.341965306,0.0033
7/1/2023 0:15,1.654461261,0.0023
7/1/2023 0:30,2.152228212,0.003
7/1/2023 0:45,2.343658254,0.0033
7/1/2023 1:00,2.061973956,0.0029
7/1/2023 1:15,2.343658254,0.0033
7/1/2023 1:30,2.343658254,0.0033
7/1/2023 1:45,2.343658254,0.0033
7/1/2023 2:00,1.808626597,0.0026
7/1/2023 2:15,2.247064306,0.0032
7/1/2023 2:30,1.808626597,0.0026
7/1/2023 2:45,2.882992075,0.0041
7/1/2023 3:00,2.061973956,0.0029
7/1/2023 3:15,2.5487565,0.0036
7/1/2023 3:30,2.343658254,0.0033
7/1/2023 3:45,2.343658254,0.0033
7/1/2023 4:00,2.343658254,0.0033
7/1/2023 4:15,2.655819812,0.0038
7/1/2023 4:30,2.343658254,0.0033
7/1/2023 4:45,2.343658254,0.0033
7/1/2023 5:00,2.546942543,0.0036
7/1/2023 5:15,2.152228212,0.003
7/1/2023 5:30,2.152228212,0.003
7/1/2023 5:45,2.341965306,0.0033
7/1/2023 6:00,2.341965306,0.0033
7/1/2023 6:15,2.341965306,0.0033
7/1/2023 6:30,2.341965306,0.0033
7/1/2023 6:45,2.653942833,0.0038
7/1/2023 7:00,2.653942833,0.0038
7/1/2023 7:15,2.44355038,0.0035
7/1/2023 7:30,2.44355038,0.0035
7/1/2023 7:45,1.88950475,0.0027
7/1/2023 8:00,1.88950475,0.0027
7/1/2023 8:15,1.88950475,0.0027
7/1/2023 8:30,1.654461261,0.0023
7/1/2023 8:45,1.729502407,0.0024
7/1/2023 9:00,2.152228212,0.003
7/1/2023 9:15,2.152228212,0.003
7/1/2023 9:30,1.88950475,0.0027
7/1/2023 9:45,2.152228212,0.003
7/1/2023 10:00,1.511415151,0.0021
7/1/2023 10:15,1.654461261,0.0023
7/1/2023 10:30,2.343658254,0.0033
7/1/2023 10:45,2.152228212,0.003
7/1/2023 11:00,1.729502407,0.0024
7/1/2023 11:15,2.061973956,0.0029
7/1/2023 11:30,2.061973956,0.0029
7/1/2023 11:45,1.729502407,0.0024
7/1/2023 12:00,1.88950475,0.0027
7/1/2023 12:15,2.152228212,0.003
7/1/2023 12:30,1.88950475,0.0027
7/1/2023 12:45,1.973413743,0.0028
7/1/2023 13:00,1.317101139,0.0019
7/1/2023 13:15,1.444465427,0.002
7/1/2023 13:30,1.144174299,0.0016
7/1/2023 13:45,2.44355038,0.0035
7/1/2023 14:00,1.654461261,0.0023
7/1/2023 14:15,1.317101139,0.0019
7/1/2023 14:30,1.654461261,0.0023
7/1/2023 14:45,2.343658254,0.0033
7/1/2023 15:00,1.88950475,0.0027
7/1/2023 15:15,1.729502407,0.0024
7/1/2023 15:30,1.511415151,0.0021
7/1/2023 15:45,2.655819812,0.0038
7/1/2023 16:00,1.444465427,0.002
7/1/2023 16:15,1.318149035,0.0019
7/1/2023 16:30,1.88950475,0.0027
7/1/2023 16:45,1.257509953,0.0018
7/1/2023 17:00,2.060445487,0.0029
7/1/2023 17:15,2.341965306,0.0033
7/1/2023 17:30,2.341965306,0.0033
7/1/2023 17:45,1.257509953,0.0018
7/1/2023 18:00,1.257509953,0.0018
7/1/2023 18:15,2.152228212,0.003
7/1/2023 18:30,2.341965306,0.0033
7/1/2023 18:45,1.444465427,0.002
7/1/2023 19:00,1.654461261,0.0023
7/1/2023 19:15,1.444465427,0.002
7/1/2023 19:30,1.654461261,0.0023
7/1/2023 19:45,1.444465427,0.002
7/1/2023 20:00,1.807258185,0.0026
7/1/2023 20:15,1.145105356,0.0016
7/1/2023 20:30,1.444465427,0.002
7/1/2023 20:45,1.444465427,0.002
7/1/2023 21:00,2.061973956,0.0029
7/1/2023 21:15,1.654461261,0.0023
7/1/2023 21:30,1.317101139,0.0019
7/1/2023 21:45,2.152228212,0.003
7/1/2023 22:00,1.88950475,0.0027
7/1/2023 22:15,1.444465427,0.002
7/1/2023 22:30,1.730820966,0.0025
7/1/2023 22:45,1.512591988,0.0021
7/1/2023 23:00,1.974887489,0.0028
7/1/2023 23:15,1.730820966,0.0025
7/1/2023 23:30,1.730820966,0.0025
7/1/2023 23:45,2.152228212,0.003
7/2/2023 0:00,1.974887489,0.0028
7/2/2023 0:15,1.730820966,0.0025
7/2/2023 0:30,1.730820966,0.0025
7/2/2023 0:45,1.730820966,0.0025
7/2/2023 1:00,2.152228212,0.003
7/2/2023 1:15,2.44355038,0.0035
7/2/2023 1:30,2.653942833,0.0038
7/2/2023 1:45,2.152228212,0.003
7/2/2023 2:00,2.152228212,0.003
7/2/2023 2:15,2.44355038,0.0035
7/2/2023 2:30,2.247064306,0.0032
7/2/2023 2:45,2.152228212,0.003
7/2/2023 3:00,2.152228212,0.003
7/2/2023 3:15,2.44355038,0.0035
7/2/2023 3:30,2.152228212,0.003
7/2/2023 3:45,2.152228212,0.003
7/2/2023 4:00,2.766400111,0.0039
7/2/2023 4:15,3.001562931,0.0042
7/2/2023 4:30,3.001562931,0.0042
7/2/2023 4:45,3.001562931,0.0042
7/2/2023 5:00,2.44355038,0.0035
7/2/2023 5:15,2.44355038,0.0035
7/2/2023 5:30,2.655819812,0.0038
7/2/2023 5:45,2.655819812,0.0038
7/2/2023 6:00,2.343658254,0.0033
7/2/2023 6:15,2.152228212,0.003
7/2/2023 6:30,1.88950475,0.0027
7/2/2023 6:45,2.44355038,0.0035
7/2/2023 7:00,2.766400111,0.0039
7/2/2023 7:15,2.152228212,0.003
7/2/2023 7:30,2.44355038,0.0035
7/2/2023 7:45,2.44355038,0.0035
7/2/2023 8:00,2.152228212,0.003
7/2/2023 8:15,2.653942833,0.0038
7/2/2023 8:30,2.152228212,0.003
7/2/2023 8:45,2.999484758,0.0042
7/2/2023 9:00,1.730820966,0.0025
7/2/2023 9:15,2.247064306,0.0032
7/2/2023 9:30,4.392894674,0.0062
7/2/2023 9:45,1.511415151,0.0021
7/2/2023 10:00,2.766400111,0.0039
7/2/2023 10:15,2.152228212,0.003
7/2/2023 10:30,1.88950475,0.0027
7/2/2023 10:45,2.152228212,0.003
7/2/2023 11:00,2.152228212,0.003
7/2/2023 11:15,1.88950475,0.0027
7/2/2023 11:30,1.88950475,0.0027
7/2/2023 11:45,2.152228212,0.003
7/2/2023 12:00,2.343658254,0.0033
7/2/2023 12:15,2.44355038,0.0035
7/2/2023 12:30,2.343658254,0.0033
7/2/2023 12:45,2.061973956,0.0029
7/2/2023 13:00,1.654461261,0.0023
7/2/2023 13:15,1.257509953,0.0018
7/2/2023 13:30,2.343658254,0.0033
7/2/2023 13:45,1.654461261,0.0023
7/2/2023 14:00,1.444465427,0.002
7/2/2023 14:15,1.444465427,0.002
7/2/2023 14:30,1.582185684,0.0022
7/2/2023 14:45,1.257509953,0.0018
7/2/2023 15:00,2.061973956,0.0029
7/2/2023 15:15,1.654461261,0.0023
7/2/2023 15:30,1.582185684,0.0022
7/2/2023 15:45,1.257509953,0.0018
7/2/2023 16:00,1.580963352,0.0022
7/2/2023 16:15,1.580963352,0.0022
7/2/2023 16:30,1.379054109,0.002
7/2/2023 16:45,1.199233184,0.0017
7/2/2023 17:00,1.444465427,0.002
7/2/2023 17:15,1.444465427,0.002
7/2/2023 17:30,1.379054109,0.002
7/2/2023 17:45,1.257509953,0.0018
7/2/2023 18:00,1.444465427,0.002
7/2/2023 18:15,1.444465427,0.002
7/2/2023 18:30,1.582185684,0.0022
7/2/2023 18:45,2.061973956,0.0029
7/2/2023 19:00,1.808626597,0.0026
7/2/2023 19:15,1.808626597,0.0026
7/2/2023 19:30,1.808626597,0.0026
7/2/2023 19:45,2.061973956,0.0029
7/2/2023 20:00,0.943706503,0.0013
7/2/2023 20:15,1.444465427,0.002
7/2/2023 20:30,1.444465427,0.002
7/2/2023 20:45,1.257509953,0.0018
7/2/2023 21:00,1.512591988,0.0021
7/2/2023 21:15,2.152228212,0.003
7/2/2023 21:30,1.654461261,0.0023
7/2/2023 21:45,1.88950475,0.0027
7/2/2023 22:00,1.654461261,0.0023
7/2/2023 22:15,1.199233184,0.0017
7/2/2023 22:30,1.973413743,0.0028
7/2/2023 22:45,1.729502407,0.0024
7/2/2023 23:00,1.144174299,0.0016
7/2/2023 23:15,1.511415151,0.0021
7/2/2023 23:30,1.974887489,0.0028
7/2/2023 23:45,1.88950475,0.0027
7/3/2023 0:00,1.974887489,0.0028
7/3/2023 0:15,1.654461261,0.0023
7/3/2023 0:30,2.44355038,0.0035
7/3/2023 0:45,2.152228212,0.003
7/3/2023 1:00,1.654461261,0.0023
7/3/2023 1:15,2.44355038,0.0035
7/3/2023 1:30,1.973413743,0.0028
7/3/2023 1:45,2.152228212,0.003
7/3/2023 2:00,2.152228212,0.003
7/3/2023 2:15,1.511415151,0.0021
7/3/2023 2:30,2.152228212,0.003
7/3/2023 2:45,2.655819812,0.0038
7/3/2023 3:00,3.001562931,0.0042
7/3/2023 3:15,1.88950475,0.0027
7/3/2023 3:30,2.152228212,0.003
7/3/2023 3:45,2.655819812,0.0038
7/3/2023 4:00,2.343658254,0.0033
7/3/2023 4:15,2.343658254,0.0033
7/3/2023 4:30,2.44355038,0.0035
7/3/2023 4:45,5.509495866,0.0078
7/3/2023 5:00,2.152228212,0.003
7/3/2023 5:15,2.343658254,0.0033
7/3/2023 5:30,2.152228212,0.003
7/3/2023 5:45,2.343658254,0.0033
7/3/2023 6:00,2.655819812,0.0038
7/3/2023 6:15,2.343658254,0.0033
7/3/2023 6:30,2.655819812,0.0038
7/3/2023 6:45,1.88950475,0.0027
7/3/2023 7:00,2.655819812,0.0038
7/3/2023 7:15,4.402110956,0.0062
7/3/2023 7:30,2.152228212,0.003
7/3/2023 7:45,3.001562931,0.0042
7/3/2023 8:00,2.152228212,0.003
7/3/2023 8:15,1.973413743,0.0028
7/3/2023 8:30,2.152228212,0.003
7/3/2023 8:45,2.152228212,0.003
7/3/2023 9:00,2.152228212,0.003
7/3/2023 9:15,2.44355038,0.0035
7/3/2023 9:30,2.44355038,0.0035
7/3/2023 9:45,1.654461261,0.0023
7/3/2023 10:00,2.766400111,0.0039
7/3/2023 10:15,2.152228212,0.003
7/3/2023 10:30,1.88950475,0.0027
7/3/2023 10:45,2.44355038,0.0035
7/3/2023 11:00,2.152228212,0.003
7/3/2023 11:15,2.343658254,0.0033
7/3/2023 11:30,3.001562931,0.0042
7/3/2023 11:45,1.88950475,0.0027
7/3/2023 12:00,2.343658254,0.0033
7/3/2023 12:15,2.343658254,0.0033
7/3/2023 12:30,1.317101139,0.0019
7/3/2023 12:45,1.88950475,0.0027
7/3/2023 13:00,1.444465427,0.002
7/3/2023 13:15,1.88950475,0.0027
7/3/2023 13:30,2.343658254,0.0033
7/3/2023 13:45,1.257509953,0.0018
7/3/2023 14:00,2.060445487,0.0029
7/3/2023 14:15,1.807258185,0.0026
7/3/2023 14:30,1.580963352,0.0022
7/3/2023 14:45,1.807258185,0.0026
7/3/2023 15:00,1.654461261,0.0023
7/3/2023 15:15,1.654461261,0.0023
7/3/2023 15:30,1.444465427,0.002
7/3/2023 15:45,1.380143445,0.002
7/3/2023 16:00,1.380143445,0.002
7/3/2023 16:15,1.380143445,0.002
7/3/2023 16:30,1.808626597,0.0026
7/3/2023 16:45,1.444465427,0.002
7/3/2023 17:00,1.444465427,0.002
7/3/2023 17:15,1.444465427,0.002
7/3/2023 17:30,1.091323134,0.0015
7/3/2023 17:45,1.582185684,0.0022
7/3/2023 18:00,1.444465427,0.002
7/3/2023 18:15,1.257509953,0.0018
7/3/2023 18:30,1.808626597,0.0026
7/3/2023 18:45,2.343658254,0.0033
7/3/2023 19:00,1.257509953,0.0018
7/3/2023 19:15,1.582185684,0.0022
7/3/2023 19:30,1.444465427,0.002
7/3/2023 19:45,1.654461261,0.0023
7/3/2023 20:00,1.654461261,0.0023
7/3/2023 20:15,1.257509953,0.0018
7/3/2023 20:30,1.091323134,0.0015
7/3/2023 20:45,2.061973956,0.0029
7/3/2023 21:00,1.654461261,0.0023
7/3/2023 21:15,1.654461261,0.0023
7/3/2023 21:30,1.88950475,0.0027
7/3/2023 21:45,1.654461261,0.0023
7/3/2023 22:00,1.88950475,0.0027
7/3/2023 22:15,1.654461261,0.0023
7/3/2023 22:30,2.343658254,0.0033
7/3/2023 22:45,1.511415151,0.0021
7/3/2023 23:00,1.654461261,0.0023
7/3/2023 23:15,1.729502407,0.0024
7/3/2023 23:30,1.511415151,0.0021
7/3/2023 23:45,1.654461261,0.0023
7/4/2023 0:00,1.729502407,0.0024
7/4/2023 0:15,2.343658254,0.0033
7/4/2023 0:30,2.061973956,0.0029
7/4/2023 0:45,2.152228212,0.003
7/4/2023 1:00,1.444465427,0.002
7/4/2023 1:15,1.654461261,0.0023
7/4/2023 1:30,2.152228212,0.003
7/4/2023 1:45,1.654461261,0.0023
7/4/2023 2:00,2.152228212,0.003
7/4/2023 2:15,1.88950475,0.0027
7/4/2023 2:30,1.807258185,0.0026
7/4/2023 2:45,1.807258185,0.0026
7/4/2023 3:00,1.88950475,0.0027
7/4/2023 3:15,1.654461261,0.0023
7/4/2023 3:30,2.060445487,0.0029
7/4/2023 3:45,2.341965306,0.0033
7/4/2023 4:00,1.807258185,0.0026
7/4/2023 4:15,1.654461261,0.0023
7/4/2023 4:30,1.807258185,0.0026
7/4/2023 4:45,1.807258185,0.0026
7/4/2023 5:00,2.060445487,0.0029
7/4/2023 5:15,2.44355038,0.0035
7/4/2023 5:30,1.654461261,0.0023
7/4/2023 5:45,2.152228212,0.003
7/4/2023 6:00,1.654461261,0.0023
7/4/2023 6:15,1.444465427,0.002
7/4/2023 6:30,1.654461261,0.0023
7/4/2023 6:45,1.88950475,0.0027
7/4/2023 7:00,1.729502407,0.0024
7/4/2023 7:15,1.511415151,0.0021
7/4/2023 7:30,2.152228212,0.003
7/4/2023 7:45,1.729502407,0.0024
7/4/2023 8:00,1.729502407,0.0024
7/4/2023 8:15,1.654461261,0.0023
7/4/2023 8:30,2.44355038,0.0035
7/4/2023 8:45,1.88950475,0.0027
7/4/2023 9:00,1.88950475,0.0027
7/4/2023 9:15,1.317101139,0.0019
7/4/2023 9:30,1.511415151,0.0021
7/4/2023 9:45,1.88950475,0.0027
7/4/2023 10:00,1.444465427,0.002
7/4/2023 10:15,1.317101139,0.0019
7/4/2023 10:30,1.88950475,0.0027
7/4/2023 10:45,1.444465427,0.002
7/4/2023 11:00,0.99067577,0.0014
7/4/2023 11:15,1.654461261,0.0023
7/4/2023 11:30,1.444465427,0.002
7/4/2023 11:45,1.444465427,0.002
7/4/2023 12:00,1.654461261,0.0023
7/4/2023 12:15,1.257509953,0.0018
7/4/2023 12:30,1.257509953,0.0018
7/4/2023 12:45,1.654461261,0.0023
7/4/2023 13:00,1.654461261,0.0023
7/4/2023 13:15,1.580963352,0.0022
7/4/2023 13:30,1.444465427,0.002
7/4/2023 13:45,1.444465427,0.002
7/4/2023 14:00,0.99067577,0.0014
7/4/2023 14:15,1.091323134,0.0015
7/4/2023 14:30,1.444465427,0.002
7/4/2023 14:45,1.144174299,0.0016
7/4/2023 15:00,1.582185684,0.0022
7/4/2023 15:15,1.257509953,0.0018
7/4/2023 15:30,1.444465427,0.002
7/4/2023 15:45,1.257509953,0.0018
7/4/2023 16:00,1.444465427,0.002
7/4/2023 16:15,1.654461261,0.0023
7/4/2023 16:30,1.654461261,0.0023
7/4/2023 16:45,1.444465427,0.002
7/4/2023 17:00,1.654461261,0.0023
7/4/2023 17:15,1.144174299,0.0016
7/4/2023 17:30,1.444465427,0.002
7/4/2023 17:45,1.444465427,0.002
7/4/2023 18:00,2.061973956,0.0029
7/4/2023 18:15,1.808626597,0.0026
7/4/2023 18:30,0.943706503,0.0013
7/4/2023 18:45,1.444465427,0.002
7/4/2023 19:00,1.808626597,0.0026
7/4/2023 19:15,1.144174299,0.0016
7/4/2023 19:30,1.582185684,0.0022
7/4/2023 19:45,1.257509953,0.0018
7/4/2023 20:00,2.061973956,0.0029
7/4/2023 20:15,1.444465427,0.002
7/4/2023 20:30,1.257509953,0.0018
7/4/2023 20:45,1.654461261,0.0023
7/4/2023 21:00,1.257509953,0.0018
7/4/2023 21:15,1.654461261,0.0023
7/4/2023 21:30,1.318149035,0.0019
7/4/2023 21:45,1.444465427,0.002
7/4/2023 22:00,1.444465427,0.002
7/4/2023 22:15,1.654461261,0.0023
7/4/2023 22:30,2.061973956,0.0029
7/4/2023 22:45,2.061973956,0.0029
7/4/2023 23:00,1.257509953,0.0018
7/4/2023 23:15,1.511415151,0.0021
7/4/2023 23:30,1.654461261,0.0023
7/4/2023 23:45,1.88950475,0.0027
7/5/2023 0:00,0.991502273,0.0014
7/5/2023 0:15,1.88950475,0.0027
7/5/2023 0:30,1.88950475,0.0027
7/5/2023 0:45,1.654461261,0.0023
7/5/2023 1:00,1.88950475,0.0027
7/5/2023 1:15,1.512591988,0.0021
7/5/2023 1:30,1.145105356,0.0016
7/5/2023 1:45,1.512591988,0.0021
7/5/2023 2:00,1.444465427,0.002
7/5/2023 2:15,1.654461261,0.0023
7/5/2023 2:30,1.318149035,0.0019
7/5/2023 2:45,1.88950475,0.0027
7/5/2023 3:00,2.341965306,0.0033
7/5/2023 3:15,1.807258185,0.0026
7/5/2023 3:30,1.807258185,0.0026
7/5/2023 3:45,2.060445487,0.0029
7/5/2023 4:00,1.512591988,0.0021
7/5/2023 4:15,1.654461261,0.0023
7/5/2023 4:30,1.512591988,0.0021
7/5/2023 4:45,1.444465427,0.002
7/5/2023 5:00,1.654461261,0.0023
7/5/2023 5:15,1.807258185,0.0026
7/5/2023 5:30,1.444465427,0.002
7/5/2023 5:45,1.654461261,0.0023
7/5/2023 6:00,1.318149035,0.0019
7/5/2023 6:15,1.654461261,0.0023
7/5/2023 6:30,1.444465427,0.002
7/5/2023 6:45,1.257509953,0.0018
7/5/2023 7:00,1.257509953,0.0018
7/5/2023 7:15,1.511415151,0.0021
7/5/2023 7:30,1.654461261,0.0023
7/5/2023 7:45,1.317101139,0.0019
7/5/2023 8:00,1.654461261,0.0023
7/5/2023 8:15,1.444465427,0.002
7/5/2023 8:30,1.511415151,0.0021
7/5/2023 8:45,1.729502407,0.0024
7/5/2023 9:00,1.511415151,0.0021
7/5/2023 9:15,1.511415151,0.0021
7/5/2023 9:30,1.317101139,0.0019
7/5/2023 9:45,1.654461261,0.0023
7/5/2023 10:00,1.88950475,0.0027
7/5/2023 10:15,1.317101139,0.0019
7/5/2023 10:30,1.317101139,0.0019
7/5/2023 10:45,1.444465427,0.002
7/5/2023 11:00,1.974887489,0.0028
7/5/2023 11:15,1.654461261,0.0023
7/5/2023 11:30,1.730820966,0.0025
7/5/2023 11:45,1.040422536,0.0015
7/5/2023 12:00,1.730820966,0.0025
7/5/2023 12:15,1.040422536,0.0015
7/5/2023 12:30,1.318149035,0.0019
7/5/2023 12:45,1.200201638,0.0017
7/5/2023 13:00,1.88950475,0.0027
7/5/2023 13:15,0.898594154,0.0013
7/5/2023 13:30,0.854621561,0.0012
7/5/2023 13:45,0.897832276,0.0013
7/5/2023 14:00,1.444465427,0.002
7/5/2023 14:15,1.88950475,0.0027
7/5/2023 14:30,1.257509953,0.0018
7/5/2023 14:45,1.511415151,0.0021
7/5/2023 15:00,1.654461261,0.0023
7/5/2023 15:15,1.144174299,0.0016
7/5/2023 15:30,0.99067577,0.0014
7/5/2023 15:45,1.444465427,0.002
7/5/2023 16:00,0.991502273,0.0014
7/5/2023 16:15,1.444465427,0.002
7/5/2023 16:30,1.091323134,0.0015
7/5/2023 16:45,1.091323134,0.0015
7/5/2023 17:00,1.257509953,0.0018
7/5/2023 17:15,1.444465427,0.002
7/5/2023 17:30,1.257509953,0.0018
7/5/2023 17:45,0.854621561,0.0012
7/5/2023 18:00,1.317101139,0.0019
7/5/2023 18:15,0.943706503,0.0013
7/5/2023 18:30,1.444465427,0.002
7/5/2023 18:45,1.144174299,0.0016
7/5/2023 19:00,1.091323134,0.0015
7/5/2023 19:15,1.257509953,0.0018
7/5/2023 19:30,1.317101139,0.0019
7/5/2023 19:45,0.898594154,0.0013
7/5/2023 20:00,1.144174299,0.0016
7/5/2023 20:15,1.654461261,0.0023
7/5/2023 20:30,1.654461261,0.0023
7/5/2023 20:45,0.991502273,0.0014
7/5/2023 21:00,1.257509953,0.0018
7/5/2023 21:15,1.654461261,0.0023
7/5/2023 21:30,1.040422536,0.0015
7/5/2023 21:45,1.317101139,0.0019
7/5/2023 22:00,1.144174299,0.0016
7/5/2023 22:15,1.317101139,0.0019
7/5/2023 22:30,1.144174299,0.0016
7/5/2023 22:45,0.99067577,0.0014
7/5/2023 23:00,1.317101139,0.0019
7/5/2023 23:15,1.444465427,0.002
7/5/2023 23:30,1.317101139,0.0019
7/5/2023 23:45,1.144174299,0.0016
7/6/2023 0:00,1.654461261,0.0023
7/6/2023 0:15,1.729502407,0.0024
7/6/2023 0:30,1.511415151,0.0021
7/6/2023 0:45,1.729502407,0.0024
7/6/2023 1:00,1.88950475,0.0027
7/6/2023 1:15,0.99067577,0.0014
7/6/2023 1:30,1.88950475,0.0027
7/6/2023 1:45,1.511415151,0.0021
7/6/2023 2:00,1.511415151,0.0021
7/6/2023 2:15,1.317101139,0.0019
7/6/2023 2:30,1.654461261,0.0023
7/6/2023 2:45,1.444465427,0.002
7/6/2023 3:00,1.88950475,0.0027
7/6/2023 3:15,1.444465427,0.002
7/6/2023 3:30,1.88950475,0.0027
7/6/2023 3:45,1.88950475,0.0027
7/6/2023 4:00,1.807258185,0.0026
7/6/2023 4:15,1.654461261,0.0023
7/6/2023 4:30,1.88950475,0.0027
7/6/2023 4:45,1.444465427,0.002
7/6/2023 5:00,1.654461261,0.0023
7/6/2023 5:15,1.729502407,0.0024
7/6/2023 5:30,2.152228212,0.003
7/6/2023 5:45,1.511415151,0.0021
7/6/2023 6:00,1.444465427,0.002
7/6/2023 6:15,1.654461261,0.0023
7/6/2023 6:30,2.343658254,0.0033
7/6/2023 6:45,2.061973956,0.0029
7/6/2023 7:00,1.88950475,0.0027
7/6/2023 7:15,1.88950475,0.0027
7/6/2023 7:30,1.88950475,0.0027
7/6/2023 7:45,1.511415151,0.0021
7/6/2023 8:00,2.44355038,0.0035
7/6/2023 8:15,1.511415151,0.0021
7/6/2023 8:30,1.88950475,0.0027
7/6/2023 8:45,1.654461261,0.0023
7/6/2023 9:00,1.654461261,0.0023
7/6/2023 9:15,2.341965306,0.0033
7/6/2023 9:30,1.511415151,0.0021
7/6/2023 9:45,1.511415151,0.0021
7/6/2023 10:00,1.973413743,0.0028
7/6/2023 10:15,1.973413743,0.0028
7/6/2023 10:30,1.729502407,0.0024
7/6/2023 10:45,1.88950475,0.0027
7/6/2023 11:00,1.511415151,0.0021
7/6/2023 11:15,1.317101139,0.0019
7/6/2023 11:30,1.144174299,0.0016
7/6/2023 11:45,0.99067577,0.0014
7/6/2023 12:00,1.654461261,0.0023
7/6/2023 12:15,1.654461261,0.0023
7/6/2023 12:30,1.144174299,0.0016
7/6/2023 12:45,1.444465427,0.002
7/6/2023 13:00,1.444465427,0.002
7/6/2023 13:15,1.88950475,0.0027
7/6/2023 13:30,0.734975191,0.001
7/6/2023 13:45,1.318149035,0.0019
7/6/2023 14:00,2.341965306,0.0033
7/6/2023 14:15,1.444465427,0.002
7/6/2023 14:30,1.091323134,0.0015
7/6/2023 14:45,1.091323134,0.0015
7/6/2023 15:00,1.091323134,0.0015
7/6/2023 15:15,1.257509953,0.0018
7/6/2023 15:30,1.582185684,0.0022
7/6/2023 15:45,1.444465427,0.002
7/6/2023 16:00,1.444465427,0.002
7/6/2023 16:15,1.654461261,0.0023
7/6/2023 16:30,1.091323134,0.0015
7/6/2023 16:45,1.091323134,0.0015
7/6/2023 17:00,1.257509953,0.0018
7/6/2023 17:15,1.444465427,0.002
7/6/2023 17:30,2.061973956,0.0029
7/6/2023 17:45,1.444465427,0.002
7/6/2023 18:00,1.379054109,0.002
7/6/2023 18:15,1.199233184,0.0017
7/6/2023 18:30,1.091323134,0.0015
7/6/2023 18:45,1.379054109,0.002
7/6/2023 19:00,1.257509953,0.0018
7/6/2023 19:15,1.580963352,0.0022
7/6/2023 19:30,1.257509953,0.0018
7/6/2023 19:45,1.257509953,0.0018
7/6/2023 20:00,1.091323134,0.0015
7/6/2023 20:15,1.091323134,0.0015
7/6/2023 20:30,1.580963352,0.0022
7/6/2023 20:45,1.091323134,0.0015
7/6/2023 21:00,1.580963352,0.0022
7/6/2023 21:15,1.091323134,0.0015
7/6/2023 21:30,1.654461261,0.0023
7/6/2023 21:45,1.444465427,0.002
7/6/2023 22:00,1.444465427,0.002
7/6/2023 22:15,0.943706503,0.0013
7/6/2023 22:30,1.257509953,0.0018
7/6/2023 22:45,1.444465427,0.002
7/6/2023 23:00,1.257509953,0.0018
7/6/2023 23:15,1.444465427,0.002
7/6/2023 23:30,1.257509953,0.0018
7/6/2023 23:45,1.654461261,0.0023
7/7/2023 0:00,1.091323134,0.0015
7/7/2023 0:15,1.444465427,0.002
7/7/2023 0:30,0.991502273,0.0014
7/7/2023 0:45,1.654461261,0.0023
7/7/2023 1:00,1.580963352,0.0022
7/7/2023 1:15,1.257509953,0.0018
7/7/2023 1:30,1.257509953,0.0018
7/7/2023 1:45,1.199233184,0.0017
7/7/2023 2:00,1.580963352,0.0022
7/7/2023 2:15,1.379054109,0.002
7/7/2023 2:30,0.813074241,0.0012
7/7/2023 2:45,1.807258185,0.0026
7/7/2023 3:00,1.807258185,0.0026
7/7/2023 3:15,1.379054109,0.002
7/7/2023 3:30,1.580963352,0.0022
7/7/2023 3:45,1.580963352,0.0022
7/7/2023 4:00,1.580963352,0.0022
7/7/2023 4:15,1.257509953,0.0018
7/7/2023 4:30,1.807258185,0.0026
7/7/2023 4:45,1.200201638,0.0017
7/7/2023 5:00,1.380143445,0.002
7/7/2023 5:15,1.380143445,0.002
7/7/2023 5:30,1.257509953,0.0018
7/7/2023 5:45,1.444465427,0.002
7/7/2023 6:00,1.091323134,0.0015
7/7/2023 6:15,1.444465427,0.002
7/7/2023 6:30,1.379054109,0.002
7/7/2023 6:45,1.199233184,0.0017
7/7/2023 7:00,1.580963352,0.0022
7/7/2023 7:15,1.199233184,0.0017
7/7/2023 7:30,1.654461261,0.0023
7/7/2023 7:45,1.808626597,0.0026
7/7/2023 8:00,1.582185684,0.0022
7/7/2023 8:15,1.444465427,0.002
7/7/2023 8:30,1.582185684,0.0022
7/7/2023 8:45,1.257509953,0.0018
7/7/2023 9:00,1.582185684,0.0022
7/7/2023 9:15,0.943706503,0.0013
7/7/2023 9:30,1.257509953,0.0018
7/7/2023 9:45,1.444465427,0.002
7/7/2023 10:00,1.444465427,0.002
7/7/2023 10:15,2.061973956,0.0029
7/7/2023 10:30,1.257509953,0.0018
7/7/2023 10:45,1.257509953,0.0018
7/7/2023 11:00,1.582185684,0.0022
7/7/2023 11:15,0.734329938,0.001
7/7/2023 11:30,1.582185684,0.0022
7/7/2023 11:45,1.200201638,0.0017
7/7/2023 12:00,1.257509953,0.0018
7/7/2023 12:15,1.582185684,0.0022
7/7/2023 12:30,1.808626597,0.0026
7/7/2023 12:45,1.257509953,0.0018
7/7/2023 13:00,1.257509953,0.0018
7/7/2023 13:15,1.807258185,0.0026
7/7/2023 13:30,0.943706503,0.0013
7/7/2023 13:45,0.898594154,0.0013
7/7/2023 14:00,0.943706503,0.0013
7/7/2023 14:15,0.813074241,0.0012
7/7/2023 14:30,0.813074241,0.0012
7/7/2023 14:45,1.257509953,0.0018
7/7/2023 15:00,1.257509953,0.0018
7/7/2023 15:15,0.943706503,0.0013
7/7/2023 15:30,1.380143445,0.002
7/7/2023 15:45,0.943706503,0.0013
7/7/2023 16:00,1.654461261,0.0023
7/7/2023 16:15,1.257509953,0.0018
7/7/2023 16:30,1.582185684,0.0022
7/7/2023 16:45,1.380143445,0.002
7/7/2023 17:00,1.317101139,0.0019
7/7/2023 17:15,1.511415151,0.0021
7/7/2023 17:30,1.511415151,0.0021
7/7/2023 17:45,1.317101139,0.0019
7/7/2023 18:00,1.582185684,0.0022
7/7/2023 18:15,1.582185684,0.0022
7/7/2023 18:30,1.200201638,0.0017
7/7/2023 18:45,2.152228212,0.003
7/7/2023 19:00,1.380143445,0.002
7/7/2023 19:15,2.152228212,0.003
7/7/2023 19:30,1.973413743,0.0028
7/7/2023 19:45,1.973413743,0.0028
7/7/2023 20:00,1.317101139,0.0019
7/7/2023 20:15,1.091323134,0.0015
7/7/2023 20:30,1.582185684,0.0022
7/7/2023 20:45,1.730820966,0.0025
7/7/2023 21:00,1.730820966,0.0025
7/7/2023 21:15,2.061973956,0.0029
7/7/2023 21:30,1.380143445,0.002
7/7/2023 21:45,1.380143445,0.002
7/7/2023 22:00,1.582185684,0.0022
7/7/2023 22:15,1.380143445,0.002
7/7/2023 22:30,1.582185684,0.0022
7/7/2023 22:45,1.582185684,0.0022
7/7/2023 23:00,1.582185684,0.0022
7/7/2023 23:15,1.729502407,0.0024
7/7/2023 23:30,1.729502407,0.0024
7/7/2023 23:45,1.729502407,0.0024
7/8/2023 0:00,1.582185684,0.0022
7/8/2023 0:15,1.444465427,0.002
7/8/2023 0:30,1.729502407,0.0024
7/8/2023 0:45,1.380143445,0.002
7/8/2023 1:00,1.729502407,0.0024
7/8/2023 1:15,1.582185684,0.0022
7/8/2023 1:30,1.582185684,0.0022
7/8/2023 1:45,1.973413743,0.0028
7/8/2023 2:00,1.582185684,0.0022
7/8/2023 2:15,1.807258185,0.0026
7/8/2023 2:30,1.973413743,0.0028
7/8/2023 2:45,1.257509953,0.0018
7/8/2023 3:00,1.582185684,0.0022
7/8/2023 3:15,1.380143445,0.002
7/8/2023 3:30,1.808626597,0.0026
7/8/2023 3:45,1.973413743,0.0028
7/8/2023 4:00,1.200201638,0.0017
7/8/2023 4:15,1.580963352,0.0022
7/8/2023 4:30,1.807258185,0.0026
7/8/2023 4:45,1.807258185,0.0026
7/8/2023 5:00,1.580963352,0.0022
7/8/2023 5:15,2.060445487,0.0029
7/8/2023 5:30,2.060445487,0.0029
7/8/2023 5:45,1.807258185,0.0026
7/8/2023 6:00,1.654461261,0.0023
7/8/2023 6:15,2.245427057,0.0032
7/8/2023 6:30,2.245427057,0.0032
7/8/2023 6:45,2.245427057,0.0032
7/8/2023 7:00,1.807258185,0.0026
7/8/2023 7:15,2.061973956,0.0029
7/8/2023 7:30,1.808626597,0.0026
7/8/2023 7:45,1.582185684,0.0022
7/8/2023 8:00,1.808626597,0.0026
7/8/2023 8:15,2.247064306,0.0032
7/8/2023 8:30,2.061973956,0.0029
7/8/2023 8:45,1.808626597,0.0026
7/8/2023 9:00,1.808626597,0.0026
7/8/2023 9:15,1.808626597,0.0026
7/8/2023 9:30,1.88950475,0.0027
7/8/2023 9:45,2.152228212,0.003
7/8/2023 10:00,1.654461261,0.0023
7/8/2023 10:15,1.654461261,0.0023
7/8/2023 10:30,1.512591988,0.0021
7/8/2023 10:45,1.654461261,0.0023
7/8/2023 11:00,2.060445487,0.0029
7/8/2023 11:15,1.444465427,0.002
7/8/2023 11:30,1.380143445,0.002
7/8/2023 11:45,1.444465427,0.002
7/8/2023 12:00,2.343658254,0.0033
7/8/2023 12:15,1.380143445,0.002
7/8/2023 12:30,1.257509953,0.0018
7/8/2023 12:45,1.582185684,0.0022
7/8/2023 13:00,1.808626597,0.0026
7/8/2023 13:15,1.257509953,0.0018
7/8/2023 13:30,1.444465427,0.002
7/8/2023 13:45,1.380143445,0.002
7/8/2023 14:00,1.444465427,0.002
7/8/2023 14:15,2.343658254,0.0033
7/8/2023 14:30,2.061973956,0.0029
7/8/2023 14:45,1.582185684,0.0022
7/8/2023 15:00,1.444465427,0.002
7/8/2023 15:15,1.580963352,0.0022
7/8/2023 15:30,1.580963352,0.0022
7/8/2023 15:45,1.257509953,0.0018
7/8/2023 16:00,0.854621561,0.0012
7/8/2023 16:15,2.061973956,0.0029
7/8/2023 16:30,1.380143445,0.002
7/8/2023 16:45,1.974887489,0.0028
7/8/2023 17:00,1.974887489,0.0028
7/8/2023 17:15,1.257509953,0.0018
7/8/2023 17:30,1.974887489,0.0028
7/8/2023 17:45,1.729502407,0.0024
7/8/2023 18:00,1.511415151,0.0021
7/8/2023 18:15,1.379054109,0.002
7/8/2023 18:30,1.511415151,0.0021
7/8/2023 18:45,1.729502407,0.0024
7/8/2023 19:00,1.199233184,0.0017
7/8/2023 19:15,1.729502407,0.0024
7/8/2023 19:30,1.317101139,0.0019
7/8/2023 19:45,1.200201638,0.0017
7/8/2023 20:00,1.582185684,0.0022
7/8/2023 20:15,1.380143445,0.002
7/8/2023 20:30,1.582185684,0.0022
7/8/2023 20:45,1.582185684,0.0022
7/8/2023 21:00,1.200201638,0.0017
7/8/2023 21:15,1.582185684,0.0022
7/8/2023 21:30,1.380143445,0.002
7/8/2023 21:45,1.807258185,0.0026
7/8/2023 22:00,1.257509953,0.0018
7/8/2023 22:15,2.060445487,0.0029
7/8/2023 22:30,1.807258185,0.0026
7/8/2023 22:45,1.379054109,0.002
7/8/2023 23:00,1.807258185,0.0026
7/8/2023 23:15,1.379054109,0.002
7/8/2023 23:30,1.654461261,0.0023
7/8/2023 23:45,2.061973956,0.0029
7/9/2023 0:00,1.582185684,0.0022
7/9/2023 0:15,1.654461261,0.0023
7/9/2023 0:30,2.061973956,0.0029
7/9/2023 0:45,1.444465427,0.002
7/9/2023 1:00,1.808626597,0.0026
7/9/2023 1:15,1.654461261,0.0023
7/9/2023 1:30,2.061973956,0.0029
7/9/2023 1:45,1.379054109,0.002
7/9/2023 2:00,1.444465427,0.002
7/9/2023 2:15,1.808626597,0.0026
7/9/2023 2:30,2.061973956,0.0029
7/9/2023 2:45,1.257509953,0.0018
7/9/2023 3:00,2.343658254,0.0033
7/9/2023 3:15,1.808626597,0.0026
7/9/2023 3:30,1.808626597,0.0026
7/9/2023 3:45,2.061973956,0.0029
7/9/2023 4:00,1.808626597,0.0026
7/9/2023 4:15,1.808626597,0.0026
7/9/2023 4:30,1.808626597,0.0026
7/9/2023 4:45,1.654461261,0.0023
7/9/2023 5:00,2.061973956,0.0029
7/9/2023 5:15,1.808626597,0.0026
7/9/2023 5:30,1.257509953,0.0018
7/9/2023 5:45,2.061973956,0.0029
7/9/2023 6:00,2.343658254,0.0033
7/9/2023 6:15,2.343658254,0.0033
7/9/2023 6:30,1.582185684,0.0022
7/9/2023 6:45,1.582185684,0.0022
7/9/2023 7:00,2.152228212,0.003
7/9/2023 7:15,1.88950475,0.0027
7/9/2023 7:30,1.807258185,0.0026
7/9/2023 7:45,2.152228212,0.003
7/9/2023 8:00,1.654461261,0.0023
7/9/2023 8:15,1.444465427,0.002
7/9/2023 8:30,2.152228212,0.003
7/9/2023 8:45,2.152228212,0.003
7/9/2023 9:00,1.654461261,0.0023
7/9/2023 9:15,1.88950475,0.0027
7/9/2023 9:30,1.654461261,0.0023
7/9/2023 9:45,1.317101139,0.0019
7/9/2023 10:00,1.88950475,0.0027
7/9/2023 10:15,1.88950475,0.0027
7/9/2023 10:30,1.88950475,0.0027
7/9/2023 10:45,1.654461261,0.0023
7/9/2023 11:00,1.091323134,0.0015
7/9/2023 11:15,1.808626597,0.0026
7/9/2023 11:30,1.654461261,0.0023
7/9/2023 11:45,1.654461261,0.0023
7/9/2023 12:00,1.257509953,0.0018
7/9/2023 12:15,1.808626597,0.0026
7/9/2023 12:30,1.144174299,0.0016
7/9/2023 12:45,0.99067577,0.0014
7/9/2023 13:00,1.654461261,0.0023
7/9/2023 13:15,0.855352982,0.0012
7/9/2023 13:30,0.991502273,0.0014
7/9/2023 13:45,1.444465427,0.002
7/9/2023 14:00,1.257509953,0.0018
7/9/2023 14:15,1.444465427,0.002
7/9/2023 14:30,0.943706503,0.0013
7/9/2023 14:45,1.091323134,0.0015
7/9/2023 15:00,1.091323134,0.0015
7/9/2023 15:15,1.091323134,0.0015
7/9/2023 15:30,1.444465427,0.002
7/9/2023 15:45,1.257509953,0.0018
7/9/2023 16:00,0.99067577,0.0014
7/9/2023 16:15,1.444465427,0.002
7/9/2023 16:30,1.257509953,0.0018
7/9/2023 16:45,0.854621561,0.0012
7/9/2023 17:00,0.99067577,0.0014
7/9/2023 17:15,0.99067577,0.0014
7/9/2023 17:30,0.99067577,0.0014
7/9/2023 17:45,0.734329938,0.001
7/9/2023 18:00,0.854621561,0.0012
7/9/2023 18:15,0.99067577,0.0014
7/9/2023 18:30,0.854621561,0.0012
7/9/2023 18:45,0.854621561,0.0012
7/9/2023 19:00,0.854621561,0.0012
7/9/2023 19:15,1.444465427,0.002
7/9/2023 19:30,1.144174299,0.0016
7/9/2023 19:45,1.444465427,0.002
7/9/2023 20:00,1.257509953,0.0018
7/9/2023 20:15,1.444465427,0.002
7/9/2023 20:30,1.318149035,0.0019
7/9/2023 20:45,1.512591988,0.0021
7/9/2023 21:00,1.145105356,0.0016
7/9/2023 21:15,1.444465427,0.002
7/9/2023 21:30,1.257509953,0.0018
7/9/2023 21:45,1.511415151,0.0021
7/9/2023 22:00,1.144174299,0.0016
7/9/2023 22:15,1.317101139,0.0019
7/9/2023 22:30,1.511415151,0.0021
7/9/2023 22:45,1.511415151,0.0021
7/9/2023 23:00,1.317101139,0.0019
7/9/2023 23:15,1.729502407,0.0024
7/9/2023 23:30,1.144174299,0.0016
7/9/2023 23:45,1.511415151,0.0021
7/10/2023 0:00,1.144174299,0.0016
7/10/2023 0:15,1.654461261,0.0023
7/10/2023 0:30,1.144174299,0.0016
7/10/2023 0:45,1.88950475,0.0027
7/10/2023 1:00,1.88950475,0.0027
7/10/2023 1:15,1.511415151,0.0021
7/10/2023 1:30,0.99067577,0.0014
7/10/2023 1:45,1.511415151,0.0021
7/10/2023 2:00,1.511415151,0.0021
7/10/2023 2:15,1.144174299,0.0016
7/10/2023 2:30,1.257509953,0.0018
7/10/2023 2:45,1.511415151,0.0021
7/10/2023 3:00,1.654461261,0.0023
7/10/2023 3:15,1.317101139,0.0019
7/10/2023 3:30,1.654461261,0.0023
7/10/2023 3:45,1.317101139,0.0019
7/10/2023 4:00,2.061973956,0.0029
7/10/2023 4:15,1.729502407,0.0024
7/10/2023 4:30,1.88950475,0.0027
7/10/2023 4:45,1.317101139,0.0019
7/10/2023 5:00,1.317101139,0.0019
7/10/2023 5:15,1.654461261,0.0023
7/10/2023 5:30,1.511415151,0.0021
7/10/2023 5:45,1.511415151,0.0021
7/10/2023 6:00,1.380143445,0.002
7/10/2023 6:15,1.88950475,0.0027
7/10/2023 6:30,1.730820966,0.0025
7/10/2023 6:45,1.317101139,0.0019
7/10/2023 7:00,1.512591988,0.0021
7/10/2023 7:15,1.974887489,0.0028
7/10/2023 7:30,1.729502407,0.0024
7/10/2023 7:45,1.200201638,0.0017
7/10/2023 8:00,1.729502407,0.0024
7/10/2023 8:15,1.511415151,0.0021
7/10/2023 8:30,1.580963352,0.0022
7/10/2023 8:45,1.580963352,0.0022
7/10/2023 9:00,1.729502407,0.0024
7/10/2023 9:15,1.729502407,0.0024
7/10/2023 9:30,1.973413743,0.0028
7/10/2023 9:45,1.580963352,0.0022
7/10/2023 10:00,1.729502407,0.0024
7/10/2023 10:15,1.199233184,0.0017
7/10/2023 10:30,1.511415151,0.0021
7/10/2023 10:45,1.511415151,0.0021
7/10/2023 11:00,1.511415151,0.0021
7/10/2023 11:15,1.582185684,0.0022
7/10/2023 11:30,1.580963352,0.0022
7/10/2023 11:45,2.44355038,0.0035
7/10/2023 12:00,1.88950475,0.0027
7/10/2023 12:15,0.897832276,0.0013
7/10/2023 12:30,1.511415151,0.0021
7/10/2023 12:45,1.199233184,0.0017
7/10/2023 13:00,1.511415151,0.0021
7/10/2023 13:15,1.511415151,0.0021
7/10/2023 13:30,1.144174299,0.0016
7/10/2023 13:45,1.200201638,0.0017
7/10/2023 14:00,1.318149035,0.0019
7/10/2023 14:15,1.200201638,0.0017
7/10/2023 14:30,1.145105356,0.0016
7/10/2023 14:45,1.730820966,0.0025
7/10/2023 15:00,1.512591988,0.0021
7/10/2023 15:15,0.898594154,0.0013
7/10/2023 15:30,1.200201638,0.0017
7/10/2023 15:45,1.512591988,0.0021
7/10/2023 16:00,1.512591988,0.0021
7/10/2023 16:15,0.99067577,0.0014
7/10/2023 16:30,0.897832276,0.0013
7/10/2023 16:45,0.854621561,0.0012
7/10/2023 17:00,1.144174299,0.0016
7/10/2023 17:15,1.317101139,0.0019
7/10/2023 17:30,1.317101139,0.0019
7/10/2023 17:45,0.99067577,0.0014
7/10/2023 18:00,1.144174299,0.0016
7/10/2023 18:15,1.144174299,0.0016
7/10/2023 18:30,1.317101139,0.0019
7/10/2023 18:45,0.854621561,0.0012
7/10/2023 19:00,1.654461261,0.0023
7/10/2023 19:15,1.511415151,0.0021
7/10/2023 19:30,1.144174299,0.0016
7/10/2023 19:45,1.654461261,0.0023
7/10/2023 20:00,1.144174299,0.0016
7/10/2023 20:15,1.317101139,0.0019
7/10/2023 20:30,1.317101139,0.0019
7/10/2023 20:45,1.317101139,0.0019
7/10/2023 21:00,1.729502407,0.0024
7/10/2023 21:15,1.511415151,0.0021
7/10/2023 21:30,1.317101139,0.0019
7/10/2023 21:45,1.144174299,0.0016
7/10/2023 22:00,1.511415151,0.0021
7/10/2023 22:15,1.144174299,0.0016
7/10/2023 22:30,1.380143445,0.002
7/10/2023 22:45,1.974887489,0.0028
7/10/2023 23:00,1.730820966,0.0025
7/10/2023 23:15,1.654461261,0.0023
7/10/2023 23:30,1.654461261,0.0023
7/10/2023 23:45,1.654461261,0.0023
7/11/2023 0:00,1.512591988,0.0021
7/11/2023 0:15,1.380143445,0.002
7/11/2023 0:30,1.512591988,0.0021
7/11/2023 0:45,1.512591988,0.0021
7/11/2023 1:00,1.511415151,0.0021
7/11/2023 1:15,1.144174299,0.0016
7/11/2023 1:30,1.144174299,0.0016
7/11/2023 1:45,1.511415151,0.0021
7/11/2023 2:00,2.44355038,0.0035
7/11/2023 2:15,1.729502407,0.0024
7/11/2023 2:30,1.511415151,0.0021
7/11/2023 2:45,1.317101139,0.0019
7/11/2023 3:00,1.654461261,0.0023
7/11/2023 3:15,1.511415151,0.0021
7/11/2023 3:30,0.99067577,0.0014
7/11/2023 3:45,1.03956251,0.0015
7/11/2023 4:00,1.511415151,0.0021
7/11/2023 4:15,1.03956251,0.0015
7/11/2023 4:30,1.654461261,0.0023
7/11/2023 4:45,1.144174299,0.0016
7/11/2023 5:00,2.152228212,0.003
7/11/2023 5:15,1.729502407,0.0024
7/11/2023 5:30,1.974887489,0.0028
7/11/2023 5:45,1.512591988,0.0021
7/11/2023 6:00,1.730820966,0.0025
7/11/2023 6:15,1.318149035,0.0019
7/11/2023 6:30,1.318149035,0.0019
7/11/2023 6:45,1.317101139,0.0019
7/11/2023 7:00,1.511415151,0.0021
7/11/2023 7:15,1.380143445,0.002
7/11/2023 7:30,1.973413743,0.0028
7/11/2023 7:45,1.88950475,0.0027
7/11/2023 8:00,1.580963352,0.0022
7/11/2023 8:15,2.152228212,0.003
7/11/2023 8:30,1.729502407,0.0024
7/11/2023 8:45,1.729502407,0.0024
7/11/2023 9:00,1.511415151,0.0021
7/11/2023 9:15,1.580963352,0.0022
7/11/2023 9:30,1.379054109,0.002
7/11/2023 9:45,1.580963352,0.0022
7/11/2023 10:00,1.199233184,0.0017
7/11/2023 10:15,1.580963352,0.0022
7/11/2023 10:30,1.511415151,0.0021
7/11/2023 10:45,1.973413743,0.0028
7/11/2023 11:00,1.511415151,0.0021
7/11/2023 11:15,1.729502407,0.0024
7/11/2023 11:30,1.729502407,0.0024
7/11/2023 11:45,1.511415151,0.0021
7/11/2023 12:00,1.199233184,0.0017
7/11/2023 12:15,1.511415151,0.0021
7/11/2023 12:30,1.199233184,0.0017
7/11/2023 12:45,0.943706503,0.0013
7/11/2023 13:00,1.379054109,0.002
7/11/2023 13:15,1.317101139,0.0019
7/11/2023 13:30,1.144174299,0.0016
7/11/2023 13:45,1.380143445,0.002
7/11/2023 14:00,1.654461261,0.0023
7/11/2023 14:15,1.318149035,0.0019
7/11/2023 14:30,1.200201638,0.0017
7/11/2023 14:45,0.854621561,0.0012
7/11/2023 15:00,1.040422536,0.0015
7/11/2023 15:15,1.511415151,0.0021
7/11/2023 15:30,1.040422536,0.0015
7/11/2023 15:45,1.257509953,0.0018
7/11/2023 16:00,1.144174299,0.0016
7/11/2023 16:15,1.144174299,0.0016
7/11/2023 16:30,1.88950475,0.0027
7/11/2023 16:45,0.854621561,0.0012
7/11/2023 17:00,1.144174299,0.0016
7/11/2023 17:15,1.654461261,0.0023
7/11/2023 17:30,1.144174299,0.0016
7/11/2023 17:45,1.511415151,0.0021
7/11/2023 18:00,0.991502273,0.0014
7/11/2023 18:15,1.257509953,0.0018
7/11/2023 18:30,0.991502273,0.0014
7/11/2023 18:45,1.257509953,0.0018
7/11/2023 19:00,1.145105356,0.0016
7/11/2023 19:15,1.654461261,0.0023
7/11/2023 19:30,1.257509953,0.0018
7/11/2023 19:45,1.040422536,0.0015
7/11/2023 20:00,1.040422536,0.0015
7/11/2023 20:15,0.898594154,0.0013
7/11/2023 20:30,1.511415151,0.0021
7/11/2023 20:45,1.317101139,0.0019
7/11/2023 21:00,1.317101139,0.0019
7/11/2023 21:15,1.144174299,0.0016
7/11/2023 21:30,1.317101139,0.0019
7/11/2023 21:45,1.511415151,0.0021
7/11/2023 22:00,1.144174299,0.0016
7/11/2023 22:15,1.729502407,0.0024
7/11/2023 22:30,1.040422536,0.0015
7/11/2023 22:45,1.380143445,0.002
7/11/2023 23:00,1.380143445,0.002
7/11/2023 23:15,1.317101139,0.0019
7/11/2023 23:30,1.317101139,0.0019
7/11/2023 23:45,1.317101139,0.0019
7/12/2023 0:00,1.511415151,0.0021
7/12/2023 0:15,1.380143445,0.002
7/12/2023 0:30,1.144174299,0.0016
7/12/2023 0:45,1.144174299,0.0016
7/12/2023 1:00,1.317101139,0.0019
7/12/2023 1:15,1.144174299,0.0016
7/12/2023 1:30,1.88950475,0.0027
7/12/2023 1:45,1.654461261,0.0023
7/12/2023 2:00,1.144174299,0.0016
7/12/2023 2:15,1.444465427,0.002
7/12/2023 2:30,1.654461261,0.0023
7/12/2023 2:45,1.444465427,0.002
7/12/2023 3:00,1.654461261,0.0023
7/12/2023 3:15,1.144174299,0.0016
7/12/2023 3:30,1.144174299,0.0016
7/12/2023 3:45,1.654461261,0.0023
7/12/2023 4:00,1.654461261,0.0023
7/12/2023 4:15,1.444465427,0.002
7/12/2023 4:30,1.88950475,0.0027
7/12/2023 4:45,0.99067577,0.0014
7/12/2023 5:00,1.88950475,0.0027
7/12/2023 5:15,1.317101139,0.0019
7/12/2023 5:30,1.444465427,0.002
7/12/2023 5:45,1.444465427,0.002
7/12/2023 6:00,1.317101139,0.0019
7/12/2023 6:15,1.729502407,0.0024
7/12/2023 6:30,1.511415151,0.0021
7/12/2023 6:45,1.144174299,0.0016
7/12/2023 7:00,1.654461261,0.0023
7/12/2023 7:15,1.318149035,0.0019
7/12/2023 7:30,1.512591988,0.0021
7/12/2023 7:45,1.145105356,0.0016
7/12/2023 8:00,1.040422536,0.0015
7/12/2023 8:15,1.380143445,0.002
7/12/2023 8:30,1.200201638,0.0017
7/12/2023 8:45,1.380143445,0.002
7/12/2023 9:00,1.511415151,0.0021
7/12/2023 9:15,0.898594154,0.0013
7/12/2023 9:30,1.379054109,0.002
7/12/2023 9:45,1.317101139,0.0019
7/12/2023 10:00,1.040422536,0.0015
7/12/2023 10:15,1.040422536,0.0015
7/12/2023 10:30,1.511415151,0.0021
7/12/2023 10:45,1.580963352,0.0022
7/12/2023 11:00,0.943706503,0.0013
7/12/2023 11:15,1.317101139,0.0019
7/12/2023 11:30,1.317101139,0.0019
7/12/2023 11:45,1.145105356,0.0016
7/12/2023 12:00,1.040422536,0.0015
7/12/2023 12:15,1.145105356,0.0016
7/12/2023 12:30,0.813074241,0.0012
7/12/2023 12:45,1.318149035,0.0019
7/12/2023 13:00,1.318149035,0.0019
7/12/2023 13:15,1.144174299,0.0016
7/12/2023 13:30,1.317101139,0.0019
7/12/2023 13:45,1.729502407,0.0024
7/12/2023 14:00,1.257509953,0.0018
7/12/2023 14:15,1.144174299,0.0016
7/12/2023 14:30,1.144174299,0.0016
7/12/2023 14:45,1.144174299,0.0016
7/12/2023 15:00,0.99067577,0.0014
7/12/2023 15:15,0.99067577,0.0014
7/12/2023 15:30,1.317101139,0.0019
7/12/2023 15:45,1.145105356,0.0016
7/12/2023 16:00,0.991502273,0.0014
7/12/2023 16:15,1.444465427,0.002
7/12/2023 16:30,0.991502273,0.0014
7/12/2023 16:45,0.943706503,0.0013
7/12/2023 17:00,1.444465427,0.002
7/12/2023 17:15,1.257509953,0.0018
7/12/2023 17:30,1.091323134,0.0015
7/12/2023 17:45,1.091323134,0.0015
7/12/2023 18:00,1.144174299,0.0016
7/12/2023 18:15,1.091323134,0.0015
7/12/2023 18:30,0.854621561,0.0012
7/12/2023 18:45,0.854621561,0.0012
7/12/2023 19:00,1.144174299,0.0016
7/12/2023 19:15,0.854621561,0.0012
7/12/2023 19:30,1.091323134,0.0015
7/12/2023 19:45,1.257509953,0.0018
7/12/2023 20:00,0.99067577,0.0014
7/12/2023 20:15,1.091323134,0.0015
7/12/2023 20:30,1.145105356,0.0016
7/12/2023 20:45,1.512591988,0.0021
7/12/2023 21:00,0.991502273,0.0014
7/12/2023 21:15,1.654461261,0.0023
7/12/2023 21:30,1.317101139,0.0019
7/12/2023 21:45,1.317101139,0.0019
7/12/2023 22:00,0.99067577,0.0014
7/12/2023 22:15,1.317101139,0.0019
7/12/2023 22:30,1.317101139,0.0019
7/12/2023 22:45,1.03956251,0.0015
7/12/2023 23:00,1.317101139,0.0019
7/12/2023 23:15,1.144174299,0.0016
7/12/2023 23:30,1.317101139,0.0019
7/12/2023 23:45,1.511415151,0.0021
7/13/2023 0:00,1.144174299,0.0016
7/13/2023 0:15,1.317101139,0.0019
7/13/2023 0:30,1.317101139,0.0019
7/13/2023 0:45,1.144174299,0.0016
7/13/2023 1:00,1.317101139,0.0019
7/13/2023 1:15,1.317101139,0.0019
7/13/2023 1:30,0.99067577,0.0014
7/13/2023 1:45,1.511415151,0.0021
7/13/2023 2:00,1.317101139,0.0019
7/13/2023 2:15,1.88950475,0.0027
7/13/2023 2:30,1.511415151,0.0021
7/13/2023 2:45,1.511415151,0.0021
7/13/2023 3:00,1.444465427,0.002
7/13/2023 3:15,1.729502407,0.0024
7/13/2023 3:30,1.88950475,0.0027
7/13/2023 3:45,1.88950475,0.0027
7/13/2023 4:00,1.317101139,0.0019
7/13/2023 4:15,1.511415151,0.0021
7/13/2023 4:30,1.511415151,0.0021
7/13/2023 4:45,1.317101139,0.0019
7/13/2023 5:00,1.144174299,0.0016
7/13/2023 5:15,1.511415151,0.0021
7/13/2023 5:30,1.317101139,0.0019
7/13/2023 5:45,1.88950475,0.0027
7/13/2023 6:00,1.729502407,0.0024
7/13/2023 6:15,1.511415151,0.0021
7/13/2023 6:30,1.317101139,0.0019
7/13/2023 6:45,1.444465427,0.002
7/13/2023 7:00,1.317101139,0.0019
7/13/2023 7:15,1.973413743,0.0028
7/13/2023 7:30,1.729502407,0.0024
7/13/2023 7:45,1.973413743,0.0028
7/13/2023 8:00,1.973413743,0.0028
7/13/2023 8:15,1.88950475,0.0027
7/13/2023 8:30,1.511415151,0.0021
7/13/2023 8:45,1.511415151,0.0021
7/13/2023 9:00,1.144174299,0.0016
7/13/2023 9:15,1.512591988,0.0021
7/13/2023 9:30,1.974887489,0.0028
7/13/2023 9:45,1.730820966,0.0025
7/13/2023 10:00,1.512591988,0.0021
7/13/2023 10:15,1.654461261,0.0023
7/13/2023 10:30,0.898594154,0.0013
7/13/2023 10:45,1.654461261,0.0023
7/13/2023 11:00,1.730820966,0.0025
7/13/2023 11:15,1.040422536,0.0015
7/13/2023 11:30,1.511415151,0.0021
7/13/2023 11:45,1.144174299,0.0016
7/13/2023 12:00,1.729502407,0.0024
7/13/2023 12:15,1.144174299,0.0016
7/13/2023 12:30,1.144174299,0.0016
7/13/2023 12:45,1.03956251,0.0015
7/13/2023 13:00,1.144174299,0.0016
7/13/2023 13:15,0.99067577,0.0014
7/13/2023 13:30,1.091323134,0.0015
7/13/2023 13:45,1.444465427,0.002
7/13/2023 14:00,1.444465427,0.002
7/13/2023 14:15,1.257509953,0.0018
7/13/2023 14:30,1.145105356,0.0016
7/13/2023 14:45,1.091323134,0.0015
7/13/2023 15:00,1.145105356,0.0016
7/13/2023 15:15,1.580963352,0.0022
7/13/2023 15:30,1.145105356,0.0016
7/13/2023 15:45,1.257509953,0.0018
7/13/2023 16:00,1.144174299,0.0016
7/13/2023 16:15,1.091323134,0.0015
7/13/2023 16:30,0.627232548,0.0009
7/13/2023 16:45,0.854621561,0.0012
7/13/2023 17:00,0.943706503,0.0013
7/13/2023 17:15,0.854621561,0.0012
7/13/2023 17:30,1.257509953,0.0018
7/13/2023 17:45,1.091323134,0.0015
7/13/2023 18:00,0.855352982,0.0012
7/13/2023 18:15,1.257509953,0.0018
7/13/2023 18:30,1.580963352,0.0022
7/13/2023 18:45,1.444465427,0.002
7/13/2023 19:00,0.943706503,0.0013
7/13/2023 19:15,1.444465427,0.002
7/13/2023 19:30,0.734975191,0.001
7/13/2023 19:45,1.091323134,0.0015
7/13/2023 20:00,1.257509953,0.0018
7/13/2023 20:15,1.257509953,0.0018
7/13/2023 20:30,1.144174299,0.0016
7/13/2023 20:45,1.444465427,0.002
7/13/2023 21:00,1.091323134,0.0015
7/13/2023 21:15,1.808626597,0.0026
7/13/2023 21:30,1.582185684,0.0022
7/13/2023 21:45,1.144174299,0.0016
7/13/2023 22:00,1.444465427,0.002
7/13/2023 22:15,1.654461261,0.0023
7/13/2023 22:30,0.898594154,0.0013
7/13/2023 22:45,1.257509953,0.0018
7/13/2023 23:00,1.444465427,0.002
7/13/2023 23:15,1.257509953,0.0018
7/13/2023 23:30,1.654461261,0.0023
7/13/2023 23:45,0.99067577,0.0014
7/14/2023 0:00,0.99067577,0.0014
7/14/2023 0:15,1.88950475,0.0027
7/14/2023 0:30,1.88950475,0.0027
7/14/2023 0:45,1.444465427,0.002
7/14/2023 1:00,1.88950475,0.0027
7/14/2023 1:15,1.444465427,0.002
7/14/2023 1:30,1.88950475,0.0027
7/14/2023 1:45,1.444465427,0.002
7/14/2023 2:00,1.257509953,0.0018
7/14/2023 2:15,2.152228212,0.003
7/14/2023 2:30,1.88950475,0.0027
7/14/2023 2:45,1.654461261,0.0023
7/14/2023 3:00,1.144174299,0.0016
7/14/2023 3:15,1.444465427,0.002
7/14/2023 3:30,1.317101139,0.0019
7/14/2023 3:45,1.444465427,0.002
7/14/2023 4:00,1.144174299,0.0016
7/14/2023 4:15,1.317101139,0.0019
7/14/2023 4:30,1.444465427,0.002
7/14/2023 4:45,1.582185684,0.0022
7/14/2023 5:00,1.444465427,0.002
7/14/2023 5:15,1.444465427,0.002
7/14/2023 5:30,1.88950475,0.0027
7/14/2023 5:45,1.654461261,0.0023
7/14/2023 6:00,1.444465427,0.002
7/14/2023 6:15,2.341965306,0.0033
7/14/2023 6:30,1.807258185,0.0026
7/14/2023 6:45,2.060445487,0.0029
7/14/2023 7:00,1.444465427,0.002
7/14/2023 7:15,1.512591988,0.0021
7/14/2023 7:30,1.512591988,0.0021
7/14/2023 7:45,1.654461261,0.0023
7/14/2023 8:00,1.257509953,0.0018
7/14/2023 8:15,1.729502407,0.0024
7/14/2023 8:30,1.88950475,0.0027
7/14/2023 8:45,1.88950475,0.0027
7/14/2023 9:00,1.729502407,0.0024
7/14/2023 9:15,1.654461261,0.0023
7/14/2023 9:30,1.511415151,0.0021
7/14/2023 9:45,1.317101139,0.0019
7/14/2023 10:00,1.199233184,0.0017
7/14/2023 10:15,1.511415151,0.0021
7/14/2023 10:30,1.144174299,0.0016
7/14/2023 10:45,0.99067577,0.0014
7/14/2023 11:00,1.144174299,0.0016
7/14/2023 11:15,1.144174299,0.0016
7/14/2023 11:30,1.144174299,0.0016
7/14/2023 11:45,1.444465427,0.002
7/14/2023 12:00,1.144174299,0.0016
7/14/2023 12:15,1.444465427,0.002
7/14/2023 12:30,1.144174299,0.0016
7/14/2023 12:45,1.654461261,0.0023
7/14/2023 13:00,1.317101139,0.0019
7/14/2023 13:15,0.99067577,0.0014
7/14/2023 13:30,0.991502273,0.0014
7/14/2023 13:45,0.991502273,0.0014
7/14/2023 14:00,0.943706503,0.0013
7/14/2023 14:15,1.318149035,0.0019
7/14/2023 14:30,0.662288516,0.0009
7/14/2023 14:45,1.257509953,0.0018
7/14/2023 15:00,0.627232548,0.0009
7/14/2023 15:15,0.99067577,0.0014
7/14/2023 15:30,0.734329938,0.001
7/14/2023 15:45,0.854621561,0.0012
7/14/2023 16:00,0.943706503,0.0013
7/14/2023 16:15,0.532011082,0.0008
7/14/2023 16:30,0.854621561,0.0012
7/14/2023 16:45,0.734329938,0.001
7/14/2023 17:00,0.943706503,0.0013
7/14/2023 17:15,0.854621561,0.0012
7/14/2023 17:30,0.943706503,0.0013
7/14/2023 17:45,0.734329938,0.001
7/14/2023 18:00,0.562168481,0.0008
7/14/2023 18:15,0.627232548,0.0009
7/14/2023 18:30,0.854621561,0.0012
7/14/2023 18:45,0.943706503,0.0013
7/14/2023 19:00,0.475692385,0.0007
7/14/2023 19:15,0.734329938,0.001
7/14/2023 19:30,0.562168481,0.0008
7/14/2023 19:45,0.661681355,0.0009
7/14/2023 20:00,0.854621561,0.0012
7/14/2023 20:15,1.144174299,0.0016
7/14/2023 20:30,0.99067577,0.0014
7/14/2023 20:45,0.898594154,0.0013
7/14/2023 21:00,0.773210393,0.0011
7/14/2023 21:15,0.662288516,0.0009
7/14/2023 21:30,0.855352982,0.0012
7/14/2023 21:45,0.898594154,0.0013
7/14/2023 22:00,0.99067577,0.0014
7/14/2023 22:15,1.511415151,0.0021
7/14/2023 22:30,0.773210393,0.0011
7/14/2023 22:45,0.99067577,0.0014
7/14/2023 23:00,0.897832276,0.0013
7/14/2023 23:15,0.897832276,0.0013
7/14/2023 23:30,0.813074241,0.0012
7/14/2023 23:45,1.040422536,0.0015
7/15/2023 0:00,0.813074241,0.0012
7/15/2023 0:15,0.897832276,0.0013
7/15/2023 0:30,0.898594154,0.0013
7/15/2023 0:45,1.040422536,0.0015
7/15/2023 1:00,1.317101139,0.0019
7/15/2023 1:15,0.898594154,0.0013
7/15/2023 1:30,1.380143445,0.002
7/15/2023 1:45,1.512591988,0.0021
7/15/2023 2:00,0.898594154,0.0013
7/15/2023 2:15,1.317101139,0.0019
7/15/2023 2:30,1.040422536,0.0015
7/15/2023 2:45,0.99067577,0.0014
7/15/2023 3:00,1.511415151,0.0021
7/15/2023 3:15,1.511415151,0.0021
7/15/2023 3:30,1.511415151,0.0021
7/15/2023 3:45,0.99067577,0.0014
7/15/2023 4:00,0.813074241,0.0012
7/15/2023 4:15,1.040422536,0.0015
7/15/2023 4:30,1.512591988,0.0021
7/15/2023 4:45,1.730820966,0.0025
7/15/2023 5:00,1.145105356,0.0016
7/15/2023 5:15,1.040422536,0.0015
7/15/2023 5:30,1.200201638,0.0017
7/15/2023 5:45,1.511415151,0.0021
7/15/2023 6:00,1.317101139,0.0019
7/15/2023 6:15,1.580963352,0.0022
7/15/2023 6:30,1.199233184,0.0017
7/15/2023 6:45,1.511415151,0.0021
7/15/2023 7:00,0.897832276,0.0013
7/15/2023 7:15,1.03956251,0.0015
7/15/2023 7:30,1.091323134,0.0015
7/15/2023 7:45,1.091323134,0.0015
7/15/2023 8:00,1.808626597,0.0026
7/15/2023 8:15,1.200201638,0.0017
7/15/2023 8:30,1.040422536,0.0015
7/15/2023 8:45,1.582185684,0.0022
7/15/2023 9:00,0.943706503,0.0013
7/15/2023 9:15,1.257509953,0.0018
7/15/2023 9:30,1.091323134,0.0015
7/15/2023 9:45,1.808626597,0.0026
7/15/2023 10:00,1.380143445,0.002
7/15/2023 10:15,1.582185684,0.0022
7/15/2023 10:30,1.808626597,0.0026
7/15/2023 10:45,1.380143445,0.002
7/15/2023 11:00,0.943706503,0.0013
7/15/2023 11:15,1.380143445,0.002
7/15/2023 11:30,1.200201638,0.0017
7/15/2023 11:45,1.380143445,0.002
7/15/2023 12:00,1.03956251,0.0015
7/15/2023 12:15,0.897832276,0.0013
7/15/2023 12:30,1.729502407,0.0024
7/15/2023 12:45,1.729502407,0.0024
7/15/2023 13:00,1.040422536,0.0015
7/15/2023 13:15,0.943706503,0.0013
7/15/2023 13:30,0.943706503,0.0013
7/15/2023 13:45,1.973413743,0.0028
7/15/2023 14:00,1.040422536,0.0015
7/15/2023 14:15,1.511415151,0.0021
7/15/2023 14:30,1.144174299,0.0016
7/15/2023 14:45,0.898594154,0.0013
7/15/2023 15:00,0.898594154,0.0013
7/15/2023 15:15,0.898594154,0.0013
7/15/2023 15:30,1.040422536,0.0015
7/15/2023 15:45,0.99067577,0.0014
7/15/2023 16:00,1.03956251,0.0015
7/15/2023 16:15,1.144174299,0.0016
7/15/2023 16:30,0.734329938,0.001
7/15/2023 16:45,0.99067577,0.0014
7/15/2023 17:00,0.772537527,0.0011
7/15/2023 17:15,0.99067577,0.0014
7/15/2023 17:30,0.562700329,0.0008
7/15/2023 17:45,1.317101139,0.0019
7/15/2023 18:00,0.99067577,0.0014
7/15/2023 18:15,1.144174299,0.0016
7/15/2023 18:30,0.99067577,0.0014
7/15/2023 18:45,1.199233184,0.0017
7/15/2023 19:00,1.144174299,0.0016
7/15/2023 19:15,0.99067577,0.0014
7/15/2023 19:30,0.897832276,0.0013
7/15/2023 19:45,1.040422536,0.0015
7/15/2023 20:00,1.040422536,0.0015
7/15/2023 20:15,1.040422536,0.0015
7/15/2023 20:30,1.040422536,0.0015
7/15/2023 20:45,0.943706503,0.0013
7/15/2023 21:00,1.200201638,0.0017
7/15/2023 21:15,1.040422536,0.0015
7/15/2023 21:30,1.200201638,0.0017
7/15/2023 21:45,1.040422536,0.0015
7/15/2023 22:00,1.200201638,0.0017
7/15/2023 22:15,0.898594154,0.0013
7/15/2023 22:30,1.040422536,0.0015
7/15/2023 22:45,1.091323134,0.0015
7/15/2023 23:00,1.03956251,0.0015
7/15/2023 23:15,1.199233184,0.0017
7/15/2023 23:30,1.03956251,0.0015
7/15/2023 23:45,1.379054109,0.002
7/16/2023 0:00,1.379054109,0.002
7/16/2023 0:15,1.03956251,0.0015
7/16/2023 0:30,1.03956251,0.0015
7/16/2023 0:45,1.380143445,0.002
7/16/2023 1:00,0.697696671,0.001
7/16/2023 1:15,1.380143445,0.002
7/16/2023 1:30,1.091323134,0.0015
7/16/2023 1:45,1.582185684,0.0022
7/16/2023 2:00,1.380143445,0.002
7/16/2023 2:15,1.380143445,0.002
7/16/2023 2:30,1.444465427,0.002
7/16/2023 2:45,1.808626597,0.0026
7/16/2023 3:00,1.380143445,0.002
7/16/2023 3:15,1.257509953,0.0018
7/16/2023 3:30,1.257509953,0.0018
7/16/2023 3:45,1.808626597,0.0026
7/16/2023 4:00,1.808626597,0.0026
7/16/2023 4:15,1.808626597,0.0026
7/16/2023 4:30,1.200201638,0.0017
7/16/2023 4:45,1.380143445,0.002
7/16/2023 5:00,1.380143445,0.002
7/16/2023 5:15,1.091323134,0.0015
7/16/2023 5:30,1.974887489,0.0028
7/16/2023 5:45,1.380143445,0.002
7/16/2023 6:00,1.444465427,0.002
7/16/2023 6:15,2.245427057,0.0032
7/16/2023 6:30,1.973413743,0.0028
7/16/2023 6:45,1.582185684,0.0022
7/16/2023 7:00,1.380143445,0.002
7/16/2023 7:15,1.444465427,0.002
7/16/2023 7:30,1.444465427,0.002
7/16/2023 7:45,1.257509953,0.0018
7/16/2023 8:00,1.580963352,0.0022
7/16/2023 8:15,1.807258185,0.0026
7/16/2023 8:30,2.245427057,0.0032
7/16/2023 8:45,0.943706503,0.0013
7/16/2023 9:00,1.257509953,0.0018
7/16/2023 9:15,0.943706503,0.0013
7/16/2023 9:30,1.379054109,0.002
7/16/2023 9:45,1.379054109,0.002
7/16/2023 10:00,1.444465427,0.002
7/16/2023 10:15,0.854621561,0.0012
7/16/2023 10:30,1.654461261,0.0023
7/16/2023 10:45,1.091323134,0.0015
7/16/2023 11:00,0.943706503,0.0013
7/16/2023 11:15,1.807258185,0.0026
7/16/2023 11:30,1.199233184,0.0017
7/16/2023 11:45,1.582185684,0.0022
7/16/2023 12:00,1.580963352,0.0022
7/16/2023 12:15,1.200201638,0.0017
7/16/2023 12:30,1.380143445,0.002
7/16/2023 12:45,0.943706503,0.0013
7/16/2023 13:00,1.091323134,0.0015
7/16/2023 13:15,1.200201638,0.0017
7/16/2023 13:30,0.813074241,0.0012
7/16/2023 13:45,1.091323134,0.0015
7/16/2023 14:00,1.380143445,0.002
7/16/2023 14:15,1.040422536,0.0015
7/16/2023 14:30,1.040422536,0.0015
7/16/2023 14:45,1.040422536,0.0015
7/16/2023 15:00,0.813074241,0.0012
7/16/2023 15:15,0.772537527,0.0011
7/16/2023 15:30,0.772537527,0.0011
7/16/2023 15:45,0.772537527,0.0011
7/16/2023 16:00,1.03956251,0.0015
7/16/2023 16:15,0.813074241,0.0012
7/16/2023 16:30,0.943706503,0.0013
7/16/2023 16:45,1.317101139,0.0019
7/16/2023 17:00,0.813074241,0.0012
7/16/2023 17:15,0.898594154,0.0013
7/16/2023 17:30,0.813074241,0.0012
7/16/2023 17:45,1.317101139,0.0019
7/16/2023 18:00,0.813074241,0.0012
7/16/2023 18:15,0.697696671,0.001
7/16/2023 18:30,0.898594154,0.0013
7/16/2023 18:45,0.773210393,0.0011
7/16/2023 19:00,1.199233184,0.0017
7/16/2023 19:15,0.697696671,0.001
7/16/2023 19:30,1.091323134,0.0015
7/16/2023 19:45,0.943706503,0.0013
7/16/2023 20:00,1.379054109,0.002
7/16/2023 20:15,1.03956251,0.0015
7/16/2023 20:30,0.697696671,0.001
7/16/2023 20:45,0.813074241,0.0012
7/16/2023 21:00,1.380143445,0.002
7/16/2023 21:15,1.091323134,0.0015
7/16/2023 21:30,0.943706503,0.0013
7/16/2023 21:45,1.380143445,0.002
7/16/2023 22:00,0.943706503,0.0013
7/16/2023 22:15,1.091323134,0.0015
7/16/2023 22:30,1.444465427,0.002
7/16/2023 22:45,1.257509953,0.0018
7/16/2023 23:00,1.380143445,0.002
7/16/2023 23:15,1.580963352,0.0022
7/16/2023 23:30,1.091323134,0.0015
7/16/2023 23:45,0.943706503,0.0013
7/17/2023 0:00,1.973413743,0.0028
7/17/2023 0:15,1.444465427,0.002
7/17/2023 0:30,1.200201638,0.0017
7/17/2023 0:45,1.144174299,0.0016
7/17/2023 1:00,1.257509953,0.0018
7/17/2023 1:15,1.091323134,0.0015
7/17/2023 1:30,1.257509953,0.0018
7/17/2023 1:45,0.627232548,0.0009
7/17/2023 2:00,1.444465427,0.002
7/17/2023 2:15,1.257509953,0.0018
7/17/2023 2:30,1.444465427,0.002
7/17/2023 2:45,1.380143445,0.002
7/17/2023 3:00,1.091323134,0.0015
7/17/2023 3:15,1.257509953,0.0018
7/17/2023 3:30,1.380143445,0.002
7/17/2023 3:45,1.200201638,0.0017
7/17/2023 4:00,1.974887489,0.0028
7/17/2023 4:15,1.200201638,0.0017
7/17/2023 4:30,1.582185684,0.0022
7/17/2023 4:45,1.091323134,0.0015
7/17/2023 5:00,1.582185684,0.0022
7/17/2023 5:15,1.091323134,0.0015
7/17/2023 5:30,1.257509953,0.0018
7/17/2023 5:45,1.582185684,0.0022
7/17/2023 6:00,1.200201638,0.0017
7/17/2023 6:15,1.444465427,0.002
7/17/2023 6:30,1.257509953,0.0018
7/17/2023 6:45,1.380143445,0.002
7/17/2023 7:00,1.444465427,0.002
7/17/2023 7:15,1.257509953,0.0018
7/17/2023 7:30,1.580963352,0.0022
7/17/2023 7:45,1.807258185,0.0026
7/17/2023 8:00,1.257509953,0.0018
7/17/2023 8:15,1.580963352,0.0022
7/17/2023 8:30,1.199233184,0.0017
7/17/2023 8:45,1.444465427,0.002
7/17/2023 9:00,1.582185684,0.0022
7/17/2023 9:15,1.808626597,0.0026
7/17/2023 9:30,1.145105356,0.0016
7/17/2023 9:45,0.991502273,0.0014
7/17/2023 10:00,1.091323134,0.0015
7/17/2023 10:15,1.444465427,0.002
7/17/2023 10:30,1.654461261,0.0023
7/17/2023 10:45,1.199233184,0.0017
7/17/2023 11:00,1.091323134,0.0015
7/17/2023 11:15,1.444465427,0.002
7/17/2023 11:30,0.943706503,0.0013
7/17/2023 11:45,0.813074241,0.0012
7/17/2023 12:00,1.379054109,0.002
7/17/2023 12:15,0.943706503,0.0013
7/17/2023 12:30,1.091323134,0.0015
7/17/2023 12:45,0.854621561,0.0012
7/17/2023 13:00,0.943706503,0.0013
7/17/2023 13:15,0.697696671,0.001
7/17/2023 13:30,0.773210393,0.0011
7/17/2023 13:45,1.040422536,0.0015
7/17/2023 14:00,1.040422536,0.0015
7/17/2023 14:15,0.897832276,0.0013
7/17/2023 14:30,0.897832276,0.0013
7/17/2023 14:45,0.697696671,0.001
7/17/2023 15:00,0.697696671,0.001
7/17/2023 15:15,0.897832276,0.0013
7/17/2023 15:30,0.897832276,0.0013
7/17/2023 15:45,0.943706503,0.0013
7/17/2023 16:00,0.813074241,0.0012
7/17/2023 16:15,0.697696671,0.001
7/17/2023 16:30,1.03956251,0.0015
7/17/2023 16:45,0.898594154,0.0013
7/17/2023 17:00,0.662288516,0.0009
7/17/2023 17:15,0.594255346,0.0008
7/17/2023 17:30,0.697696671,0.001
7/17/2023 17:45,0.503233779,0.0007
7/17/2023 18:00,0.697696671,0.001
7/17/2023 18:15,1.040422536,0.0015
7/17/2023 18:30,0.532011082,0.0008
7/17/2023 18:45,1.040422536,0.0015
7/17/2023 19:00,0.662288516,0.0009
7/17/2023 19:15,0.773210393,0.0011
7/17/2023 19:30,0.898594154,0.0013
7/17/2023 19:45,0.773210393,0.0011
7/17/2023 20:00,0.594255346,0.0008
7/17/2023 20:15,0.943706503,0.0013
7/17/2023 20:30,0.898594154,0.0013
7/17/2023 20:45,1.200201638,0.0017
7/17/2023 21:00,0.898594154,0.0013
7/17/2023 21:15,0.943706503,0.0013
7/17/2023 21:30,0.697696671,0.001
7/17/2023 21:45,1.379054109,0.002
7/17/2023 22:00,0.734975191,0.001
7/17/2023 22:15,0.943706503,0.0013
7/17/2023 22:30,1.091323134,0.0015
7/17/2023 22:45,0.813074241,0.0012
7/17/2023 23:00,1.257509953,0.0018
7/17/2023 23:15,0.897832276,0.0013
7/17/2023 23:30,1.03956251,0.0015
7/17/2023 23:45,0.594255346,0.0008
7/18/2023 0:00,1.03956251,0.0015
7/18/2023 0:15,0.813074241,0.0012
7/18/2023 0:30,0.697696671,0.001
7/18/2023 0:45,0.813074241,0.0012
7/18/2023 1:00,0.943706503,0.0013
7/18/2023 1:15,0.943706503,0.0013
7/18/2023 1:30,0.532011082,0.0008
7/18/2023 1:45,0.813074241,0.0012
7/18/2023 2:00,1.200201638,0.0017
7/18/2023 2:15,1.200201638,0.0017
7/18/2023 2:30,1.040422536,0.0015
7/18/2023 2:45,1.199233184,0.0017
7/18/2023 3:00,1.511415151,0.0021
7/18/2023 3:15,1.091323134,0.0015
7/18/2023 3:30,1.199233184,0.0017
7/18/2023 3:45,0.813074241,0.0012
7/18/2023 4:00,0.943706503,0.0013
7/18/2023 4:15,0.813074241,0.0012
7/18/2023 4:30,0.813074241,0.0012
7/18/2023 4:45,1.199233184,0.0017
7/18/2023 5:00,1.199233184,0.0017
7/18/2023 5:15,1.199233184,0.0017
7/18/2023 5:30,1.091323134,0.0015
7/18/2023 5:45,1.200201638,0.0017
7/18/2023 6:00,0.813074241,0.0012
7/18/2023 6:15,0.943706503,0.0013
7/18/2023 6:30,1.257509953,0.0018
7/18/2023 6:45,0.943706503,0.0013
7/18/2023 7:00,1.582185684,0.0022
7/18/2023 7:15,1.200201638,0.0017
7/18/2023 7:30,0.943706503,0.0013
7/18/2023 7:45,0.813074241,0.0012
7/18/2023 8:00,1.091323134,0.0015
7/18/2023 8:15,0.943706503,0.0013
7/18/2023 8:30,0.813074241,0.0012
7/18/2023 8:45,1.200201638,0.0017
7/18/2023 9:00,1.257509953,0.0018
7/18/2023 9:15,1.444465427,0.002
7/18/2023 9:30,1.200201638,0.0017
7/18/2023 9:45,0.943706503,0.0013
7/18/2023 10:00,1.200201638,0.0017
7/18/2023 10:15,0.943706503,0.0013
7/18/2023 10:30,1.257509953,0.0018
7/18/2023 10:45,1.200201638,0.0017
7/18/2023 11:00,1.380143445,0.002
7/18/2023 11:15,0.813074241,0.0012
7/18/2023 11:30,1.380143445,0.002
7/18/2023 11:45,1.200201638,0.0017
7/18/2023 12:00,1.200201638,0.0017
7/18/2023 12:15,0.898594154,0.0013
7/18/2023 12:30,1.040422536,0.0015
7/18/2023 12:45,0.943706503,0.0013
7/18/2023 13:00,0.6278139,0.0009
7/18/2023 13:15,0.813074241,0.0012
7/18/2023 13:30,0.594255346,0.0008
7/18/2023 13:45,0.532519632,0.0008
7/18/2023 14:00,0.772537527,0.0011
7/18/2023 14:15,0.594255346,0.0008
7/18/2023 14:30,0.697696671,0.001
7/18/2023 14:45,0.503233779,0.0007
7/18/2023 15:00,0.594255346,0.0008
7/18/2023 15:15,0.594255346,0.0008
7/18/2023 15:30,0.662288516,0.0009
7/18/2023 15:45,0.423866439,0.0006
7/18/2023 16:00,0.898594154,0.0013
7/18/2023 16:15,0.448949413,0.0006
7/18/2023 16:30,0.662288516,0.0009
7/18/2023 16:45,0.594255346,0.0008
7/18/2023 17:00,0.662288516,0.0009
7/18/2023 17:15,0.773210393,0.0011
7/18/2023 17:30,0.423866439,0.0006
7/18/2023 17:45,0.594255346,0.0008
7/18/2023 18:00,0.503233779,0.0007
7/18/2023 18:15,0.423866439,0.0006
7/18/2023 18:30,0.898594154,0.0013
7/18/2023 18:45,0.594255346,0.0008
7/18/2023 19:00,0.594255346,0.0008
7/18/2023 19:15,0.503233779,0.0007
7/18/2023 19:30,0.532011082,0.0008
7/18/2023 19:45,0.532011082,0.0008
7/18/2023 20:00,0.503233779,0.0007
7/18/2023 20:15,0.943706503,0.0013
7/18/2023 20:30,0.627232548,0.0009
7/18/2023 20:45,0.532011082,0.0008
7/18/2023 21:00,1.03956251,0.0015
7/18/2023 21:15,0.734975191,0.001
7/18/2023 21:30,0.943706503,0.0013
7/18/2023 21:45,0.532519632,0.0008
7/18/2023 22:00,0.813074241,0.0012
7/18/2023 22:15,0.854621561,0.0012
7/18/2023 22:30,0.734329938,0.001
7/18/2023 22:45,0.813074241,0.0012
7/18/2023 23:00,0.627232548,0.0009
7/18/2023 23:15,0.627232548,0.0009
7/18/2023 23:30,1.091323134,0.0015
7/18/2023 23:45,0.813074241,0.0012
7/19/2023 0:00,0.813074241,0.0012
7/19/2023 0:15,0.627232548,0.0009
7/19/2023 0:30,0.734329938,0.001
7/19/2023 0:45,0.734329938,0.001
7/19/2023 1:00,0.943706503,0.0013
7/19/2023 1:15,1.040422536,0.0015
7/19/2023 1:30,0.697696671,0.001
7/19/2023 1:45,0.734329938,0.001
7/19/2023 2:00,0.594255346,0.0008
7/19/2023 2:15,1.200201638,0.0017
7/19/2023 2:30,0.532011082,0.0008
7/19/2023 2:45,0.813074241,0.0012
7/19/2023 3:00,0.627232548,0.0009
7/19/2023 3:15,1.200201638,0.0017
7/19/2023 3:30,0.854621561,0.0012
7/19/2023 3:45,1.200201638,0.0017
7/19/2023 4:00,0.697696671,0.001
7/19/2023 4:15,1.040422536,0.0015
7/19/2023 4:30,0.734329938,0.001
7/19/2023 4:45,0.943706503,0.0013
7/19/2023 5:00,0.943706503,0.0013
7/19/2023 5:15,0.734329938,0.001
7/19/2023 5:30,0.854621561,0.0012
7/19/2023 5:45,0.734329938,0.001
7/19/2023 6:00,1.257509953,0.0018
7/19/2023 6:15,0.734329938,0.001
7/19/2023 6:30,0.734329938,0.001
7/19/2023 6:45,1.257509953,0.0018
7/19/2023 7:00,0.943706503,0.0013
7/19/2023 7:15,1.444465427,0.002
7/19/2023 7:30,0.991502273,0.0014
7/19/2023 7:45,0.734975191,0.001
7/19/2023 8:00,0.855352982,0.0012
7/19/2023 8:15,0.855352982,0.0012
7/19/2023 8:30,0.943706503,0.0013
7/19/2023 8:45,0.855352982,0.0012
7/19/2023 9:00,1.091323134,0.0015
7/19/2023 9:15,0.773210393,0.0011
7/19/2023 9:30,0.813074241,0.0012
7/19/2023 9:45,0.943706503,0.0013
7/19/2023 10:00,1.144174299,0.0016
7/19/2023 10:15,0.943706503,0.0013
7/19/2023 10:30,0.734975191,0.001
7/19/2023 10:45,1.257509953,0.0018
7/19/2023 11:00,0.943706503,0.0013
7/19/2023 11:15,0.855352982,0.0012
7/19/2023 11:30,0.734329938,0.001
7/19/2023 11:45,0.734329938,0.001
7/19/2023 12:00,0.773210393,0.0011
7/19/2023 12:15,0.734329938,0.001
7/19/2023 12:30,0.734329938,0.001
7/19/2023 12:45,1.444465427,0.002
7/19/2023 13:00,0.99067577,0.0014
7/19/2023 13:15,0.854621561,0.0012
7/19/2023 13:30,0.99067577,0.0014
7/19/2023 13:45,0.734329938,0.001
7/19/2023 14:00,0.813074241,0.0012
7/19/2023 14:15,1.091323134,0.0015
7/19/2023 14:30,0.855352982,0.0012
7/19/2023 14:45,0.697696671,0.001
7/19/2023 15:00,0.627232548,0.0009
7/19/2023 15:15,0.813074241,0.0012
7/19/2023 15:30,0.813074241,0.0012
7/19/2023 15:45,0.898594154,0.0013
7/19/2023 16:00,0.813074241,0.0012
7/19/2023 16:15,0.943706503,0.0013
7/19/2023 16:30,0.943706503,0.0013
7/19/2023 16:45,0.697696671,0.001
7/19/2023 17:00,0.697696671,0.001
7/19/2023 17:15,1.03956251,0.0015
7/19/2023 17:30,0.734975191,0.001
7/19/2023 17:45,0.813074241,0.0012
7/19/2023 18:00,1.03956251,0.0015
7/19/2023 18:15,0.697696671,0.001
7/19/2023 18:30,0.813074241,0.0012
7/19/2023 18:45,0.532519632,0.0008
7/19/2023 19:00,0.734975191,0.001
7/19/2023 19:15,0.813074241,0.0012
7/19/2023 19:30,0.503233779,0.0007
7/19/2023 19:45,0.813074241,0.0012
7/19/2023 20:00,0.943706503,0.0013
7/19/2023 20:15,1.091323134,0.0015
7/19/2023 20:30,1.040422536,0.0015
7/19/2023 20:45,0.943706503,0.0013
7/19/2023 21:00,0.943706503,0.0013
7/19/2023 21:15,0.854621561,0.0012
7/19/2023 21:30,0.854621561,0.0012
7/19/2023 21:45,0.854621561,0.0012
7/19/2023 22:00,0.854621561,0.0012
7/19/2023 22:15,0.854621561,0.0012
7/19/2023 22:30,0.813074241,0.0012
7/19/2023 22:45,1.091323134,0.0015
7/19/2023 23:00,0.855352982,0.0012
7/19/2023 23:15,1.091323134,0.0015
7/19/2023 23:30,1.091323134,0.0015
7/19/2023 23:45,1.091323134,0.0015
7/20/2023 0:00,1.091323134,0.0015
7/20/2023 0:15,1.199233184,0.0017
7/20/2023 0:30,0.813074241,0.0012
7/20/2023 0:45,0.943706503,0.0013
7/20/2023 1:00,1.091323134,0.0015
7/20/2023 1:15,1.444465427,0.002
7/20/2023 1:30,1.379054109,0.002
7/20/2023 1:45,0.991502273,0.0014
7/20/2023 2:00,1.257509953,0.0018
7/20/2023 2:15,0.855352982,0.0012
7/20/2023 2:30,1.257509953,0.0018
7/20/2023 2:45,1.257509953,0.0018
7/20/2023 3:00,1.807258185,0.0026
7/20/2023 3:15,1.257509953,0.0018
7/20/2023 3:30,1.257509953,0.0018
7/20/2023 3:45,0.991502273,0.0014
7/20/2023 4:00,0.854621561,0.0012
7/20/2023 4:15,1.145105356,0.0016
7/20/2023 4:30,0.991502273,0.0014
7/20/2023 4:45,1.444465427,0.002
7/20/2023 5:00,1.444465427,0.002
7/20/2023 5:15,0.991502273,0.0014
7/20/2023 5:30,1.317101139,0.0019
7/20/2023 5:45,0.99067577,0.0014
7/20/2023 6:00,0.99067577,0.0014
7/20/2023 6:15,1.444465427,0.002
7/20/2023 6:30,2.061973956,0.0029
7/20/2023 6:45,1.444465427,0.002
7/20/2023 7:00,0.99067577,0.0014
7/20/2023 7:15,1.144174299,0.0016
7/20/2023 7:30,1.317101139,0.0019
7/20/2023 7:45,1.317101139,0.0019
7/20/2023 8:00,1.317101139,0.0019
7/20/2023 8:15,1.317101139,0.0019
7/20/2023 8:30,1.444465427,0.002
7/20/2023 8:45,1.654461261,0.0023
7/20/2023 9:00,1.511415151,0.0021
7/20/2023 9:15,1.257509953,0.0018
7/20/2023 9:30,1.257509953,0.0018
7/20/2023 9:45,1.444465427,0.002
7/20/2023 10:00,1.144174299,0.0016
7/20/2023 10:15,1.654461261,0.0023
7/20/2023 10:30,1.444465427,0.002
7/20/2023 10:45,1.144174299,0.0016
7/20/2023 11:00,0.854621561,0.0012
7/20/2023 11:15,1.257509953,0.0018
7/20/2023 11:30,0.854621561,0.0012
7/20/2023 11:45,1.380143445,0.002
7/20/2023 12:00,1.444465427,0.002
7/20/2023 12:15,0.813074241,0.0012
7/20/2023 12:30,0.991502273,0.0014
7/20/2023 12:45,0.855352982,0.0012
7/20/2023 13:00,0.627232548,0.0009
7/20/2023 13:15,1.379054109,0.002
7/20/2023 13:30,0.943706503,0.0013
7/20/2023 13:45,0.813074241,0.0012
7/20/2023 14:00,1.200201638,0.0017
7/20/2023 14:15,0.627232548,0.0009
7/20/2023 14:30,0.734329938,0.001
7/20/2023 14:45,0.734329938,0.001
7/20/2023 15:00,0.854621561,0.0012
7/20/2023 15:15,0.594255346,0.0008
7/20/2023 15:30,0.813074241,0.0012
7/20/2023 15:45,0.943706503,0.0013
7/20/2023 16:00,0.6278139,0.0009
7/20/2023 16:15,0.423866439,0.0006
7/20/2023 16:30,0.662288516,0.0009
7/20/2023 16:45,0.813074241,0.0012
7/20/2023 17:00,0.532011082,0.0008
7/20/2023 17:15,0.503233779,0.0007
7/20/2023 17:30,0.662288516,0.0009
7/20/2023 17:45,0.898594154,0.0013
7/20/2023 18:00,1.040422536,0.0015
7/20/2023 18:15,0.697696671,0.001
7/20/2023 18:30,1.040422536,0.0015
7/20/2023 18:45,0.697696671,0.001
7/20/2023 19:00,0.697696671,0.001
7/20/2023 19:15,0.594255346,0.0008
7/20/2023 19:30,0.773210393,0.0011
7/20/2023 19:45,0.627232548,0.0009
7/20/2023 20:00,0.734975191,0.001
7/20/2023 20:15,0.697696671,0.001
7/20/2023 20:30,0.697696671,0.001
7/20/2023 20:45,0.813074241,0.0012
7/20/2023 21:00,0.943706503,0.0013
7/20/2023 21:15,0.697696671,0.001
7/20/2023 21:30,0.943706503,0.0013
7/20/2023 21:45,1.380143445,0.002
7/20/2023 22:00,0.943706503,0.0013
7/20/2023 22:15,0.943706503,0.0013
7/20/2023 22:30,0.813074241,0.0012
7/20/2023 22:45,1.091323134,0.0015
7/20/2023 23:00,0.943706503,0.0013
7/20/2023 23:15,0.813074241,0.0012
7/20/2023 23:30,1.091323134,0.0015
7/20/2023 23:45,1.091323134,0.0015
7/21/2023 0:00,0.943706503,0.0013
7/21/2023 0:15,0.943706503,0.0013
7/21/2023 0:30,0.943706503,0.0013
7/21/2023 0:45,0.697696671,0.001
7/21/2023 1:00,1.091323134,0.0015
7/21/2023 1:15,1.200201638,0.0017
7/21/2023 1:30,1.199233184,0.0017
7/21/2023 1:45,0.697696671,0.001
7/21/2023 2:00,1.03956251,0.0015
7/21/2023 2:15,1.199233184,0.0017
7/21/2023 2:30,1.091323134,0.0015
7/21/2023 2:45,1.091323134,0.0015
7/21/2023 3:00,1.040422536,0.0015
7/21/2023 3:15,1.091323134,0.0015
7/21/2023 3:30,1.317101139,0.0019
7/21/2023 3:45,1.040422536,0.0015
7/21/2023 4:00,1.317101139,0.0019
7/21/2023 4:15,0.898594154,0.0013
7/21/2023 4:30,1.144174299,0.0016
7/21/2023 4:45,1.199233184,0.0017
7/21/2023 5:00,0.773210393,0.0011
7/21/2023 5:15,0.813074241,0.0012
7/21/2023 5:30,0.897832276,0.0013
7/21/2023 5:45,0.943706503,0.0013
7/21/2023 6:00,1.03956251,0.0015
7/21/2023 6:15,0.855352982,0.0012
7/21/2023 6:30,1.379054109,0.002
7/21/2023 6:45,0.897832276,0.0013
7/21/2023 7:00,1.040422536,0.0015
7/21/2023 7:15,1.040422536,0.0015
7/21/2023 7:30,0.813074241,0.0012
7/21/2023 7:45,0.943706503,0.0013
7/21/2023 8:00,1.091323134,0.0015
7/21/2023 8:15,1.257509953,0.0018
7/21/2023 8:30,0.813074241,0.0012
7/21/2023 8:45,0.943706503,0.0013
7/21/2023 9:00,1.380143445,0.002
7/21/2023 9:15,1.200201638,0.0017
7/21/2023 9:30,0.943706503,0.0013
7/21/2023 9:45,1.257509953,0.0018
7/21/2023 10:00,1.257509953,0.0018
7/21/2023 10:15,1.091323134,0.0015
7/21/2023 10:30,1.200201638,0.0017
7/21/2023 10:45,0.627232548,0.0009
7/21/2023 11:00,1.200201638,0.0017
7/21/2023 11:15,1.091323134,0.0015
7/21/2023 11:30,0.813074241,0.0012
7/21/2023 11:45,0.734329938,0.001
7/21/2023 12:00,1.040422536,0.0015
7/21/2023 12:15,0.813074241,0.0012
7/21/2023 12:30,0.897832276,0.0013
7/21/2023 12:45,0.772537527,0.0011
7/21/2023 13:00,1.03956251,0.0015
7/21/2023 13:15,1.03956251,0.0015
7/21/2023 13:30,1.040422536,0.0015
7/21/2023 13:45,0.697696671,0.001
7/21/2023 14:00,0.813074241,0.0012
7/21/2023 14:15,0.697696671,0.001
7/21/2023 14:30,0.697696671,0.001
7/21/2023 14:45,0.697696671,0.001
7/21/2023 15:00,0.697696671,0.001
7/21/2023 15:15,0.6278139,0.0009
7/21/2023 15:30,0.6278139,0.0009
7/21/2023 15:45,1.03956251,0.0015
7/21/2023 16:00,1.200201638,0.0017
7/21/2023 16:15,0.943706503,0.0013
7/21/2023 16:30,1.200201638,0.0017
7/21/2023 16:45,1.040422536,0.0015
7/21/2023 17:00,0.662288516,0.0009
7/21/2023 17:15,0.773210393,0.0011
7/21/2023 17:30,0.594255346,0.0008
7/21/2023 17:45,0.898594154,0.0013
7/21/2023 18:00,0.773210393,0.0011
7/21/2023 18:15,0.898594154,0.0013
7/21/2023 18:30,0.594255346,0.0008
7/21/2023 18:45,0.697696671,0.001
7/21/2023 19:00,0.594255346,0.0008
7/21/2023 19:15,0.898594154,0.0013
7/21/2023 19:30,0.813074241,0.0012
7/21/2023 19:45,0.898594154,0.0013
7/21/2023 20:00,1.040422536,0.0015
7/21/2023 20:15,0.943706503,0.0013
7/21/2023 20:30,0.6278139,0.0009
7/21/2023 20:45,1.257509953,0.0018
7/21/2023 21:00,0.697696671,0.001
7/21/2023 21:15,0.813074241,0.0012
7/21/2023 21:30,0.813074241,0.0012
7/21/2023 21:45,0.813074241,0.0012
7/21/2023 22:00,0.854621561,0.0012
7/21/2023 22:15,1.257509953,0.0018
7/21/2023 22:30,0.943706503,0.0013
7/21/2023 22:45,1.091323134,0.0015
7/21/2023 23:00,0.943706503,0.0013
7/21/2023 23:15,1.257509953,0.0018
7/21/2023 23:30,1.444465427,0.002
7/21/2023 23:45,1.145105356,0.0016
7/22/2023 0:00,1.257509953,0.0018
7/22/2023 0:15,1.144174299,0.0016
7/22/2023 0:30,0.854621561,0.0012
7/22/2023 0:45,0.99067577,0.0014
7/22/2023 1:00,1.144174299,0.0016
7/22/2023 1:15,1.444465427,0.002
7/22/2023 1:30,1.144174299,0.0016
7/22/2023 1:45,1.144174299,0.0016
7/22/2023 2:00,0.99067577,0.0014
7/22/2023 2:15,1.144174299,0.0016
7/22/2023 2:30,0.898594154,0.0013
7/22/2023 2:45,0.991502273,0.0014
7/22/2023 3:00,1.444465427,0.002
7/22/2023 3:15,0.991502273,0.0014
7/22/2023 3:30,1.654461261,0.0023
7/22/2023 3:45,1.091323134,0.0015
7/22/2023 4:00,1.091323134,0.0015
7/22/2023 4:15,1.257509953,0.0018
7/22/2023 4:30,1.318149035,0.0019
7/22/2023 4:45,1.091323134,0.0015
7/22/2023 5:00,1.091323134,0.0015
7/22/2023 5:15,1.317101139,0.0019
7/22/2023 5:30,0.99067577,0.0014
7/22/2023 5:45,0.773210393,0.0011
7/22/2023 6:00,1.091323134,0.0015
7/22/2023 6:15,0.662288516,0.0009
7/22/2023 6:30,1.144174299,0.0016
7/22/2023 6:45,1.444465427,0.002
7/22/2023 7:00,1.091323134,0.0015
7/22/2023 7:15,1.091323134,0.0015
7/22/2023 7:30,0.854621561,0.0012
7/22/2023 7:45,1.257509953,0.0018
7/22/2023 8:00,1.257509953,0.0018
7/22/2023 8:15,1.257509953,0.0018
7/22/2023 8:30,1.091323134,0.0015
7/22/2023 8:45,0.99067577,0.0014
7/22/2023 9:00,0.99067577,0.0014
7/22/2023 9:15,0.99067577,0.0014
7/22/2023 9:30,0.854621561,0.0012
7/22/2023 9:45,1.257509953,0.0018
7/22/2023 10:00,1.257509953,0.0018
7/22/2023 10:15,1.654461261,0.0023
7/22/2023 10:30,1.257509953,0.0018
7/22/2023 10:45,1.257509953,0.0018
7/22/2023 11:00,0.855352982,0.0012
7/22/2023 11:15,1.091323134,0.0015
7/22/2023 11:30,0.943706503,0.0013
7/22/2023 11:45,1.379054109,0.002
7/22/2023 12:00,0.697696671,0.001
7/22/2023 12:15,0.734329938,0.001
7/22/2023 12:30,1.040422536,0.0015
7/22/2023 12:45,0.734329938,0.001
7/22/2023 13:00,0.627232548,0.0009
7/22/2023 13:15,0.854621561,0.0012
7/22/2023 13:30,0.562168481,0.0008
7/22/2023 13:45,1.257509953,0.0018
7/22/2023 14:00,0.943706503,0.0013
7/22/2023 14:15,0.943706503,0.0013
7/22/2023 14:30,0.943706503,0.0013
7/22/2023 14:45,1.091323134,0.0015
7/22/2023 15:00,0.943706503,0.0013
7/22/2023 15:15,0.943706503,0.0013
7/22/2023 15:30,1.380143445,0.002
7/22/2023 15:45,1.040422536,0.0015
7/22/2023 16:00,1.144174299,0.0016
7/22/2023 16:15,2.341965306,0.0033
7/22/2023 16:30,2.061973956,0.0029
7/22/2023 16:45,1.654461261,0.0023
7/22/2023 17:00,1.88950475,0.0027
7/22/2023 17:15,1.654461261,0.0023
7/22/2023 17:30,1.807258185,0.0026
7/22/2023 17:45,2.061973956,0.0029
7/22/2023 18:00,2.245427057,0.0032
7/22/2023 18:15,2.546942543,0.0036
7/22/2023 18:30,2.245427057,0.0032
7/22/2023 18:45,2.245427057,0.0032
7/22/2023 19:00,2.245427057,0.0032
7/22/2023 19:15,1.729502407,0.0024
7/22/2023 19:30,1.729502407,0.0024
7/22/2023 19:45,1.729502407,0.0024
7/22/2023 20:00,1.729502407,0.0024
7/22/2023 20:15,1.580963352,0.0022
7/22/2023 20:30,1.729502407,0.0024
7/22/2023 20:45,1.199233184,0.0017
7/22/2023 21:00,1.444465427,0.002
7/22/2023 21:15,1.808626597,0.0026
7/22/2023 21:30,1.582185684,0.0022
7/22/2023 21:45,1.444465427,0.002
7/22/2023 22:00,0.991502273,0.0014
7/22/2023 22:15,2.343658254,0.0033
7/22/2023 22:30,1.091323134,0.0015
7/22/2023 22:45,1.257509953,0.0018
7/22/2023 23:00,1.091323134,0.0015
7/22/2023 23:15,1.654461261,0.0023
7/22/2023 23:30,1.091323134,0.0015
7/22/2023 23:45,1.88950475,0.0027
7/23/2023 0:00,1.257509953,0.0018
7/23/2023 0:15,1.444465427,0.002
7/23/2023 0:30,1.444465427,0.002
7/23/2023 0:45,1.444465427,0.002
7/23/2023 1:00,1.580963352,0.0022
7/23/2023 1:15,1.444465427,0.002
7/23/2023 1:30,1.318149035,0.0019
7/23/2023 1:45,1.145105356,0.0016
7/23/2023 2:00,1.444465427,0.002
7/23/2023 2:15,2.061973956,0.0029
7/23/2023 2:30,1.257509953,0.0018
7/23/2023 2:45,1.257509953,0.0018
7/23/2023 3:00,1.091323134,0.0015
7/23/2023 3:15,1.444465427,0.002
7/23/2023 3:30,0.855352982,0.0012
7/23/2023 3:45,1.091323134,0.0015
7/23/2023 4:00,1.582185684,0.0022
7/23/2023 4:15,1.654461261,0.0023
7/23/2023 4:30,1.582185684,0.0022
7/23/2023 4:45,1.654461261,0.0023
7/23/2023 5:00,1.582185684,0.0022
7/23/2023 5:15,1.444465427,0.002
7/23/2023 5:30,1.257509953,0.0018
7/23/2023 5:45,1.144174299,0.0016
7/23/2023 6:00,1.257509953,0.0018
7/23/2023 6:15,1.444465427,0.002
7/23/2023 6:30,1.317101139,0.0019
7/23/2023 6:45,1.091323134,0.0015
7/23/2023 7:00,1.257509953,0.0018
7/23/2023 7:15,1.444465427,0.002
7/23/2023 7:30,1.091323134,0.0015
7/23/2023 7:45,1.808626597,0.0026
7/23/2023 8:00,1.144174299,0.0016
7/23/2023 8:15,1.317101139,0.0019
7/23/2023 8:30,1.317101139,0.0019
7/23/2023 8:45,1.444465427,0.002
7/23/2023 9:00,1.144174299,0.0016
7/23/2023 9:15,1.88950475,0.0027
7/23/2023 9:30,1.654461261,0.0023
7/23/2023 9:45,1.654461261,0.0023
7/23/2023 10:00,1.144174299,0.0016
7/23/2023 10:15,1.444465427,0.002
7/23/2023 10:30,1.091323134,0.0015
7/23/2023 10:45,1.257509953,0.0018
7/23/2023 11:00,1.444465427,0.002
7/23/2023 11:15,0.99067577,0.0014
7/23/2023 11:30,1.444465427,0.002
7/23/2023 11:45,0.854621561,0.0012
7/23/2023 12:00,0.627232548,0.0009
7/23/2023 12:15,0.99067577,0.0014
7/23/2023 12:30,1.091323134,0.0015
7/23/2023 12:45,0.734329938,0.001
7/23/2023 13:00,1.091323134,0.0015
7/23/2023 13:15,0.99067577,0.0014
7/23/2023 13:30,0.943706503,0.0013
7/23/2023 13:45,1.444465427,0.002
7/23/2023 14:00,1.654461261,0.0023
7/23/2023 14:15,1.144174299,0.0016
7/23/2023 14:30,0.943706503,0.0013
7/23/2023 14:45,1.257509953,0.0018
7/23/2023 15:00,0.734975191,0.001
7/23/2023 15:15,0.991502273,0.0014
7/23/2023 15:30,0.991502273,0.0014
7/23/2023 15:45,1.091323134,0.0015
7/23/2023 16:00,1.091323134,0.0015
7/23/2023 16:15,0.943706503,0.0013
7/23/2023 16:30,0.99067577,0.0014
7/23/2023 16:45,1.091323134,0.0015
7/23/2023 17:00,0.697696671,0.001
7/23/2023 17:15,0.943706503,0.0013
7/23/2023 17:30,0.943706503,0.0013
7/23/2023 17:45,0.813074241,0.0012
7/23/2023 18:00,0.734329938,0.001
7/23/2023 18:15,0.813074241,0.0012
7/23/2023 18:30,0.813074241,0.0012
7/23/2023 18:45,0.943706503,0.0013
7/23/2023 19:00,0.854621561,0.0012
7/23/2023 19:15,0.99067577,0.0014
7/23/2023 19:30,0.99067577,0.0014
7/23/2023 19:45,0.854621561,0.0012
7/23/2023 20:00,0.854621561,0.0012
7/23/2023 20:15,0.854621561,0.0012
7/23/2023 20:30,0.943706503,0.0013
7/23/2023 20:45,0.813074241,0.0012
7/23/2023 21:00,0.943706503,0.0013
7/23/2023 21:15,0.991502273,0.0014
7/23/2023 21:30,1.257509953,0.0018
7/23/2023 21:45,0.734329938,0.001
7/23/2023 22:00,0.6278139,0.0009
7/23/2023 22:15,0.854621561,0.0012
7/23/2023 22:30,0.475692385,0.0007
7/23/2023 22:45,0.99067577,0.0014
7/23/2023 23:00,0.854621561,0.0012
7/23/2023 23:15,0.772537527,0.0011
7/23/2023 23:30,1.144174299,0.0016
7/23/2023 23:45,1.091323134,0.0015
7/24/2023 0:00,0.99067577,0.0014
7/24/2023 0:15,0.661681355,0.0009
7/24/2023 0:30,0.99067577,0.0014
7/24/2023 0:45,0.562168481,0.0008
7/24/2023 1:00,1.444465427,0.002
7/24/2023 1:15,0.772537527,0.0011
7/24/2023 1:30,1.144174299,0.0016
7/24/2023 1:45,1.144174299,0.0016
7/24/2023 2:00,0.99067577,0.0014
7/24/2023 2:15,0.661681355,0.0009
7/24/2023 2:30,1.091323134,0.0015
7/24/2023 2:45,0.854621561,0.0012
7/24/2023 3:00,0.854621561,0.0012
7/24/2023 3:15,0.734329938,0.001
7/24/2023 3:30,0.854621561,0.0012
7/24/2023 3:45,1.091323134,0.0015
7/24/2023 4:00,0.854621561,0.0012
7/24/2023 4:15,1.257509953,0.0018
7/24/2023 4:30,0.99067577,0.0014
7/24/2023 4:45,0.897832276,0.0013
7/24/2023 5:00,1.317101139,0.0019
7/24/2023 5:15,0.854621561,0.0012
7/24/2023 5:30,1.317101139,0.0019
7/24/2023 5:45,0.661681355,0.0009
7/24/2023 6:00,0.854621561,0.0012
7/24/2023 6:15,1.444465427,0.002
7/24/2023 6:30,1.145105356,0.0016
7/24/2023 6:45,0.898594154,0.0013
7/24/2023 7:00,0.991502273,0.0014
7/24/2023 7:15,1.145105356,0.0016
7/24/2023 7:30,0.991502273,0.0014
7/24/2023 7:45,1.040422536,0.0015
7/24/2023 8:00,1.040422536,0.0015
7/24/2023 8:15,1.040422536,0.0015
7/24/2023 8:30,0.773210393,0.0011
7/24/2023 8:45,0.99067577,0.0014
7/24/2023 9:00,0.898594154,0.0013
7/24/2023 9:15,1.144174299,0.0016
7/24/2023 9:30,1.317101139,0.0019
7/24/2023 9:45,0.898594154,0.0013
7/24/2023 10:00,0.99067577,0.0014
7/24/2023 10:15,0.898594154,0.0013
7/24/2023 10:30,0.662288516,0.0009
7/24/2023 10:45,0.855352982,0.0012
7/24/2023 11:00,0.662288516,0.0009
7/24/2023 11:15,0.773210393,0.0011
7/24/2023 11:30,0.773210393,0.0011
7/24/2023 11:45,0.662288516,0.0009
7/24/2023 12:00,0.662288516,0.0009
7/24/2023 12:15,0.773210393,0.0011
7/24/2023 12:30,0.662288516,0.0009
7/24/2023 12:45,0.662288516,0.0009
7/24/2023 13:00,0.734329938,0.001
7/24/2023 13:15,0.734329938,0.001
7/24/2023 13:30,0.772537527,0.0011
7/24/2023 13:45,0.661681355,0.0009
7/24/2023 14:00,0.35506608,0.0005
7/24/2023 14:15,0.475228568,0.0007
7/24/2023 14:30,0.594255346,0.0008
7/24/2023 14:45,0.423866439,0.0006
7/24/2023 15:00,0.423866439,0.0006
7/24/2023 15:15,0.475228568,0.0007
7/24/2023 15:30,0.503233779,0.0007
7/24/2023 15:45,0.562168481,0.0008
7/24/2023 16:00,0.503233779,0.0007
7/24/2023 16:15,0.562168481,0.0008
7/24/2023 16:30,0.423866439,0.0006
7/24/2023 16:45,0.562168481,0.0008
7/24/2023 17:00,0.734329938,0.001
7/24/2023 17:15,0.399936554,0.0006
7/24/2023 17:30,0.662288516,0.0009
7/24/2023 17:45,0.475692385,0.0007
7/24/2023 18:00,0.399936554,0.0006
7/24/2023 18:15,0.532519632,0.0008
7/24/2023 18:30,0.6278139,0.0009
7/24/2023 18:45,0.475692385,0.0007
7/24/2023 19:00,0.773210393,0.0011
7/24/2023 19:15,0.562700329,0.0008
7/24/2023 19:30,0.662288516,0.0009
7/24/2023 19:45,0.562700329,0.0008
7/24/2023 20:00,0.503233779,0.0007
7/24/2023 20:15,0.734329938,0.001
7/24/2023 20:30,0.661681355,0.0009
7/24/2023 20:45,0.627232548,0.0009
7/24/2023 21:00,0.943706503,0.0013
7/24/2023 21:15,0.772537527,0.0011
7/24/2023 21:30,0.772537527,0.0011
7/24/2023 21:45,0.772537527,0.0011
7/24/2023 22:00,0.661681355,0.0009
7/24/2023 22:15,0.99067577,0.0014
7/24/2023 22:30,0.734329938,0.001
7/24/2023 22:45,0.697696671,0.001
7/24/2023 23:00,0.772537527,0.0011
7/24/2023 23:15,0.854621561,0.0012
7/24/2023 23:30,0.773210393,0.0011
7/24/2023 23:45,0.772537527,0.0011
7/25/2023 0:00,0.661681355,0.0009
7/25/2023 0:15,0.772537527,0.0011
7/25/2023 0:30,0.772537527,0.0011
7/25/2023 0:45,0.772537527,0.0011
7/25/2023 1:00,1.257509953,0.0018
7/25/2023 1:15,1.091323134,0.0015
7/25/2023 1:30,0.854621561,0.0012
7/25/2023 1:45,0.854621561,0.0012
7/25/2023 2:00,0.854621561,0.0012
7/25/2023 2:15,0.854621561,0.0012
7/25/2023 2:30,1.144174299,0.0016
7/25/2023 2:45,0.562700329,0.0008
7/25/2023 3:00,0.854621561,0.0012
7/25/2023 3:15,0.734329938,0.001
7/25/2023 3:30,0.854621561,0.0012
7/25/2023 3:45,0.773210393,0.0011
7/25/2023 4:00,0.854621561,0.0012
7/25/2023 4:15,0.854621561,0.0012
7/25/2023 4:30,0.898594154,0.0013
7/25/2023 4:45,0.854621561,0.0012
7/25/2023 5:00,0.854621561,0.0012
7/25/2023 5:15,0.734329938,0.001
7/25/2023 5:30,0.854621561,0.0012
7/25/2023 5:45,0.854621561,0.0012
7/25/2023 6:00,0.854621561,0.0012
7/25/2023 6:15,0.854621561,0.0012
7/25/2023 6:30,0.734329938,0.001
7/25/2023 6:45,0.99067577,0.0014
7/25/2023 7:00,0.854621561,0.0012
7/25/2023 7:15,0.99067577,0.0014
7/25/2023 7:30,0.662288516,0.0009
7/25/2023 7:45,0.898594154,0.0013
7/25/2023 8:00,0.898594154,0.0013
7/25/2023 8:15,0.991502273,0.0014
7/25/2023 8:30,0.773210393,0.0011
7/25/2023 8:45,0.991502273,0.0014
7/25/2023 9:00,0.855352982,0.0012
7/25/2023 9:15,0.898594154,0.0013
7/25/2023 9:30,1.040422536,0.0015
7/25/2023 9:45,0.662288516,0.0009
7/25/2023 10:00,0.562700329,0.0008
7/25/2023 10:15,0.773210393,0.0011
7/25/2023 10:30,0.99067577,0.0014
7/25/2023 10:45,1.091323134,0.0015
7/25/2023 11:00,0.854621561,0.0012
7/25/2023 11:15,0.773210393,0.0011
7/25/2023 11:30,0.627232548,0.0009
7/25/2023 11:45,0.627232548,0.0009
7/25/2023 12:00,0.734329938,0.001
7/25/2023 12:15,0.532011082,0.0008
7/25/2023 12:30,0.475228568,0.0007
7/25/2023 12:45,0.562168481,0.0008
7/25/2023 13:00,0.661681355,0.0009
7/25/2023 13:15,0.661681355,0.0009
7/25/2023 13:30,0.734329938,0.001
7/25/2023 13:45,0.562168481,0.0008
7/25/2023 14:00,0.854621561,0.0012
7/25/2023 14:15,0.662288516,0.0009
7/25/2023 14:30,0.475692385,0.0007
7/25/2023 14:45,0.697696671,0.001
7/25/2023 15:00,0.734975191,0.001
7/25/2023 15:15,0.627232548,0.0009
7/25/2023 15:30,0.943706503,0.0013
7/25/2023 15:45,0.627232548,0.0009
7/25/2023 16:00,0.734329938,0.001
7/25/2023 16:15,0.532011082,0.0008
7/25/2023 16:30,0.813074241,0.0012
7/25/2023 16:45,0.627232548,0.0009
7/25/2023 17:00,0.854621561,0.0012
7/25/2023 17:15,0.627232548,0.0009
7/25/2023 17:30,0.813074241,0.0012
7/25/2023 17:45,0.813074241,0.0012
7/25/2023 18:00,0.813074241,0.0012
7/25/2023 18:15,0.854621561,0.0012
7/25/2023 18:30,1.091323134,0.0015
7/25/2023 18:45,0.697696671,0.001
7/25/2023 19:00,0.813074241,0.0012
7/25/2023 19:15,0.813074241,0.0012
7/25/2023 19:30,0.943706503,0.0013
7/25/2023 19:45,0.943706503,0.0013
7/25/2023 20:00,0.697696671,0.001
7/25/2023 20:15,0.813074241,0.0012
7/25/2023 20:30,0.697696671,0.001
7/25/2023 20:45,0.943706503,0.0013
7/25/2023 21:00,0.854621561,0.0012
7/25/2023 21:15,0.734329938,0.001
7/25/2023 21:30,0.734975191,0.001
7/25/2023 21:45,0.734975191,0.001
7/25/2023 22:00,0.562700329,0.0008
7/25/2023 22:15,0.855352982,0.0012
7/25/2023 22:30,0.855352982,0.0012
7/25/2023 22:45,0.734329938,0.001
7/25/2023 23:00,1.091323134,0.0015
7/25/2023 23:15,0.734975191,0.001
7/25/2023 23:30,0.855352982,0.0012
7/25/2023 23:45,0.813074241,0.0012
7/26/2023 0:00,0.991502273,0.0014
7/26/2023 0:15,0.855352982,0.0012
7/26/2023 0:30,0.855352982,0.0012
7/26/2023 0:45,0.6278139,0.0009
7/26/2023 1:00,0.991502273,0.0014
7/26/2023 1:15,0.855352982,0.0012
7/26/2023 1:30,1.257509953,0.0018
7/26/2023 1:45,0.734975191,0.001
7/26/2023 2:00,0.734329938,0.001
7/26/2023 2:15,0.943706503,0.0013
7/26/2023 2:30,0.855352982,0.0012
7/26/2023 2:45,0.734329938,0.001
7/26/2023 3:00,0.943706503,0.0013
7/26/2023 3:15,0.854621561,0.0012
7/26/2023 3:30,0.734329938,0.001
7/26/2023 3:45,0.854621561,0.0012
7/26/2023 4:00,0.854621561,0.0012
7/26/2023 4:15,0.734329938,0.001
7/26/2023 4:30,0.943706503,0.0013
7/26/2023 4:45,0.627232548,0.0009
7/26/2023 5:00,0.854621561,0.0012
7/26/2023 5:15,0.813074241,0.0012
7/26/2023 5:30,0.943706503,0.0013
7/26/2023 5:45,1.091323134,0.0015
7/26/2023 6:00,0.991502273,0.0014
7/26/2023 6:15,0.991502273,0.0014
7/26/2023 6:30,0.943706503,0.0013
7/26/2023 6:45,0.855352982,0.0012
7/26/2023 7:00,0.991502273,0.0014
7/26/2023 7:15,0.855352982,0.0012
7/26/2023 7:30,0.773210393,0.0011
7/26/2023 7:45,0.854621561,0.0012
7/26/2023 8:00,0.99067577,0.0014
7/26/2023 8:15,0.99067577,0.0014
7/26/2023 8:30,0.854621561,0.0012
7/26/2023 8:45,0.854621561,0.0012
7/26/2023 9:00,0.99067577,0.0014
7/26/2023 9:15,0.99067577,0.0014
7/26/2023 9:30,0.562700329,0.0008
7/26/2023 9:45,1.144174299,0.0016
7/26/2023 10:00,0.734329938,0.001
7/26/2023 10:15,1.317101139,0.0019
7/26/2023 10:30,0.99067577,0.0014
7/26/2023 10:45,1.144174299,0.0016
7/26/2023 11:00,0.943706503,0.0013
7/26/2023 11:15,0.662288516,0.0009
7/26/2023 11:30,0.943706503,0.0013
7/26/2023 11:45,0.943706503,0.0013
7/26/2023 12:00,0.855352982,0.0012
7/26/2023 12:15,0.6278139,0.0009
7/26/2023 12:30,0.562700329,0.0008
7/26/2023 12:45,0.475692385,0.0007
7/26/2023 13:00,0.448949413,0.0006
7/26/2023 13:15,0.734329938,0.001
7/26/2023 13:30,0.662288516,0.0009
7/26/2023 13:45,0.734329938,0.001
7/26/2023 14:00,0.734329938,0.001
7/26/2023 14:15,0.854621561,0.0012
7/26/2023 14:30,0.854621561,0.0012
7/26/2023 14:45,0.99067577,0.0014
7/26/2023 15:00,1.091323134,0.0015
7/26/2023 15:15,0.697696671,0.001
7/26/2023 15:30,1.091323134,0.0015
7/26/2023 15:45,1.200201638,0.0017
7/26/2023 16:00,0.943706503,0.0013
7/26/2023 16:15,1.257509953,0.0018
7/26/2023 16:30,1.200201638,0.0017
7/26/2023 16:45,1.511415151,0.0021
7/26/2023 17:00,1.03956251,0.0015
7/26/2023 17:15,1.199233184,0.0017
7/26/2023 17:30,1.379054109,0.002
7/26/2023 17:45,1.379054109,0.002
7/26/2023 18:00,1.199233184,0.0017
7/26/2023 18:15,0.898594154,0.0013
7/26/2023 18:30,1.199233184,0.0017
7/26/2023 18:45,1.199233184,0.0017
7/26/2023 19:00,0.813074241,0.0012
7/26/2023 19:15,1.091323134,0.0015
7/26/2023 19:30,0.943706503,0.0013
7/26/2023 19:45,0.813074241,0.0012
7/26/2023 20:00,0.854621561,0.0012
7/26/2023 20:15,1.200201638,0.0017
7/26/2023 20:30,1.040422536,0.0015
7/26/2023 20:45,1.257509953,0.0018
7/26/2023 21:00,0.813074241,0.0012
7/26/2023 21:15,0.813074241,0.0012
7/26/2023 21:30,1.091323134,0.0015
7/26/2023 21:45,1.145105356,0.0016
7/26/2023 22:00,0.855352982,0.0012
7/26/2023 22:15,1.144174299,0.0016
7/26/2023 22:30,1.144174299,0.0016
7/26/2023 22:45,1.257509953,0.0018
7/26/2023 23:00,0.943706503,0.0013
7/26/2023 23:15,0.943706503,0.0013
7/26/2023 23:30,0.991502273,0.0014
7/26/2023 23:45,0.99067577,0.0014
7/27/2023 0:00,1.444465427,0.002
7/27/2023 0:15,1.091323134,0.0015
7/27/2023 0:30,1.257509953,0.0018
7/27/2023 0:45,0.99067577,0.0014
7/27/2023 1:00,1.444465427,0.002
7/27/2023 1:15,1.091323134,0.0015
7/27/2023 1:30,0.697696671,0.001
7/27/2023 1:45,0.943706503,0.0013
7/27/2023 2:00,1.091323134,0.0015
7/27/2023 2:15,1.091323134,0.0015
7/27/2023 2:30,0.99067577,0.0014
7/27/2023 2:45,1.040422536,0.0015
7/27/2023 3:00,1.200201638,0.0017
7/27/2023 3:15,0.943706503,0.0013
7/27/2023 3:30,0.813074241,0.0012
7/27/2023 3:45,0.99067577,0.0014
7/27/2023 4:00,1.091323134,0.0015
7/27/2023 4:15,1.200201638,0.0017
7/27/2023 4:30,1.040422536,0.0015
7/27/2023 4:45,1.200201638,0.0017
7/27/2023 5:00,0.943706503,0.0013
7/27/2023 5:15,1.091323134,0.0015
7/27/2023 5:30,1.380143445,0.002
7/27/2023 5:45,1.380143445,0.002
7/27/2023 6:00,1.444465427,0.002
7/27/2023 6:15,0.99067577,0.0014
7/27/2023 6:30,1.444465427,0.002
7/27/2023 6:45,1.444465427,0.002
7/27/2023 7:00,1.091323134,0.0015
7/27/2023 7:15,1.091323134,0.0015
7/27/2023 7:30,0.991502273,0.0014
7/27/2023 7:45,0.991502273,0.0014
7/27/2023 8:00,1.199233184,0.0017
7/27/2023 8:15,0.855352982,0.0012
7/27/2023 8:30,0.991502273,0.0014
7/27/2023 8:45,1.444465427,0.002
7/27/2023 9:00,0.855352982,0.0012
7/27/2023 9:15,1.444465427,0.002
7/27/2023 9:30,1.257509953,0.0018
7/27/2023 9:45,1.145105356,0.0016
7/27/2023 10:00,0.734975191,0.001
7/27/2023 10:15,0.855352982,0.0012
7/27/2023 10:30,0.943706503,0.0013
7/27/2023 10:45,0.943706503,0.0013
7/27/2023 11:00,0.734329938,0.001
7/27/2023 11:15,1.091323134,0.0015
7/27/2023 11:30,1.091323134,0.0015
7/27/2023 11:45,0.855352982,0.0012
7/27/2023 12:00,0.697696671,0.001
7/27/2023 12:15,0.734329938,0.001
7/27/2023 12:30,0.734329938,0.001
7/27/2023 12:45,0.697696671,0.001
7/27/2023 13:00,0.734329938,0.001
7/27/2023 13:15,0.943706503,0.0013
7/27/2023 13:30,0.627232548,0.0009
7/27/2023 13:45,0.734329938,0.001
7/27/2023 14:00,0.813074241,0.0012
7/27/2023 14:15,0.813074241,0.0012
7/27/2023 14:30,0.734329938,0.001
7/27/2023 14:45,0.697696671,0.001
7/27/2023 15:00,0.943706503,0.0013
7/27/2023 15:15,0.813074241,0.0012
7/27/2023 15:30,0.813074241,0.0012
7/27/2023 15:45,1.199233184,0.0017
7/27/2023 16:00,1.091323134,0.0015
7/27/2023 16:15,1.200201638,0.0017
7/27/2023 16:30,1.200201638,0.0017
7/27/2023 16:45,1.729502407,0.0024
7/27/2023 17:00,1.257509953,0.0018
7/27/2023 17:15,1.03956251,0.0015
7/27/2023 17:30,1.379054109,0.002
7/27/2023 17:45,1.380143445,0.002
7/27/2023 18:00,1.040422536,0.0015
7/27/2023 18:15,1.582185684,0.0022
7/27/2023 18:30,1.380143445,0.002
7/27/2023 18:45,1.200201638,0.0017
7/27/2023 19:00,1.729502407,0.0024
7/27/2023 19:15,1.729502407,0.0024
7/27/2023 19:30,1.511415151,0.0021
7/27/2023 19:45,1.973413743,0.0028
7/27/2023 20:00,1.582185684,0.0022
7/27/2023 20:15,1.582185684,0.0022
7/27/2023 20:30,1.257509953,0.0018
7/27/2023 20:45,1.808626597,0.0026
7/27/2023 21:00,1.091323134,0.0015
7/27/2023 21:15,1.444465427,0.002
7/27/2023 21:30,1.582185684,0.0022
7/27/2023 21:45,1.654461261,0.0023
7/27/2023 22:00,1.091323134,0.0015
7/27/2023 22:15,1.444465427,0.002
7/27/2023 22:30,1.318149035,0.0019
7/27/2023 22:45,1.318149035,0.0019
7/27/2023 23:00,1.88950475,0.0027
7/27/2023 23:15,1.318149035,0.0019
7/27/2023 23:30,2.152228212,0.003
7/27/2023 23:45,1.257509953,0.0018
7/28/2023 0:00,1.444465427,0.002
7/28/2023 0:15,1.444465427,0.002
7/28/2023 0:30,1.444465427,0.002
7/28/2023 0:45,1.444465427,0.002
7/28/2023 1:00,1.444465427,0.002
7/28/2023 1:15,1.582185684,0.0022
7/28/2023 1:30,1.444465427,0.002
7/28/2023 1:45,1.654461261,0.0023
7/28/2023 2:00,1.444465427,0.002
7/28/2023 2:15,1.318149035,0.0019
7/28/2023 2:30,1.580963352,0.0022
7/28/2023 2:45,1.091323134,0.0015
7/28/2023 3:00,1.444465427,0.002
7/28/2023 3:15,1.091323134,0.0015
7/28/2023 3:30,1.444465427,0.002
7/28/2023 3:45,1.257509953,0.0018
7/28/2023 4:00,1.380143445,0.002
7/28/2023 4:15,1.257509953,0.0018
7/28/2023 4:30,1.444465427,0.002
7/28/2023 4:45,1.444465427,0.002
7/28/2023 5:00,1.091323134,0.0015
7/28/2023 5:15,1.091323134,0.0015
7/28/2023 5:30,1.580963352,0.0022
7/28/2023 5:45,1.257509953,0.0018
7/28/2023 6:00,1.379054109,0.002
7/28/2023 6:15,1.654461261,0.0023
7/28/2023 6:30,1.257509953,0.0018
7/28/2023 6:45,1.444465427,0.002
7/28/2023 7:00,1.257509953,0.0018
7/28/2023 7:15,1.091323134,0.0015
7/28/2023 7:30,1.091323134,0.0015
7/28/2023 7:45,1.091323134,0.0015
7/28/2023 8:00,1.444465427,0.002
7/28/2023 8:15,1.257509953,0.0018
7/28/2023 8:30,0.99067577,0.0014
7/28/2023 8:45,1.144174299,0.0016
7/28/2023 9:00,1.144174299,0.0016
7/28/2023 9:15,1.317101139,0.0019
7/28/2023 9:30,1.257509953,0.0018
7/28/2023 9:45,1.444465427,0.002
7/28/2023 10:00,1.144174299,0.0016
7/28/2023 10:15,1.257509953,0.0018
7/28/2023 10:30,0.943706503,0.0013
7/28/2023 10:45,0.943706503,0.0013
7/28/2023 11:00,0.99067577,0.0014
7/28/2023 11:15,0.943706503,0.0013
7/28/2023 11:30,0.734975191,0.001
7/28/2023 11:45,1.091323134,0.0015
7/28/2023 12:00,0.855352982,0.0012
7/28/2023 12:15,0.855352982,0.0012
7/28/2023 12:30,0.6278139,0.0009
7/28/2023 12:45,1.145105356,0.0016
7/28/2023 13:00,0.813074241,0.0012
7/28/2023 13:15,0.991502273,0.0014
7/28/2023 13:30,0.662288516,0.0009
7/28/2023 13:45,0.854621561,0.0012
7/28/2023 14:00,0.991502273,0.0014
7/28/2023 14:15,0.813074241,0.0012
7/28/2023 14:30,0.734975191,0.001
7/28/2023 14:45,0.943706503,0.0013
7/28/2023 15:00,0.813074241,0.0012
7/28/2023 15:15,0.854621561,0.0012
7/28/2023 15:30,0.943706503,0.0013
7/28/2023 15:45,1.040422536,0.0015
7/28/2023 16:00,0.854621561,0.0012
7/28/2023 16:15,0.734329938,0.001
7/28/2023 16:30,0.594255346,0.0008
7/28/2023 16:45,0.697696671,0.001
7/28/2023 17:00,0.594255346,0.0008
7/28/2023 17:15,0.532519632,0.0008
7/28/2023 17:30,0.697696671,0.001
7/28/2023 17:45,0.532519632,0.0008
7/28/2023 18:00,0.697696671,0.001
7/28/2023 18:15,0.813074241,0.0012
7/28/2023 18:30,0.697696671,0.001
7/28/2023 18:45,0.813074241,0.0012
7/28/2023 19:00,0.475692385,0.0007
7/28/2023 19:15,0.734329938,0.001
7/28/2023 19:30,0.697696671,0.001
7/28/2023 19:45,0.854621561,0.0012
7/28/2023 20:00,0.734329938,0.001
7/28/2023 20:15,0.734329938,0.001
7/28/2023 20:30,0.627232548,0.0009
7/28/2023 20:45,0.813074241,0.0012
7/28/2023 21:00,0.662288516,0.0009
7/28/2023 21:15,1.144174299,0.0016
7/28/2023 21:30,1.257509953,0.0018
7/28/2023 21:45,0.897832276,0.0013
7/28/2023 22:00,0.897832276,0.0013
7/28/2023 22:15,0.897832276,0.0013
7/28/2023 22:30,0.854621561,0.0012
7/28/2023 22:45,0.734329938,0.001
7/28/2023 23:00,0.99067577,0.0014
7/28/2023 23:15,0.661681355,0.0009
7/28/2023 23:30,0.99067577,0.0014
7/28/2023 23:45,0.854621561,0.0012
7/29/2023 0:00,0.854621561,0.0012
7/29/2023 0:15,0.99067577,0.0014
7/29/2023 0:30,1.144174299,0.0016
7/29/2023 0:45,0.734329938,0.001
7/29/2023 1:00,1.317101139,0.0019
7/29/2023 1:15,1.144174299,0.0016
7/29/2023 1:30,1.257509953,0.0018
7/29/2023 1:45,0.854621561,0.0012
7/29/2023 2:00,1.257509953,0.0018
7/29/2023 2:15,0.854621561,0.0012
7/29/2023 2:30,0.99067577,0.0014
7/29/2023 2:45,0.99067577,0.0014
7/29/2023 3:00,0.99067577,0.0014
7/29/2023 3:15,1.144174299,0.0016
7/29/2023 3:30,0.99067577,0.0014
7/29/2023 3:45,0.662288516,0.0009
7/29/2023 4:00,0.99067577,0.0014
7/29/2023 4:15,1.444465427,0.002
7/29/2023 4:30,0.99067577,0.0014
7/29/2023 4:45,0.854621561,0.0012
7/29/2023 5:00,0.99067577,0.0014
7/29/2023 5:15,0.99067577,0.0014
7/29/2023 5:30,0.897832276,0.0013
7/29/2023 5:45,0.99067577,0.0014
7/29/2023 6:00,1.144174299,0.0016
7/29/2023 6:15,0.897832276,0.0013
7/29/2023 6:30,1.144174299,0.0016
7/29/2023 6:45,0.734329938,0.001
7/29/2023 7:00,0.854621561,0.0012
7/29/2023 7:15,1.145105356,0.0016
7/29/2023 7:30,1.257509953,0.0018
7/29/2023 7:45,1.145105356,0.0016
7/29/2023 8:00,1.318149035,0.0019
7/29/2023 8:15,1.318149035,0.0019
7/29/2023 8:30,1.145105356,0.0016
7/29/2023 8:45,1.145105356,0.0016
7/29/2023 9:00,0.991502273,0.0014
7/29/2023 9:15,0.991502273,0.0014
7/29/2023 9:30,0.991502273,0.0014
7/29/2023 9:45,1.145105356,0.0016
7/29/2023 10:00,0.898594154,0.0013
7/29/2023 10:15,0.898594154,0.0013
7/29/2023 10:30,0.855352982,0.0012
7/29/2023 10:45,0.662288516,0.0009
7/29/2023 11:00,0.475692385,0.0007
7/29/2023 11:15,0.773210393,0.0011
7/29/2023 11:30,0.562168481,0.0008
7/29/2023 11:45,0.734329938,0.001
7/29/2023 12:00,0.854621561,0.0012
7/29/2023 12:15,0.772537527,0.0011
7/29/2023 12:30,0.854621561,0.0012
7/29/2023 12:45,0.897832276,0.0013
7/29/2023 13:00,0.562168481,0.0008
7/29/2023 13:15,0.773210393,0.0011
7/29/2023 13:30,0.898594154,0.0013
7/29/2023 13:45,1.512591988,0.0021
7/29/2023 14:00,1.654461261,0.0023
7/29/2023 14:15,1.512591988,0.0021
7/29/2023 14:30,1.88950475,0.0027
7/29/2023 14:45,4.402110956,0.0062
7/29/2023 15:00,14.6021538,0.0207
7/29/2023 15:15,13.23867651,0.0187
7/29/2023 15:30,14.6021538,0.0207
7/29/2023 15:45,20.13153875,0.0285
7/29/2023 16:00,10.52993432,0.0149
7/29/2023 16:15,5.509495866,0.0078
7/29/2023 16:30,9.209599065,0.013
7/29/2023 16:45,3.869827791,0.0055
7/29/2023 17:00,5.509495866,0.0078
7/29/2023 17:15,2.653942833,0.0038
7/29/2023 17:30,2.880982424,0.0041
7/29/2023 17:45,2.655819812,0.0038
7/29/2023 18:00,2.655819812,0.0038
7/29/2023 18:15,2.061973956,0.0029
7/29/2023 18:30,2.343658254,0.0033
7/29/2023 18:45,2.061973956,0.0029
7/29/2023 19:00,1.808626597,0.0026
7/29/2023 19:15,2.343658254,0.0033
7/29/2023 19:30,1.654461261,0.0023
7/29/2023 19:45,1.808626597,0.0026
7/29/2023 20:00,1.808626597,0.0026
7/29/2023 20:15,2.152228212,0.003
7/29/2023 20:30,1.88950475,0.0027
7/29/2023 20:45,2.152228212,0.003
7/29/2023 21:00,2.341965306,0.0033
7/29/2023 21:15,1.654461261,0.0023
7/29/2023 21:30,1.512591988,0.0021
7/29/2023 21:45,1.654461261,0.0023
7/29/2023 22:00,2.152228212,0.003
7/29/2023 22:15,1.511415151,0.0021
7/29/2023 22:30,1.729502407,0.0024
7/29/2023 22:45,1.511415151,0.0021
7/29/2023 23:00,1.654461261,0.0023
7/29/2023 23:15,1.444465427,0.002
7/29/2023 23:30,1.654461261,0.0023
7/29/2023 23:45,1.729502407,0.0024
7/30/2023 0:00,1.511415151,0.0021
7/30/2023 0:15,1.511415151,0.0021
7/30/2023 0:30,1.654461261,0.0023
7/30/2023 0:45,1.973413743,0.0028
7/30/2023 1:00,1.317101139,0.0019
7/30/2023 1:15,1.444465427,0.002
7/30/2023 1:30,1.654461261,0.0023
7/30/2023 1:45,1.144174299,0.0016
7/30/2023 2:00,1.973413743,0.0028
7/30/2023 2:15,1.318149035,0.0019
7/30/2023 2:30,1.318149035,0.0019
7/30/2023 2:45,1.318149035,0.0019
7/30/2023 3:00,1.730820966,0.0025
7/30/2023 3:15,1.318149035,0.0019
7/30/2023 3:30,1.654461261,0.0023
7/30/2023 3:45,1.654461261,0.0023
7/30/2023 4:00,1.654461261,0.0023
7/30/2023 4:15,1.511415151,0.0021
7/30/2023 4:30,1.511415151,0.0021
7/30/2023 4:45,1.511415151,0.0021
7/30/2023 5:00,1.511415151,0.0021
7/30/2023 5:15,1.444465427,0.002
7/30/2023 5:30,1.444465427,0.002
7/30/2023 5:45,1.654461261,0.0023
7/30/2023 6:00,1.444465427,0.002
7/30/2023 6:15,1.257509953,0.0018
7/30/2023 6:30,1.512591988,0.0021
7/30/2023 6:45,1.654461261,0.0023
7/30/2023 7:00,1.145105356,0.0016
7/30/2023 7:15,1.318149035,0.0019
7/30/2023 7:30,1.730820966,0.0025
7/30/2023 7:45,1.512591988,0.0021
7/30/2023 8:00,1.444465427,0.002
7/30/2023 8:15,1.511415151,0.0021
7/30/2023 8:30,1.511415151,0.0021
7/30/2023 8:45,1.729502407,0.0024
7/30/2023 9:00,1.729502407,0.0024
7/30/2023 9:15,1.511415151,0.0021
7/30/2023 9:30,1.654461261,0.0023
7/30/2023 9:45,1.511415151,0.0021
7/30/2023 10:00,1.444465427,0.002
7/30/2023 10:15,1.511415151,0.0021
7/30/2023 10:30,1.144174299,0.0016
7/30/2023 10:45,1.145105356,0.0016
7/30/2023 11:00,0.991502273,0.0014
7/30/2023 11:15,0.991502273,0.0014
7/30/2023 11:30,1.257509953,0.0018
7/30/2023 11:45,0.854621561,0.0012
7/30/2023 12:00,1.144174299,0.0016
7/30/2023 12:15,1.144174299,0.0016
7/30/2023 12:30,0.99067577,0.0014
7/30/2023 12:45,0.99067577,0.0014
7/30/2023 13:00,1.257509953,0.0018
7/30/2023 13:15,0.99067577,0.0014
7/30/2023 13:30,1.144174299,0.0016
7/30/2023 13:45,0.99067577,0.0014
7/30/2023 14:00,1.144174299,0.0016
7/30/2023 14:15,0.854621561,0.0012
7/30/2023 14:30,1.257509953,0.0018
7/30/2023 14:45,1.091323134,0.0015
7/30/2023 15:00,1.257509953,0.0018
7/30/2023 15:15,0.991502273,0.0014
7/30/2023 15:30,1.145105356,0.0016
7/30/2023 15:45,0.943706503,0.0013
7/30/2023 16:00,0.99067577,0.0014
7/30/2023 16:15,1.091323134,0.0015
7/30/2023 16:30,0.854621561,0.0012
7/30/2023 16:45,1.091323134,0.0015
7/30/2023 17:00,0.854621561,0.0012
7/30/2023 17:15,1.257509953,0.0018
7/30/2023 17:30,1.091323134,0.0015
7/30/2023 17:45,0.943706503,0.0013
7/30/2023 18:00,1.200201638,0.0017
7/30/2023 18:15,0.854621561,0.0012
7/30/2023 18:30,1.200201638,0.0017
7/30/2023 18:45,0.943706503,0.0013
7/30/2023 19:00,0.813074241,0.0012
7/30/2023 19:15,0.813074241,0.0012
7/30/2023 19:30,1.091323134,0.0015
7/30/2023 19:45,0.943706503,0.0013
7/30/2023 20:00,0.813074241,0.0012
7/30/2023 20:15,0.854621561,0.0012
7/30/2023 20:30,1.200201638,0.0017
7/30/2023 20:45,0.734329938,0.001
7/30/2023 21:00,0.943706503,0.0013
7/30/2023 21:15,0.854621561,0.0012
7/30/2023 21:30,0.991502273,0.0014
7/30/2023 21:45,0.991502273,0.0014
7/30/2023 22:00,0.943706503,0.0013
7/30/2023 22:15,0.854621561,0.0012
7/30/2023 22:30,1.091323134,0.0015
7/30/2023 22:45,1.144174299,0.0016
7/30/2023 23:00,1.091323134,0.0015
7/30/2023 23:15,1.145105356,0.0016
7/30/2023 23:30,0.855352982,0.0012
7/30/2023 23:45,1.091323134,0.0015
7/31/2023 0:00,0.855352982,0.0012
7/31/2023 0:15,0.99067577,0.0014
7/31/2023 0:30,1.257509953,0.0018
7/31/2023 0:45,1.091323134,0.0015
7/31/2023 1:00,0.991502273,0.0014
7/31/2023 1:15,1.091323134,0.0015
7/31/2023 1:30,1.091323134,0.0015
7/31/2023 1:45,1.257509953,0.0018
7/31/2023 2:00,1.257509953,0.0018
7/31/2023 2:15,1.144174299,0.0016
7/31/2023 2:30,1.144174299,0.0016
7/31/2023 2:45,1.257509953,0.0018
7/31/2023 3:00,1.380143445,0.002
7/31/2023 3:15,1.257509953,0.0018
7/31/2023 3:30,1.257509953,0.0018
7/31/2023 3:45,1.257509953,0.0018
7/31/2023 4:00,1.091323134,0.0015
7/31/2023 4:15,0.943706503,0.0013
7/31/2023 4:30,1.257509953,0.0018
7/31/2023 4:45,1.380143445,0.002
7/31/2023 5:00,1.144174299,0.0016
7/31/2023 5:15,1.380143445,0.002
7/31/2023 5:30,0.943706503,0.0013
7/31/2023 5:45,1.257509953,0.0018
7/31/2023 6:00,1.257509953,0.0018
7/31/2023 6:15,0.854621561,0.0012
7/31/2023 6:30,1.257509953,0.0018
7/31/2023 6:45,1.091323134,0.0015
7/31/2023 7:00,1.091323134,0.0015
7/31/2023 7:15,1.257509953,0.0018
7/31/2023 7:30,1.257509953,0.0018
7/31/2023 7:45,0.991502273,0.0014
7/31/2023 8:00,1.091323134,0.0015
7/31/2023 8:15,0.943706503,0.0013
7/31/2023 8:30,1.444465427,0.002
7/31/2023 8:45,1.257509953,0.0018
7/31/2023 9:00,0.943706503,0.0013
7/31/2023 9:15,1.145105356,0.0016
7/31/2023 9:30,1.091323134,0.0015
7/31/2023 9:45,1.257509953,0.0018
7/31/2023 10:00,1.257509953,0.0018
7/31/2023 10:15,0.991502273,0.0014
7/31/2023 10:30,1.091323134,0.0015
7/31/2023 10:45,0.991502273,0.0014
7/31/2023 11:00,0.943706503,0.0013
7/31/2023 11:15,0.943706503,0.0013
7/31/2023 11:30,0.6278139,0.0009
7/31/2023 11:45,1.257509953,0.0018
7/31/2023 12:00,0.813074241,0.0012
7/31/2023 12:15,0.943706503,0.0013
7/31/2023 12:30,0.734329938,0.001
7/31/2023 12:45,0.627232548,0.0009
7/31/2023 13:00,0.697696671,0.001
7/31/2023 13:15,0.697696671,0.001
7/31/2023 13:30,0.697696671,0.001
7/31/2023 13:45,0.697696671,0.001
7/31/2023 14:00,0.943706503,0.0013
7/31/2023 14:15,0.697696671,0.001
7/31/2023 14:30,0.697696671,0.001
7/31/2023 14:45,1.03956251,0.0015
7/31/2023 15:00,0.813074241,0.0012
7/31/2023 15:15,0.662288516,0.0009
7/31/2023 15:30,0.813074241,0.0012
7/31/2023 15:45,0.898594154,0.0013
7/31/2023 16:00,0.697696671,0.001
7/31/2023 16:15,0.503233779,0.0007
7/31/2023 16:30,0.697696671,0.001
7/31/2023 16:45,0.813074241,0.0012
7/31/2023 17:00,0.594255346,0.0008
7/31/2023 17:15,0.594255346,0.0008
7/31/2023 17:30,0.697696671,0.001
7/31/2023 17:45,0.503233779,0.0007
7/31/2023 18:00,0.594255346,0.0008
7/31/2023 18:15,0.898594154,0.0013
7/31/2023 18:30,0.697696671,0.001
7/31/2023 18:45,0.594255346,0.0008
7/31/2023 19:00,0.943706503,0.0013
7/31/2023 19:15,0.813074241,0.0012
7/31/2023 19:30,0.697696671,0.001
7/31/2023 19:45,0.697696671,0.001
7/31/2023 20:00,0.773210393,0.0011
7/31/2023 20:15,0.697696671,0.001
7/31/2023 20:30,0.813074241,0.0012
7/31/2023 20:45,0.697696671,0.001
7/31/2023 21:00,0.532519632,0.0008
7/31/2023 21:15,0.532519632,0.0008
7/31/2023 21:30,0.532519632,0.0008
7/31/2023 21:45,0.813074241,0.0012
7/31/2023 22:00,0.697696671,0.001
7/31/2023 22:15,0.594255346,0.0008
7/31/2023 22:30,0.697696671,0.001
7/31/2023 22:45,0.813074241,0.0012
7/31/2023 23:00,0.532011082,0.0008
7/31/2023 23:15,0.697696671,0.001
7/31/2023 23:30,0.734329938,0.001
7/31/2023 23:45,0.734329938,0.001
8/1/2023 0:00,0.697696671,0.001
8/1/2023 0:15,0.813074241,0.0012
8/1/2023 0:30,0.854621561,0.0012
8/1/2023 0:45,0.627232548,0.0009
8/1/2023 1:00,0.734329938,0.001
8/1/2023 1:15,0.627232548,0.0009
8/1/2023 1:30,0.734329938,0.001
8/1/2023 1:45,0.734329938,0.001
8/1/2023 2:00,0.813074241,0.0012
8/1/2023 2:15,0.813074241,0.0012
8/1/2023 2:30,0.813074241,0.0012
8/1/2023 2:45,0.854621561,0.0012
8/1/2023 3:00,0.734329938,0.001
8/1/2023 3:15,0.943706503,0.0013
8/1/2023 3:30,0.627232548,0.0009
8/1/2023 3:45,0.734329938,0.001
8/1/2023 4:00,0.734329938,0.001
8/1/2023 4:15,0.854621561,0.0012
8/1/2023 4:30,0.854621561,0.0012
8/1/2023 4:45,1.091323134,0.0015
8/1/2023 5:00,0.854621561,0.0012
8/1/2023 5:15,0.854621561,0.0012
8/1/2023 5:30,0.854621561,0.0012
8/1/2023 5:45,0.854621561,0.0012
8/1/2023 6:00,0.813074241,0.0012
8/1/2023 6:15,0.854621561,0.0012
8/1/2023 6:30,1.091323134,0.0015
8/1/2023 6:45,0.99067577,0.0014
8/1/2023 7:00,0.854621561,0.0012
8/1/2023 7:15,1.091323134,0.0015
8/1/2023 7:30,0.898594154,0.0013
8/1/2023 7:45,1.144174299,0.0016
8/1/2023 8:00,1.317101139,0.0019
8/1/2023 8:15,1.144174299,0.0016
8/1/2023 8:30,1.257509953,0.0018
8/1/2023 8:45,0.897832276,0.0013
8/1/2023 9:00,1.091323134,0.0015
8/1/2023 9:15,0.897832276,0.0013
8/1/2023 9:30,1.257509953,0.0018
8/1/2023 9:45,1.257509953,0.0018
8/1/2023 10:00,1.144174299,0.0016
8/1/2023 10:15,0.99067577,0.0014
8/1/2023 10:30,1.144174299,0.0016
8/1/2023 10:45,1.091323134,0.0015
8/1/2023 11:00,1.144174299,0.0016
8/1/2023 11:15,0.99067577,0.0014
8/1/2023 11:30,0.99067577,0.0014
8/1/2023 11:45,1.144174299,0.0016
8/1/2023 12:00,0.943706503,0.0013
8/1/2023 12:15,1.444465427,0.002
8/1/2023 12:30,0.943706503,0.0013
8/1/2023 12:45,1.091323134,0.0015
8/1/2023 13:00,1.091323134,0.0015
8/1/2023 13:15,0.813074241,0.0012
8/1/2023 13:30,0.854621561,0.0012
8/1/2023 13:45,1.091323134,0.0015
8/1/2023 14:00,0.813074241,0.0012
8/1/2023 14:15,1.257509953,0.0018
8/1/2023 14:30,0.898594154,0.0013
8/1/2023 14:45,1.040422536,0.0015
8/1/2023 15:00,0.943706503,0.0013
8/1/2023 15:15,0.6278139,0.0009
8/1/2023 15:30,0.813074241,0.0012
8/1/2023 15:45,0.897832276,0.0013
8/1/2023 16:00,0.697696671,0.001
8/1/2023 16:15,0.697696671,0.001
8/1/2023 16:30,0.697696671,0.001
8/1/2023 16:45,1.03956251,0.0015
8/1/2023 17:00,0.813074241,0.0012
8/1/2023 17:15,0.813074241,0.0012
8/1/2023 17:30,0.813074241,0.0012
8/1/2023 17:45,0.813074241,0.0012
8/1/2023 18:00,0.943706503,0.0013
8/1/2023 18:15,1.091323134,0.0015
8/1/2023 18:30,0.813074241,0.0012
8/1/2023 18:45,1.380143445,0.002
8/1/2023 19:00,1.380143445,0.002
8/1/2023 19:15,0.943706503,0.0013
8/1/2023 19:30,1.379054109,0.002
8/1/2023 19:45,1.257509953,0.0018
8/1/2023 20:00,0.697696671,0.001
8/1/2023 20:15,0.813074241,0.0012
8/1/2023 20:30,0.943706503,0.0013
8/1/2023 20:45,1.091323134,0.0015
8/1/2023 21:00,0.943706503,0.0013
8/1/2023 21:15,1.091323134,0.0015
8/1/2023 21:30,1.091323134,0.0015
8/1/2023 21:45,0.943706503,0.0013
8/1/2023 22:00,1.091323134,0.0015
8/1/2023 22:15,0.99067577,0.0014
8/1/2023 22:30,0.943706503,0.0013
8/1/2023 22:45,1.144174299,0.0016
8/1/2023 23:00,0.943706503,0.0013
8/1/2023 23:15,0.854621561,0.0012
8/1/2023 23:30,0.99067577,0.0014
8/1/2023 23:45,1.144174299,0.0016
8/2/2023 0:00,0.99067577,0.0014
8/2/2023 0:15,0.99067577,0.0014
8/2/2023 0:30,0.854621561,0.0012
8/2/2023 0:45,1.144174299,0.0016
8/2/2023 1:00,0.813074241,0.0012
8/2/2023 1:15,0.943706503,0.0013
8/2/2023 1:30,1.091323134,0.0015
8/2/2023 1:45,0.943706503,0.0013
8/2/2023 2:00,1.257509953,0.0018
8/2/2023 2:15,0.99067577,0.0014
8/2/2023 2:30,0.943706503,0.0013
8/2/2023 2:45,1.200201638,0.0017
8/2/2023 3:00,0.99067577,0.0014
8/2/2023 3:15,1.091323134,0.0015
8/2/2023 3:30,0.813074241,0.0012
8/2/2023 3:45,0.813074241,0.0012
8/2/2023 4:00,1.040422536,0.0015
8/2/2023 4:15,0.943706503,0.0013
8/2/2023 4:30,1.091323134,0.0015
8/2/2023 4:45,0.943706503,0.0013
8/2/2023 5:00,0.943706503,0.0013
8/2/2023 5:15,1.257509953,0.0018
8/2/2023 5:30,0.943706503,0.0013
8/2/2023 5:45,0.943706503,0.0013
8/2/2023 6:00,1.380143445,0.002
8/2/2023 6:15,0.854621561,0.0012
8/2/2023 6:30,1.091323134,0.0015
8/2/2023 6:45,0.943706503,0.0013
8/2/2023 7:00,1.040422536,0.0015
8/2/2023 7:15,0.943706503,0.0013
8/2/2023 7:30,0.943706503,0.0013
8/2/2023 7:45,0.813074241,0.0012
8/2/2023 8:00,0.813074241,0.0012
8/2/2023 8:15,0.813074241,0.0012
8/2/2023 8:30,0.813074241,0.0012
8/2/2023 8:45,0.813074241,0.0012
8/2/2023 9:00,0.813074241,0.0012
8/2/2023 9:15,0.943706503,0.0013
8/2/2023 9:30,0.943706503,0.0013
8/2/2023 9:45,0.813074241,0.0012
8/2/2023 10:00,0.697696671,0.001
8/2/2023 10:15,0.697696671,0.001
8/2/2023 10:30,0.813074241,0.0012
8/2/2023 10:45,0.813074241,0.0012
8/2/2023 11:00,0.697696671,0.001
8/2/2023 11:15,0.627232548,0.0009
8/2/2023 11:30,0.594255346,0.0008
8/2/2023 11:45,0.697696671,0.001
8/2/2023 12:00,0.532011082,0.0008
8/2/2023 12:15,0.772537527,0.0011
8/2/2023 12:30,0.594255346,0.0008
8/2/2023 12:45,0.6278139,0.0009
8/2/2023 13:00,0.449392239,0.0006
8/2/2023 13:15,0.503233779,0.0007
8/2/2023 13:30,0.773210393,0.0011
8/2/2023 13:45,0.376777213,0.0005
8/2/2023 14:00,0.594255346,0.0008
8/2/2023 14:15,0.448949413,0.0006
8/2/2023 14:30,0.594255346,0.0008
8/2/2023 14:45,0.813074241,0.0012
8/2/2023 15:00,0.532011082,0.0008
8/2/2023 15:15,0.813074241,0.0012
8/2/2023 15:30,0.594255346,0.0008
8/2/2023 15:45,0.697696671,0.001
8/2/2023 16:00,0.943706503,0.0013
8/2/2023 16:15,0.813074241,0.0012
8/2/2023 16:30,0.662288516,0.0009
8/2/2023 16:45,0.697696671,0.001
8/2/2023 17:00,0.697696671,0.001
8/2/2023 17:15,0.662288516,0.0009
8/2/2023 17:30,0.697696671,0.001
8/2/2023 17:45,0.813074241,0.0012
8/2/2023 18:00,0.697696671,0.001
8/2/2023 18:15,0.897832276,0.0013
8/2/2023 18:30,0.898594154,0.0013
8/2/2023 18:45,0.594255346,0.0008
8/2/2023 19:00,0.813074241,0.0012
8/2/2023 19:15,0.627232548,0.0009
8/2/2023 19:30,0.813074241,0.0012
8/2/2023 19:45,1.257509953,0.0018
8/2/2023 20:00,1.091323134,0.0015
8/2/2023 20:15,0.813074241,0.0012
8/2/2023 20:30,1.200201638,0.0017
8/2/2023 20:45,1.040422536,0.0015
8/2/2023 21:00,1.318149035,0.0019
8/2/2023 21:15,1.380143445,0.002
8/2/2023 21:30,1.200201638,0.0017
8/2/2023 21:45,1.380143445,0.002
8/2/2023 22:00,1.200201638,0.0017
8/2/2023 22:15,1.317101139,0.0019
8/2/2023 22:30,1.317101139,0.0019
8/2/2023 22:45,1.199233184,0.0017
8/2/2023 23:00,1.257509953,0.0018
8/2/2023 23:15,1.257509953,0.0018
8/2/2023 23:30,1.091323134,0.0015
8/2/2023 23:45,1.091323134,0.0015
8/3/2023 0:00,1.091323134,0.0015
8/3/2023 0:15,1.091323134,0.0015
8/3/2023 0:30,1.03956251,0.0015
8/3/2023 0:45,0.943706503,0.0013
8/3/2023 1:00,0.813074241,0.0012
8/3/2023 1:15,0.99067577,0.0014
8/3/2023 1:30,1.091323134,0.0015
8/3/2023 1:45,1.091323134,0.0015
8/3/2023 2:00,1.091323134,0.0015
8/3/2023 2:15,0.813074241,0.0012
8/3/2023 2:30,0.943706503,0.0013
8/3/2023 2:45,0.943706503,0.0013
8/3/2023 3:00,0.897832276,0.0013
8/3/2023 3:15,0.813074241,0.0012
8/3/2023 3:30,1.091323134,0.0015
8/3/2023 3:45,1.200201638,0.0017
8/3/2023 4:00,0.943706503,0.0013
8/3/2023 4:15,1.040422536,0.0015
8/3/2023 4:30,1.040422536,0.0015
8/3/2023 4:45,0.813074241,0.0012
8/3/2023 5:00,1.145105356,0.0016
8/3/2023 5:15,1.145105356,0.0016
8/3/2023 5:30,1.040422536,0.0015
8/3/2023 5:45,1.040422536,0.0015
8/3/2023 6:00,0.943706503,0.0013
8/3/2023 6:15,1.040422536,0.0015
8/3/2023 6:30,1.200201638,0.0017
8/3/2023 6:45,1.317101139,0.0019
8/3/2023 7:00,1.317101139,0.0019
8/3/2023 7:15,1.091323134,0.0015
8/3/2023 7:30,0.943706503,0.0013
8/3/2023 7:45,1.199233184,0.0017
8/3/2023 8:00,0.697696671,0.001
8/3/2023 8:15,0.897832276,0.0013
8/3/2023 8:30,1.091323134,0.0015
8/3/2023 8:45,0.943706503,0.0013
8/3/2023 9:00,1.091323134,0.0015
8/3/2023 9:15,1.03956251,0.0015
8/3/2023 9:30,0.813074241,0.0012
8/3/2023 9:45,1.091323134,0.0015
8/3/2023 10:00,0.943706503,0.0013
8/3/2023 10:15,0.943706503,0.0013
8/3/2023 10:30,0.813074241,0.0012
8/3/2023 10:45,0.813074241,0.0012
8/3/2023 11:00,0.772537527,0.0011
8/3/2023 11:15,0.772537527,0.0011
8/3/2023 11:30,0.6278139,0.0009
8/3/2023 11:45,0.6278139,0.0009
8/3/2023 12:00,0.697696671,0.001
8/3/2023 12:15,0.813074241,0.0012
8/3/2023 12:30,0.697696671,0.001
8/3/2023 12:45,0.594255346,0.0008
8/3/2023 13:00,0.503233779,0.0007
8/3/2023 13:15,0.594255346,0.0008
8/3/2023 13:30,0.503233779,0.0007
8/3/2023 13:45,0.532011082,0.0008
8/3/2023 14:00,0.594255346,0.0008
8/3/2023 14:15,0.423866439,0.0006
8/3/2023 14:30,0.423866439,0.0006
8/3/2023 14:45,0.423866439,0.0006
8/3/2023 15:00,0.594255346,0.0008
8/3/2023 15:15,0.448949413,0.0006
8/3/2023 15:30,0.448949413,0.0006
8/3/2023 15:45,0.448949413,0.0006
8/3/2023 16:00,0.594255346,0.0008
8/3/2023 16:15,0.376777213,0.0005
8/3/2023 16:30,0.423866439,0.0006
8/3/2023 16:45,0.314737561,0.0004
8/3/2023 17:00,0.377160934,0.0005
8/3/2023 17:15,0.503233779,0.0007
8/3/2023 17:30,0.503233779,0.0007
8/3/2023 17:45,0.449392239,0.0006
8/3/2023 18:00,0.35506608,0.0005
8/3/2023 18:15,0.503233779,0.0007
8/3/2023 18:30,0.594255346,0.0008
8/3/2023 18:45,0.423866439,0.0006
8/3/2023 19:00,0.503233779,0.0007
8/3/2023 19:15,0.423866439,0.0006
8/3/2023 19:30,0.423866439,0.0006
8/3/2023 19:45,0.503233779,0.0007
8/3/2023 20:00,0.503233779,0.0007
8/3/2023 20:15,0.503233779,0.0007
8/3/2023 20:30,0.697696671,0.001
8/3/2023 20:45,0.594255346,0.0008
8/3/2023 21:00,0.503233779,0.0007
8/3/2023 21:15,0.594255346,0.0008
8/3/2023 21:30,0.503233779,0.0007
8/3/2023 21:45,0.532011082,0.0008
8/3/2023 22:00,0.594255346,0.0008
8/3/2023 22:15,0.594255346,0.0008
8/3/2023 22:30,0.813074241,0.0012
8/3/2023 22:45,0.662288516,0.0009
8/3/2023 23:00,0.594255346,0.0008
8/3/2023 23:15,0.662288516,0.0009
8/3/2023 23:30,0.662288516,0.0009
8/3/2023 23:45,0.594255346,0.0008
8/4/2023 0:00,0.773210393,0.0011
8/4/2023 0:15,0.697696671,0.001
8/4/2023 0:30,0.594255346,0.0008
8/4/2023 0:45,0.594255346,0.0008
8/4/2023 1:00,0.813074241,0.0012
8/4/2023 1:15,0.772537527,0.0011
8/4/2023 1:30,0.562168481,0.0008
8/4/2023 1:45,0.661681355,0.0009
8/4/2023 2:00,0.594255346,0.0008
8/4/2023 2:15,0.594255346,0.0008
8/4/2023 2:30,0.562168481,0.0008
8/4/2023 2:45,0.772537527,0.0011
8/4/2023 3:00,0.897832276,0.0013
8/4/2023 3:15,0.562168481,0.0008
8/4/2023 3:30,0.772537527,0.0011
8/4/2023 3:45,0.697696671,0.001
8/4/2023 4:00,0.813074241,0.0012
8/4/2023 4:15,0.773210393,0.0011
8/4/2023 4:30,0.594255346,0.0008
8/4/2023 4:45,0.697696671,0.001
8/4/2023 5:00,0.627232548,0.0009
8/4/2023 5:15,0.773210393,0.0011
8/4/2023 5:30,0.943706503,0.0013
8/4/2023 5:45,0.813074241,0.0012
8/4/2023 6:00,0.898594154,0.0013
8/4/2023 6:15,0.898594154,0.0013
8/4/2023 6:30,0.813074241,0.0012
8/4/2023 6:45,0.898594154,0.0013
8/4/2023 7:00,0.898594154,0.0013
8/4/2023 7:15,0.813074241,0.0012
8/4/2023 7:30,0.697696671,0.001
8/4/2023 7:45,0.813074241,0.0012
8/4/2023 8:00,0.897832276,0.0013
8/4/2023 8:15,0.734975191,0.001
8/4/2023 8:30,0.943706503,0.0013
8/4/2023 8:45,0.897832276,0.0013
8/4/2023 9:00,0.772537527,0.0011
8/4/2023 9:15,0.897832276,0.0013
8/4/2023 9:30,0.943706503,0.0013
8/4/2023 9:45,0.813074241,0.0012
8/4/2023 10:00,0.734975191,0.001
8/4/2023 10:15,0.532519632,0.0008
8/4/2023 10:30,0.6278139,0.0009
8/4/2023 10:45,0.697696671,0.001
8/4/2023 11:00,0.697696671,0.001
8/4/2023 11:15,0.594255346,0.0008
8/4/2023 11:30,0.594255346,0.0008
8/4/2023 11:45,0.594255346,0.0008
8/4/2023 12:00,0.594255346,0.0008
8/4/2023 12:15,0.503233779,0.0007
8/4/2023 12:30,0.532011082,0.0008
8/4/2023 12:45,0.697696671,0.001
8/4/2023 13:00,0.503233779,0.0007
8/4/2023 13:15,0.503233779,0.0007
8/4/2023 13:30,0.423866439,0.0006
8/4/2023 13:45,0.35506608,0.0005
8/4/2023 14:00,0.448949413,0.0006
8/4/2023 14:15,0.662288516,0.0009
8/4/2023 14:30,0.594255346,0.0008
8/4/2023 14:45,0.35506608,0.0005
8/4/2023 15:00,0.423866439,0.0006
8/4/2023 15:15,0.503233779,0.0007
8/4/2023 15:30,0.314737561,0.0004
8/4/2023 15:45,0.377160934,0.0005
8/4/2023 16:00,0.503233779,0.0007
8/4/2023 16:15,0.562700329,0.0008
8/4/2023 16:30,0.35506608,0.0005
8/4/2023 16:45,0.594255346,0.0008
8/4/2023 17:00,0.35506608,0.0005
8/4/2023 17:15,0.314407125,0.0004
8/4/2023 17:30,0.423866439,0.0006
8/4/2023 17:45,0.423866439,0.0006
8/4/2023 18:00,0.35506608,0.0005
8/4/2023 18:15,0.475692385,0.0007
8/4/2023 18:30,0.503233779,0.0007
8/4/2023 18:45,0.35506608,0.0005
8/4/2023 19:00,0.423866439,0.0006
8/4/2023 19:15,0.423866439,0.0006
8/4/2023 19:30,0.503233779,0.0007
8/4/2023 19:45,0.423866439,0.0006
8/4/2023 20:00,0.475692385,0.0007
8/4/2023 20:15,0.503233779,0.0007
8/4/2023 20:30,0.562700329,0.0008
8/4/2023 20:45,0.423866439,0.0006
8/4/2023 21:00,0.503233779,0.0007
8/4/2023 21:15,0.503233779,0.0007
8/4/2023 21:30,0.423866439,0.0006
8/4/2023 21:45,0.594255346,0.0008
8/4/2023 22:00,0.503233779,0.0007
8/4/2023 22:15,0.594255346,0.0008
8/4/2023 22:30,0.594255346,0.0008
8/4/2023 22:45,0.594255346,0.0008
8/4/2023 23:00,0.594255346,0.0008
8/4/2023 23:15,0.503233779,0.0007
8/4/2023 23:30,0.503233779,0.0007
8/4/2023 23:45,0.449392239,0.0006
8/5/2023 0:00,0.503233779,0.0007
8/5/2023 0:15,0.503233779,0.0007
8/5/2023 0:30,0.503233779,0.0007
8/5/2023 0:45,0.594255346,0.0008
8/5/2023 1:00,0.562168481,0.0008
8/5/2023 1:15,0.503233779,0.0007
8/5/2023 1:30,0.772537527,0.0011
8/5/2023 1:45,0.594255346,0.0008
8/5/2023 2:00,0.594255346,0.0008
8/5/2023 2:15,0.697696671,0.001
8/5/2023 2:30,0.661681355,0.0009
8/5/2023 2:45,0.661681355,0.0009
8/5/2023 3:00,0.594255346,0.0008
8/5/2023 3:15,0.772537527,0.0011
8/5/2023 3:30,0.697696671,0.001
8/5/2023 3:45,0.594255346,0.0008
8/5/2023 4:00,0.898594154,0.0013
8/5/2023 4:15,0.594255346,0.0008
8/5/2023 4:30,0.697696671,0.001
8/5/2023 4:45,0.503233779,0.0007
8/5/2023 5:00,0.697696671,0.001
8/5/2023 5:15,0.594255346,0.0008
8/5/2023 5:30,0.423866439,0.0006
8/5/2023 5:45,0.594255346,0.0008
8/5/2023 6:00,0.594255346,0.0008
8/5/2023 6:15,0.594255346,0.0008
8/5/2023 6:30,0.594255346,0.0008
8/5/2023 6:45,0.813074241,0.0012
8/5/2023 7:00,0.503233779,0.0007
8/5/2023 7:15,0.423866439,0.0006
8/5/2023 7:30,0.813074241,0.0012
8/5/2023 7:45,0.697696671,0.001
8/5/2023 8:00,0.627232548,0.0009
8/5/2023 8:15,0.773210393,0.0011
8/5/2023 8:30,0.594255346,0.0008
8/5/2023 8:45,0.594255346,0.0008
8/5/2023 9:00,0.813074241,0.0012
8/5/2023 9:15,0.594255346,0.0008
8/5/2023 9:30,0.697696671,0.001
8/5/2023 9:45,0.697696671,0.001
8/5/2023 10:00,0.772537527,0.0011
8/5/2023 10:15,0.532519632,0.0008
8/5/2023 10:30,0.813074241,0.0012
8/5/2023 10:45,0.594255346,0.0008
8/5/2023 11:00,0.697696671,0.001
8/5/2023 11:15,0.503233779,0.0007
8/5/2023 11:30,0.503233779,0.0007
8/5/2023 11:45,0.314737561,0.0004
8/5/2023 12:00,0.449392239,0.0006
8/5/2023 12:15,0.448949413,0.0006
8/5/2023 12:30,0.314407125,0.0004
8/5/2023 12:45,0.532011082,0.0008
8/5/2023 13:00,0.376777213,0.0005
8/5/2023 13:15,0.314407125,0.0004
8/5/2023 13:30,0.697696671,0.001
8/5/2023 13:45,0.376777213,0.0005
8/5/2023 14:00,0.314407125,0.0004
8/5/2023 14:15,0.314407125,0.0004
8/5/2023 14:30,0.376777213,0.0005
8/5/2023 14:45,0.35506608,0.0005
8/5/2023 15:00,0.423866439,0.0006
8/5/2023 15:15,0.376777213,0.0005
8/5/2023 15:30,0.35506608,0.0005
8/5/2023 15:45,0.314407125,0.0004
8/5/2023 16:00,0.261135393,0.0004
8/5/2023 16:15,0.295726377,0.0004
8/5/2023 16:30,0.261135393,0.0004
8/5/2023 16:45,0.423866439,0.0006
8/5/2023 17:00,0.278001803,0.0004
8/5/2023 17:15,0.35506608,0.0005
8/5/2023 17:30,0.377160934,0.0005
8/5/2023 17:45,0.314737561,0.0004
8/5/2023 18:00,0.449392239,0.0006
8/5/2023 18:15,0.261135393,0.0004
8/5/2023 18:30,0.314737561,0.0004
8/5/2023 18:45,0.35506608,0.0005
8/5/2023 19:00,0.314737561,0.0004
8/5/2023 19:15,0.261135393,0.0004
8/5/2023 19:30,0.377160934,0.0005
8/5/2023 19:45,0.314737561,0.0004
8/5/2023 20:00,0.314737561,0.0004
8/5/2023 20:15,0.314737561,0.0004
8/5/2023 20:30,0.314737561,0.0004
8/5/2023 20:45,0.423866439,0.0006
8/5/2023 21:00,0.314407125,0.0004
8/5/2023 21:15,0.448949413,0.0006
8/5/2023 21:30,0.376777213,0.0005
8/5/2023 21:45,0.21503792,0.0003
8/5/2023 22:00,0.260852186,0.0004
8/5/2023 22:15,0.532011082,0.0008
8/5/2023 22:30,0.448949413,0.0006
8/5/2023 22:45,0.376777213,0.0005
8/5/2023 23:00,0.503233779,0.0007
8/5/2023 23:15,0.260852186,0.0004
8/5/2023 23:30,0.448949413,0.0006
8/5/2023 23:45,0.314407125,0.0004
8/6/2023 0:00,0.314407125,0.0004
8/6/2023 0:15,0.314407125,0.0004
8/6/2023 0:30,0.503233779,0.0007
8/6/2023 0:45,0.448949413,0.0006
8/6/2023 1:00,0.448949413,0.0006
8/6/2023 1:15,0.503233779,0.0007
8/6/2023 1:30,0.423866439,0.0006
8/6/2023 1:45,0.423866439,0.0006
8/6/2023 2:00,0.35506608,0.0005
8/6/2023 2:15,0.503233779,0.0007
8/6/2023 2:30,0.503233779,0.0007
8/6/2023 2:45,0.423866439,0.0006
8/6/2023 3:00,0.423866439,0.0006
8/6/2023 3:15,0.503233779,0.0007
8/6/2023 3:30,0.423866439,0.0006
8/6/2023 3:45,0.423866439,0.0006
8/6/2023 4:00,0.35506608,0.0005
8/6/2023 4:15,0.594255346,0.0008
8/6/2023 4:30,0.448949413,0.0006
8/6/2023 4:45,0.448949413,0.0006
8/6/2023 5:00,0.376777213,0.0005
8/6/2023 5:15,0.376777213,0.0005
8/6/2023 5:30,0.448949413,0.0006
8/6/2023 5:45,0.376777213,0.0005
8/6/2023 6:00,0.532519632,0.0008
8/6/2023 6:15,0.449392239,0.0006
8/6/2023 6:30,0.532519632,0.0008
8/6/2023 6:45,0.399936554,0.0006
8/6/2023 7:00,0.532519632,0.0008
8/6/2023 7:15,0.532519632,0.0008
8/6/2023 7:30,0.532011082,0.0008
8/6/2023 7:45,0.532519632,0.0008
8/6/2023 8:00,0.448949413,0.0006
8/6/2023 8:15,0.532011082,0.0008
8/6/2023 8:30,0.399936554,0.0006
8/6/2023 8:45,0.475692385,0.0007
8/6/2023 9:00,0.532519632,0.0008
8/6/2023 9:15,0.532519632,0.0008
8/6/2023 9:30,0.594255346,0.0008
8/6/2023 9:45,0.449392239,0.0006
8/6/2023 10:00,0.532519632,0.0008
8/6/2023 10:15,0.475692385,0.0007
8/6/2023 10:30,0.449392239,0.0006
8/6/2023 10:45,0.448949413,0.0006
8/6/2023 11:00,0.532011082,0.0008
8/6/2023 11:15,0.449392239,0.0006
8/6/2023 11:30,0.377160934,0.0005
8/6/2023 11:45,0.449392239,0.0006
8/6/2023 12:00,0.594255346,0.0008
8/6/2023 12:15,0.278001803,0.0004
8/6/2023 12:30,0.314737561,0.0004
8/6/2023 12:45,0.188520505,0.0003
8/6/2023 13:00,0.229674219,0.0003
8/6/2023 13:15,0.229674219,0.0003
8/6/2023 13:30,0.278001803,0.0004
8/6/2023 13:45,0.314407125,0.0004
8/6/2023 14:00,0.188520505,0.0003
8/6/2023 14:15,0.314407125,0.0004
8/6/2023 14:30,0.21503792,0.0003
8/6/2023 14:45,0.314407125,0.0004
8/6/2023 15:00,0.277703576,0.0004
8/6/2023 15:15,0.423866439,0.0006
8/6/2023 15:30,0.229419475,0.0003
8/6/2023 15:45,0.314407125,0.0004
8/6/2023 16:00,0.188520505,0.0003
8/6/2023 16:15,0.261135393,0.0004
8/6/2023 16:30,0.21527942,0.0003
8/6/2023 16:45,0.188520505,0.0003
8/6/2023 17:00,0.21527942,0.0003
8/6/2023 17:15,0.21527942,0.0003
8/6/2023 17:30,0.17629985,0.0002
8/6/2023 17:45,0.21527942,0.0003
8/6/2023 18:00,0.261135393,0.0004
8/6/2023 18:15,0.377160934,0.0005
8/6/2023 18:30,0.314737561,0.0004
8/6/2023 18:45,0.314737561,0.0004
8/6/2023 19:00,0.314737561,0.0004
8/6/2023 19:15,0.21527942,0.0003
8/6/2023 19:30,0.188520505,0.0003
8/6/2023 19:45,0.278001803,0.0004
8/6/2023 20:00,0.260852186,0.0004
8/6/2023 20:15,0.260852186,0.0004
8/6/2023 20:30,0.376777213,0.0005
8/6/2023 20:45,0.277703576,0.0004
8/6/2023 21:00,0.334052279,0.0005
8/6/2023 21:15,0.314407125,0.0004
8/6/2023 21:30,0.314407125,0.0004
8/6/2023 21:45,0.278001803,0.0004
8/6/2023 22:00,0.334399686,0.0005
8/6/2023 22:15,0.449392239,0.0006
8/6/2023 22:30,0.399936554,0.0006
8/6/2023 22:45,0.334399686,0.0005
8/6/2023 23:00,0.278001803,0.0004
8/6/2023 23:15,0.399936554,0.0006
8/6/2023 23:30,0.399936554,0.0006
8/6/2023 23:45,0.334399686,0.0005
8/7/2023 0:00,0.334399686,0.0005
8/7/2023 0:15,0.449392239,0.0006
8/7/2023 0:30,0.399936554,0.0006
8/7/2023 0:45,0.334399686,0.0005
8/7/2023 1:00,0.448949413,0.0006
8/7/2023 1:15,0.334399686,0.0005
8/7/2023 1:30,0.334399686,0.0005
8/7/2023 1:45,0.532011082,0.0008
8/7/2023 2:00,0.314407125,0.0004
8/7/2023 2:15,0.376777213,0.0005
8/7/2023 2:30,0.448949413,0.0006
8/7/2023 2:45,0.448949413,0.0006
8/7/2023 3:00,0.260852186,0.0004
8/7/2023 3:15,0.314407125,0.0004
8/7/2023 3:30,0.448949413,0.0006
8/7/2023 3:45,0.376777213,0.0005
8/7/2023 4:00,0.376777213,0.0005
8/7/2023 4:15,0.314407125,0.0004
8/7/2023 4:30,0.334052279,0.0005
8/7/2023 4:45,0.376777213,0.0005
8/7/2023 5:00,0.376777213,0.0005
8/7/2023 5:15,0.448949413,0.0006
8/7/2023 5:30,0.376777213,0.0005
8/7/2023 5:45,0.277703576,0.0004
8/7/2023 6:00,0.448949413,0.0006
8/7/2023 6:15,0.503233779,0.0007
8/7/2023 6:30,0.449392239,0.0006
8/7/2023 6:45,0.377160934,0.0005
8/7/2023 7:00,0.532519632,0.0008
8/7/2023 7:15,0.377160934,0.0005
8/7/2023 7:30,0.449392239,0.0006
8/7/2023 7:45,0.448949413,0.0006
8/7/2023 8:00,0.399936554,0.0006
8/7/2023 8:15,0.449392239,0.0006
8/7/2023 8:30,0.399936554,0.0006
8/7/2023 8:45,0.399936554,0.0006
8/7/2023 9:00,0.376777213,0.0005
8/7/2023 9:15,0.334399686,0.0005
8/7/2023 9:30,0.532011082,0.0008
8/7/2023 9:45,0.448949413,0.0006
8/7/2023 10:00,0.448949413,0.0006
8/7/2023 10:15,0.532011082,0.0008
8/7/2023 10:30,0.376777213,0.0005
8/7/2023 10:45,0.399533816,0.0006
8/7/2023 11:00,0.295726377,0.0004
8/7/2023 11:15,0.35506608,0.0005
8/7/2023 11:30,0.475228568,0.0007
8/7/2023 11:45,0.277703576,0.0004
8/7/2023 12:00,0.475228568,0.0007
8/7/2023 12:15,0.399533816,0.0006
8/7/2023 12:30,0.399936554,0.0006
8/7/2023 12:45,0.35506608,0.0005
8/7/2023 13:00,0.532011082,0.0008
8/7/2023 13:15,0.475228568,0.0007
8/7/2023 13:30,0.448949413,0.0006
8/7/2023 13:45,0.594255346,0.0008
8/7/2023 14:00,0.377160934,0.0005
8/7/2023 14:15,0.532011082,0.0008
8/7/2023 14:30,0.35506608,0.0005
8/7/2023 14:45,0.376777213,0.0005
8/7/2023 15:00,0.448949413,0.0006
8/7/2023 15:15,0.423866439,0.0006
8/7/2023 15:30,0.314737561,0.0004
8/7/2023 15:45,0.376777213,0.0005
8/7/2023 16:00,0.376777213,0.0005
8/7/2023 16:15,0.376777213,0.0005
8/7/2023 16:30,0.377160934,0.0005
8/7/2023 16:45,0.314737561,0.0004
8/7/2023 17:00,0.377160934,0.0005
8/7/2023 17:15,0.314407125,0.0004
8/7/2023 17:30,0.448949413,0.0006
8/7/2023 17:45,0.334052279,0.0005
8/7/2023 18:00,0.314407125,0.0004
8/7/2023 18:15,0.314407125,0.0004
8/7/2023 18:30,0.448949413,0.0006
8/7/2023 18:45,0.448949413,0.0006
8/7/2023 19:00,0.423866439,0.0006
8/7/2023 19:15,0.423866439,0.0006
8/7/2023 19:30,0.376777213,0.0005
8/7/2023 19:45,0.503233779,0.0007
8/7/2023 20:00,0.532011082,0.0008
8/7/2023 20:15,0.448949413,0.0006
8/7/2023 20:30,0.813074241,0.0012
8/7/2023 20:45,0.376777213,0.0005
8/7/2023 21:00,0.376777213,0.0005
8/7/2023 21:15,0.503233779,0.0007
8/7/2023 21:30,0.376777213,0.0005
8/7/2023 21:45,0.376777213,0.0005
8/7/2023 22:00,0.448949413,0.0006
8/7/2023 22:15,0.532011082,0.0008
8/7/2023 22:30,0.314407125,0.0004
8/7/2023 22:45,0.532011082,0.0008
8/7/2023 23:00,0.376777213,0.0005
8/7/2023 23:15,0.532011082,0.0008
8/7/2023 23:30,0.376777213,0.0005
8/7/2023 23:45,0.423866439,0.0006
8/8/2023 0:00,0.376777213,0.0005
8/8/2023 0:15,0.376777213,0.0005
8/8/2023 0:30,0.503233779,0.0007
8/8/2023 0:45,0.376777213,0.0005
8/8/2023 1:00,0.423866439,0.0006
8/8/2023 1:15,0.503233779,0.0007
8/8/2023 1:30,0.503233779,0.0007
8/8/2023 1:45,0.503233779,0.0007
8/8/2023 2:00,0.448949413,0.0006
8/8/2023 2:15,0.448949413,0.0006
8/8/2023 2:30,0.532011082,0.0008
8/8/2023 2:45,0.448949413,0.0006
8/8/2023 3:00,0.532011082,0.0008
8/8/2023 3:15,0.503233779,0.0007
8/8/2023 3:30,0.503233779,0.0007
8/8/2023 3:45,0.423866439,0.0006
8/8/2023 4:00,0.376777213,0.0005
8/8/2023 4:15,0.503233779,0.0007
8/8/2023 4:30,0.423866439,0.0006
8/8/2023 4:45,0.448949413,0.0006
8/8/2023 5:00,0.594255346,0.0008
8/8/2023 5:15,0.594255346,0.0008
8/8/2023 5:30,0.423866439,0.0006
8/8/2023 5:45,0.376777213,0.0005
8/8/2023 6:00,0.423866439,0.0006
8/8/2023 6:15,0.532011082,0.0008
8/8/2023 6:30,0.448949413,0.0006
8/8/2023 6:45,0.376777213,0.0005
8/8/2023 7:00,0.594255346,0.0008
8/8/2023 7:15,0.594255346,0.0008
8/8/2023 7:30,0.532011082,0.0008
8/8/2023 7:45,0.697696671,0.001
8/8/2023 8:00,0.503233779,0.0007
8/8/2023 8:15,0.594255346,0.0008
8/8/2023 8:30,0.627232548,0.0009
8/8/2023 8:45,0.697696671,0.001
8/8/2023 9:00,0.423866439,0.0006
8/8/2023 9:15,0.594255346,0.0008
8/8/2023 9:30,0.532011082,0.0008
8/8/2023 9:45,0.594255346,0.0008
8/8/2023 10:00,0.773210393,0.0011
8/8/2023 10:15,0.503233779,0.0007
8/8/2023 10:30,0.627232548,0.0009
8/8/2023 10:45,0.503233779,0.0007
8/8/2023 11:00,0.594255346,0.0008
8/8/2023 11:15,0.662288516,0.0009
8/8/2023 11:30,0.376777213,0.0005
8/8/2023 11:45,0.594255346,0.0008
8/8/2023 12:00,0.594255346,0.0008
8/8/2023 12:15,0.594255346,0.0008
8/8/2023 12:30,0.503233779,0.0007
8/8/2023 12:45,0.594255346,0.0008
8/8/2023 13:00,0.562700329,0.0008
8/8/2023 13:15,0.423866439,0.0006
8/8/2023 13:30,0.423866439,0.0006
8/8/2023 13:45,0.562700329,0.0008
8/8/2023 14:00,0.423866439,0.0006
8/8/2023 14:15,0.562700329,0.0008
8/8/2023 14:30,0.991502273,0.0014
8/8/2023 14:45,0.662288516,0.0009
8/8/2023 15:00,0.991502273,0.0014
8/8/2023 15:15,0.562700329,0.0008
8/8/2023 15:30,0.734975191,0.001
8/8/2023 15:45,0.662288516,0.0009
8/8/2023 16:00,0.661681355,0.0009
8/8/2023 16:15,0.562168481,0.0008
8/8/2023 16:30,0.734329938,0.001
8/8/2023 16:45,0.991502273,0.0014
8/8/2023 17:00,0.662288516,0.0009
8/8/2023 17:15,0.697696671,0.001
8/8/2023 17:30,0.773210393,0.0011
8/8/2023 17:45,0.898594154,0.0013
8/8/2023 18:00,0.773210393,0.0011
8/8/2023 18:15,0.898594154,0.0013
8/8/2023 18:30,0.898594154,0.0013
8/8/2023 18:45,0.773210393,0.0011
8/8/2023 19:00,0.662288516,0.0009
8/8/2023 19:15,0.562700329,0.0008
8/8/2023 19:30,0.854621561,0.0012
8/8/2023 19:45,0.943706503,0.0013
8/8/2023 20:00,0.854621561,0.0012
8/8/2023 20:15,0.773210393,0.0011
8/8/2023 20:30,1.200201638,0.0017
8/8/2023 20:45,1.511415151,0.0021
8/8/2023 21:00,0.991502273,0.0014
8/8/2023 21:15,1.512591988,0.0021
8/8/2023 21:30,1.091323134,0.0015
8/8/2023 21:45,1.444465427,0.002
8/8/2023 22:00,0.773210393,0.0011
8/8/2023 22:15,1.318149035,0.0019
8/8/2023 22:30,0.898594154,0.0013
8/8/2023 22:45,1.257509953,0.0018
8/8/2023 23:00,1.444465427,0.002
8/8/2023 23:15,1.654461261,0.0023
8/8/2023 23:30,1.145105356,0.0016
8/8/2023 23:45,1.257509953,0.0018
8/9/2023 0:00,1.257509953,0.0018
8/9/2023 0:15,1.654461261,0.0023
8/9/2023 0:30,1.257509953,0.0018
8/9/2023 0:45,1.091323134,0.0015
8/9/2023 1:00,1.091323134,0.0015
8/9/2023 1:15,0.854621561,0.0012
8/9/2023 1:30,0.854621561,0.0012
8/9/2023 1:45,0.99067577,0.0014
8/9/2023 2:00,0.99067577,0.0014
8/9/2023 2:15,1.144174299,0.0016
8/9/2023 2:30,0.734329938,0.001
8/9/2023 2:45,1.257509953,0.0018
8/9/2023 3:00,0.943706503,0.0013
8/9/2023 3:15,1.091323134,0.0015
8/9/2023 3:30,0.734329938,0.001
8/9/2023 3:45,0.99067577,0.0014
8/9/2023 4:00,0.854621561,0.0012
8/9/2023 4:15,0.734329938,0.001
8/9/2023 4:30,0.734329938,0.001
8/9/2023 4:45,0.99067577,0.0014
8/9/2023 5:00,0.662288516,0.0009
8/9/2023 5:15,1.091323134,0.0015
8/9/2023 5:30,0.6278139,0.0009
8/9/2023 5:45,0.734329938,0.001
8/9/2023 6:00,0.562700329,0.0008
8/9/2023 6:15,0.734329938,0.001
8/9/2023 6:30,0.99067577,0.0014
8/9/2023 6:45,0.854621561,0.0012
8/9/2023 7:00,0.99067577,0.0014
8/9/2023 7:15,0.734329938,0.001
8/9/2023 7:30,0.734329938,0.001
8/9/2023 7:45,0.532011082,0.0008
8/9/2023 8:00,0.772537527,0.0011
8/9/2023 8:15,0.772537527,0.0011
8/9/2023 8:30,0.627232548,0.0009
8/9/2023 8:45,0.662288516,0.0009
8/9/2023 9:00,0.562700329,0.0008
8/9/2023 9:15,0.773210393,0.0011
8/9/2023 9:30,0.662288516,0.0009
8/9/2023 9:45,0.627232548,0.0009
8/9/2023 10:00,0.562700329,0.0008
8/9/2023 10:15,0.734329938,0.001
8/9/2023 10:30,0.627232548,0.0009
8/9/2023 10:45,0.475692385,0.0007
8/9/2023 11:00,0.475692385,0.0007
8/9/2023 11:15,0.855352982,0.0012
8/9/2023 11:30,0.991502273,0.0014
8/9/2023 11:45,0.562700329,0.0008
8/9/2023 12:00,0.475692385,0.0007
8/9/2023 12:15,0.562700329,0.0008
8/9/2023 12:30,0.562700329,0.0008
8/9/2023 12:45,0.475228568,0.0007
8/9/2023 13:00,0.35506608,0.0005
8/9/2023 13:15,0.475228568,0.0007
8/9/2023 13:30,0.334052279,0.0005
8/9/2023 13:45,0.334052279,0.0005
8/9/2023 14:00,0.295726377,0.0004
8/9/2023 14:15,0.399936554,0.0006
8/9/2023 14:30,0.229674219,0.0003
8/9/2023 14:45,0.475692385,0.0007
8/9/2023 15:00,0.334399686,0.0005
8/9/2023 15:15,0.295726377,0.0004
8/9/2023 15:30,0.532519632,0.0008
8/9/2023 15:45,0.278001803,0.0004
8/9/2023 16:00,0.278001803,0.0004
8/9/2023 16:15,0.475692385,0.0007
8/9/2023 16:30,0.229674219,0.0003
8/9/2023 16:45,0.229674219,0.0003
8/9/2023 17:00,0.334399686,0.0005
8/9/2023 17:15,0.532011082,0.0008
8/9/2023 17:30,0.399936554,0.0006
8/9/2023 17:45,0.399936554,0.0006
8/9/2023 18:00,0.278001803,0.0004
8/9/2023 18:15,0.278001803,0.0004
8/9/2023 18:30,0.229674219,0.0003
8/9/2023 18:45,0.399936554,0.0006
8/9/2023 19:00,0.35506608,0.0005
8/9/2023 19:15,0.244853952,0.0003
8/9/2023 19:30,0.334399686,0.0005
8/9/2023 19:45,0.475692385,0.0007
8/9/2023 20:00,0.399936554,0.0006
8/9/2023 20:15,0.295726377,0.0004
8/9/2023 20:30,0.334399686,0.0005
8/9/2023 20:45,0.399936554,0.0006
8/9/2023 21:00,0.399936554,0.0006
8/9/2023 21:15,0.399936554,0.0006
8/9/2023 21:30,0.662288516,0.0009
8/9/2023 21:45,0.475692385,0.0007
8/9/2023 22:00,0.399936554,0.0006
8/9/2023 22:15,0.475692385,0.0007
8/9/2023 22:30,0.399936554,0.0006
8/9/2023 22:45,0.334399686,0.0005
8/9/2023 23:00,0.295726377,0.0004
8/9/2023 23:15,0.334399686,0.0005
8/9/2023 23:30,0.475228568,0.0007
8/9/2023 23:45,0.35506608,0.0005
8/10/2023 0:00,0.35506608,0.0005
8/10/2023 0:15,0.399533816,0.0006
8/10/2023 0:30,0.295726377,0.0004
8/10/2023 0:45,0.475228568,0.0007
8/10/2023 1:00,0.532011082,0.0008
8/10/2023 1:15,0.562700329,0.0008
8/10/2023 1:30,0.399936554,0.0006
8/10/2023 1:45,0.295726377,0.0004
8/10/2023 2:00,0.423866439,0.0006
8/10/2023 2:15,0.475692385,0.0007
8/10/2023 2:30,0.334399686,0.0005
8/10/2023 2:45,0.475692385,0.0007
8/10/2023 3:00,0.475692385,0.0007
8/10/2023 3:15,0.562700329,0.0008
8/10/2023 3:30,0.562700329,0.0008
8/10/2023 3:45,0.399936554,0.0006
8/10/2023 4:00,0.399936554,0.0006
8/10/2023 4:15,0.532519632,0.0008
8/10/2023 4:30,0.449392239,0.0006
8/10/2023 4:45,0.562700329,0.0008
8/10/2023 5:00,0.662288516,0.0009
8/10/2023 5:15,0.562700329,0.0008
8/10/2023 5:30,0.399936554,0.0006
8/10/2023 5:45,0.475692385,0.0007
8/10/2023 6:00,0.399936554,0.0006
8/10/2023 6:15,0.562168481,0.0008
8/10/2023 6:30,0.532011082,0.0008
8/10/2023 6:45,0.35506608,0.0005
8/10/2023 7:00,0.399533816,0.0006
8/10/2023 7:15,0.244853952,0.0003
8/10/2023 7:30,0.562700329,0.0008
8/10/2023 7:45,0.503233779,0.0007
8/10/2023 8:00,0.423866439,0.0006
8/10/2023 8:15,0.475692385,0.0007
8/10/2023 8:30,0.562700329,0.0008
8/10/2023 8:45,0.423866439,0.0006
8/10/2023 9:00,0.562700329,0.0008
8/10/2023 9:15,0.662288516,0.0009
8/10/2023 9:30,0.503233779,0.0007
8/10/2023 9:45,0.562700329,0.0008
8/10/2023 10:00,0.562700329,0.0008
8/10/2023 10:15,0.295726377,0.0004
8/10/2023 10:30,0.475692385,0.0007
8/10/2023 10:45,0.295726377,0.0004
8/10/2023 11:00,0.562700329,0.0008
8/10/2023 11:15,0.244853952,0.0003
8/10/2023 11:30,0.35506608,0.0005
8/10/2023 11:45,0.562700329,0.0008
8/10/2023 12:00,0.423866439,0.0006
8/10/2023 12:15,0.399936554,0.0006
8/10/2023 12:30,0.244853952,0.0003
8/10/2023 12:45,0.334052279,0.0005
8/10/2023 13:00,0.244853952,0.0003
8/10/2023 13:15,0.423866439,0.0006
8/10/2023 13:30,0.244853952,0.0003
8/10/2023 13:45,0.334052279,0.0005
8/10/2023 14:00,0.423866439,0.0006
8/10/2023 14:15,0.399936554,0.0006
8/10/2023 14:30,0.314407125,0.0004
8/10/2023 14:45,0.475228568,0.0007
8/10/2023 15:00,0.423866439,0.0006
8/10/2023 15:15,0.35506608,0.0005
8/10/2023 15:30,0.399533816,0.0006
8/10/2023 15:45,0.35506608,0.0005
8/10/2023 16:00,0.35506608,0.0005
8/10/2023 16:15,0.295726377,0.0004
8/10/2023 16:30,0.35506608,0.0005
8/10/2023 16:45,0.399936554,0.0006
8/10/2023 17:00,0.475692385,0.0007
8/10/2023 17:15,0.399936554,0.0006
8/10/2023 17:30,0.475692385,0.0007
8/10/2023 17:45,0.399936554,0.0006
8/10/2023 18:00,0.295726377,0.0004
8/10/2023 18:15,0.399936554,0.0006
8/10/2023 18:30,0.399936554,0.0006
8/10/2023 18:45,0.35506608,0.0005
8/10/2023 19:00,0.475692385,0.0007
8/10/2023 19:15,0.399936554,0.0006
8/10/2023 19:30,0.423866439,0.0006
8/10/2023 19:45,0.399533816,0.0006
8/10/2023 20:00,0.475228568,0.0007
8/10/2023 20:15,0.399533816,0.0006
8/10/2023 20:30,0.399533816,0.0006
8/10/2023 20:45,0.423866439,0.0006
8/10/2023 21:00,0.423866439,0.0006
8/10/2023 21:15,0.35506608,0.0005
8/10/2023 21:30,0.35506608,0.0005
8/10/2023 21:45,0.35506608,0.0005
8/10/2023 22:00,0.423866439,0.0006
8/10/2023 22:15,0.35506608,0.0005
8/10/2023 22:30,0.35506608,0.0005
8/10/2023 22:45,0.35506608,0.0005
8/10/2023 23:00,0.295726377,0.0004
8/10/2023 23:15,0.503233779,0.0007
8/10/2023 23:30,0.423866439,0.0006
8/10/2023 23:45,0.423866439,0.0006
8/11/2023 0:00,0.503233779,0.0007
8/11/2023 0:15,0.562700329,0.0008
8/11/2023 0:30,0.423866439,0.0006
8/11/2023 0:45,0.475692385,0.0007
8/11/2023 1:00,0.314407125,0.0004
8/11/2023 1:15,0.423866439,0.0006
8/11/2023 1:30,0.35506608,0.0005
8/11/2023 1:45,0.594255346,0.0008
8/11/2023 2:00,0.399936554,0.0006
8/11/2023 2:15,0.475692385,0.0007
8/11/2023 2:30,0.562700329,0.0008
8/11/2023 2:45,0.475692385,0.0007
8/11/2023 3:00,0.503233779,0.0007
8/11/2023 3:15,0.399533816,0.0006
8/11/2023 3:30,0.423866439,0.0006
8/11/2023 3:45,0.562168481,0.0008
8/11/2023 4:00,0.475228568,0.0007
8/11/2023 4:15,0.475228568,0.0007
8/11/2023 4:30,0.475228568,0.0007
8/11/2023 4:45,0.334052279,0.0005
8/11/2023 5:00,0.475228568,0.0007
8/11/2023 5:15,0.562168481,0.0008
8/11/2023 5:30,0.423866439,0.0006
8/11/2023 5:45,0.627232548,0.0009
8/11/2023 6:00,0.503233779,0.0007
8/11/2023 6:15,0.503233779,0.0007
8/11/2023 6:30,0.475692385,0.0007
8/11/2023 6:45,0.475692385,0.0007
8/11/2023 7:00,0.594255346,0.0008
8/11/2023 7:15,0.562700329,0.0008
8/11/2023 7:30,0.475692385,0.0007
8/11/2023 7:45,0.562700329,0.0008
8/11/2023 8:00,0.594255346,0.0008
8/11/2023 8:15,0.662288516,0.0009
8/11/2023 8:30,0.562700329,0.0008
8/11/2023 8:45,0.562700329,0.0008
8/11/2023 9:00,0.562700329,0.0008
8/11/2023 9:15,0.594255346,0.0008
8/11/2023 9:30,0.423866439,0.0006
8/11/2023 9:45,0.503233779,0.0007
8/11/2023 10:00,0.503233779,0.0007
8/11/2023 10:15,0.594255346,0.0008
8/11/2023 10:30,0.423866439,0.0006
8/11/2023 10:45,0.503233779,0.0007
8/11/2023 11:00,0.503233779,0.0007
8/11/2023 11:15,0.503233779,0.0007
8/11/2023 11:30,0.423866439,0.0006
8/11/2023 11:45,0.314407125,0.0004
8/11/2023 12:00,0.295726377,0.0004
8/11/2023 12:15,0.295726377,0.0004
8/11/2023 12:30,0.295726377,0.0004
8/11/2023 12:45,0.35506608,0.0005
8/11/2023 13:00,0.244853952,0.0003
8/11/2023 13:15,0.334399686,0.0005
8/11/2023 13:30,0.244853952,0.0003
8/11/2023 13:45,0.423866439,0.0006
8/11/2023 14:00,0.35506608,0.0005
8/11/2023 14:15,0.244853952,0.0003
8/11/2023 14:30,0.295726377,0.0004
8/11/2023 14:45,0.244853952,0.0003
8/11/2023 15:00,0.295726377,0.0004
8/11/2023 15:15,0.334399686,0.0005
8/11/2023 15:30,0.35506608,0.0005
8/11/2023 15:45,0.35506608,0.0005
8/11/2023 16:00,0.334399686,0.0005
8/11/2023 16:15,0.399936554,0.0006
8/11/2023 16:30,0.295726377,0.0004
8/11/2023 16:45,0.295726377,0.0004
8/11/2023 17:00,0.449392239,0.0006
8/11/2023 17:15,0.475692385,0.0007
8/11/2023 17:30,0.334399686,0.0005
8/11/2023 17:45,0.244853952,0.0003
8/11/2023 18:00,0.244853952,0.0003
8/11/2023 18:15,0.334399686,0.0005
8/11/2023 18:30,0.399936554,0.0006
8/11/2023 18:45,0.334399686,0.0005
8/11/2023 19:00,0.334399686,0.0005
8/11/2023 19:15,0.278001803,0.0004
8/11/2023 19:30,0.399936554,0.0006
8/11/2023 19:45,0.399936554,0.0006
8/11/2023 20:00,0.423866439,0.0006
8/11/2023 20:15,0.35506608,0.0005
8/11/2023 20:30,0.399936554,0.0006
8/11/2023 20:45,0.35506608,0.0005
8/11/2023 21:00,0.423866439,0.0006
8/11/2023 21:15,0.35506608,0.0005
8/11/2023 21:30,0.35506608,0.0005
8/11/2023 21:45,0.35506608,0.0005
8/11/2023 22:00,0.35506608,0.0005
8/11/2023 22:15,0.35506608,0.0005
8/11/2023 22:30,0.35506608,0.0005
8/11/2023 22:45,0.423866439,0.0006
8/11/2023 23:00,0.244853952,0.0003
8/11/2023 23:15,0.475692385,0.0007
8/11/2023 23:30,0.503233779,0.0007
8/11/2023 23:45,0.475692385,0.0007
8/12/2023 0:00,0.475692385,0.0007
8/12/2023 0:15,0.423866439,0.0006
8/12/2023 0:30,0.35506608,0.0005
8/12/2023 0:45,0.475692385,0.0007
8/12/2023 1:00,0.295726377,0.0004
8/12/2023 1:15,0.503233779,0.0007
8/12/2023 1:30,0.562700329,0.0008
8/12/2023 1:45,0.594255346,0.0008
8/12/2023 2:00,0.423866439,0.0006
8/12/2023 2:15,0.662288516,0.0009
8/12/2023 2:30,0.503233779,0.0007
8/12/2023 2:45,0.475692385,0.0007
8/12/2023 3:00,0.399936554,0.0006
8/12/2023 3:15,0.475692385,0.0007
8/12/2023 3:30,0.562700329,0.0008
8/12/2023 3:45,0.562700329,0.0008
8/12/2023 4:00,0.562700329,0.0008
8/12/2023 4:15,0.475692385,0.0007
8/12/2023 4:30,0.475692385,0.0007
8/12/2023 4:45,0.399936554,0.0006
8/12/2023 5:00,0.562700329,0.0008
8/12/2023 5:15,0.562700329,0.0008
8/12/2023 5:30,0.423866439,0.0006
8/12/2023 5:45,0.475692385,0.0007
8/12/2023 6:00,0.562700329,0.0008
8/12/2023 6:15,0.594255346,0.0008
8/12/2023 6:30,0.503233779,0.0007
8/12/2023 6:45,0.503233779,0.0007
8/12/2023 7:00,0.662288516,0.0009
8/12/2023 7:15,0.594255346,0.0008
8/12/2023 7:30,0.772537527,0.0011
8/12/2023 7:45,0.503233779,0.0007
8/12/2023 8:00,0.562700329,0.0008
8/12/2023 8:15,0.594255346,0.0008
8/12/2023 8:30,0.562168481,0.0008
8/12/2023 8:45,0.503233779,0.0007
8/12/2023 9:00,0.661681355,0.0009
8/12/2023 9:15,0.503233779,0.0007
8/12/2023 9:30,0.661681355,0.0009
8/12/2023 9:45,0.503233779,0.0007
8/12/2023 10:00,0.503233779,0.0007
8/12/2023 10:15,0.594255346,0.0008
8/12/2023 10:30,0.697696671,0.001
8/12/2023 10:45,0.562168481,0.0008
8/12/2023 11:00,0.661681355,0.0009
8/12/2023 11:15,0.594255346,0.0008
8/12/2023 11:30,0.562700329,0.0008
8/12/2023 11:45,0.503233779,0.0007
8/12/2023 12:00,0.475692385,0.0007
8/12/2023 12:15,0.399936554,0.0006
8/12/2023 12:30,0.423866439,0.0006
8/12/2023 12:45,0.423866439,0.0006
8/12/2023 13:00,0.503233779,0.0007
8/12/2023 13:15,0.423866439,0.0006
8/12/2023 13:30,0.503233779,0.0007
8/12/2023 13:45,0.503233779,0.0007
8/12/2023 14:00,0.503233779,0.0007
8/12/2023 14:15,0.662288516,0.0009
8/12/2023 14:30,0.35506608,0.0005
8/12/2023 14:45,0.423866439,0.0006
8/12/2023 15:00,0.475692385,0.0007
8/12/2023 15:15,0.399936554,0.0006
8/12/2023 15:30,0.423866439,0.0006
8/12/2023 15:45,0.423866439,0.0006
8/12/2023 16:00,0.399533816,0.0006
8/12/2023 16:15,0.334052279,0.0005
8/12/2023 16:30,0.334052279,0.0005
8/12/2023 16:45,0.399533816,0.0006
8/12/2023 17:00,0.334052279,0.0005
8/12/2023 17:15,0.334052279,0.0005
8/12/2023 17:30,0.35506608,0.0005
8/12/2023 17:45,0.334052279,0.0005
8/12/2023 18:00,0.399533816,0.0006
8/12/2023 18:15,0.295726377,0.0004
8/12/2023 18:30,0.295726377,0.0004
8/12/2023 18:45,0.295726377,0.0004
8/12/2023 19:00,0.35506608,0.0005
8/12/2023 19:15,0.295726377,0.0004
8/12/2023 19:30,0.295726377,0.0004
8/12/2023 19:45,0.35506608,0.0005
8/12/2023 20:00,0.475692385,0.0007
8/12/2023 20:15,0.35506608,0.0005
8/12/2023 20:30,0.423866439,0.0006
8/12/2023 20:45,0.295726377,0.0004
8/12/2023 21:00,0.376777213,0.0005
8/12/2023 21:15,0.35506608,0.0005
8/12/2023 21:30,0.423866439,0.0006
8/12/2023 21:45,0.377160934,0.0005
8/12/2023 22:00,0.449392239,0.0006
8/12/2023 22:15,0.449392239,0.0006
8/12/2023 22:30,0.449392239,0.0006
8/12/2023 22:45,0.377160934,0.0005
8/12/2023 23:00,0.562168481,0.0008
8/12/2023 23:15,0.594255346,0.0008
8/12/2023 23:30,0.423866439,0.0006
8/12/2023 23:45,0.594255346,0.0008
8/13/2023 0:00,0.423866439,0.0006
8/13/2023 0:15,0.813074241,0.0012
8/13/2023 0:30,0.503233779,0.0007
8/13/2023 0:45,0.697696671,0.001
8/13/2023 1:00,0.697696671,0.001
8/13/2023 1:15,0.661681355,0.0009
8/13/2023 1:30,0.661681355,0.0009
8/13/2023 1:45,0.594255346,0.0008
8/13/2023 2:00,0.661681355,0.0009
8/13/2023 2:15,0.503233779,0.0007
8/13/2023 2:30,0.697696671,0.001
8/13/2023 2:45,0.662288516,0.0009
8/13/2023 3:00,0.898594154,0.0013
8/13/2023 3:15,0.662288516,0.0009
8/13/2023 3:30,0.662288516,0.0009
8/13/2023 3:45,0.662288516,0.0009
8/13/2023 4:00,0.662288516,0.0009
8/13/2023 4:15,0.594255346,0.0008
8/13/2023 4:30,0.562700329,0.0008
8/13/2023 4:45,0.594255346,0.0008
8/13/2023 5:00,0.594255346,0.0008
8/13/2023 5:15,0.734975191,0.001
8/13/2023 5:30,0.503233779,0.0007
8/13/2023 5:45,0.662288516,0.0009
8/13/2023 6:00,0.662288516,0.0009
8/13/2023 6:15,0.662288516,0.0009
8/13/2023 6:30,0.773210393,0.0011
8/13/2023 6:45,0.662288516,0.0009
8/13/2023 7:00,0.594255346,0.0008
8/13/2023 7:15,0.594255346,0.0008
8/13/2023 7:30,0.594255346,0.0008
8/13/2023 7:45,0.423866439,0.0006
8/13/2023 8:00,0.503233779,0.0007
8/13/2023 8:15,0.503233779,0.0007
8/13/2023 8:30,0.594255346,0.0008
8/13/2023 8:45,0.661681355,0.0009
8/13/2023 9:00,0.813074241,0.0012
8/13/2023 9:15,0.503233779,0.0007
8/13/2023 9:30,0.594255346,0.0008
8/13/2023 9:45,0.594255346,0.0008
8/13/2023 10:00,0.697696671,0.001
8/13/2023 10:15,0.594255346,0.0008
8/13/2023 10:30,0.594255346,0.0008
8/13/2023 10:45,0.662288516,0.0009
8/13/2023 11:00,0.594255346,0.0008
8/13/2023 11:15,0.594255346,0.0008
8/13/2023 11:30,0.423866439,0.0006
8/13/2023 11:45,0.662288516,0.0009
8/13/2023 12:00,0.532011082,0.0008
8/13/2023 12:15,0.532011082,0.0008
8/13/2023 12:30,0.594255346,0.0008
8/13/2023 12:45,0.594255346,0.0008
8/13/2023 13:00,0.661681355,0.0009
8/13/2023 13:15,0.594255346,0.0008
8/13/2023 13:30,0.423866439,0.0006
8/13/2023 13:45,0.423866439,0.0006
8/13/2023 14:00,0.503233779,0.0007
8/13/2023 14:15,0.423866439,0.0006
8/13/2023 14:30,0.594255346,0.0008
8/13/2023 14:45,0.503233779,0.0007
8/13/2023 15:00,0.594255346,0.0008
8/13/2023 15:15,0.697696671,0.001
8/13/2023 15:30,0.503233779,0.0007
8/13/2023 15:45,0.594255346,0.0008
8/13/2023 16:00,0.594255346,0.0008
8/13/2023 16:15,0.897832276,0.0013
8/13/2023 16:30,0.35506608,0.0005
8/13/2023 16:45,0.594255346,0.0008
8/13/2023 17:00,0.503233779,0.0007
8/13/2023 17:15,0.475692385,0.0007
8/13/2023 17:30,0.562700329,0.0008
8/13/2023 17:45,0.773210393,0.0011
8/13/2023 18:00,0.594255346,0.0008
8/13/2023 18:15,0.697696671,0.001
8/13/2023 18:30,0.594255346,0.0008
8/13/2023 18:45,2.766400111,0.0039
8/13/2023 19:00,2.653942833,0.0038
8/13/2023 19:15,1.654461261,0.0023
8/13/2023 19:30,1.512591988,0.0021
8/13/2023 19:45,1.318149035,0.0019
8/13/2023 20:00,1.974887489,0.0028
8/13/2023 20:15,1.730820966,0.0025
8/13/2023 20:30,1.973413743,0.0028
8/13/2023 20:45,2.44355038,0.0035
8/13/2023 21:00,2.44355038,0.0035
8/13/2023 21:15,1.973413743,0.0028
8/13/2023 21:30,1.729502407,0.0024
8/13/2023 21:45,1.582185684,0.0022
8/13/2023 22:00,2.061973956,0.0029
8/13/2023 22:15,1.257509953,0.0018
8/13/2023 22:30,1.582185684,0.0022
8/13/2023 22:45,1.257509953,0.0018
8/13/2023 23:00,1.257509953,0.0018
8/13/2023 23:15,1.091323134,0.0015
8/13/2023 23:30,1.200201638,0.0017
8/13/2023 23:45,1.091323134,0.0015
8/14/2023 0:00,0.854621561,0.0012
8/14/2023 0:15,0.943706503,0.0013
8/14/2023 0:30,0.943706503,0.0013
8/14/2023 0:45,1.091323134,0.0015
8/14/2023 1:00,1.199233184,0.0017
8/14/2023 1:15,0.943706503,0.0013
8/14/2023 1:30,0.813074241,0.0012
8/14/2023 1:45,1.257509953,0.0018
8/14/2023 2:00,0.943706503,0.0013
8/14/2023 2:15,0.855352982,0.0012
8/14/2023 2:30,0.697696671,0.001
8/14/2023 2:45,1.091323134,0.0015
8/14/2023 3:00,0.813074241,0.0012
8/14/2023 3:15,0.943706503,0.0013
8/14/2023 3:30,0.813074241,0.0012
8/14/2023 3:45,0.943706503,0.0013
8/14/2023 4:00,0.854621561,0.0012
8/14/2023 4:15,0.813074241,0.0012
8/14/2023 4:30,0.661681355,0.0009
8/14/2023 4:45,0.734329938,0.001
8/14/2023 5:00,0.734329938,0.001
8/14/2023 5:15,0.943706503,0.0013
8/14/2023 5:30,0.854621561,0.0012
8/14/2023 5:45,0.734329938,0.001
8/14/2023 6:00,0.734329938,0.001
8/14/2023 6:15,0.855352982,0.0012
8/14/2023 6:30,0.662288516,0.0009
8/14/2023 6:45,0.773210393,0.0011
8/14/2023 7:00,0.854621561,0.0012
8/14/2023 7:15,0.854621561,0.0012
8/14/2023 7:30,0.99067577,0.0014
8/14/2023 7:45,0.897832276,0.0013
8/14/2023 8:00,0.661681355,0.0009
8/14/2023 8:15,0.854621561,0.0012
8/14/2023 8:30,0.854621561,0.0012
8/14/2023 8:45,0.854621561,0.0012
8/14/2023 9:00,0.773210393,0.0011
8/14/2023 9:15,0.662288516,0.0009
8/14/2023 9:30,0.855352982,0.0012
8/14/2023 9:45,0.773210393,0.0011
8/14/2023 10:00,0.594255346,0.0008
8/14/2023 10:15,0.813074241,0.0012
8/14/2023 10:30,0.813074241,0.0012
8/14/2023 10:45,0.897832276,0.0013
8/14/2023 11:00,0.697696671,0.001
8/14/2023 11:15,0.772537527,0.0011
8/14/2023 11:30,0.697696671,0.001
8/14/2023 11:45,0.772537527,0.0011
8/14/2023 12:00,0.897832276,0.0013
8/14/2023 12:15,0.697696671,0.001
8/14/2023 12:30,0.594255346,0.0008
8/14/2023 12:45,0.697696671,0.001
8/14/2023 13:00,0.594255346,0.0008
8/14/2023 13:15,0.898594154,0.0013
8/14/2023 13:30,0.697696671,0.001
8/14/2023 13:45,0.562700329,0.0008
8/14/2023 14:00,0.773210393,0.0011
8/14/2023 14:15,0.734329938,0.001
8/14/2023 14:30,0.854621561,0.0012
8/14/2023 14:45,0.661681355,0.0009
8/14/2023 15:00,0.772537527,0.0011
8/14/2023 15:15,0.627232548,0.0009
8/14/2023 15:30,0.627232548,0.0009
8/14/2023 15:45,0.734329938,0.001
8/14/2023 16:00,0.854621561,0.0012
8/14/2023 16:15,0.773210393,0.0011
8/14/2023 16:30,0.855352982,0.0012
8/14/2023 16:45,0.662288516,0.0009
8/14/2023 17:00,0.35506608,0.0005
8/14/2023 17:15,0.6278139,0.0009
8/14/2023 17:30,0.532519632,0.0008
8/14/2023 17:45,0.734975191,0.001
8/14/2023 18:00,0.6278139,0.0009
8/14/2023 18:15,0.562700329,0.0008
8/14/2023 18:30,0.594255346,0.0008
8/14/2023 18:45,0.661681355,0.0009
8/14/2023 19:00,0.897832276,0.0013
8/14/2023 19:15,1.144174299,0.0016
8/14/2023 19:30,0.772537527,0.0011
8/14/2023 19:45,0.772537527,0.0011
8/14/2023 20:00,0.661681355,0.0009
8/14/2023 20:15,0.562168481,0.0008
8/14/2023 20:30,0.772537527,0.0011
8/14/2023 20:45,0.773210393,0.0011
8/14/2023 21:00,0.662288516,0.0009
8/14/2023 21:15,0.697696671,0.001
8/14/2023 21:30,0.773210393,0.0011
8/14/2023 21:45,0.662288516,0.0009
8/14/2023 22:00,0.813074241,0.0012
8/14/2023 22:15,0.697696671,0.001
8/14/2023 22:30,0.897832276,0.0013
8/14/2023 22:45,0.594255346,0.0008
8/14/2023 23:00,0.813074241,0.0012
8/14/2023 23:15,0.697696671,0.001
8/14/2023 23:30,0.662288516,0.0009
8/14/2023 23:45,0.594255346,0.0008
8/15/2023 0:00,0.773210393,0.0011
8/15/2023 0:15,0.562700329,0.0008
8/15/2023 0:30,0.662288516,0.0009
8/15/2023 0:45,0.662288516,0.0009
8/15/2023 1:00,0.562700329,0.0008
8/15/2023 1:15,0.773210393,0.0011
8/15/2023 1:30,0.662288516,0.0009
8/15/2023 1:45,0.503233779,0.0007
8/15/2023 2:00,0.662288516,0.0009
8/15/2023 2:15,0.773210393,0.0011
8/15/2023 2:30,0.773210393,0.0011
8/15/2023 2:45,0.562700329,0.0008
8/15/2023 3:00,0.773210393,0.0011
8/15/2023 3:15,0.773210393,0.0011
8/15/2023 3:30,0.662288516,0.0009
8/15/2023 3:45,0.773210393,0.0011
8/15/2023 4:00,0.773210393,0.0011
8/15/2023 4:15,0.773210393,0.0011
8/15/2023 4:30,0.855352982,0.0012
8/15/2023 4:45,0.697696671,0.001
8/15/2023 5:00,0.697696671,0.001
8/15/2023 5:15,0.773210393,0.0011
8/15/2023 5:30,0.697696671,0.001
8/15/2023 5:45,0.898594154,0.0013
8/15/2023 6:00,1.040422536,0.0015
8/15/2023 6:15,0.898594154,0.0013
8/15/2023 6:30,0.562700329,0.0008
8/15/2023 6:45,0.594255346,0.0008
8/15/2023 7:00,0.697696671,0.001
8/15/2023 7:15,0.594255346,0.0008
8/15/2023 7:30,0.661681355,0.0009
8/15/2023 7:45,0.594255346,0.0008
8/15/2023 8:00,0.594255346,0.0008
8/15/2023 8:15,0.697696671,0.001
8/15/2023 8:30,0.813074241,0.0012
8/15/2023 8:45,0.594255346,0.0008
8/15/2023 9:00,0.697696671,0.001
8/15/2023 9:15,0.627232548,0.0009
8/15/2023 9:30,0.662288516,0.0009
8/15/2023 9:45,0.594255346,0.0008
8/15/2023 10:00,0.697696671,0.001
8/15/2023 10:15,0.773210393,0.0011
8/15/2023 10:30,0.697696671,0.001
8/15/2023 10:45,0.697696671,0.001
8/15/2023 11:00,0.661681355,0.0009
8/15/2023 11:15,0.594255346,0.0008
8/15/2023 11:30,0.594255346,0.0008
8/15/2023 11:45,0.661681355,0.0009
8/15/2023 12:00,0.594255346,0.0008
8/15/2023 12:15,0.661681355,0.0009
8/15/2023 12:30,0.503233779,0.0007
8/15/2023 12:45,0.697696671,0.001
8/15/2023 13:00,0.594255346,0.0008
8/15/2023 13:15,0.475692385,0.0007
8/15/2023 13:30,0.662288516,0.0009
8/15/2023 13:45,0.562700329,0.0008
8/15/2023 14:00,0.594255346,0.0008
8/15/2023 14:15,0.662288516,0.0009
8/15/2023 14:30,0.662288516,0.0009
8/15/2023 14:45,0.503233779,0.0007
8/15/2023 15:00,0.475228568,0.0007
8/15/2023 15:15,0.423866439,0.0006
8/15/2023 15:30,0.399936554,0.0006
8/15/2023 15:45,0.399936554,0.0006
8/15/2023 16:00,0.475692385,0.0007
8/15/2023 16:15,0.399936554,0.0006
8/15/2023 16:30,0.662288516,0.0009
8/15/2023 16:45,0.475692385,0.0007
8/15/2023 17:00,0.475692385,0.0007
8/15/2023 17:15,0.475692385,0.0007
8/15/2023 17:30,0.6278139,0.0009
8/15/2023 17:45,0.532519632,0.0008
8/15/2023 18:00,0.475692385,0.0007
8/15/2023 18:15,0.475692385,0.0007
8/15/2023 18:30,0.475692385,0.0007
8/15/2023 18:45,0.475692385,0.0007
8/15/2023 19:00,0.662288516,0.0009
8/15/2023 19:15,0.562700329,0.0008
8/15/2023 19:30,0.475692385,0.0007
8/15/2023 19:45,0.662288516,0.0009
8/15/2023 20:00,0.475692385,0.0007
8/15/2023 20:15,0.334399686,0.0005
8/15/2023 20:30,0.475692385,0.0007
8/15/2023 20:45,0.503233779,0.0007
8/15/2023 21:00,0.475692385,0.0007
8/15/2023 21:15,0.423866439,0.0006
8/15/2023 21:30,0.562700329,0.0008
8/15/2023 21:45,0.562700329,0.0008
8/15/2023 22:00,0.503233779,0.0007
8/15/2023 22:15,0.594255346,0.0008
8/15/2023 22:30,0.627232548,0.0009
8/15/2023 22:45,0.475692385,0.0007
8/15/2023 23:00,0.627232548,0.0009
8/15/2023 23:15,0.627232548,0.0009
8/15/2023 23:30,0.662288516,0.0009
8/15/2023 23:45,0.475692385,0.0007
8/16/2023 0:00,0.662288516,0.0009
8/16/2023 0:15,0.662288516,0.0009
8/16/2023 0:30,0.773210393,0.0011
8/16/2023 0:45,0.662288516,0.0009
8/16/2023 1:00,0.734975191,0.001
8/16/2023 1:15,0.662288516,0.0009
8/16/2023 1:30,0.562700329,0.0008
8/16/2023 1:45,0.662288516,0.0009
8/16/2023 2:00,0.662288516,0.0009
8/16/2023 2:15,0.562700329,0.0008
8/16/2023 2:30,0.734975191,0.001
8/16/2023 2:45,0.734975191,0.001
8/16/2023 3:00,0.734975191,0.001
8/16/2023 3:15,0.6278139,0.0009
8/16/2023 3:30,0.662288516,0.0009
8/16/2023 3:45,0.773210393,0.0011
8/16/2023 4:00,0.662288516,0.0009
8/16/2023 4:15,0.662288516,0.0009
8/16/2023 4:30,0.662288516,0.0009
8/16/2023 4:45,0.662288516,0.0009
8/16/2023 5:00,0.734975191,0.001
8/16/2023 5:15,0.662288516,0.0009
8/16/2023 5:30,0.562700329,0.0008
8/16/2023 5:45,0.662288516,0.0009
8/16/2023 6:00,0.562700329,0.0008
8/16/2023 6:15,0.734975191,0.001
8/16/2023 6:30,0.662288516,0.0009
8/16/2023 6:45,0.662288516,0.0009
8/16/2023 7:00,0.734975191,0.001
8/16/2023 7:15,0.6278139,0.0009
8/16/2023 7:30,0.734975191,0.001
8/16/2023 7:45,0.6278139,0.0009
8/16/2023 8:00,0.6278139,0.0009
8/16/2023 8:15,0.6278139,0.0009
8/16/2023 8:30,0.562700329,0.0008
8/16/2023 8:45,0.562700329,0.0008
8/16/2023 9:00,0.532519632,0.0008
8/16/2023 9:15,0.475692385,0.0007
8/16/2023 9:30,0.734975191,0.001
8/16/2023 9:45,0.562700329,0.0008
8/16/2023 10:00,0.6278139,0.0009
8/16/2023 10:15,0.399936554,0.0006
8/16/2023 10:30,0.475692385,0.0007
8/16/2023 10:45,0.399936554,0.0006
8/16/2023 11:00,0.399936554,0.0006
8/16/2023 11:15,0.399936554,0.0006
8/16/2023 11:30,0.475228568,0.0007
8/16/2023 11:45,0.277703576,0.0004
8/16/2023 12:00,0.562168481,0.0008
8/16/2023 12:15,0.399533816,0.0006
8/16/2023 12:30,0.475228568,0.0007
8/16/2023 12:45,0.399533816,0.0006
8/16/2023 13:00,0.562168481,0.0008
8/16/2023 13:15,0.532011082,0.0008
8/16/2023 13:30,0.448949413,0.0006
8/16/2023 13:45,0.449392239,0.0006
8/16/2023 14:00,0.532519632,0.0008
8/16/2023 14:15,0.532519632,0.0008
8/16/2023 14:30,0.449392239,0.0006
8/16/2023 14:45,0.334399686,0.0005
8/16/2023 15:00,0.532519632,0.0008
8/16/2023 15:15,0.532519632,0.0008
8/16/2023 15:30,0.448949413,0.0006
8/16/2023 15:45,0.532011082,0.0008
8/16/2023 16:00,0.627232548,0.0009
8/16/2023 16:15,0.627232548,0.0009
8/16/2023 16:30,0.532011082,0.0008
8/16/2023 16:45,0.697696671,0.001
8/16/2023 17:00,0.898594154,0.0013
8/16/2023 17:15,0.898594154,0.0013
8/16/2023 17:30,0.898594154,0.0013
8/16/2023 17:45,0.773210393,0.0011
8/16/2023 18:00,0.898594154,0.0013
8/16/2023 18:15,0.773210393,0.0011
8/16/2023 18:30,0.943706503,0.0013
8/16/2023 18:45,0.697696671,0.001
8/16/2023 19:00,0.697696671,0.001
8/16/2023 19:15,0.813074241,0.0012
8/16/2023 19:30,0.697696671,0.001
8/16/2023 19:45,0.697696671,0.001
8/16/2023 20:00,0.532011082,0.0008
8/16/2023 20:15,0.697696671,0.001
8/16/2023 20:30,0.813074241,0.0012
8/16/2023 20:45,0.697696671,0.001
8/16/2023 21:00,0.6278139,0.0009
8/16/2023 21:15,0.594255346,0.0008
8/16/2023 21:30,0.813074241,0.0012
8/16/2023 21:45,0.6278139,0.0009
8/16/2023 22:00,0.813074241,0.0012
8/16/2023 22:15,0.6278139,0.0009
8/16/2023 22:30,0.734975191,0.001
8/16/2023 22:45,0.6278139,0.0009
8/16/2023 23:00,0.697696671,0.001
8/16/2023 23:15,0.813074241,0.0012
8/16/2023 23:30,0.627232548,0.0009
8/16/2023 23:45,0.594255346,0.0008
8/17/2023 0:00,0.594255346,0.0008
8/17/2023 0:15,0.697696671,0.001
8/17/2023 0:30,0.6278139,0.0009
8/17/2023 0:45,0.594255346,0.0008
8/17/2023 1:00,0.898594154,0.0013
8/17/2023 1:15,0.697696671,0.001
8/17/2023 1:30,0.594255346,0.0008
8/17/2023 1:45,0.773210393,0.0011
8/17/2023 2:00,0.697696671,0.001
8/17/2023 2:15,0.594255346,0.0008
8/17/2023 2:30,0.594255346,0.0008
8/17/2023 2:45,0.594255346,0.0008
8/17/2023 3:00,0.594255346,0.0008
8/17/2023 3:15,0.594255346,0.0008
8/17/2023 3:30,0.594255346,0.0008
8/17/2023 3:45,0.773210393,0.0011
8/17/2023 4:00,0.594255346,0.0008
8/17/2023 4:15,0.697696671,0.001
8/17/2023 4:30,0.697696671,0.001
8/17/2023 4:45,0.697696671,0.001
8/17/2023 5:00,0.697696671,0.001
8/17/2023 5:15,0.813074241,0.0012
8/17/2023 5:30,0.813074241,0.0012
8/17/2023 5:45,0.594255346,0.0008
8/17/2023 6:00,0.594255346,0.0008
8/17/2023 6:15,0.594255346,0.0008
8/17/2023 6:30,0.697696671,0.001
8/17/2023 6:45,0.943706503,0.0013
8/17/2023 7:00,0.813074241,0.0012
8/17/2023 7:15,0.697696671,0.001
8/17/2023 7:30,0.697696671,0.001
8/17/2023 7:45,0.697696671,0.001
8/17/2023 8:00,0.594255346,0.0008
8/17/2023 8:15,0.532011082,0.0008
8/17/2023 8:30,0.594255346,0.0008
8/17/2023 8:45,0.532519632,0.0008
8/17/2023 9:00,0.532519632,0.0008
8/17/2023 9:15,0.532519632,0.0008
8/17/2023 9:30,0.594255346,0.0008
8/17/2023 9:45,0.532519632,0.0008
8/17/2023 10:00,0.734975191,0.001
8/17/2023 10:15,0.532519632,0.0008
8/17/2023 10:30,0.377160934,0.0005
8/17/2023 10:45,0.449392239,0.0006
8/17/2023 11:00,0.449392239,0.0006
8/17/2023 11:15,0.449392239,0.0006
8/17/2023 11:30,0.449392239,0.0006
8/17/2023 11:45,0.377160934,0.0005
8/17/2023 12:00,0.377160934,0.0005
8/17/2023 12:15,0.314737561,0.0004
8/17/2023 12:30,0.377160934,0.0005
8/17/2023 12:45,0.278001803,0.0004
8/17/2023 13:00,0.334399686,0.0005
8/17/2023 13:15,0.376777213,0.0005
8/17/2023 13:30,0.448949413,0.0006
8/17/2023 13:45,0.376777213,0.0005
8/17/2023 14:00,0.376777213,0.0005
8/17/2023 14:15,0.376777213,0.0005
8/17/2023 14:30,0.314407125,0.0004
8/17/2023 14:45,0.376777213,0.0005
8/17/2023 15:00,0.376777213,0.0005
8/17/2023 15:15,0.376777213,0.0005
8/17/2023 15:30,0.423866439,0.0006
8/17/2023 15:45,0.423866439,0.0006
8/17/2023 16:00,0.314407125,0.0004
8/17/2023 16:15,0.377160934,0.0005
8/17/2023 16:30,0.377160934,0.0005
8/17/2023 16:45,0.449392239,0.0006
8/17/2023 17:00,0.562168481,0.0008
8/17/2023 17:15,0.314737561,0.0004
8/17/2023 17:30,0.35506608,0.0005
8/17/2023 17:45,0.35506608,0.0005
8/17/2023 18:00,0.35506608,0.0005
8/17/2023 18:15,0.35506608,0.0005
8/17/2023 18:30,0.261135393,0.0004
8/17/2023 18:45,0.448949413,0.0006
8/17/2023 19:00,0.503233779,0.0007
8/17/2023 19:15,0.448949413,0.0006
8/17/2023 19:30,0.376777213,0.0005
8/17/2023 19:45,0.376777213,0.0005
8/17/2023 20:00,0.376777213,0.0005
8/17/2023 20:15,0.278001803,0.0004
8/17/2023 20:30,0.399936554,0.0006
8/17/2023 20:45,0.295726377,0.0004
8/17/2023 21:00,0.475692385,0.0007
8/17/2023 21:15,0.399936554,0.0006
8/17/2023 21:30,0.377160934,0.0005
8/17/2023 21:45,0.532519632,0.0008
8/17/2023 22:00,0.377160934,0.0005
8/17/2023 22:15,0.377160934,0.0005
8/17/2023 22:30,0.399936554,0.0006
8/17/2023 22:45,0.532519632,0.0008
8/17/2023 23:00,0.334399686,0.0005
8/17/2023 23:15,0.334399686,0.0005
8/17/2023 23:30,0.449392239,0.0006
8/17/2023 23:45,0.449392239,0.0006
8/18/2023 0:00,0.377160934,0.0005
8/18/2023 0:15,0.449392239,0.0006
8/18/2023 0:30,0.399936554,0.0006
8/18/2023 0:45,0.376777213,0.0005
8/18/2023 1:00,0.448949413,0.0006
8/18/2023 1:15,0.448949413,0.0006
8/18/2023 1:30,0.376777213,0.0005
8/18/2023 1:45,0.532011082,0.0008
8/18/2023 2:00,0.423866439,0.0006
8/18/2023 2:15,0.503233779,0.0007
8/18/2023 2:30,0.376777213,0.0005
8/18/2023 2:45,0.532011082,0.0008
8/18/2023 3:00,0.532011082,0.0008
8/18/2023 3:15,0.503233779,0.0007
8/18/2023 3:30,0.503233779,0.0007
8/18/2023 3:45,0.423866439,0.0006
8/18/2023 4:00,0.448949413,0.0006
8/18/2023 4:15,0.423866439,0.0006
8/18/2023 4:30,0.35506608,0.0005
8/18/2023 4:45,0.423866439,0.0006
8/18/2023 5:00,0.448949413,0.0006
8/18/2023 5:15,0.448949413,0.0006
8/18/2023 5:30,0.532011082,0.0008
8/18/2023 5:45,0.532011082,0.0008
8/18/2023 6:00,0.448949413,0.0006
8/18/2023 6:15,0.448949413,0.0006
8/18/2023 6:30,0.448949413,0.0006
8/18/2023 6:45,0.448949413,0.0006
8/18/2023 7:00,0.376777213,0.0005
8/18/2023 7:15,0.376777213,0.0005
8/18/2023 7:30,0.475692385,0.0007
8/18/2023 7:45,0.475692385,0.0007
8/18/2023 8:00,0.399936554,0.0006
8/18/2023 8:15,0.532519632,0.0008
8/18/2023 8:30,0.532519632,0.0008
8/18/2023 8:45,0.377160934,0.0005
8/18/2023 9:00,0.532519632,0.0008
8/18/2023 9:15,0.314737561,0.0004
8/18/2023 9:30,0.449392239,0.0006
8/18/2023 9:45,0.449392239,0.0006
8/18/2023 10:00,0.314737561,0.0004
8/18/2023 10:15,0.449392239,0.0006
8/18/2023 10:30,0.377160934,0.0005
8/18/2023 10:45,0.377160934,0.0005
8/18/2023 11:00,0.229674219,0.0003
8/18/2023 11:15,0.261135393,0.0004
8/18/2023 11:30,0.261135393,0.0004
8/18/2023 11:45,0.334399686,0.0005
8/18/2023 12:00,0.229674219,0.0003
8/18/2023 12:15,0.334399686,0.0005
8/18/2023 12:30,0.278001803,0.0004
8/18/2023 12:45,0.229674219,0.0003
8/18/2023 13:00,0.229674219,0.0003
8/18/2023 13:15,0.164547296,0.0002
8/18/2023 13:30,0.314407125,0.0004
8/18/2023 13:45,0.260852186,0.0004
8/18/2023 14:00,0.376777213,0.0005
8/18/2023 14:15,0.314407125,0.0004
8/18/2023 14:30,0.260852186,0.0004
8/18/2023 14:45,0.260852186,0.0004
8/18/2023 15:00,0.261135393,0.0004
8/18/2023 15:15,0.21527942,0.0003
8/18/2023 15:30,0.261135393,0.0004
8/18/2023 15:45,0.21503792,0.0003
8/18/2023 16:00,0.21503792,0.0003
8/18/2023 16:15,0.176095025,0.0002
8/18/2023 16:30,0.176095025,0.0002
8/18/2023 16:45,0.35506608,0.0005
8/18/2023 17:00,0.260852186,0.0004
8/18/2023 17:15,0.295726377,0.0004
8/18/2023 17:30,0.35506608,0.0005
8/18/2023 17:45,0.35506608,0.0005
8/18/2023 18:00,0.314407125,0.0004
8/18/2023 18:15,0.260852186,0.0004
8/18/2023 18:30,0.35506608,0.0005
8/18/2023 18:45,0.35506608,0.0005
8/18/2023 19:00,0.35506608,0.0005
8/18/2023 19:15,0.314407125,0.0004
8/18/2023 19:30,0.295726377,0.0004
8/18/2023 19:45,0.295726377,0.0004
8/18/2023 20:00,0.35506608,0.0005
8/18/2023 20:15,0.35506608,0.0005
8/18/2023 20:30,0.295726377,0.0004
8/18/2023 20:45,0.423866439,0.0006
8/18/2023 21:00,0.260852186,0.0004
8/18/2023 21:15,0.314737561,0.0004
8/18/2023 21:30,0.261135393,0.0004
8/18/2023 21:45,0.278001803,0.0004
8/18/2023 22:00,0.314407125,0.0004
8/18/2023 22:15,0.314407125,0.0004
8/18/2023 22:30,0.314407125,0.0004
8/18/2023 22:45,0.448949413,0.0006
8/18/2023 23:00,0.35506608,0.0005
8/18/2023 23:15,0.314407125,0.0004
8/18/2023 23:30,0.314737561,0.0004
8/18/2023 23:45,0.376777213,0.0005
8/19/2023 0:00,0.376777213,0.0005
8/19/2023 0:15,0.314407125,0.0004
8/19/2023 0:30,0.376777213,0.0005
8/19/2023 0:45,0.277703576,0.0004
8/19/2023 1:00,0.448949413,0.0006
8/19/2023 1:15,0.448949413,0.0006
8/19/2023 1:30,0.376777213,0.0005
8/19/2023 1:45,0.376777213,0.0005
8/19/2023 2:00,0.423866439,0.0006
8/19/2023 2:15,0.314407125,0.0004
8/19/2023 2:30,0.503233779,0.0007
8/19/2023 2:45,0.503233779,0.0007
8/19/2023 3:00,0.532011082,0.0008
8/19/2023 3:15,0.376777213,0.0005
8/19/2023 3:30,0.448949413,0.0006
8/19/2023 3:45,0.594255346,0.0008
8/19/2023 4:00,0.627232548,0.0009
8/19/2023 4:15,0.376777213,0.0005
8/19/2023 4:30,0.376777213,0.0005
8/19/2023 4:45,0.532011082,0.0008
8/19/2023 5:00,0.448949413,0.0006
8/19/2023 5:15,0.448949413,0.0006
8/19/2023 5:30,0.448949413,0.0006
8/19/2023 5:45,0.448949413,0.0006
8/19/2023 6:00,0.594255346,0.0008
8/19/2023 6:15,0.532011082,0.0008
8/19/2023 6:30,0.532011082,0.0008
8/19/2023 6:45,0.532011082,0.0008
8/19/2023 7:00,0.532011082,0.0008
8/19/2023 7:15,0.532011082,0.0008
8/19/2023 7:30,0.532519632,0.0008
8/19/2023 7:45,0.532519632,0.0008
8/19/2023 8:00,0.532519632,0.0008
8/19/2023 8:15,0.532519632,0.0008
8/19/2023 8:30,0.399936554,0.0006
8/19/2023 8:45,0.532519632,0.0008
8/19/2023 9:00,0.532519632,0.0008
8/19/2023 9:15,0.6278139,0.0009
8/19/2023 9:30,0.377160934,0.0005
8/19/2023 9:45,0.449392239,0.0006
8/19/2023 10:00,0.449392239,0.0006
8/19/2023 10:15,0.532519632,0.0008
8/19/2023 10:30,0.449392239,0.0006
8/19/2023 10:45,0.377160934,0.0005
8/19/2023 11:00,0.423866439,0.0006
8/19/2023 11:15,0.334399686,0.0005
8/19/2023 11:30,0.376777213,0.0005
8/19/2023 11:45,0.314407125,0.0004
8/19/2023 12:00,0.503233779,0.0007
8/19/2023 12:15,0.376777213,0.0005
8/19/2023 12:30,0.35506608,0.0005
8/19/2023 12:45,0.423866439,0.0006
8/19/2023 13:00,0.376777213,0.0005
8/19/2023 13:15,0.260852186,0.0004
8/19/2023 13:30,0.448949413,0.0006
8/19/2023 13:45,0.295726377,0.0004
8/19/2023 14:00,0.35506608,0.0005
8/19/2023 14:15,0.35506608,0.0005
8/19/2023 14:30,0.295726377,0.0004
8/19/2023 14:45,0.261135393,0.0004
8/19/2023 15:00,0.423866439,0.0006
8/19/2023 15:15,0.377160934,0.0005
8/19/2023 15:30,0.295726377,0.0004
8/19/2023 15:45,0.260852186,0.0004
8/19/2023 16:00,0.314407125,0.0004
8/19/2023 16:15,0.314407125,0.0004
8/19/2023 16:30,0.260852186,0.0004
8/19/2023 16:45,0.314407125,0.0004
8/19/2023 17:00,0.21503792,0.0003
8/19/2023 17:15,0.21503792,0.0003
8/19/2023 17:30,0.260852186,0.0004
8/19/2023 17:45,0.260852186,0.0004
8/19/2023 18:00,0.21503792,0.0003
8/19/2023 18:15,0.21503792,0.0003
8/19/2023 18:30,0.260852186,0.0004
8/19/2023 18:45,0.260852186,0.0004
8/19/2023 19:00,0.21503792,0.0003
8/19/2023 19:15,0.295726377,0.0004
8/19/2023 19:30,0.261135393,0.0004
8/19/2023 19:45,0.188520505,0.0003
8/19/2023 20:00,0.21527942,0.0003
8/19/2023 20:15,0.229674219,0.0003
8/19/2023 20:30,0.260852186,0.0004
8/19/2023 20:45,0.229419475,0.0003
8/19/2023 21:00,0.229419475,0.0003
8/19/2023 21:15,0.229419475,0.0003
8/19/2023 21:30,0.229674219,0.0003
8/19/2023 21:45,0.334399686,0.0005
8/19/2023 22:00,0.229674219,0.0003
8/19/2023 22:15,0.278001803,0.0004
8/19/2023 22:30,0.278001803,0.0004
8/19/2023 22:45,0.278001803,0.0004
8/19/2023 23:00,0.229674219,0.0003
8/19/2023 23:15,0.278001803,0.0004
8/19/2023 23:30,0.229674219,0.0003
8/19/2023 23:45,0.244853952,0.0003
8/20/2023 0:00,0.295726377,0.0004
8/20/2023 0:15,0.295726377,0.0004
8/20/2023 0:30,0.334052279,0.0005
8/20/2023 0:45,0.295726377,0.0004
8/20/2023 1:00,0.334399686,0.0005
8/20/2023 1:15,0.334399686,0.0005
8/20/2023 1:30,0.278001803,0.0004
8/20/2023 1:45,0.229674219,0.0003
8/20/2023 2:00,0.278001803,0.0004
8/20/2023 2:15,0.334399686,0.0005
8/20/2023 2:30,0.295726377,0.0004
8/20/2023 2:45,0.295726377,0.0004
8/20/2023 3:00,0.376777213,0.0005
8/20/2023 3:15,0.334052279,0.0005
8/20/2023 3:30,0.244853952,0.0003
8/20/2023 3:45,0.376777213,0.0005
8/20/2023 4:00,0.334399686,0.0005
8/20/2023 4:15,0.334052279,0.0005
8/20/2023 4:30,0.376777213,0.0005
8/20/2023 4:45,0.475692385,0.0007
8/20/2023 5:00,0.399936554,0.0006
8/20/2023 5:15,0.334399686,0.0005
8/20/2023 5:30,0.376777213,0.0005
8/20/2023 5:45,0.376777213,0.0005
8/20/2023 6:00,0.399936554,0.0006
8/20/2023 6:15,0.399936554,0.0006
8/20/2023 6:30,0.334052279,0.0005
8/20/2023 6:45,0.399533816,0.0006
8/20/2023 7:00,0.399533816,0.0006
8/20/2023 7:15,0.334052279,0.0005
8/20/2023 7:30,0.423866439,0.0006
8/20/2023 7:45,0.334399686,0.0005
8/20/2023 8:00,0.399936554,0.0006
8/20/2023 8:15,0.334399686,0.0005
8/20/2023 8:30,0.334399686,0.0005
8/20/2023 8:45,0.35506608,0.0005
8/20/2023 9:00,0.295726377,0.0004
8/20/2023 9:15,0.295726377,0.0004
8/20/2023 9:30,0.423866439,0.0006
8/20/2023 9:45,0.334399686,0.0005
8/20/2023 10:00,0.399936554,0.0006
8/20/2023 10:15,0.399936554,0.0006
8/20/2023 10:30,0.334399686,0.0005
8/20/2023 10:45,0.334399686,0.0005
8/20/2023 11:00,0.334399686,0.0005
8/20/2023 11:15,0.295726377,0.0004
8/20/2023 11:30,0.295726377,0.0004
8/20/2023 11:45,0.295726377,0.0004
8/20/2023 12:00,0.399936554,0.0006
8/20/2023 12:15,0.334399686,0.0005
8/20/2023 12:30,0.399936554,0.0006
8/20/2023 12:45,0.334399686,0.0005
8/20/2023 13:00,0.244853952,0.0003
8/20/2023 13:15,0.229674219,0.0003
8/20/2023 13:30,0.229674219,0.0003
8/20/2023 13:45,0.278001803,0.0004
8/20/2023 14:00,0.244853952,0.0003
8/20/2023 14:15,0.334052279,0.0005
8/20/2023 14:30,0.399533816,0.0006
8/20/2023 14:45,0.334052279,0.0005
8/20/2023 15:00,0.277703576,0.0004
8/20/2023 15:15,0.475228568,0.0007
8/20/2023 15:30,0.277703576,0.0004
8/20/2023 15:45,0.277703576,0.0004
8/20/2023 16:00,0.334052279,0.0005
8/20/2023 16:15,0.334052279,0.0005
8/20/2023 16:30,0.244853952,0.0003
8/20/2023 16:45,0.277703576,0.0004
8/20/2023 17:00,0.244853952,0.0003
8/20/2023 17:15,0.244853952,0.0003
8/20/2023 17:30,0.277703576,0.0004
8/20/2023 17:45,0.334052279,0.0005
8/20/2023 18:00,0.334052279,0.0005
8/20/2023 18:15,0.278001803,0.0004
8/20/2023 18:30,0.334399686,0.0005
8/20/2023 18:45,0.334399686,0.0005
8/20/2023 19:00,0.201431081,0.0003
8/20/2023 19:15,0.244853952,0.0003
8/20/2023 19:30,0.229419475,0.0003
8/20/2023 19:45,0.277703576,0.0004
8/20/2023 20:00,0.201431081,0.0003
8/20/2023 20:15,0.295726377,0.0004
8/20/2023 20:30,0.201431081,0.0003
8/20/2023 20:45,0.244853952,0.0003
8/20/2023 21:00,0.295726377,0.0004
8/20/2023 21:15,0.244853952,0.0003
8/20/2023 21:30,0.21503792,0.0003
8/20/2023 21:45,0.260852186,0.0004
8/20/2023 22:00,0.260852186,0.0004
8/20/2023 22:15,0.260852186,0.0004
8/20/2023 22:30,0.260852186,0.0004
8/20/2023 22:45,0.295726377,0.0004
8/20/2023 23:00,0.260852186,0.0004
8/20/2023 23:15,0.244853952,0.0003
8/20/2023 23:30,0.21503792,0.0003
8/20/2023 23:45,0.261135393,0.0004
8/21/2023 0:00,0.21527942,0.0003
8/21/2023 0:15,0.261135393,0.0004
8/21/2023 0:30,0.261135393,0.0004
8/21/2023 0:45,0.188520505,0.0003
8/21/2023 1:00,0.260852186,0.0004
8/21/2023 1:15,0.261135393,0.0004
8/21/2023 1:30,0.295726377,0.0004
8/21/2023 1:45,0.261135393,0.0004
8/21/2023 2:00,0.261135393,0.0004
8/21/2023 2:15,0.261135393,0.0004
8/21/2023 2:30,0.261135393,0.0004
8/21/2023 2:45,0.21527942,0.0003
8/21/2023 3:00,0.261135393,0.0004
8/21/2023 3:15,0.261135393,0.0004
8/21/2023 3:30,0.261135393,0.0004
8/21/2023 3:45,0.17629985,0.0002
8/21/2023 4:00,0.261135393,0.0004
8/21/2023 4:15,0.261135393,0.0004
8/21/2023 4:30,0.314737561,0.0004
8/21/2023 4:45,0.261135393,0.0004
8/21/2023 5:00,0.261135393,0.0004
8/21/2023 5:15,0.261135393,0.0004
8/21/2023 5:30,0.261135393,0.0004
8/21/2023 5:45,0.295726377,0.0004
8/21/2023 6:00,0.261135393,0.0004
8/21/2023 6:15,0.188520505,0.0003
8/21/2023 6:30,0.21527942,0.0003
8/21/2023 6:45,0.21503792,0.0003
8/21/2023 7:00,0.260852186,0.0004
8/21/2023 7:15,0.21503792,0.0003
8/21/2023 7:30,0.260852186,0.0004
8/21/2023 7:45,0.260852186,0.0004
8/21/2023 8:00,0.229419475,0.0003
8/21/2023 8:15,0.314407125,0.0004
8/21/2023 8:30,0.229419475,0.0003
8/21/2023 8:45,0.314407125,0.0004
8/21/2023 9:00,0.376777213,0.0005
8/21/2023 9:15,0.314407125,0.0004
8/21/2023 9:30,0.314407125,0.0004
8/21/2023 9:45,0.314407125,0.0004
8/21/2023 10:00,0.314407125,0.0004
8/21/2023 10:15,0.260852186,0.0004
8/21/2023 10:30,0.260852186,0.0004
8/21/2023 10:45,0.314407125,0.0004
8/21/2023 11:00,0.314407125,0.0004
8/21/2023 11:15,0.376777213,0.0005
8/21/2023 11:30,0.376777213,0.0005
8/21/2023 11:45,0.35506608,0.0005
8/21/2023 12:00,0.314407125,0.0004
8/21/2023 12:15,0.376777213,0.0005
8/21/2023 12:30,0.423866439,0.0006
8/21/2023 12:45,0.376777213,0.0005
8/21/2023 13:00,0.448949413,0.0006
8/21/2023 13:15,0.35506608,0.0005
8/21/2023 13:30,0.503233779,0.0007
8/21/2023 13:45,0.35506608,0.0005
8/21/2023 14:00,0.35506608,0.0005
8/21/2023 14:15,0.562700329,0.0008
8/21/2023 14:30,0.35506608,0.0005
8/21/2023 14:45,0.423866439,0.0006
8/21/2023 15:00,0.423866439,0.0006
8/21/2023 15:15,0.423866439,0.0006
8/21/2023 15:30,0.475228568,0.0007
8/21/2023 15:45,0.562168481,0.0008
8/21/2023 16:00,0.562168481,0.0008
8/21/2023 16:15,0.423866439,0.0006
8/21/2023 16:30,0.423866439,0.0006
8/21/2023 16:45,0.399936554,0.0006
8/21/2023 17:00,0.423866439,0.0006
8/21/2023 17:15,0.475692385,0.0007
8/21/2023 17:30,0.334399686,0.0005
8/21/2023 17:45,0.334399686,0.0005
8/21/2023 18:00,0.35506608,0.0005
8/21/2023 18:15,0.35506608,0.0005
8/21/2023 18:30,0.334399686,0.0005
8/21/2023 18:45,0.35506608,0.0005
8/21/2023 19:00,0.423866439,0.0006
8/21/2023 19:15,0.35506608,0.0005
8/21/2023 19:30,0.423866439,0.0006
8/21/2023 19:45,0.399936554,0.0006
8/21/2023 20:00,0.423866439,0.0006
8/21/2023 20:15,0.35506608,0.0005
8/21/2023 20:30,0.35506608,0.0005
8/21/2023 20:45,0.35506608,0.0005
8/21/2023 21:00,0.35506608,0.0005
8/21/2023 21:15,0.314407125,0.0004
8/21/2023 21:30,0.423866439,0.0006
8/21/2023 21:45,0.423866439,0.0006
8/21/2023 22:00,0.423866439,0.0006
8/21/2023 22:15,0.35506608,0.0005
8/21/2023 22:30,0.448949413,0.0006
8/21/2023 22:45,0.423866439,0.0006
8/21/2023 23:00,0.314407125,0.0004
8/21/2023 23:15,0.475692385,0.0007
8/21/2023 23:30,0.503233779,0.0007
8/21/2023 23:45,0.423866439,0.0006
8/22/2023 0:00,0.35506608,0.0005
8/22/2023 0:15,0.314407125,0.0004
8/22/2023 0:30,0.423866439,0.0006
8/22/2023 0:45,0.423866439,0.0006
8/22/2023 1:00,0.423866439,0.0006
8/22/2023 1:15,0.35506608,0.0005
8/22/2023 1:30,0.295726377,0.0004
8/22/2023 1:45,0.314407125,0.0004
8/22/2023 2:00,0.423866439,0.0006
8/22/2023 2:15,0.376777213,0.0005
8/22/2023 2:30,0.423866439,0.0006
8/22/2023 2:45,0.423866439,0.0006
8/22/2023 3:00,0.260852186,0.0004
8/22/2023 3:15,0.35506608,0.0005
8/22/2023 3:30,0.35506608,0.0005
8/22/2023 3:45,0.295726377,0.0004
8/22/2023 4:00,0.423866439,0.0006
8/22/2023 4:15,0.423866439,0.0006
8/22/2023 4:30,0.35506608,0.0005
8/22/2023 4:45,0.503233779,0.0007
8/22/2023 5:00,0.35506608,0.0005
8/22/2023 5:15,0.35506608,0.0005
8/22/2023 5:30,0.377160934,0.0005
8/22/2023 5:45,0.35506608,0.0005
8/22/2023 6:00,0.35506608,0.0005
8/22/2023 6:15,0.35506608,0.0005
8/22/2023 6:30,0.295726377,0.0004
8/22/2023 6:45,0.423866439,0.0006
8/22/2023 7:00,0.376777213,0.0005
8/22/2023 7:15,0.376777213,0.0005
8/22/2023 7:30,0.423866439,0.0006
8/22/2023 7:45,0.423866439,0.0006
8/22/2023 8:00,0.376777213,0.0005
8/22/2023 8:15,0.35506608,0.0005
8/22/2023 8:30,0.35506608,0.0005
8/22/2023 8:45,0.35506608,0.0005
8/22/2023 9:00,0.35506608,0.0005
8/22/2023 9:15,0.35506608,0.0005
8/22/2023 9:30,0.35506608,0.0005
8/22/2023 9:45,0.35506608,0.0005
8/22/2023 10:00,0.260852186,0.0004
8/22/2023 10:15,0.423866439,0.0006
8/22/2023 10:30,0.423866439,0.0006
8/22/2023 10:45,0.35506608,0.0005
8/22/2023 11:00,0.475692385,0.0007
8/22/2023 11:15,0.475692385,0.0007
8/22/2023 11:30,0.423866439,0.0006
8/22/2023 11:45,0.35506608,0.0005
8/22/2023 12:00,0.35506608,0.0005
8/22/2023 12:15,0.35506608,0.0005
8/22/2023 12:30,0.295726377,0.0004
8/22/2023 12:45,0.475228568,0.0007
8/22/2023 13:00,0.35506608,0.0005
8/22/2023 13:15,0.295726377,0.0004
8/22/2023 13:30,0.475692385,0.0007
8/22/2023 13:45,0.35506608,0.0005
8/22/2023 14:00,0.399936554,0.0006
8/22/2023 14:15,0.35506608,0.0005
8/22/2023 14:30,0.399936554,0.0006
8/22/2023 14:45,0.295726377,0.0004
8/22/2023 15:00,0.475692385,0.0007
8/22/2023 15:15,0.399936554,0.0006
8/22/2023 15:30,0.475692385,0.0007
8/22/2023 15:45,0.399936554,0.0006
8/22/2023 16:00,0.35506608,0.0005
8/22/2023 16:15,0.448949413,0.0006
8/22/2023 16:30,0.448949413,0.0006
8/22/2023 16:45,0.475228568,0.0007
8/22/2023 17:00,0.475228568,0.0007
8/22/2023 17:15,0.376777213,0.0005
8/22/2023 17:30,0.448949413,0.0006
8/22/2023 17:45,0.376777213,0.0005
8/22/2023 18:00,0.399936554,0.0006
8/22/2023 18:15,0.334399686,0.0005
8/22/2023 18:30,0.399936554,0.0006
8/22/2023 18:45,0.449392239,0.0006
8/22/2023 19:00,0.399936554,0.0006
8/22/2023 19:15,0.399936554,0.0006
8/22/2023 19:30,0.334399686,0.0005
8/22/2023 19:45,0.448949413,0.0006
8/22/2023 20:00,0.399533816,0.0006
8/22/2023 20:15,0.475228568,0.0007
8/22/2023 20:30,0.399936554,0.0006
8/22/2023 20:45,0.475692385,0.0007
8/22/2023 21:00,0.423866439,0.0006
8/22/2023 21:15,0.35506608,0.0005
8/22/2023 21:30,0.399936554,0.0006
8/22/2023 21:45,0.475692385,0.0007
8/22/2023 22:00,0.399936554,0.0006
8/22/2023 22:15,0.562700329,0.0008
8/22/2023 22:30,0.399936554,0.0006
8/22/2023 22:45,0.399936554,0.0006
8/22/2023 23:00,0.314407125,0.0004
8/22/2023 23:15,0.399936554,0.0006
8/22/2023 23:30,0.423866439,0.0006
8/22/2023 23:45,0.399936554,0.0006
8/23/2023 0:00,0.475692385,0.0007
8/23/2023 0:15,0.399936554,0.0006
8/23/2023 0:30,0.399936554,0.0006
8/23/2023 0:45,0.35506608,0.0005
8/23/2023 1:00,0.35506608,0.0005
8/23/2023 1:15,0.423866439,0.0006
8/23/2023 1:30,0.314407125,0.0004
8/23/2023 1:45,0.399936554,0.0006
8/23/2023 2:00,0.35506608,0.0005
8/23/2023 2:15,0.503233779,0.0007
8/23/2023 2:30,0.503233779,0.0007
8/23/2023 2:45,0.399936554,0.0006
8/23/2023 3:00,0.475692385,0.0007
8/23/2023 3:15,0.35506608,0.0005
8/23/2023 3:30,0.399936554,0.0006
8/23/2023 3:45,0.475692385,0.0007
8/23/2023 4:00,0.399936554,0.0006
8/23/2023 4:15,0.399936554,0.0006
8/23/2023 4:30,0.35506608,0.0005
8/23/2023 4:45,0.334399686,0.0005
8/23/2023 5:00,0.475692385,0.0007
8/23/2023 5:15,0.399936554,0.0006
8/23/2023 5:30,0.399936554,0.0006
8/23/2023 5:45,0.399936554,0.0006
8/23/2023 6:00,0.334399686,0.0005
8/23/2023 6:15,0.399936554,0.0006
8/23/2023 6:30,0.35506608,0.0005
8/23/2023 6:45,0.35506608,0.0005
8/23/2023 7:00,0.423866439,0.0006
8/23/2023 7:15,0.295726377,0.0004
8/23/2023 7:30,0.35506608,0.0005
8/23/2023 7:45,0.35506608,0.0005
8/23/2023 8:00,0.35506608,0.0005
8/23/2023 8:15,0.35506608,0.0005
8/23/2023 8:30,0.399936554,0.0006
8/23/2023 8:45,0.399936554,0.0006
8/23/2023 9:00,0.475692385,0.0007
8/23/2023 9:15,0.423866439,0.0006
8/23/2023 9:30,0.475692385,0.0007
8/23/2023 9:45,0.562700329,0.0008
8/23/2023 10:00,0.475692385,0.0007
8/23/2023 10:15,0.475692385,0.0007
8/23/2023 10:30,0.532519632,0.0008
8/23/2023 10:45,0.423866439,0.0006
8/23/2023 11:00,0.35506608,0.0005
8/23/2023 11:15,0.475692385,0.0007
8/23/2023 11:30,0.532011082,0.0008
8/23/2023 11:45,0.399533816,0.0006
8/23/2023 12:00,0.627232548,0.0009
8/23/2023 12:15,0.562168481,0.0008
8/23/2023 12:30,0.532011082,0.0008
8/23/2023 12:45,0.448949413,0.0006
8/23/2023 13:00,0.448949413,0.0006
8/23/2023 13:15,0.532011082,0.0008
8/23/2023 13:30,0.399533816,0.0006
8/23/2023 13:45,0.475228568,0.0007
8/23/2023 14:00,0.532011082,0.0008
8/23/2023 14:15,0.399936554,0.0006
8/23/2023 14:30,0.532011082,0.0008
8/23/2023 14:45,0.399936554,0.0006
8/23/2023 15:00,0.377160934,0.0005
8/23/2023 15:15,0.377160934,0.0005
8/23/2023 15:30,0.449392239,0.0006
8/23/2023 15:45,0.399936554,0.0006
8/23/2023 16:00,0.376777213,0.0005
8/23/2023 16:15,0.314407125,0.0004
8/23/2023 16:30,0.376777213,0.0005
8/23/2023 16:45,0.376777213,0.0005
8/23/2023 17:00,0.448949413,0.0006
8/23/2023 17:15,0.532011082,0.0008
8/23/2023 17:30,0.448949413,0.0006
8/23/2023 17:45,0.448949413,0.0006
8/23/2023 18:00,0.448949413,0.0006
8/23/2023 18:15,0.376777213,0.0005
8/23/2023 18:30,0.423866439,0.0006
8/23/2023 18:45,0.423866439,0.0006
8/23/2023 19:00,0.448949413,0.0006
8/23/2023 19:15,0.376777213,0.0005
8/23/2023 19:30,0.423866439,0.0006
8/23/2023 19:45,0.376777213,0.0005
8/23/2023 20:00,0.376777213,0.0005
8/23/2023 20:15,0.334052279,0.0005
8/23/2023 20:30,0.376777213,0.0005
8/23/2023 20:45,0.376777213,0.0005
8/23/2023 21:00,0.449392239,0.0006
8/23/2023 21:15,0.448949413,0.0006
8/23/2023 21:30,0.399936554,0.0006
8/23/2023 21:45,0.334399686,0.0005
8/23/2023 22:00,0.449392239,0.0006
8/23/2023 22:15,0.334399686,0.0005
8/23/2023 22:30,0.448949413,0.0006
8/23/2023 22:45,0.399936554,0.0006
8/23/2023 23:00,0.448949413,0.0006
8/23/2023 23:15,0.334399686,0.0005
8/23/2023 23:30,0.377160934,0.0005
8/23/2023 23:45,0.449392239,0.0006
8/24/2023 0:00,0.503233779,0.0007
8/24/2023 0:15,0.448949413,0.0006
8/24/2023 0:30,0.448949413,0.0006
8/24/2023 0:45,0.376777213,0.0005
8/24/2023 1:00,0.503233779,0.0007
8/24/2023 1:15,0.448949413,0.0006
8/24/2023 1:30,0.448949413,0.0006
8/24/2023 1:45,0.448949413,0.0006
8/24/2023 2:00,0.503233779,0.0007
8/24/2023 2:15,0.376777213,0.0005
8/24/2023 2:30,0.423866439,0.0006
8/24/2023 2:45,0.35506608,0.0005
8/24/2023 3:00,0.423866439,0.0006
8/24/2023 3:15,0.35506608,0.0005
8/24/2023 3:30,0.503233779,0.0007
8/24/2023 3:45,0.377160934,0.0005
8/24/2023 4:00,0.423866439,0.0006
8/24/2023 4:15,0.377160934,0.0005
8/24/2023 4:30,0.449392239,0.0006
8/24/2023 4:45,0.35506608,0.0005
8/24/2023 5:00,0.314737561,0.0004
8/24/2023 5:15,0.377160934,0.0005
8/24/2023 5:30,0.377160934,0.0005
8/24/2023 5:45,0.314737561,0.0004
8/24/2023 6:00,0.314737561,0.0004
8/24/2023 6:15,0.261135393,0.0004
8/24/2023 6:30,0.423866439,0.0006
8/24/2023 6:45,0.35506608,0.0005
8/24/2023 7:00,0.423866439,0.0006
8/24/2023 7:15,0.503233779,0.0007
8/24/2023 7:30,0.594255346,0.0008
8/24/2023 7:45,0.532011082,0.0008
8/24/2023 8:00,0.503233779,0.0007
8/24/2023 8:15,0.594255346,0.0008
8/24/2023 8:30,0.532011082,0.0008
8/24/2023 8:45,0.594255346,0.0008
8/24/2023 9:00,0.594255346,0.0008
8/24/2023 9:15,0.423866439,0.0006
8/24/2023 9:30,0.697696671,0.001
8/24/2023 9:45,0.532011082,0.0008
8/24/2023 10:00,0.532011082,0.0008
8/24/2023 10:15,0.532011082,0.0008
8/24/2023 10:30,0.532011082,0.0008
8/24/2023 10:45,0.627232548,0.0009
8/24/2023 11:00,0.627232548,0.0009
8/24/2023 11:15,0.532011082,0.0008
8/24/2023 11:30,0.627232548,0.0009
8/24/2023 11:45,0.532011082,0.0008
8/24/2023 12:00,0.532011082,0.0008
8/24/2023 12:15,0.448949413,0.0006
8/24/2023 12:30,0.627232548,0.0009
8/24/2023 12:45,0.627232548,0.0009
8/24/2023 13:00,0.594255346,0.0008
8/24/2023 13:15,0.503233779,0.0007
8/24/2023 13:30,0.423866439,0.0006
8/24/2023 13:45,0.662288516,0.0009
8/24/2023 14:00,0.594255346,0.0008
8/24/2023 14:15,0.594255346,0.0008
8/24/2023 14:30,0.594255346,0.0008
8/24/2023 14:45,0.594255346,0.0008
8/24/2023 15:00,0.594255346,0.0008
8/24/2023 15:15,0.697696671,0.001
8/24/2023 15:30,0.661681355,0.0009
8/24/2023 15:45,0.562168481,0.0008
8/24/2023 16:00,0.661681355,0.0009
8/24/2023 16:15,0.594255346,0.0008
8/24/2023 16:30,0.503233779,0.0007
8/24/2023 16:45,0.594255346,0.0008
8/24/2023 17:00,0.503233779,0.0007
8/24/2023 17:15,0.503233779,0.0007
8/24/2023 17:30,0.423866439,0.0006
8/24/2023 17:45,0.503233779,0.0007
8/24/2023 18:00,0.35506608,0.0005
8/24/2023 18:15,0.423866439,0.0006
8/24/2023 18:30,0.423866439,0.0006
8/24/2023 18:45,0.423866439,0.0006
8/24/2023 19:00,0.423866439,0.0006
8/24/2023 19:15,0.35506608,0.0005
8/24/2023 19:30,0.35506608,0.0005
8/24/2023 19:45,0.314737561,0.0004
8/24/2023 20:00,0.449392239,0.0006
8/24/2023 20:15,0.377160934,0.0005
8/24/2023 20:30,0.314737561,0.0004
8/24/2023 20:45,0.376777213,0.0005
8/24/2023 21:00,0.376777213,0.0005
8/24/2023 21:15,0.314407125,0.0004
8/24/2023 21:30,0.376777213,0.0005
8/24/2023 21:45,0.376777213,0.0005
8/24/2023 22:00,0.423866439,0.0006
8/24/2023 22:15,0.376777213,0.0005
8/24/2023 22:30,0.334052279,0.0005
8/24/2023 22:45,0.376777213,0.0005
8/24/2023 23:00,0.376777213,0.0005
8/24/2023 23:15,0.423866439,0.0006
8/24/2023 23:30,0.376777213,0.0005
8/24/2023 23:45,0.376777213,0.0005
8/25/2023 0:00,0.376777213,0.0005
8/25/2023 0:15,0.376777213,0.0005
8/25/2023 0:30,0.448949413,0.0006
8/25/2023 0:45,0.448949413,0.0006
8/25/2023 1:00,0.423866439,0.0006
8/25/2023 1:15,0.448949413,0.0006
8/25/2023 1:30,0.376777213,0.0005
8/25/2023 1:45,0.448949413,0.0006
8/25/2023 2:00,0.448949413,0.0006
8/25/2023 2:15,0.423866439,0.0006
8/25/2023 2:30,0.423866439,0.0006
8/25/2023 2:45,0.314737561,0.0004
8/25/2023 3:00,0.314407125,0.0004
8/25/2023 3:15,0.503233779,0.0007
8/25/2023 3:30,0.423866439,0.0006
8/25/2023 3:45,0.35506608,0.0005
8/25/2023 4:00,0.314737561,0.0004
8/25/2023 4:15,0.448949413,0.0006
8/25/2023 4:30,0.376777213,0.0005
8/25/2023 4:45,0.376777213,0.0005
8/25/2023 5:00,0.448949413,0.0006
8/25/2023 5:15,0.532011082,0.0008
8/25/2023 5:30,0.503233779,0.0007
8/25/2023 5:45,0.448949413,0.0006
8/25/2023 6:00,0.503233779,0.0007
8/25/2023 6:15,0.503233779,0.0007
8/25/2023 6:30,0.423866439,0.0006
8/25/2023 6:45,0.532011082,0.0008
8/25/2023 7:00,0.448949413,0.0006
8/25/2023 7:15,0.532519632,0.0008
8/25/2023 7:30,0.448949413,0.0006
8/25/2023 7:45,0.532519632,0.0008
8/25/2023 8:00,0.399936554,0.0006
8/25/2023 8:15,0.449392239,0.0006
8/25/2023 8:30,0.6278139,0.0009
8/25/2023 8:45,0.449392239,0.0006
8/25/2023 9:00,0.377160934,0.0005
8/25/2023 9:15,0.449392239,0.0006
8/25/2023 9:30,0.377160934,0.0005
8/25/2023 9:45,0.475692385,0.0007
8/25/2023 10:00,0.697696671,0.001
8/25/2023 10:15,0.532011082,0.0008
8/25/2023 10:30,0.627232548,0.0009
8/25/2023 10:45,0.448949413,0.0006
8/25/2023 11:00,0.334399686,0.0005
8/25/2023 11:15,0.475692385,0.0007
8/25/2023 11:30,0.449392239,0.0006
8/25/2023 11:45,0.377160934,0.0005
8/25/2023 12:00,0.734975191,0.001
8/25/2023 12:15,0.594255346,0.0008
8/25/2023 12:30,0.449392239,0.0006
8/25/2023 12:45,0.449392239,0.0006
8/25/2023 13:00,0.376777213,0.0005
8/25/2023 13:15,0.376777213,0.0005
8/25/2023 13:30,0.376777213,0.0005
8/25/2023 13:45,0.423866439,0.0006
8/25/2023 14:00,0.503233779,0.0007
8/25/2023 14:15,0.448949413,0.0006
8/25/2023 14:30,0.448949413,0.0006
8/25/2023 14:45,0.448949413,0.0006
8/25/2023 15:00,0.314407125,0.0004
8/25/2023 15:15,0.503233779,0.0007
8/25/2023 15:30,0.448949413,0.0006
8/25/2023 15:45,0.448949413,0.0006
8/25/2023 16:00,0.35506608,0.0005
8/25/2023 16:15,0.376777213,0.0005
8/25/2023 16:30,0.376777213,0.0005
8/25/2023 16:45,0.314407125,0.0004
8/25/2023 17:00,0.376777213,0.0005
8/25/2023 17:15,0.314407125,0.0004
8/25/2023 17:30,0.423866439,0.0006
8/25/2023 17:45,0.376777213,0.0005
8/25/2023 18:00,0.314407125,0.0004
8/25/2023 18:15,0.448949413,0.0006
8/25/2023 18:30,0.314407125,0.0004
8/25/2023 18:45,0.314407125,0.0004
8/25/2023 19:00,0.448949413,0.0006
8/25/2023 19:15,0.334399686,0.0005
8/25/2023 19:30,0.334399686,0.0005
8/25/2023 19:45,0.314737561,0.0004
8/25/2023 20:00,0.376777213,0.0005
8/25/2023 20:15,0.475228568,0.0007
8/25/2023 20:30,0.562168481,0.0008
8/25/2023 20:45,0.661681355,0.0009
8/25/2023 21:00,0.734329938,0.001
8/25/2023 21:15,0.627232548,0.0009
8/25/2023 21:30,0.562168481,0.0008
8/25/2023 21:45,0.399533816,0.0006
8/25/2023 22:00,0.562168481,0.0008
8/25/2023 22:15,0.661681355,0.0009
8/25/2023 22:30,0.562168481,0.0008
8/25/2023 22:45,0.562168481,0.0008
8/25/2023 23:00,0.627232548,0.0009
8/25/2023 23:15,0.662288516,0.0009
8/25/2023 23:30,0.662288516,0.0009
8/25/2023 23:45,0.562700329,0.0008
8/26/2023 0:00,0.627232548,0.0009
8/26/2023 0:15,0.475692385,0.0007
8/26/2023 0:30,0.532011082,0.0008
8/26/2023 0:45,0.562168481,0.0008
8/26/2023 1:00,0.562168481,0.0008
8/26/2023 1:15,0.475228568,0.0007
8/26/2023 1:30,0.562168481,0.0008
8/26/2023 1:45,0.562168481,0.0008
8/26/2023 2:00,0.475228568,0.0007
8/26/2023 2:15,0.532011082,0.0008
8/26/2023 2:30,0.448949413,0.0006
8/26/2023 2:45,0.532011082,0.0008
8/26/2023 3:00,0.475692385,0.0007
8/26/2023 3:15,0.562700329,0.0008
8/26/2023 3:30,0.475692385,0.0007
8/26/2023 3:45,0.562700329,0.0008
8/26/2023 4:00,0.475692385,0.0007
8/26/2023 4:15,0.399936554,0.0006
8/26/2023 4:30,0.334399686,0.0005
8/26/2023 4:45,0.399936554,0.0006
8/26/2023 5:00,0.334399686,0.0005
8/26/2023 5:15,0.399936554,0.0006
8/26/2023 5:30,0.35506608,0.0005
8/26/2023 5:45,0.35506608,0.0005
8/26/2023 6:00,0.399533816,0.0006
8/26/2023 6:15,0.399533816,0.0006
8/26/2023 6:30,0.334052279,0.0005
8/26/2023 6:45,0.35506608,0.0005
8/26/2023 7:00,0.399936554,0.0006
8/26/2023 7:15,0.399936554,0.0006
8/26/2023 7:30,0.399936554,0.0006
8/26/2023 7:45,0.475692385,0.0007
8/26/2023 8:00,0.423866439,0.0006
8/26/2023 8:15,0.423866439,0.0006
8/26/2023 8:30,0.334399686,0.0005
8/26/2023 8:45,0.503233779,0.0007
8/26/2023 9:00,0.35506608,0.0005
8/26/2023 9:15,0.423866439,0.0006
8/26/2023 9:30,0.423866439,0.0006
8/26/2023 9:45,0.35506608,0.0005
8/26/2023 10:00,0.475692385,0.0007
8/26/2023 10:15,0.475692385,0.0007
8/26/2023 10:30,0.475692385,0.0007
8/26/2023 10:45,0.399936554,0.0006
8/26/2023 11:00,0.399936554,0.0006
8/26/2023 11:15,0.399936554,0.0006
8/26/2023 11:30,0.399936554,0.0006
8/26/2023 11:45,0.399936554,0.0006
8/26/2023 12:00,0.532011082,0.0008
8/26/2023 12:15,0.627232548,0.0009
8/26/2023 12:30,0.448949413,0.0006
8/26/2023 12:45,0.532011082,0.0008
8/26/2023 13:00,0.532011082,0.0008
8/26/2023 13:15,0.399533816,0.0006
8/26/2023 13:30,0.532011082,0.0008
8/26/2023 13:45,0.562700329,0.0008
8/26/2023 14:00,0.399936554,0.0006
8/26/2023 14:15,0.475692385,0.0007
8/26/2023 14:30,0.334399686,0.0005
8/26/2023 14:45,0.475228568,0.0007
8/26/2023 15:00,0.448949413,0.0006
8/26/2023 15:15,0.448949413,0.0006
8/26/2023 15:30,0.6278139,0.0009
8/26/2023 15:45,0.314407125,0.0004
8/26/2023 16:00,0.376777213,0.0005
8/26/2023 16:15,0.448949413,0.0006
8/26/2023 16:30,0.35506608,0.0005
8/26/2023 16:45,0.448949413,0.0006
8/26/2023 17:00,0.260852186,0.0004
8/26/2023 17:15,0.376777213,0.0005
8/26/2023 17:30,0.334399686,0.0005
8/26/2023 17:45,0.314407125,0.0004
8/26/2023 18:00,0.376777213,0.0005
8/26/2023 18:15,0.376777213,0.0005
8/26/2023 18:30,0.278001803,0.0004
8/26/2023 18:45,0.278001803,0.0004
8/26/2023 19:00,0.278001803,0.0004
8/26/2023 19:15,0.278001803,0.0004
8/26/2023 19:30,0.399936554,0.0006
8/26/2023 19:45,0.278001803,0.0004
8/26/2023 20:00,0.376777213,0.0005
8/26/2023 20:15,0.399533816,0.0006
8/26/2023 20:30,0.399533816,0.0006
8/26/2023 20:45,0.399533816,0.0006
8/26/2023 21:00,0.399936554,0.0006
8/26/2023 21:15,0.334399686,0.0005
8/26/2023 21:30,0.295726377,0.0004
8/26/2023 21:45,0.295726377,0.0004
8/26/2023 22:00,0.35506608,0.0005
8/26/2023 22:15,0.423866439,0.0006
8/26/2023 22:30,0.35506608,0.0005
8/26/2023 22:45,0.260852186,0.0004
8/26/2023 23:00,0.35506608,0.0005
8/26/2023 23:15,0.35506608,0.0005
8/26/2023 23:30,0.35506608,0.0005
8/26/2023 23:45,0.423866439,0.0006
8/27/2023 0:00,0.35506608,0.0005
8/27/2023 0:15,0.423866439,0.0006
8/27/2023 0:30,0.423866439,0.0006
8/27/2023 0:45,0.423866439,0.0006
8/27/2023 1:00,0.399936554,0.0006
8/27/2023 1:15,0.399936554,0.0006
8/27/2023 1:30,0.399936554,0.0006
8/27/2023 1:45,0.399936554,0.0006
8/27/2023 2:00,0.423866439,0.0006
8/27/2023 2:15,0.423866439,0.0006
8/27/2023 2:30,0.475692385,0.0007
8/27/2023 2:45,0.475228568,0.0007
8/27/2023 3:00,0.475228568,0.0007
8/27/2023 3:15,0.399533816,0.0006
8/27/2023 3:30,0.334052279,0.0005
8/27/2023 3:45,0.399533816,0.0006
8/27/2023 4:00,0.532011082,0.0008
8/27/2023 4:15,0.448949413,0.0006
8/27/2023 4:30,0.448949413,0.0006
8/27/2023 4:45,0.532011082,0.0008
8/27/2023 5:00,0.532011082,0.0008
8/27/2023 5:15,0.448949413,0.0006
8/27/2023 5:30,0.399936554,0.0006
8/27/2023 5:45,0.334399686,0.0005
8/27/2023 6:00,0.399936554,0.0006
8/27/2023 6:15,0.376777213,0.0005
8/27/2023 6:30,0.399533816,0.0006
8/27/2023 6:45,0.399533816,0.0006
8/27/2023 7:00,0.399533816,0.0006
8/27/2023 7:15,0.475228568,0.0007
8/27/2023 7:30,0.399533816,0.0006
8/27/2023 7:45,0.399533816,0.0006
8/27/2023 8:00,0.399533816,0.0006
8/27/2023 8:15,0.399533816,0.0006
8/27/2023 8:30,0.295726377,0.0004
8/27/2023 8:45,0.334052279,0.0005
8/27/2023 9:00,0.399533816,0.0006
8/27/2023 9:15,0.376777213,0.0005
8/27/2023 9:30,0.448949413,0.0006
8/27/2023 9:45,0.376777213,0.0005
8/27/2023 10:00,0.334399686,0.0005
8/27/2023 10:15,0.399936554,0.0006
8/27/2023 10:30,0.334052279,0.0005
8/27/2023 10:45,0.376777213,0.0005
8/27/2023 11:00,0.448949413,0.0006
8/27/2023 11:15,0.334399686,0.0005
8/27/2023 11:30,0.532519632,0.0008
8/27/2023 11:45,0.377160934,0.0005
8/27/2023 12:00,0.449392239,0.0006
8/27/2023 12:15,0.377160934,0.0005
8/27/2023 12:30,0.377160934,0.0005
8/27/2023 12:45,0.448949413,0.0006
8/27/2023 13:00,0.376777213,0.0005
8/27/2023 13:15,0.376777213,0.0005
8/27/2023 13:30,0.376777213,0.0005
8/27/2023 13:45,0.399936554,0.0006
8/27/2023 14:00,0.376777213,0.0005
8/27/2023 14:15,0.376777213,0.0005
8/27/2023 14:30,0.503233779,0.0007
8/27/2023 14:45,0.376777213,0.0005
8/27/2023 15:00,0.376777213,0.0005
8/27/2023 15:15,0.594255346,0.0008
8/27/2023 15:30,0.314737561,0.0004
8/27/2023 15:45,0.423866439,0.0006
8/27/2023 16:00,0.423866439,0.0006
8/27/2023 16:15,0.503233779,0.0007
8/27/2023 16:30,0.35506608,0.0005
8/27/2023 16:45,0.35506608,0.0005
8/27/2023 17:00,0.503233779,0.0007
8/27/2023 17:15,0.35506608,0.0005
8/27/2023 17:30,0.503233779,0.0007
8/27/2023 17:45,0.35506608,0.0005
8/27/2023 18:00,0.35506608,0.0005
8/27/2023 18:15,0.423866439,0.0006
8/27/2023 18:30,0.35506608,0.0005
8/27/2023 18:45,0.314407125,0.0004
8/27/2023 19:00,0.376777213,0.0005
8/27/2023 19:15,0.376777213,0.0005
8/27/2023 19:30,0.314407125,0.0004
8/27/2023 19:45,0.35506608,0.0005
8/27/2023 20:00,0.314737561,0.0004
8/27/2023 20:15,0.314737561,0.0004
8/27/2023 20:30,0.314737561,0.0004
8/27/2023 20:45,0.376777213,0.0005
8/27/2023 21:00,0.376777213,0.0005
8/27/2023 21:15,0.448949413,0.0006
8/27/2023 21:30,0.376777213,0.0005
8/27/2023 21:45,0.376777213,0.0005
8/27/2023 22:00,0.376777213,0.0005
8/27/2023 22:15,0.334052279,0.0005
8/27/2023 22:30,0.334052279,0.0005
8/27/2023 22:45,0.448949413,0.0006
8/27/2023 23:00,0.314407125,0.0004
8/27/2023 23:15,0.503233779,0.0007
8/27/2023 23:30,0.376777213,0.0005
8/27/2023 23:45,0.314407125,0.0004
8/28/2023 0:00,0.314407125,0.0004
8/28/2023 0:15,0.503233779,0.0007
8/28/2023 0:30,0.376777213,0.0005
8/28/2023 0:45,0.423866439,0.0006
8/28/2023 1:00,0.423866439,0.0006
8/28/2023 1:15,0.448949413,0.0006
8/28/2023 1:30,0.376777213,0.0005
8/28/2023 1:45,0.448949413,0.0006
8/28/2023 2:00,0.448949413,0.0006
8/28/2023 2:15,0.35506608,0.0005
8/28/2023 2:30,0.35506608,0.0005
8/28/2023 2:45,0.35506608,0.0005
8/28/2023 3:00,0.314737561,0.0004
8/28/2023 3:15,0.314737561,0.0004
8/28/2023 3:30,0.423866439,0.0006
8/28/2023 3:45,0.377160934,0.0005
8/28/2023 4:00,0.261135393,0.0004
8/28/2023 4:15,0.423866439,0.0006
8/28/2023 4:30,0.35506608,0.0005
8/28/2023 4:45,0.376777213,0.0005
8/28/2023 5:00,0.376777213,0.0005
8/28/2023 5:15,0.448949413,0.0006
8/28/2023 5:30,0.448949413,0.0006
8/28/2023 5:45,0.423866439,0.0006
8/28/2023 6:00,0.334052279,0.0005
8/28/2023 6:15,0.314407125,0.0004
8/28/2023 6:30,0.376777213,0.0005
8/28/2023 6:45,0.376777213,0.0005
8/28/2023 7:00,0.314407125,0.0004
8/28/2023 7:15,0.278001803,0.0004
8/28/2023 7:30,0.334399686,0.0005
8/28/2023 7:45,0.449392239,0.0006
8/28/2023 8:00,0.377160934,0.0005
8/28/2023 8:15,0.449392239,0.0006
8/28/2023 8:30,0.334399686,0.0005
8/28/2023 8:45,0.377160934,0.0005
8/28/2023 9:00,0.334399686,0.0005
8/28/2023 9:15,0.449392239,0.0006
8/28/2023 9:30,0.377160934,0.0005
8/28/2023 9:45,0.314737561,0.0004
8/28/2023 10:00,0.377160934,0.0005
8/28/2023 10:15,0.377160934,0.0005
8/28/2023 10:30,0.449392239,0.0006
8/28/2023 10:45,0.449392239,0.0006
8/28/2023 11:00,0.449392239,0.0006
8/28/2023 11:15,0.377160934,0.0005
8/28/2023 11:30,0.377160934,0.0005
8/28/2023 11:45,0.449392239,0.0006
8/28/2023 12:00,0.334399686,0.0005
8/28/2023 12:15,2.247064306,0.0032
8/28/2023 12:30,2.061973956,0.0029
8/28/2023 12:45,1.808626597,0.0026
8/28/2023 13:00,1.808626597,0.0026
8/28/2023 13:15,1.582185684,0.0022
8/28/2023 13:30,2.5487565,0.0036
8/28/2023 13:45,1.729502407,0.0024
8/28/2023 14:00,1.973413743,0.0028
8/28/2023 14:15,1.973413743,0.0028
8/28/2023 14:30,2.152228212,0.003
8/28/2023 14:45,1.729502407,0.0024
8/28/2023 15:00,1.317101139,0.0019
8/28/2023 15:15,1.200201638,0.0017
8/28/2023 15:30,1.511415151,0.0021
8/28/2023 15:45,1.200201638,0.0017
8/28/2023 16:00,0.898594154,0.0013
8/28/2023 16:15,0.773210393,0.0011
8/28/2023 16:30,1.040422536,0.0015
8/28/2023 16:45,0.898594154,0.0013
8/28/2023 17:00,0.898594154,0.0013
8/28/2023 17:15,0.813074241,0.0012
8/28/2023 17:30,0.662288516,0.0009
8/28/2023 17:45,0.697696671,0.001
8/28/2023 18:00,0.594255346,0.0008
8/28/2023 18:15,0.697696671,0.001
8/28/2023 18:30,0.813074241,0.0012
8/28/2023 18:45,0.697696671,0.001
8/28/2023 19:00,0.697696671,0.001
8/28/2023 19:15,0.773210393,0.0011
8/28/2023 19:30,0.662288516,0.0009
8/28/2023 19:45,0.503233779,0.0007
8/28/2023 20:00,0.773210393,0.0011
8/28/2023 20:15,0.594255346,0.0008
8/28/2023 20:30,0.594255346,0.0008
8/28/2023 20:45,0.594255346,0.0008
8/28/2023 21:00,0.594255346,0.0008
8/28/2023 21:15,0.532519632,0.0008
8/28/2023 21:30,0.532519632,0.0008
8/28/2023 21:45,0.449392239,0.0006
8/28/2023 22:00,0.475692385,0.0007
8/28/2023 22:15,0.448949413,0.0006
8/28/2023 22:30,0.399936554,0.0006
8/28/2023 22:45,0.562700329,0.0008
8/28/2023 23:00,0.562700329,0.0008
8/28/2023 23:15,0.475692385,0.0007
8/28/2023 23:30,0.475692385,0.0007
8/28/2023 23:45,0.532011082,0.0008
8/29/2023 0:00,0.475692385,0.0007
8/29/2023 0:15,0.532519632,0.0008
8/29/2023 0:30,0.734329938,0.001
8/29/2023 0:45,0.448949413,0.0006
8/29/2023 1:00,0.448949413,0.0006
8/29/2023 1:15,0.532011082,0.0008
8/29/2023 1:30,0.475228568,0.0007
8/29/2023 1:45,0.399533816,0.0006
8/29/2023 2:00,0.448949413,0.0006
8/29/2023 2:15,0.399936554,0.0006
8/29/2023 2:30,0.532011082,0.0008
8/29/2023 2:45,0.334399686,0.0005
8/29/2023 3:00,0.594255346,0.0008
8/29/2023 3:15,0.532011082,0.0008
8/29/2023 3:30,0.475692385,0.0007
8/29/2023 3:45,0.448949413,0.0006
8/29/2023 4:00,0.475692385,0.0007
8/29/2023 4:15,0.532011082,0.0008
8/29/2023 4:30,0.627232548,0.0009
8/29/2023 4:45,0.448949413,0.0006
8/29/2023 5:00,0.399533816,0.0006
8/29/2023 5:15,0.532011082,0.0008
8/29/2023 5:30,0.627232548,0.0009
8/29/2023 5:45,0.627232548,0.0009
8/29/2023 6:00,0.562168481,0.0008
8/29/2023 6:15,0.627232548,0.0009
8/29/2023 6:30,0.532011082,0.0008
8/29/2023 6:45,0.448949413,0.0006
8/29/2023 7:00,0.475228568,0.0007
8/29/2023 7:15,0.562700329,0.0008
8/29/2023 7:30,0.475692385,0.0007
8/29/2023 7:45,0.475692385,0.0007
8/29/2023 8:00,0.475692385,0.0007
8/29/2023 8:15,0.532519632,0.0008
8/29/2023 8:30,0.475692385,0.0007
8/29/2023 8:45,0.503233779,0.0007
8/29/2023 9:00,0.399936554,0.0006
8/29/2023 9:15,0.475692385,0.0007
8/29/2023 9:30,0.562700329,0.0008
8/29/2023 9:45,0.399936554,0.0006
8/29/2023 10:00,0.35506608,0.0005
8/29/2023 10:15,0.399936554,0.0006
8/29/2023 10:30,0.562700329,0.0008
8/29/2023 10:45,0.475692385,0.0007
8/29/2023 11:00,0.399936554,0.0006
8/29/2023 11:15,0.399936554,0.0006
8/29/2023 11:30,0.449392239,0.0006
8/29/2023 11:45,0.399936554,0.0006
8/29/2023 12:00,0.399936554,0.0006
8/29/2023 12:15,0.399936554,0.0006
8/29/2023 12:30,0.399936554,0.0006
8/29/2023 12:45,0.35506608,0.0005
8/29/2023 13:00,0.35506608,0.0005
8/29/2023 13:15,0.399533816,0.0006
8/29/2023 13:30,0.399533816,0.0006
8/29/2023 13:45,0.448949413,0.0006
8/29/2023 14:00,0.334052279,0.0005
8/29/2023 14:15,0.399533816,0.0006
8/29/2023 14:30,0.334052279,0.0005
8/29/2023 14:45,0.399936554,0.0006
8/29/2023 15:00,0.399936554,0.0006
8/29/2023 15:15,0.399936554,0.0006
8/29/2023 15:30,0.449392239,0.0006
8/29/2023 15:45,0.449392239,0.0006
8/29/2023 16:00,0.377160934,0.0005
8/29/2023 16:15,0.334399686,0.0005
8/29/2023 16:30,0.334399686,0.0005
8/29/2023 16:45,0.399936554,0.0006
8/29/2023 17:00,0.399936554,0.0006
8/29/2023 17:15,0.376777213,0.0005
8/29/2023 17:30,0.376777213,0.0005
8/29/2023 17:45,0.376777213,0.0005
8/29/2023 18:00,0.376777213,0.0005
8/29/2023 18:15,0.376777213,0.0005
8/29/2023 18:30,0.376777213,0.0005
8/29/2023 18:45,0.448949413,0.0006
8/29/2023 19:00,0.376777213,0.0005
8/29/2023 19:15,0.314407125,0.0004
8/29/2023 19:30,0.448949413,0.0006
8/29/2023 19:45,0.377160934,0.0005
8/29/2023 20:00,0.377160934,0.0005
8/29/2023 20:15,0.314737561,0.0004
8/29/2023 20:30,0.334399686,0.0005
8/29/2023 20:45,0.334399686,0.0005
8/29/2023 21:00,0.35506608,0.0005
8/29/2023 21:15,0.35506608,0.0005
8/29/2023 21:30,0.277703576,0.0004
8/29/2023 21:45,0.399533816,0.0006
8/29/2023 22:00,0.399533816,0.0006
8/29/2023 22:15,0.399533816,0.0006
8/29/2023 22:30,0.399533816,0.0006
8/29/2023 22:45,0.423866439,0.0006
8/29/2023 23:00,0.399936554,0.0006
8/29/2023 23:15,0.475692385,0.0007
8/29/2023 23:30,0.399936554,0.0006
8/29/2023 23:45,0.423866439,0.0006
8/30/2023 0:00,0.399936554,0.0006
8/30/2023 0:15,0.475228568,0.0007
8/30/2023 0:30,0.475228568,0.0007
8/30/2023 0:45,0.399533816,0.0006
8/30/2023 1:00,0.532011082,0.0008
8/30/2023 1:15,0.448949413,0.0006
8/30/2023 1:30,0.475228568,0.0007
8/30/2023 1:45,0.399533816,0.0006
8/30/2023 2:00,0.334052279,0.0005
8/30/2023 2:15,0.475228568,0.0007
8/30/2023 2:30,0.475228568,0.0007
8/30/2023 2:45,0.399533816,0.0006
8/30/2023 3:00,0.334052279,0.0005
8/30/2023 3:15,0.399533816,0.0006
8/30/2023 3:30,0.399936554,0.0006
8/30/2023 3:45,0.448949413,0.0006
8/30/2023 4:00,0.399936554,0.0006
8/30/2023 4:15,0.532011082,0.0008
8/30/2023 4:30,0.399936554,0.0006
8/30/2023 4:45,0.399936554,0.0006
8/30/2023 5:00,0.532011082,0.0008
8/30/2023 5:15,0.448949413,0.0006
8/30/2023 5:30,0.334399686,0.0005
8/30/2023 5:45,0.399936554,0.0006
8/30/2023 6:00,0.399936554,0.0006
8/30/2023 6:15,0.475692385,0.0007
8/30/2023 6:30,0.475692385,0.0007
8/30/2023 6:45,0.448949413,0.0006
8/30/2023 7:00,0.448949413,0.0006
8/30/2023 7:15,0.376777213,0.0005
8/30/2023 7:30,0.334052279,0.0005
8/30/2023 7:45,0.399533816,0.0006
8/30/2023 8:00,0.334052279,0.0005
8/30/2023 8:15,0.334052279,0.0005
8/30/2023 8:30,0.399533816,0.0006
8/30/2023 8:45,0.295726377,0.0004
8/30/2023 9:00,0.334052279,0.0005
8/30/2023 9:15,0.277703576,0.0004
8/30/2023 9:30,0.334052279,0.0005
8/30/2023 9:45,0.399533816,0.0006
8/30/2023 10:00,0.399533816,0.0006
8/30/2023 10:15,0.334052279,0.0005
8/30/2023 10:30,0.399533816,0.0006
8/30/2023 10:45,0.376777213,0.0005
8/30/2023 11:00,0.532011082,0.0008
8/30/2023 11:15,0.448949413,0.0006
8/30/2023 11:30,0.449392239,0.0006
8/30/2023 11:45,0.6278139,0.0009
8/30/2023 12:00,0.377160934,0.0005
8/30/2023 12:15,0.376777213,0.0005
8/30/2023 12:30,0.376777213,0.0005
8/30/2023 12:45,0.448949413,0.0006
8/30/2023 13:00,0.423866439,0.0006
8/30/2023 13:15,0.35506608,0.0005
8/30/2023 13:30,0.314407125,0.0004
8/30/2023 13:45,0.35506608,0.0005
8/30/2023 14:00,0.314407125,0.0004
8/30/2023 14:15,0.503233779,0.0007
8/30/2023 14:30,0.594255346,0.0008
8/30/2023 14:45,0.449392239,0.0006
8/30/2023 15:00,0.449392239,0.0006
8/30/2023 15:15,0.594255346,0.0008
8/30/2023 15:30,0.35506608,0.0005
8/30/2023 15:45,0.423866439,0.0006
8/30/2023 16:00,0.423866439,0.0006
8/30/2023 16:15,0.562700329,0.0008
8/30/2023 16:30,0.35506608,0.0005
8/30/2023 16:45,0.35506608,0.0005
8/30/2023 17:00,0.35506608,0.0005
8/30/2023 17:15,0.399936554,0.0006
8/30/2023 17:30,0.475692385,0.0007
8/30/2023 17:45,0.35506608,0.0005
8/30/2023 18:00,0.35506608,0.0005
8/30/2023 18:15,0.475228568,0.0007
8/30/2023 18:30,0.423866439,0.0006
8/30/2023 18:45,0.35506608,0.0005
8/30/2023 19:00,0.475228568,0.0007
8/30/2023 19:15,0.35506608,0.0005
8/30/2023 19:30,0.423866439,0.0006
8/30/2023 19:45,0.35506608,0.0005
8/30/2023 20:00,0.35506608,0.0005
8/30/2023 20:15,0.423866439,0.0006
8/30/2023 20:30,0.475692385,0.0007
8/30/2023 20:45,0.399936554,0.0006
8/30/2023 21:00,0.35506608,0.0005
8/30/2023 21:15,0.423866439,0.0006
8/30/2023 21:30,0.35506608,0.0005
8/30/2023 21:45,0.35506608,0.0005
8/30/2023 22:00,0.423866439,0.0006
8/30/2023 22:15,0.503233779,0.0007
8/30/2023 22:30,0.503233779,0.0007
8/30/2023 22:45,0.423866439,0.0006
8/30/2023 23:00,0.35506608,0.0005
8/30/2023 23:15,0.35506608,0.0005
8/30/2023 23:30,0.423866439,0.0006
8/30/2023 23:45,0.35506608,0.0005
8/31/2023 0:00,0.423866439,0.0006
8/31/2023 0:15,0.423866439,0.0006
8/31/2023 0:30,0.35506608,0.0005
8/31/2023 0:45,0.503233779,0.0007
8/31/2023 1:00,0.423866439,0.0006
8/31/2023 1:15,0.475692385,0.0007
8/31/2023 1:30,0.399936554,0.0006
8/31/2023 1:45,0.35506608,0.0005
8/31/2023 2:00,0.423866439,0.0006
8/31/2023 2:15,0.503233779,0.0007
8/31/2023 2:30,0.35506608,0.0005
8/31/2023 2:45,0.423866439,0.0006
8/31/2023 3:00,0.423866439,0.0006
8/31/2023 3:15,0.423866439,0.0006
8/31/2023 3:30,0.423866439,0.0006
8/31/2023 3:45,0.35506608,0.0005
8/31/2023 4:00,0.423866439,0.0006
8/31/2023 4:15,0.423866439,0.0006
8/31/2023 4:30,0.503233779,0.0007
8/31/2023 4:45,0.503233779,0.0007
8/31/2023 5:00,0.503233779,0.0007
8/31/2023 5:15,0.423866439,0.0006
8/31/2023 5:30,0.503233779,0.0007
8/31/2023 5:45,0.423866439,0.0006
8/31/2023 6:00,0.423866439,0.0006
8/31/2023 6:15,0.423866439,0.0006
8/31/2023 6:30,0.399936554,0.0006
8/31/2023 6:45,0.475692385,0.0007
8/31/2023 7:00,0.475692385,0.0007
8/31/2023 7:15,0.399936554,0.0006
8/31/2023 7:30,0.35506608,0.0005
8/31/2023 7:45,0.423866439,0.0006
8/31/2023 8:00,0.423866439,0.0006
8/31/2023 8:15,0.423866439,0.0006
8/31/2023 8:30,0.503233779,0.0007
8/31/2023 8:45,0.35506608,0.0005
8/31/2023 9:00,0.423866439,0.0006
8/31/2023 9:15,0.423866439,0.0006
8/31/2023 9:30,0.35506608,0.0005
8/31/2023 9:45,0.423866439,0.0006
8/31/2023 10:00,0.35506608,0.0005
8/31/2023 10:15,0.423866439,0.0006
8/31/2023 10:30,0.399936554,0.0006
8/31/2023 10:45,0.399936554,0.0006
8/31/2023 11:00,0.399936554,0.0006
8/31/2023 11:15,0.475692385,0.0007
8/31/2023 11:30,0.562700329,0.0008
8/31/2023 11:45,0.423866439,0.0006
8/31/2023 12:00,0.423866439,0.0006
8/31/2023 12:15,0.562700329,0.0008
8/31/2023 12:30,0.503233779,0.0007
8/31/2023 12:45,0.423866439,0.0006
8/31/2023 13:00,0.475692385,0.0007
8/31/2023 13:15,0.475692385,0.0007
8/31/2023 13:30,0.399936554,0.0006
8/31/2023 13:45,0.35506608,0.0005
8/31/2023 14:00,0.475228568,0.0007
8/31/2023 14:15,0.475228568,0.0007
8/31/2023 14:30,0.399533816,0.0006
8/31/2023 14:45,0.475228568,0.0007
8/31/2023 15:00,0.399533816,0.0006
8/31/2023 15:15,0.423866439,0.0006
8/31/2023 15:30,0.475692385,0.0007
8/31/2023 15:45,0.423866439,0.0006
8/31/2023 16:00,0.562700329,0.0008
8/31/2023 16:15,0.399936554,0.0006
8/31/2023 16:30,0.334399686,0.0005
8/31/2023 16:45,0.475692385,0.0007
8/31/2023 17:00,0.399936554,0.0006
8/31/2023 17:15,0.295726377,0.0004
8/31/2023 17:30,0.475228568,0.0007
8/31/2023 17:45,0.475228568,0.0007
8/31/2023 18:00,0.475228568,0.0007
8/31/2023 18:15,0.475228568,0.0007
8/31/2023 18:30,0.562700329,0.0008
8/31/2023 18:45,0.399936554,0.0006
8/31/2023 19:00,0.475692385,0.0007
8/31/2023 19:15,0.532519632,0.0008
8/31/2023 19:30,0.475692385,0.0007
8/31/2023 19:45,0.399936554,0.0006
8/31/2023 20:00,0.532519632,0.0008
8/31/2023 20:15,0.399936554,0.0006
8/31/2023 20:30,0.475692385,0.0007
8/31/2023 20:45,0.399936554,0.0006
8/31/2023 21:00,0.423866439,0.0006
8/31/2023 21:15,0.399533816,0.0006
8/31/2023 21:30,0.475228568,0.0007
8/31/2023 21:45,0.475228568,0.0007
8/31/2023 22:00,0.475228568,0.0007
8/31/2023 22:15,0.475228568,0.0007
8/31/2023 22:30,0.475228568,0.0007
8/31/2023 22:45,0.399533816,0.0006
8/31/2023 23:00,0.35506608,0.0005
8/31/2023 23:15,0.423866439,0.0006
8/31/2023 23:30,0.35506608,0.0005
8/31/2023 23:45,0.423866439,0.0006
9/1/2023 0:00,0.503233779,0.0007
9/1/2023 0:15,0.423866439,0.0006
9/1/2023 0:30,0.423866439,0.0006
9/1/2023 0:45,0.475692385,0.0007
9/1/2023 1:00,0.423866439,0.0006
9/1/2023 1:15,0.399936554,0.0006
9/1/2023 1:30,0.423866439,0.0006
9/1/2023 1:45,0.503233779,0.0007
9/1/2023 2:00,0.35506608,0.0005
9/1/2023 2:15,0.562700329,0.0008
9/1/2023 2:30,0.475692385,0.0007
9/1/2023 2:45,0.562700329,0.0008
9/1/2023 3:00,0.423866439,0.0006
9/1/2023 3:15,0.423866439,0.0006
9/1/2023 3:30,0.423866439,0.0006
9/1/2023 3:45,0.475692385,0.0007
9/1/2023 4:00,0.475692385,0.0007
9/1/2023 4:15,0.399936554,0.0006
9/1/2023 4:30,0.35506608,0.0005
9/1/2023 4:45,0.475692385,0.0007
9/1/2023 5:00,0.399936554,0.0006
9/1/2023 5:15,0.399936554,0.0006
9/1/2023 5:30,0.423866439,0.0006
9/1/2023 5:45,0.423866439,0.0006
9/1/2023 6:00,0.503233779,0.0007
9/1/2023 6:15,0.423866439,0.0006
9/1/2023 6:30,0.35506608,0.0005
9/1/2023 6:45,0.423866439,0.0006
9/1/2023 7:00,0.475692385,0.0007
9/1/2023 7:15,0.35506608,0.0005
9/1/2023 7:30,0.423866439,0.0006
9/1/2023 7:45,0.503233779,0.0007
9/1/2023 8:00,0.423866439,0.0006
9/1/2023 8:15,0.503233779,0.0007
9/1/2023 8:30,0.377160934,0.0005
9/1/2023 8:45,0.423866439,0.0006
9/1/2023 9:00,0.377160934,0.0005
9/1/2023 9:15,0.377160934,0.0005
9/1/2023 9:30,0.423866439,0.0006
9/1/2023 9:45,0.423866439,0.0006
9/1/2023 10:00,0.376777213,0.0005
9/1/2023 10:15,0.448949413,0.0006
9/1/2023 10:30,0.423866439,0.0006
9/1/2023 10:45,0.448949413,0.0006
9/1/2023 11:00,0.562700329,0.0008
9/1/2023 11:15,0.423866439,0.0006
9/1/2023 11:30,0.423866439,0.0006
9/1/2023 11:45,0.594255346,0.0008
9/1/2023 12:00,0.423866439,0.0006
9/1/2023 12:15,0.662288516,0.0009
9/1/2023 12:30,0.503233779,0.0007
9/1/2023 12:45,0.503233779,0.0007
9/1/2023 13:00,0.503233779,0.0007
9/1/2023 13:15,0.562700329,0.0008
9/1/2023 13:30,0.423866439,0.0006
9/1/2023 13:45,0.423866439,0.0006
9/1/2023 14:00,0.423866439,0.0006
9/1/2023 14:15,0.503233779,0.0007
9/1/2023 14:30,0.314407125,0.0004
9/1/2023 14:45,0.503233779,0.0007
9/1/2023 15:00,0.423866439,0.0006
9/1/2023 15:15,0.503233779,0.0007
9/1/2023 15:30,0.377160934,0.0005
9/1/2023 15:45,0.423866439,0.0006
9/1/2023 16:00,0.503233779,0.0007
9/1/2023 16:15,0.423866439,0.0006
9/1/2023 16:30,0.423866439,0.0006
9/1/2023 16:45,0.399936554,0.0006
9/1/2023 17:00,0.423866439,0.0006
9/1/2023 17:15,0.376777213,0.0005
9/1/2023 17:30,0.399936554,0.0006
9/1/2023 17:45,0.423866439,0.0006
9/1/2023 18:00,0.314407125,0.0004
9/1/2023 18:15,0.376777213,0.0005
9/1/2023 18:30,0.376777213,0.0005
9/1/2023 18:45,0.35506608,0.0005
9/1/2023 19:00,0.423866439,0.0006
9/1/2023 19:15,0.35506608,0.0005
9/1/2023 19:30,0.376777213,0.0005
9/1/2023 19:45,0.295726377,0.0004
9/1/2023 20:00,0.314737561,0.0004
9/1/2023 20:15,0.449392239,0.0006
9/1/2023 20:30,0.35506608,0.0005
9/1/2023 20:45,0.314407125,0.0004
9/1/2023 21:00,0.376777213,0.0005
9/1/2023 21:15,0.448949413,0.0006
9/1/2023 21:30,0.532011082,0.0008
9/1/2023 21:45,0.448949413,0.0006
9/1/2023 22:00,0.376777213,0.0005
9/1/2023 22:15,0.376777213,0.0005
9/1/2023 22:30,0.448949413,0.0006
9/1/2023 22:45,0.399936554,0.0006
9/1/2023 23:00,0.449392239,0.0006
9/1/2023 23:15,0.449392239,0.0006
9/1/2023 23:30,0.334399686,0.0005
9/1/2023 23:45,0.6278139,0.0009
9/2/2023 0:00,0.377160934,0.0005
9/2/2023 0:15,0.449392239,0.0006
9/2/2023 0:30,0.449392239,0.0006
9/2/2023 0:45,0.532519632,0.0008
9/2/2023 1:00,0.449392239,0.0006
9/2/2023 1:15,0.377160934,0.0005
9/2/2023 1:30,0.399936554,0.0006
9/2/2023 1:45,0.314737561,0.0004
9/2/2023 2:00,0.377160934,0.0005
9/2/2023 2:15,0.377160934,0.0005
9/2/2023 2:30,0.449392239,0.0006
9/2/2023 2:45,0.532519632,0.0008
9/2/2023 3:00,0.532519632,0.0008
9/2/2023 3:15,0.449392239,0.0006
9/2/2023 3:30,0.532519632,0.0008
9/2/2023 3:45,0.449392239,0.0006
9/2/2023 4:00,0.449392239,0.0006
9/2/2023 4:15,0.377160934,0.0005
9/2/2023 4:30,0.449392239,0.0006
9/2/2023 4:45,0.449392239,0.0006
9/2/2023 5:00,0.532519632,0.0008
9/2/2023 5:15,0.377160934,0.0005
9/2/2023 5:30,0.532519632,0.0008
9/2/2023 5:45,0.449392239,0.0006
9/2/2023 6:00,0.532519632,0.0008
9/2/2023 6:15,0.449392239,0.0006
9/2/2023 6:30,0.532519632,0.0008
9/2/2023 6:45,0.532519632,0.0008
9/2/2023 7:00,0.532011082,0.0008
9/2/2023 7:15,0.475692385,0.0007
9/2/2023 7:30,0.475692385,0.0007
9/2/2023 7:45,0.448949413,0.0006
9/2/2023 8:00,0.448949413,0.0006
9/2/2023 8:15,0.448949413,0.0006
9/2/2023 8:30,0.399533816,0.0006
9/2/2023 8:45,0.399533816,0.0006
9/2/2023 9:00,0.334052279,0.0005
9/2/2023 9:15,0.532011082,0.0008
9/2/2023 9:30,0.399533816,0.0006
9/2/2023 9:45,0.399533816,0.0006
9/2/2023 10:00,0.448949413,0.0006
9/2/2023 10:15,0.475692385,0.0007
9/2/2023 10:30,0.448949413,0.0006
9/2/2023 10:45,0.399936554,0.0006
9/2/2023 11:00,0.562700329,0.0008
9/2/2023 11:15,0.399936554,0.0006
9/2/2023 11:30,0.562700329,0.0008
9/2/2023 11:45,0.399936554,0.0006
9/2/2023 12:00,0.562700329,0.0008
9/2/2023 12:15,0.376777213,0.0005
9/2/2023 12:30,0.475228568,0.0007
9/2/2023 12:45,0.627232548,0.0009
9/2/2023 13:00,0.448949413,0.0006
9/2/2023 13:15,0.627232548,0.0009
9/2/2023 13:30,0.532011082,0.0008
9/2/2023 13:45,0.532011082,0.0008
9/2/2023 14:00,0.532011082,0.0008
9/2/2023 14:15,0.532011082,0.0008
9/2/2023 14:30,0.376777213,0.0005
9/2/2023 14:45,0.532011082,0.0008
9/2/2023 15:00,0.532519632,0.0008
9/2/2023 15:15,0.449392239,0.0006
9/2/2023 15:30,0.449392239,0.0006
9/2/2023 15:45,0.377160934,0.0005
9/2/2023 16:00,0.376777213,0.0005
9/2/2023 16:15,0.376777213,0.0005
9/2/2023 16:30,0.503233779,0.0007
9/2/2023 16:45,0.448949413,0.0006
9/2/2023 17:00,0.503233779,0.0007
9/2/2023 17:15,0.594255346,0.0008
9/2/2023 17:30,0.448949413,0.0006
9/2/2023 17:45,0.423866439,0.0006
9/2/2023 18:00,0.503233779,0.0007
9/2/2023 18:15,0.376777213,0.0005
9/2/2023 18:30,0.448949413,0.0006
9/2/2023 18:45,0.532011082,0.0008
9/2/2023 19:00,0.448949413,0.0006
9/2/2023 19:15,0.423866439,0.0006
9/2/2023 19:30,0.423866439,0.0006
9/2/2023 19:45,0.448949413,0.0006
9/2/2023 20:00,0.376777213,0.0005
9/2/2023 20:15,0.376777213,0.0005
9/2/2023 20:30,0.448949413,0.0006
9/2/2023 20:45,0.448949413,0.0006
9/2/2023 21:00,0.448949413,0.0006
9/2/2023 21:15,0.449392239,0.0006
9/2/2023 21:30,0.399936554,0.0006
9/2/2023 21:45,0.399936554,0.0006
9/2/2023 22:00,0.448949413,0.0006
9/2/2023 22:15,0.399936554,0.0006
9/2/2023 22:30,0.532519632,0.0008
9/2/2023 22:45,0.449392239,0.0006
9/2/2023 23:00,0.532519632,0.0008
9/2/2023 23:15,0.449392239,0.0006
9/2/2023 23:30,0.6278139,0.0009
9/2/2023 23:45,0.532519632,0.0008
9/3/2023 0:00,0.448949413,0.0006
9/3/2023 0:15,0.399936554,0.0006
9/3/2023 0:30,0.449392239,0.0006
9/3/2023 0:45,0.6278139,0.0009
9/3/2023 1:00,0.475692385,0.0007
9/3/2023 1:15,0.475692385,0.0007
9/3/2023 1:30,0.627232548,0.0009
9/3/2023 1:45,0.448949413,0.0006
9/3/2023 2:00,0.448949413,0.0006
9/3/2023 2:15,0.448949413,0.0006
9/3/2023 2:30,0.376777213,0.0005
9/3/2023 2:45,0.448949413,0.0006
9/3/2023 3:00,0.448949413,0.0006
9/3/2023 3:15,0.376777213,0.0005
9/3/2023 3:30,0.314407125,0.0004
9/3/2023 3:45,0.532011082,0.0008
9/3/2023 4:00,0.532011082,0.0008
9/3/2023 4:15,0.532011082,0.0008
9/3/2023 4:30,0.376777213,0.0005
9/3/2023 4:45,0.594255346,0.0008
9/3/2023 5:00,0.376777213,0.0005
9/3/2023 5:15,0.503233779,0.0007
9/3/2023 5:30,0.423866439,0.0006
9/3/2023 5:45,0.503233779,0.0007
9/3/2023 6:00,0.399533816,0.0006
9/3/2023 6:15,0.503233779,0.0007
9/3/2023 6:30,0.423866439,0.0006
9/3/2023 6:45,0.376777213,0.0005
9/3/2023 7:00,0.448949413,0.0006
9/3/2023 7:15,0.423866439,0.0006
9/3/2023 7:30,0.594255346,0.0008
9/3/2023 7:45,0.423866439,0.0006
9/3/2023 8:00,0.376777213,0.0005
9/3/2023 8:15,0.423866439,0.0006
9/3/2023 8:30,0.423866439,0.0006
9/3/2023 8:45,0.448949413,0.0006
9/3/2023 9:00,0.423866439,0.0006
9/3/2023 9:15,0.376777213,0.0005
9/3/2023 9:30,0.277703576,0.0004
9/3/2023 9:45,0.334052279,0.0005
9/3/2023 10:00,0.423866439,0.0006
9/3/2023 10:15,0.448949413,0.0006
9/3/2023 10:30,0.503233779,0.0007
9/3/2023 10:45,0.503233779,0.0007
9/3/2023 11:00,0.448949413,0.0006
9/3/2023 11:15,0.423866439,0.0006
9/3/2023 11:30,0.423866439,0.0006
9/3/2023 11:45,0.423866439,0.0006
9/3/2023 12:00,0.562168481,0.0008
9/3/2023 12:15,0.562168481,0.0008
9/3/2023 12:30,0.475692385,0.0007
9/3/2023 12:45,0.562700329,0.0008
9/3/2023 13:00,0.35506608,0.0005
9/3/2023 13:15,0.423866439,0.0006
9/3/2023 13:30,0.475692385,0.0007
9/3/2023 13:45,0.475692385,0.0007
9/3/2023 14:00,0.475228568,0.0007
9/3/2023 14:15,0.475692385,0.0007
9/3/2023 14:30,0.475228568,0.0007
9/3/2023 14:45,0.475228568,0.0007
9/3/2023 15:00,0.423866439,0.0006
9/3/2023 15:15,0.35506608,0.0005
9/3/2023 15:30,0.475692385,0.0007
9/3/2023 15:45,0.475692385,0.0007
9/3/2023 16:00,0.399936554,0.0006
9/3/2023 16:15,0.449392239,0.0006
9/3/2023 16:30,0.399936554,0.0006
9/3/2023 16:45,0.475692385,0.0007
9/3/2023 17:00,0.334399686,0.0005
9/3/2023 17:15,0.334399686,0.0005
9/3/2023 17:30,0.399936554,0.0006
9/3/2023 17:45,0.334052279,0.0005
9/3/2023 18:00,0.448949413,0.0006
9/3/2023 18:15,0.399533816,0.0006
9/3/2023 18:30,0.475228568,0.0007
9/3/2023 18:45,0.376777213,0.0005
9/3/2023 19:00,0.334399686,0.0005
9/3/2023 19:15,0.334399686,0.0005
9/3/2023 19:30,0.334399686,0.0005
9/3/2023 19:45,0.399936554,0.0006
9/3/2023 20:00,0.334052279,0.0005
9/3/2023 20:15,0.399936554,0.0006
9/3/2023 20:30,0.334399686,0.0005
9/3/2023 20:45,0.399936554,0.0006
9/3/2023 21:00,0.475692385,0.0007
9/3/2023 21:15,0.399936554,0.0006
9/3/2023 21:30,0.399936554,0.0006
9/3/2023 21:45,0.399936554,0.0006
9/3/2023 22:00,0.399936554,0.0006
9/3/2023 22:15,0.334399686,0.0005
9/3/2023 22:30,0.399533816,0.0006
9/3/2023 22:45,0.334052279,0.0005
9/3/2023 23:00,0.334052279,0.0005
9/3/2023 23:15,0.399533816,0.0006
9/3/2023 23:30,0.334052279,0.0005
9/3/2023 23:45,0.376777213,0.0005
9/4/2023 0:00,0.376777213,0.0005
9/4/2023 0:15,0.376777213,0.0005
9/4/2023 0:30,0.376777213,0.0005
9/4/2023 0:45,0.399936554,0.0006
9/4/2023 1:00,0.377160934,0.0005
9/4/2023 1:15,0.449392239,0.0006
9/4/2023 1:30,0.377160934,0.0005
9/4/2023 1:45,0.377160934,0.0005
9/4/2023 2:00,0.449392239,0.0006
9/4/2023 2:15,0.532519632,0.0008
9/4/2023 2:30,0.448949413,0.0006
9/4/2023 2:45,0.448949413,0.0006
9/4/2023 3:00,0.503233779,0.0007
9/4/2023 3:15,0.399936554,0.0006
9/4/2023 3:30,0.448949413,0.0006
9/4/2023 3:45,0.448949413,0.0006
9/4/2023 4:00,0.376777213,0.0005
9/4/2023 4:15,0.314407125,0.0004
9/4/2023 4:30,0.376777213,0.0005
9/4/2023 4:45,0.376777213,0.0005
9/4/2023 5:00,0.448949413,0.0006
9/4/2023 5:15,0.423866439,0.0006
9/4/2023 5:30,0.423866439,0.0006
9/4/2023 5:45,0.423866439,0.0006
9/4/2023 6:00,0.423866439,0.0006
9/4/2023 6:15,0.594255346,0.0008
9/4/2023 6:30,0.423866439,0.0006
9/4/2023 6:45,0.423866439,0.0006
9/4/2023 7:00,0.376777213,0.0005
9/4/2023 7:15,0.314407125,0.0004
9/4/2023 7:30,0.376777213,0.0005
9/4/2023 7:45,0.448949413,0.0006
9/4/2023 8:00,0.376777213,0.0005
9/4/2023 8:15,0.376777213,0.0005
9/4/2023 8:30,0.376777213,0.0005
9/4/2023 8:45,0.376777213,0.0005
9/4/2023 9:00,0.376777213,0.0005
9/4/2023 9:15,0.448949413,0.0006
9/4/2023 9:30,0.376777213,0.0005
9/4/2023 9:45,0.503233779,0.0007
9/4/2023 10:00,0.376777213,0.0005
9/4/2023 10:15,0.334399686,0.0005
9/4/2023 10:30,0.377160934,0.0005
9/4/2023 10:45,0.448949413,0.0006
9/4/2023 11:00,0.448949413,0.0006
9/4/2023 11:15,0.376777213,0.0005
9/4/2023 11:30,0.503233779,0.0007
9/4/2023 11:45,0.448949413,0.0006
9/4/2023 12:00,0.423866439,0.0006
9/4/2023 12:15,0.423866439,0.0006
9/4/2023 12:30,0.376777213,0.0005
9/4/2023 12:45,0.448949413,0.0006
9/4/2023 13:00,0.376777213,0.0005
9/4/2023 13:15,0.448949413,0.0006
9/4/2023 13:30,0.376777213,0.0005
9/4/2023 13:45,0.503233779,0.0007
9/4/2023 14:00,0.423866439,0.0006
9/4/2023 14:15,0.377160934,0.0005
9/4/2023 14:30,0.562168481,0.0008
9/4/2023 14:45,0.423866439,0.0006
9/4/2023 15:00,0.503233779,0.0007
9/4/2023 15:15,0.377160934,0.0005
9/4/2023 15:30,0.503233779,0.0007
9/4/2023 15:45,0.423866439,0.0006
9/4/2023 16:00,0.449392239,0.0006
9/4/2023 16:15,0.295726377,0.0004
9/4/2023 16:30,0.423866439,0.0006
9/4/2023 16:45,0.423866439,0.0006
9/4/2023 17:00,0.594255346,0.0008
9/4/2023 17:15,0.35506608,0.0005
9/4/2023 17:30,0.314407125,0.0004
9/4/2023 17:45,0.35506608,0.0005
9/4/2023 18:00,0.423866439,0.0006
9/4/2023 18:15,0.35506608,0.0005
9/4/2023 18:30,0.503233779,0.0007
9/4/2023 18:45,0.377160934,0.0005
9/4/2023 19:00,0.423866439,0.0006
9/4/2023 19:15,0.449392239,0.0006
9/4/2023 19:30,0.377160934,0.0005
9/4/2023 19:45,0.314737561,0.0004
9/4/2023 20:00,0.35506608,0.0005
9/4/2023 20:15,0.423866439,0.0006
9/4/2023 20:30,0.448949413,0.0006
9/4/2023 20:45,0.376777213,0.0005
9/4/2023 21:00,0.448949413,0.0006
9/4/2023 21:15,0.448949413,0.0006
9/4/2023 21:30,0.314407125,0.0004
9/4/2023 21:45,0.423866439,0.0006
9/4/2023 22:00,0.423866439,0.0006
9/4/2023 22:15,0.35506608,0.0005
9/4/2023 22:30,0.503233779,0.0007
9/4/2023 22:45,0.423866439,0.0006
9/4/2023 23:00,0.423866439,0.0006
9/4/2023 23:15,0.35506608,0.0005
9/4/2023 23:30,0.503233779,0.0007
9/4/2023 23:45,0.423866439,0.0006
9/5/2023 0:00,0.503233779,0.0007
9/5/2023 0:15,0.423866439,0.0006
9/5/2023 0:30,0.423866439,0.0006
9/5/2023 0:45,0.423866439,0.0006
9/5/2023 1:00,0.376777213,0.0005
9/5/2023 1:15,0.448949413,0.0006
9/5/2023 1:30,0.448949413,0.0006
9/5/2023 1:45,0.532011082,0.0008
9/5/2023 2:00,0.448949413,0.0006
9/5/2023 2:15,0.448949413,0.0006
9/5/2023 2:30,0.376777213,0.0005
9/5/2023 2:45,0.376777213,0.0005
9/5/2023 3:00,0.448949413,0.0006
9/5/2023 3:15,0.334399686,0.0005
9/5/2023 3:30,0.449392239,0.0006
9/5/2023 3:45,0.449392239,0.0006
9/5/2023 4:00,0.532519632,0.0008
9/5/2023 4:15,0.314737561,0.0004
9/5/2023 4:30,0.532519632,0.0008
9/5/2023 4:45,0.6278139,0.0009
9/5/2023 5:00,0.449392239,0.0006
9/5/2023 5:15,0.503233779,0.0007
9/5/2023 5:30,0.448949413,0.0006
9/5/2023 5:45,0.594255346,0.0008
9/5/2023 6:00,0.376777213,0.0005
9/5/2023 6:15,0.448949413,0.0006
9/5/2023 6:30,0.475228568,0.0007
9/5/2023 6:45,0.399533816,0.0006
9/5/2023 7:00,0.448949413,0.0006
9/5/2023 7:15,0.334399686,0.0005
9/5/2023 7:30,0.399936554,0.0006
9/5/2023 7:45,0.399936554,0.0006
9/5/2023 8:00,0.399936554,0.0006
9/5/2023 8:15,0.475692385,0.0007
9/5/2023 8:30,0.475692385,0.0007
9/5/2023 8:45,0.475692385,0.0007
9/5/2023 9:00,0.475692385,0.0007
9/5/2023 9:15,0.423866439,0.0006
9/5/2023 9:30,0.475228568,0.0007
9/5/2023 9:45,0.399533816,0.0006
9/5/2023 10:00,0.295726377,0.0004
9/5/2023 10:15,0.503233779,0.0007
9/5/2023 10:30,0.399533816,0.0006
9/5/2023 10:45,0.475692385,0.0007
9/5/2023 11:00,0.475692385,0.0007
9/5/2023 11:15,0.475692385,0.0007
9/5/2023 11:30,0.503233779,0.0007
9/5/2023 11:45,0.423866439,0.0006
9/5/2023 12:00,0.475228568,0.0007
9/5/2023 12:15,0.399533816,0.0006
9/5/2023 12:30,0.399533816,0.0006
9/5/2023 12:45,0.399533816,0.0006
9/5/2023 13:00,0.475228568,0.0007
9/5/2023 13:15,0.475228568,0.0007
9/5/2023 13:30,0.399533816,0.0006
9/5/2023 13:45,0.448949413,0.0006
9/5/2023 14:00,0.532011082,0.0008
9/5/2023 14:15,0.475228568,0.0007
9/5/2023 14:30,0.399533816,0.0006
9/5/2023 14:45,0.562168481,0.0008
9/5/2023 15:00,0.423866439,0.0006
9/5/2023 15:15,0.35506608,0.0005
9/5/2023 15:30,0.35506608,0.0005
9/5/2023 15:45,0.399936554,0.0006
9/5/2023 16:00,0.475692385,0.0007
9/5/2023 16:15,0.334399686,0.0005
9/5/2023 16:30,0.35506608,0.0005
9/5/2023 16:45,0.35506608,0.0005
9/5/2023 17:00,0.399533816,0.0006
9/5/2023 17:15,0.399533816,0.0006
9/5/2023 17:30,0.334052279,0.0005
9/5/2023 17:45,0.399533816,0.0006
9/5/2023 18:00,0.399533816,0.0006
9/5/2023 18:15,0.35506608,0.0005
9/5/2023 18:30,0.423866439,0.0006
9/5/2023 18:45,0.423866439,0.0006
9/5/2023 19:00,0.35506608,0.0005
9/5/2023 19:15,0.475692385,0.0007
9/5/2023 19:30,0.295726377,0.0004
9/5/2023 19:45,0.35506608,0.0005
9/5/2023 20:00,0.503233779,0.0007
9/5/2023 20:15,0.295726377,0.0004
9/5/2023 20:30,0.376777213,0.0005
9/5/2023 20:45,0.423866439,0.0006
9/5/2023 21:00,0.449392239,0.0006
9/5/2023 21:15,0.503233779,0.0007
9/5/2023 21:30,0.423866439,0.0006
9/5/2023 21:45,0.448949413,0.0006
9/5/2023 22:00,0.376777213,0.0005
9/5/2023 22:15,0.448949413,0.0006
9/5/2023 22:30,0.448949413,0.0006
9/5/2023 22:45,0.503233779,0.0007
9/5/2023 23:00,0.35506608,0.0005
9/5/2023 23:15,0.423866439,0.0006
9/5/2023 23:30,0.503233779,0.0007
9/5/2023 23:45,0.423866439,0.0006
9/6/2023 0:00,0.376777213,0.0005
9/6/2023 0:15,0.503233779,0.0007
9/6/2023 0:30,0.376777213,0.0005
9/6/2023 0:45,0.503233779,0.0007
9/6/2023 1:00,0.503233779,0.0007
9/6/2023 1:15,0.503233779,0.0007
9/6/2023 1:30,0.423866439,0.0006
9/6/2023 1:45,0.448949413,0.0006
9/6/2023 2:00,0.423866439,0.0006
9/6/2023 2:15,0.377160934,0.0005
9/6/2023 2:30,0.377160934,0.0005
9/6/2023 2:45,0.377160934,0.0005
9/6/2023 3:00,0.423866439,0.0006
9/6/2023 3:15,0.449392239,0.0006
9/6/2023 3:30,0.423866439,0.0006
9/6/2023 3:45,0.503233779,0.0007
9/6/2023 4:00,0.449392239,0.0006
9/6/2023 4:15,0.449392239,0.0006
9/6/2023 4:30,0.334399686,0.0005
9/6/2023 4:45,0.448949413,0.0006
9/6/2023 5:00,0.376777213,0.0005
9/6/2023 5:15,0.376777213,0.0005
9/6/2023 5:30,0.503233779,0.0007
9/6/2023 5:45,0.376777213,0.0005
9/6/2023 6:00,0.399533816,0.0006
9/6/2023 6:15,0.503233779,0.0007
9/6/2023 6:30,0.376777213,0.0005
9/6/2023 6:45,0.376777213,0.0005
9/6/2023 7:00,0.448949413,0.0006
9/6/2023 7:15,0.399936554,0.0006
9/6/2023 7:30,0.399936554,0.0006
9/6/2023 7:45,0.377160934,0.0005
9/6/2023 8:00,0.594255346,0.0008
9/6/2023 8:15,0.449392239,0.0006
9/6/2023 8:30,0.449392239,0.0006
9/6/2023 8:45,0.449392239,0.0006
9/6/2023 9:00,0.377160934,0.0005
9/6/2023 9:15,0.334399686,0.0005
9/6/2023 9:30,0.314737561,0.0004
9/6/2023 9:45,0.449392239,0.0006
9/6/2023 10:00,0.532519632,0.0008
9/6/2023 10:15,0.314737561,0.0004
9/6/2023 10:30,0.449392239,0.0006
9/6/2023 10:45,0.449392239,0.0006
9/6/2023 11:00,0.449392239,0.0006
9/6/2023 11:15,0.449392239,0.0006
9/6/2023 11:30,0.532519632,0.0008
9/6/2023 11:45,0.594255346,0.0008
9/6/2023 12:00,0.532519632,0.0008
9/6/2023 12:15,0.449392239,0.0006
9/6/2023 12:30,0.594255346,0.0008
9/6/2023 12:45,0.503233779,0.0007
9/6/2023 13:00,0.503233779,0.0007
9/6/2023 13:15,0.448949413,0.0006
9/6/2023 13:30,0.423866439,0.0006
9/6/2023 13:45,0.503233779,0.0007
9/6/2023 14:00,0.35506608,0.0005
9/6/2023 14:15,0.423866439,0.0006
9/6/2023 14:30,0.448949413,0.0006
9/6/2023 14:45,0.376777213,0.0005
9/6/2023 15:00,0.423866439,0.0006
9/6/2023 15:15,0.503233779,0.0007
9/6/2023 15:30,0.448949413,0.0006
9/6/2023 15:45,0.503233779,0.0007
9/6/2023 16:00,0.532011082,0.0008
9/6/2023 16:15,0.503233779,0.0007
9/6/2023 16:30,0.594255346,0.0008
9/6/2023 16:45,0.503233779,0.0007
9/6/2023 17:00,0.35506608,0.0005
9/6/2023 17:15,0.35506608,0.0005
9/6/2023 17:30,0.423866439,0.0006
9/6/2023 17:45,0.377160934,0.0005
9/6/2023 18:00,0.503233779,0.0007
9/6/2023 18:15,0.423866439,0.0006
9/6/2023 18:30,0.503233779,0.0007
9/6/2023 18:45,0.423866439,0.0006
9/6/2023 19:00,0.503233779,0.0007
9/6/2023 19:15,0.503233779,0.0007
9/6/2023 19:30,0.423866439,0.0006
9/6/2023 19:45,0.503233779,0.0007
9/6/2023 20:00,0.594255346,0.0008
9/6/2023 20:15,0.314737561,0.0004
9/6/2023 20:30,0.448949413,0.0006
9/6/2023 20:45,0.423866439,0.0006
9/6/2023 21:00,0.627232548,0.0009
9/6/2023 21:15,0.532011082,0.0008
9/6/2023 21:30,0.448949413,0.0006
9/6/2023 21:45,0.532011082,0.0008
9/6/2023 22:00,0.448949413,0.0006
9/6/2023 22:15,0.627232548,0.0009
9/6/2023 22:30,0.448949413,0.0006
9/6/2023 22:45,0.503233779,0.0007
9/6/2023 23:00,0.376777213,0.0005
9/6/2023 23:15,0.423866439,0.0006
9/6/2023 23:30,0.376777213,0.0005
9/6/2023 23:45,0.448949413,0.0006
9/7/2023 0:00,0.503233779,0.0007
9/7/2023 0:15,0.532011082,0.0008
9/7/2023 0:30,0.376777213,0.0005
9/7/2023 0:45,0.503233779,0.0007
9/7/2023 1:00,0.423866439,0.0006
9/7/2023 1:15,0.423866439,0.0006
9/7/2023 1:30,0.423866439,0.0006
9/7/2023 1:45,0.423866439,0.0006
9/7/2023 2:00,0.423866439,0.0006
9/7/2023 2:15,0.423866439,0.0006
9/7/2023 2:30,0.449392239,0.0006
9/7/2023 2:45,0.423866439,0.0006
9/7/2023 3:00,0.423866439,0.0006
9/7/2023 3:15,0.423866439,0.0006
9/7/2023 3:30,0.449392239,0.0006
9/7/2023 3:45,0.449392239,0.0006
9/7/2023 4:00,0.503233779,0.0007
9/7/2023 4:15,0.449392239,0.0006
9/7/2023 4:30,0.377160934,0.0005
9/7/2023 4:45,0.377160934,0.0005
9/7/2023 5:00,0.503233779,0.0007
9/7/2023 5:15,0.449392239,0.0006
9/7/2023 5:30,0.377160934,0.0005
9/7/2023 5:45,0.35506608,0.0005
9/7/2023 6:00,0.423866439,0.0006
9/7/2023 6:15,0.35506608,0.0005
9/7/2023 6:30,0.532011082,0.0008
9/7/2023 6:45,0.503233779,0.0007
9/7/2023 7:00,0.448949413,0.0006
9/7/2023 7:15,0.376777213,0.0005
9/7/2023 7:30,0.448949413,0.0006
9/7/2023 7:45,0.448949413,0.0006
9/7/2023 8:00,0.448949413,0.0006
9/7/2023 8:15,0.448949413,0.0006
9/7/2023 8:30,0.423866439,0.0006
9/7/2023 8:45,0.503233779,0.0007
9/7/2023 9:00,0.532011082,0.0008
9/7/2023 9:15,0.532011082,0.0008
9/7/2023 9:30,0.532011082,0.0008
9/7/2023 9:45,0.532011082,0.0008
9/7/2023 10:00,0.448949413,0.0006
9/7/2023 10:15,0.503233779,0.0007
9/7/2023 10:30,0.503233779,0.0007
9/7/2023 10:45,0.594255346,0.0008
9/7/2023 11:00,0.503233779,0.0007
9/7/2023 11:15,0.423866439,0.0006
9/7/2023 11:30,0.449392239,0.0006
9/7/2023 11:45,0.813074241,0.0012
9/7/2023 12:00,0.594255346,0.0008
9/7/2023 12:15,0.448949413,0.0006
9/7/2023 12:30,0.594255346,0.0008
9/7/2023 12:45,0.448949413,0.0006
9/7/2023 13:00,0.503233779,0.0007
9/7/2023 13:15,0.423866439,0.0006
9/7/2023 13:30,0.423866439,0.0006
9/7/2023 13:45,0.423866439,0.0006
9/7/2023 14:00,0.594255346,0.0008
9/7/2023 14:15,0.562700329,0.0008
9/7/2023 14:30,0.532011082,0.0008
9/7/2023 14:45,0.448949413,0.0006
9/7/2023 15:00,0.376777213,0.0005
9/7/2023 15:15,0.376777213,0.0005
9/7/2023 15:30,0.423866439,0.0006
9/7/2023 15:45,0.423866439,0.0006
9/7/2023 16:00,0.377160934,0.0005
9/7/2023 16:15,0.475228568,0.0007
9/7/2023 16:30,0.423866439,0.0006
9/7/2023 16:45,0.423866439,0.0006
9/7/2023 17:00,0.503233779,0.0007
9/7/2023 17:15,0.377160934,0.0005
9/7/2023 17:30,0.449392239,0.0006
9/7/2023 17:45,0.314737561,0.0004
9/7/2023 18:00,0.423866439,0.0006
9/7/2023 18:15,0.423866439,0.0006
9/7/2023 18:30,0.448949413,0.0006
9/7/2023 18:45,0.532011082,0.0008
9/7/2023 19:00,0.376777213,0.0005
9/7/2023 19:15,0.376777213,0.0005
9/7/2023 19:30,0.376777213,0.0005
9/7/2023 19:45,0.334052279,0.0005
9/7/2023 20:00,0.448949413,0.0006
9/7/2023 20:15,0.448949413,0.0006
9/7/2023 20:30,0.448949413,0.0006
9/7/2023 20:45,0.448949413,0.0006
9/7/2023 21:00,0.503233779,0.0007
9/7/2023 21:15,0.399936554,0.0006
9/7/2023 21:30,0.377160934,0.0005
9/7/2023 21:45,0.377160934,0.0005
9/7/2023 22:00,0.377160934,0.0005
9/7/2023 22:15,0.449392239,0.0006
9/7/2023 22:30,0.449392239,0.0006
9/7/2023 22:45,0.449392239,0.0006
9/7/2023 23:00,0.399936554,0.0006
9/7/2023 23:15,0.475692385,0.0007
9/7/2023 23:30,0.532519632,0.0008
9/7/2023 23:45,0.449392239,0.0006
9/8/2023 0:00,0.399936554,0.0006
9/8/2023 0:15,0.399936554,0.0006
9/8/2023 0:30,0.399936554,0.0006
9/8/2023 0:45,0.377160934,0.0005
9/8/2023 1:00,0.449392239,0.0006
9/8/2023 1:15,0.334399686,0.0005
9/8/2023 1:30,0.449392239,0.0006
9/8/2023 1:45,0.377160934,0.0005
9/8/2023 2:00,0.448949413,0.0006
9/8/2023 2:15,0.399936554,0.0006
9/8/2023 2:30,0.334399686,0.0005
9/8/2023 2:45,0.448949413,0.0006
9/8/2023 3:00,0.448949413,0.0006
9/8/2023 3:15,0.448949413,0.0006
9/8/2023 3:30,0.594255346,0.0008
9/8/2023 3:45,0.532519632,0.0008
9/8/2023 4:00,0.503233779,0.0007
9/8/2023 4:15,0.449392239,0.0006
9/8/2023 4:30,0.449392239,0.0006
9/8/2023 4:45,0.532519632,0.0008
9/8/2023 5:00,0.377160934,0.0005
9/8/2023 5:15,0.532519632,0.0008
9/8/2023 5:30,0.532519632,0.0008
9/8/2023 5:45,0.399936554,0.0006
9/8/2023 6:00,0.475692385,0.0007
9/8/2023 6:15,0.532011082,0.0008
9/8/2023 6:30,0.376777213,0.0005
9/8/2023 6:45,0.376777213,0.0005
9/8/2023 7:00,0.448949413,0.0006
9/8/2023 7:15,0.448949413,0.0006
9/8/2023 7:30,0.562168481,0.0008
9/8/2023 7:45,0.399533816,0.0006
9/8/2023 8:00,0.475228568,0.0007
9/8/2023 8:15,0.532011082,0.0008
9/8/2023 8:30,0.448949413,0.0006
9/8/2023 8:45,0.448949413,0.0006
9/8/2023 9:00,0.399533816,0.0006
9/8/2023 9:15,0.532011082,0.0008
9/8/2023 9:30,0.448949413,0.0006
9/8/2023 9:45,0.532011082,0.0008
9/8/2023 10:00,0.334399686,0.0005
9/8/2023 10:15,0.334399686,0.0005
9/8/2023 10:30,0.35506608,0.0005
9/8/2023 10:45,0.399936554,0.0006
9/8/2023 11:00,0.449392239,0.0006
9/8/2023 11:15,0.562700329,0.0008
9/8/2023 11:30,0.6278139,0.0009
9/8/2023 11:45,0.562700329,0.0008
9/8/2023 12:00,0.475692385,0.0007
9/8/2023 12:15,0.532011082,0.0008
9/8/2023 12:30,0.376777213,0.0005
9/8/2023 12:45,0.448949413,0.0006
9/8/2023 13:00,0.399533816,0.0006
9/8/2023 13:15,0.594255346,0.0008
9/8/2023 13:30,0.399533816,0.0006
9/8/2023 13:45,0.532011082,0.0008
9/8/2023 14:00,0.503233779,0.0007
9/8/2023 14:15,0.376777213,0.0005
9/8/2023 14:30,0.475692385,0.0007
9/8/2023 14:45,0.532519632,0.0008
9/8/2023 15:00,0.532519632,0.0008
9/8/2023 15:15,0.377160934,0.0005
9/8/2023 15:30,0.503233779,0.0007
9/8/2023 15:45,0.423866439,0.0006
9/8/2023 16:00,0.448949413,0.0006
9/8/2023 16:15,0.377160934,0.0005
9/8/2023 16:30,0.448949413,0.0006
9/8/2023 16:45,0.448949413,0.0006
9/8/2023 17:00,0.334399686,0.0005
9/8/2023 17:15,0.448949413,0.0006
9/8/2023 17:30,0.399936554,0.0006
9/8/2023 17:45,0.334399686,0.0005
9/8/2023 18:00,0.399936554,0.0006
9/8/2023 18:15,0.377160934,0.0005
9/8/2023 18:30,0.377160934,0.0005
9/8/2023 18:45,0.449392239,0.0006
9/8/2023 19:00,0.314737561,0.0004
9/8/2023 19:15,0.449392239,0.0006
9/8/2023 19:30,0.475692385,0.0007
9/8/2023 19:45,0.334399686,0.0005
9/8/2023 20:00,0.334399686,0.0005
9/8/2023 20:15,0.334052279,0.0005
9/8/2023 20:30,0.399533816,0.0006
9/8/2023 20:45,0.399533816,0.0006
9/8/2023 21:00,0.448949413,0.0006
9/8/2023 21:15,0.399533816,0.0006
9/8/2023 21:30,0.475692385,0.0007
9/8/2023 21:45,0.475692385,0.0007
9/8/2023 22:00,0.475692385,0.0007
9/8/2023 22:15,0.562700329,0.0008
9/8/2023 22:30,0.475692385,0.0007
9/8/2023 22:45,0.475692385,0.0007
9/8/2023 23:00,0.475692385,0.0007
9/8/2023 23:15,0.475692385,0.0007
9/8/2023 23:30,0.399936554,0.0006
9/8/2023 23:45,0.475692385,0.0007
9/9/2023 0:00,0.423866439,0.0006
9/9/2023 0:15,0.399936554,0.0006
9/9/2023 0:30,0.475692385,0.0007
9/9/2023 0:45,0.475692385,0.0007
9/9/2023 1:00,0.423866439,0.0006
9/9/2023 1:15,0.399936554,0.0006
9/9/2023 1:30,0.399936554,0.0006
9/9/2023 1:45,0.423866439,0.0006
9/9/2023 2:00,0.475692385,0.0007
9/9/2023 2:15,0.475692385,0.0007
9/9/2023 2:30,0.399936554,0.0006
9/9/2023 2:45,0.475692385,0.0007
9/9/2023 3:00,0.399936554,0.0006
9/9/2023 3:15,0.399936554,0.0006
9/9/2023 3:30,0.475692385,0.0007
9/9/2023 3:45,0.35506608,0.0005
9/9/2023 4:00,0.475692385,0.0007
9/9/2023 4:15,0.475692385,0.0007
9/9/2023 4:30,0.35506608,0.0005
9/9/2023 4:45,0.334399686,0.0005
9/9/2023 5:00,0.334399686,0.0005
9/9/2023 5:15,0.475692385,0.0007
9/9/2023 5:30,0.475692385,0.0007
9/9/2023 5:45,0.475692385,0.0007
9/9/2023 6:00,0.399936554,0.0006
9/9/2023 6:15,0.399936554,0.0006
9/9/2023 6:30,0.399936554,0.0006
9/9/2023 6:45,0.399936554,0.0006
9/9/2023 7:00,0.475692385,0.0007
9/9/2023 7:15,0.35506608,0.0005
9/9/2023 7:30,0.334399686,0.0005
9/9/2023 7:45,0.399936554,0.0006
9/9/2023 8:00,0.475692385,0.0007
9/9/2023 8:15,0.334399686,0.0005
9/9/2023 8:30,0.475692385,0.0007
9/9/2023 8:45,0.475692385,0.0007
9/9/2023 9:00,0.399936554,0.0006
9/9/2023 9:15,0.475692385,0.0007
9/9/2023 9:30,0.399936554,0.0006
9/9/2023 9:45,0.35506608,0.0005
9/9/2023 10:00,0.475692385,0.0007
9/9/2023 10:15,0.399936554,0.0006
9/9/2023 10:30,0.448949413,0.0006
9/9/2023 10:45,0.399936554,0.0006
9/9/2023 11:00,0.475692385,0.0007
9/9/2023 11:15,0.399936554,0.0006
9/9/2023 11:30,0.399936554,0.0006
9/9/2023 11:45,0.475692385,0.0007
9/9/2023 12:00,0.295726377,0.0004
9/9/2023 12:15,0.562700329,0.0008
9/9/2023 12:30,0.475692385,0.0007
9/9/2023 12:45,0.399936554,0.0006
9/9/2023 13:00,0.399936554,0.0006
9/9/2023 13:15,0.532011082,0.0008
9/9/2023 13:30,0.399533816,0.0006
9/9/2023 13:45,0.399533816,0.0006
9/9/2023 14:00,0.399533816,0.0006
9/9/2023 14:15,0.532011082,0.0008
9/9/2023 14:30,0.627232548,0.0009
9/9/2023 14:45,0.532011082,0.0008
9/9/2023 15:00,0.532519632,0.0008
9/9/2023 15:15,0.6278139,0.0009
9/9/2023 15:30,0.449392239,0.0006
9/9/2023 15:45,0.377160934,0.0005
9/9/2023 16:00,0.377160934,0.0005
9/9/2023 16:15,0.448949413,0.0006
9/9/2023 16:30,0.503233779,0.0007
9/9/2023 16:45,0.376777213,0.0005
9/9/2023 17:00,0.376777213,0.0005
9/9/2023 17:15,0.448949413,0.0006
9/9/2023 17:30,0.314407125,0.0004
9/9/2023 17:45,0.376777213,0.0005
9/9/2023 18:00,0.376777213,0.0005
9/9/2023 18:15,0.448949413,0.0006
9/9/2023 18:30,0.532011082,0.0008
9/9/2023 18:45,0.448949413,0.0006
9/9/2023 19:00,0.376777213,0.0005
9/9/2023 19:15,0.448949413,0.0006
9/9/2023 19:30,0.449392239,0.0006
9/9/2023 19:45,0.399936554,0.0006
9/9/2023 20:00,0.449392239,0.0006
9/9/2023 20:15,0.449392239,0.0006
9/9/2023 20:30,0.399936554,0.0006
9/9/2023 20:45,0.334399686,0.0005
9/9/2023 21:00,0.448949413,0.0006
9/9/2023 21:15,0.376777213,0.0005
9/9/2023 21:30,0.334399686,0.0005
9/9/2023 21:45,0.399936554,0.0006
9/9/2023 22:00,0.399936554,0.0006
9/9/2023 22:15,0.449392239,0.0006
9/9/2023 22:30,0.475692385,0.0007
9/9/2023 22:45,0.448949413,0.0006
9/9/2023 23:00,0.399936554,0.0006
9/9/2023 23:15,0.399936554,0.0006
9/9/2023 23:30,0.334399686,0.0005
9/9/2023 23:45,0.334399686,0.0005
9/10/2023 0:00,0.475692385,0.0007
9/10/2023 0:15,0.399936554,0.0006
9/10/2023 0:30,0.334399686,0.0005
9/10/2023 0:45,0.475692385,0.0007
9/10/2023 1:00,0.399936554,0.0006
9/10/2023 1:15,0.399936554,0.0006
9/10/2023 1:30,0.449392239,0.0006
9/10/2023 1:45,0.449392239,0.0006
9/10/2023 2:00,0.449392239,0.0006
9/10/2023 2:15,0.449392239,0.0006
9/10/2023 2:30,0.376777213,0.0005
9/10/2023 2:45,0.278001803,0.0004
9/10/2023 3:00,0.399936554,0.0006
9/10/2023 3:15,0.475692385,0.0007
9/10/2023 3:30,0.399936554,0.0006
9/10/2023 3:45,0.399936554,0.0006
9/10/2023 4:00,0.448949413,0.0006
9/10/2023 4:15,0.448949413,0.0006
9/10/2023 4:30,0.448949413,0.0006
9/10/2023 4:45,0.532011082,0.0008
9/10/2023 5:00,0.376777213,0.0005
9/10/2023 5:15,0.376777213,0.0005
9/10/2023 5:30,0.376777213,0.0005
9/10/2023 5:45,0.334399686,0.0005
9/10/2023 6:00,0.448949413,0.0006
9/10/2023 6:15,0.399936554,0.0006
9/10/2023 6:30,0.399936554,0.0006
9/10/2023 6:45,0.377160934,0.0005
9/10/2023 7:00,0.377160934,0.0005
9/10/2023 7:15,0.377160934,0.0005
9/10/2023 7:30,0.334399686,0.0005
9/10/2023 7:45,0.377160934,0.0005
9/10/2023 8:00,0.334399686,0.0005
9/10/2023 8:15,0.314737561,0.0004
9/10/2023 8:30,0.314737561,0.0004
9/10/2023 8:45,0.314737561,0.0004
9/10/2023 9:00,0.377160934,0.0005
9/10/2023 9:15,0.449392239,0.0006
9/10/2023 9:30,0.377160934,0.0005
9/10/2023 9:45,0.449392239,0.0006
9/10/2023 10:00,0.449392239,0.0006
9/10/2023 10:15,0.532519632,0.0008
9/10/2023 10:30,0.449392239,0.0006
9/10/2023 10:45,0.532519632,0.0008
9/10/2023 11:00,0.594255346,0.0008
9/10/2023 11:15,0.377160934,0.0005
9/10/2023 11:30,0.449392239,0.0006
9/10/2023 11:45,0.377160934,0.0005
9/10/2023 12:00,0.532011082,0.0008
9/10/2023 12:15,0.376777213,0.0005
9/10/2023 12:30,0.448949413,0.0006
9/10/2023 12:45,0.423866439,0.0006
9/10/2023 13:00,0.376777213,0.0005
9/10/2023 13:15,0.448949413,0.0006
9/10/2023 13:30,0.448949413,0.0006
9/10/2023 13:45,0.448949413,0.0006
9/10/2023 14:00,0.503233779,0.0007
9/10/2023 14:15,0.35506608,0.0005
9/10/2023 14:30,0.503233779,0.0007
9/10/2023 14:45,0.423866439,0.0006
9/10/2023 15:00,0.314737561,0.0004
9/10/2023 15:15,0.423866439,0.0006
9/10/2023 15:30,0.35506608,0.0005
9/10/2023 15:45,0.475692385,0.0007
9/10/2023 16:00,0.503233779,0.0007
9/10/2023 16:15,0.503233779,0.0007
9/10/2023 16:30,0.423866439,0.0006
9/10/2023 16:45,0.503233779,0.0007
9/10/2023 17:00,0.423866439,0.0006
9/10/2023 17:15,0.503233779,0.0007
9/10/2023 17:30,0.35506608,0.0005
9/10/2023 17:45,0.423866439,0.0006
9/10/2023 18:00,0.35506608,0.0005
9/10/2023 18:15,0.35506608,0.0005
9/10/2023 18:30,0.423866439,0.0006
9/10/2023 18:45,0.376777213,0.0005
9/10/2023 19:00,0.376777213,0.0005
9/10/2023 19:15,0.35506608,0.0005
9/10/2023 19:30,0.503233779,0.0007
9/10/2023 19:45,0.423866439,0.0006
9/10/2023 20:00,0.503233779,0.0007
9/10/2023 20:15,0.423866439,0.0006
9/10/2023 20:30,0.423866439,0.0006
9/10/2023 20:45,0.423866439,0.0006
9/10/2023 21:00,0.423866439,0.0006
9/10/2023 21:15,0.423866439,0.0006
9/10/2023 21:30,0.423866439,0.0006
9/10/2023 21:45,0.314407125,0.0004
9/10/2023 22:00,0.423866439,0.0006
9/10/2023 22:15,0.423866439,0.0006
9/10/2023 22:30,0.35506608,0.0005
9/10/2023 22:45,0.376777213,0.0005
9/10/2023 23:00,0.423866439,0.0006
9/10/2023 23:15,0.35506608,0.0005
9/10/2023 23:30,0.423866439,0.0006
9/10/2023 23:45,0.423866439,0.0006
9/11/2023 0:00,0.35506608,0.0005
9/11/2023 0:15,0.423866439,0.0006
9/11/2023 0:30,0.35506608,0.0005
9/11/2023 0:45,0.423866439,0.0006
9/11/2023 1:00,0.376777213,0.0005
9/11/2023 1:15,0.376777213,0.0005
9/11/2023 1:30,0.314407125,0.0004
9/11/2023 1:45,0.35506608,0.0005
9/11/2023 2:00,0.35506608,0.0005
9/11/2023 2:15,0.423866439,0.0006
9/11/2023 2:30,0.423866439,0.0006
9/11/2023 2:45,0.423866439,0.0006
9/11/2023 3:00,0.399936554,0.0006
9/11/2023 3:15,0.503233779,0.0007
9/11/2023 3:30,0.423866439,0.0006
9/11/2023 3:45,0.423866439,0.0006
9/11/2023 4:00,0.423866439,0.0006
9/11/2023 4:15,0.35506608,0.0005
9/11/2023 4:30,0.399533816,0.0006
9/11/2023 4:45,0.399533816,0.0006
9/11/2023 5:00,0.399533816,0.0006
9/11/2023 5:15,0.475228568,0.0007
9/11/2023 5:30,0.399533816,0.0006
9/11/2023 5:45,0.475228568,0.0007
9/11/2023 6:00,0.399533816,0.0006
9/11/2023 6:15,0.562168481,0.0008
9/11/2023 6:30,0.423866439,0.0006
9/11/2023 6:45,0.562700329,0.0008
9/11/2023 7:00,0.562700329,0.0008
9/11/2023 7:15,0.562700329,0.0008
9/11/2023 7:30,0.423866439,0.0006
9/11/2023 7:45,0.475692385,0.0007
9/11/2023 8:00,0.562700329,0.0008
9/11/2023 8:15,0.423866439,0.0006
9/11/2023 8:30,0.594255346,0.0008
9/11/2023 8:45,0.423866439,0.0006
9/11/2023 9:00,0.423866439,0.0006
9/11/2023 9:15,0.503233779,0.0007
9/11/2023 9:30,0.35506608,0.0005
9/11/2023 9:45,0.503233779,0.0007
9/11/2023 10:00,0.399936554,0.0006
9/11/2023 10:15,0.35506608,0.0005
9/11/2023 10:30,0.475692385,0.0007
9/11/2023 10:45,0.475692385,0.0007
9/11/2023 11:00,0.475692385,0.0007
9/11/2023 11:15,0.475692385,0.0007
9/11/2023 11:30,0.662288516,0.0009
9/11/2023 11:45,0.562700329,0.0008
9/11/2023 12:00,0.503233779,0.0007
9/11/2023 12:15,0.475228568,0.0007
9/11/2023 12:30,0.532011082,0.0008
9/11/2023 12:45,0.399533816,0.0006
9/11/2023 13:00,0.503233779,0.0007
9/11/2023 13:15,0.562168481,0.0008
9/11/2023 13:30,0.475228568,0.0007
9/11/2023 13:45,0.399533816,0.0006
9/11/2023 14:00,0.399533816,0.0006
9/11/2023 14:15,0.475228568,0.0007
9/11/2023 14:30,0.475692385,0.0007
9/11/2023 14:45,0.475692385,0.0007
9/11/2023 15:00,0.399936554,0.0006
9/11/2023 15:15,0.334399686,0.0005
9/11/2023 15:30,0.399936554,0.0006
9/11/2023 15:45,0.475692385,0.0007
9/11/2023 16:00,0.475692385,0.0007
9/11/2023 16:15,0.475692385,0.0007
9/11/2023 16:30,0.334399686,0.0005
9/11/2023 16:45,0.399936554,0.0006
9/11/2023 17:00,0.399936554,0.0006
9/11/2023 17:15,0.399936554,0.0006
9/11/2023 17:30,0.399936554,0.0006
9/11/2023 17:45,0.35506608,0.0005
9/11/2023 18:00,0.475692385,0.0007
9/11/2023 18:15,0.399936554,0.0006
9/11/2023 18:30,0.399936554,0.0006
9/11/2023 18:45,0.475228568,0.0007
9/11/2023 19:00,0.399533816,0.0006
9/11/2023 19:15,0.399533816,0.0006
9/11/2023 19:30,0.475228568,0.0007
9/11/2023 19:45,0.399533816,0.0006
9/11/2023 20:00,0.399533816,0.0006
9/11/2023 20:15,0.35506608,0.0005
9/11/2023 20:30,0.314407125,0.0004
9/11/2023 20:45,0.35506608,0.0005
9/11/2023 21:00,0.295726377,0.0004
9/11/2023 21:15,0.314407125,0.0004
9/11/2023 21:30,0.503233779,0.0007
9/11/2023 21:45,0.423866439,0.0006
9/11/2023 22:00,0.423866439,0.0006
9/11/2023 22:15,0.35506608,0.0005
9/11/2023 22:30,0.503233779,0.0007
9/11/2023 22:45,0.35506608,0.0005
9/11/2023 23:00,0.503233779,0.0007
9/11/2023 23:15,0.423866439,0.0006
9/11/2023 23:30,0.503233779,0.0007
9/11/2023 23:45,0.423866439,0.0006
9/12/2023 0:00,0.377160934,0.0005
9/12/2023 0:15,0.449392239,0.0006
9/12/2023 0:30,0.377160934,0.0005
9/12/2023 0:45,0.449392239,0.0006
9/12/2023 1:00,0.449392239,0.0006
9/12/2023 1:15,0.503233779,0.0007
9/12/2023 1:30,0.377160934,0.0005
9/12/2023 1:45,0.423866439,0.0006
9/12/2023 2:00,0.423866439,0.0006
9/12/2023 2:15,0.423866439,0.0006
9/12/2023 2:30,0.423866439,0.0006
9/12/2023 2:45,0.503233779,0.0007
9/12/2023 3:00,0.35506608,0.0005
9/12/2023 3:15,0.475692385,0.0007
9/12/2023 3:30,0.423866439,0.0006
9/12/2023 3:45,0.697696671,0.001
9/12/2023 4:00,0.594255346,0.0008
9/12/2023 4:15,0.772537527,0.0011
9/12/2023 4:30,0.772537527,0.0011
9/12/2023 4:45,0.897832276,0.0013
9/12/2023 5:00,0.772537527,0.0011
9/12/2023 5:15,0.898594154,0.0013
9/12/2023 5:30,0.773210393,0.0011
9/12/2023 5:45,0.773210393,0.0011
9/12/2023 6:00,0.773210393,0.0011
9/12/2023 6:15,0.773210393,0.0011
9/12/2023 6:30,0.734975191,0.001
9/12/2023 6:45,0.662288516,0.0009
9/12/2023 7:00,0.662288516,0.0009
9/12/2023 7:15,0.773210393,0.0011
9/12/2023 7:30,0.503233779,0.0007
9/12/2023 7:45,0.662288516,0.0009
9/12/2023 8:00,0.562700329,0.0008
9/12/2023 8:15,0.734975191,0.001
9/12/2023 8:30,0.503233779,0.0007
9/12/2023 8:45,0.503233779,0.0007
9/12/2023 9:00,0.562700329,0.0008
9/12/2023 9:15,0.503233779,0.0007
9/12/2023 9:30,0.594255346,0.0008
9/12/2023 9:45,0.503233779,0.0007
9/12/2023 10:00,0.562700329,0.0008
9/12/2023 10:15,0.423866439,0.0006
9/12/2023 10:30,0.423866439,0.0006
9/12/2023 10:45,0.423866439,0.0006
9/12/2023 11:00,0.503233779,0.0007
9/12/2023 11:15,0.503233779,0.0007
9/12/2023 11:30,0.562700329,0.0008
9/12/2023 11:45,0.475692385,0.0007
9/12/2023 12:00,0.503233779,0.0007
9/12/2023 12:15,0.662288516,0.0009
9/12/2023 12:30,0.662288516,0.0009
9/12/2023 12:45,0.662288516,0.0009
9/12/2023 13:00,0.773210393,0.0011
9/12/2023 13:15,0.562700329,0.0008
9/12/2023 13:30,0.562168481,0.0008
9/12/2023 13:45,0.734329938,0.001
9/12/2023 14:00,0.334399686,0.0005
9/12/2023 14:15,0.562700329,0.0008
9/12/2023 14:30,0.6278139,0.0009
9/12/2023 14:45,0.532519632,0.0008
9/12/2023 15:00,0.6278139,0.0009
9/12/2023 15:15,0.532519632,0.0008
9/12/2023 15:30,0.532519632,0.0008
9/12/2023 15:45,0.475692385,0.0007
9/12/2023 16:00,0.562700329,0.0008
9/12/2023 16:15,0.334399686,0.0005
9/12/2023 16:30,0.562700329,0.0008
9/12/2023 16:45,0.475692385,0.0007
9/12/2023 17:00,0.399936554,0.0006
9/12/2023 17:15,0.399936554,0.0006
9/12/2023 17:30,0.532011082,0.0008
9/12/2023 17:45,0.475692385,0.0007
9/12/2023 18:00,0.399936554,0.0006
9/12/2023 18:15,0.562700329,0.0008
9/12/2023 18:30,0.475692385,0.0007
9/12/2023 18:45,0.448949413,0.0006
9/12/2023 19:00,0.399936554,0.0006
9/12/2023 19:15,0.448949413,0.0006
9/12/2023 19:30,0.475692385,0.0007
9/12/2023 19:45,0.399936554,0.0006
9/12/2023 20:00,0.475692385,0.0007
9/12/2023 20:15,0.475692385,0.0007
9/12/2023 20:30,0.35506608,0.0005
9/12/2023 20:45,0.475692385,0.0007
9/12/2023 21:00,0.475692385,0.0007
9/12/2023 21:15,0.475692385,0.0007
9/12/2023 21:30,0.562700329,0.0008
9/12/2023 21:45,0.475692385,0.0007
9/12/2023 22:00,0.562700329,0.0008
9/12/2023 22:15,0.475692385,0.0007
9/12/2023 22:30,0.399936554,0.0006
9/12/2023 22:45,0.627232548,0.0009
9/12/2023 23:00,0.562700329,0.0008
9/12/2023 23:15,0.399936554,0.0006
9/12/2023 23:30,0.399936554,0.0006
9/12/2023 23:45,0.562700329,0.0008
9/13/2023 0:00,0.399936554,0.0006
9/13/2023 0:15,0.475692385,0.0007
9/13/2023 0:30,0.532519632,0.0008
9/13/2023 0:45,0.532519632,0.0008
9/13/2023 1:00,0.475692385,0.0007
9/13/2023 1:15,0.449392239,0.0006
9/13/2023 1:30,0.562700329,0.0008
9/13/2023 1:45,0.475692385,0.0007
9/13/2023 2:00,0.399936554,0.0006
9/13/2023 2:15,0.448949413,0.0006
9/13/2023 2:30,0.376777213,0.0005
9/13/2023 2:45,0.376777213,0.0005
9/13/2023 3:00,0.376777213,0.0005
9/13/2023 3:15,0.448949413,0.0006
9/13/2023 3:30,0.532011082,0.0008
9/13/2023 3:45,0.399533816,0.0006
9/13/2023 4:00,0.448949413,0.0006
9/13/2023 4:15,0.594255346,0.0008
9/13/2023 4:30,0.627232548,0.0009
9/13/2023 4:45,0.448949413,0.0006
9/13/2023 5:00,0.697696671,0.001
9/13/2023 5:15,0.532011082,0.0008
9/13/2023 5:30,0.448949413,0.0006
9/13/2023 5:45,0.594255346,0.0008
9/13/2023 6:00,0.532519632,0.0008
9/13/2023 6:15,0.532519632,0.0008
9/13/2023 6:30,0.448949413,0.0006
9/13/2023 6:45,0.376777213,0.0005
9/13/2023 7:00,0.448949413,0.0006
9/13/2023 7:15,0.448949413,0.0006
9/13/2023 7:30,0.448949413,0.0006
9/13/2023 7:45,0.448949413,0.0006
9/13/2023 8:00,0.448949413,0.0006
9/13/2023 8:15,0.376777213,0.0005
9/13/2023 8:30,0.627232548,0.0009
9/13/2023 8:45,0.376777213,0.0005
9/13/2023 9:00,0.448949413,0.0006
9/13/2023 9:15,0.448949413,0.0006
9/13/2023 9:30,0.448949413,0.0006
9/13/2023 9:45,0.376777213,0.0005
9/13/2023 10:00,0.448949413,0.0006
9/13/2023 10:15,0.448949413,0.0006
9/13/2023 10:30,0.532011082,0.0008
9/13/2023 10:45,0.376777213,0.0005
9/13/2023 11:00,0.448949413,0.0006
9/13/2023 11:15,0.399533816,0.0006
9/13/2023 11:30,0.813074241,0.0012
9/13/2023 11:45,0.697696671,0.001
9/13/2023 12:00,0.734329938,0.001
9/13/2023 12:15,0.697696671,0.001
9/13/2023 12:30,0.532519632,0.0008
9/13/2023 12:45,0.532519632,0.0008
9/13/2023 13:00,0.449392239,0.0006
9/13/2023 13:15,0.448949413,0.0006
9/13/2023 13:30,0.503233779,0.0007
9/13/2023 13:45,0.594255346,0.0008
9/13/2023 14:00,0.594255346,0.0008
9/13/2023 14:15,0.594255346,0.0008
9/13/2023 14:30,0.594255346,0.0008
9/13/2023 14:45,0.532011082,0.0008
9/13/2023 15:00,0.503233779,0.0007
9/13/2023 15:15,0.503233779,0.0007
9/13/2023 15:30,0.448949413,0.0006
9/13/2023 15:45,0.594255346,0.0008
9/13/2023 16:00,0.503233779,0.0007
9/13/2023 16:15,0.314737561,0.0004
9/13/2023 16:30,0.35506608,0.0005
9/13/2023 16:45,0.423866439,0.0006
9/13/2023 17:00,0.423866439,0.0006
9/13/2023 17:15,0.503233779,0.0007
9/13/2023 17:30,0.35506608,0.0005
9/13/2023 17:45,0.423866439,0.0006
9/13/2023 18:00,0.423866439,0.0006
9/13/2023 18:15,0.423866439,0.0006
9/13/2023 18:30,0.35506608,0.0005
9/13/2023 18:45,0.503233779,0.0007
9/13/2023 19:00,0.448949413,0.0006
9/13/2023 19:15,0.448949413,0.0006
9/13/2023 19:30,0.423866439,0.0006
9/13/2023 19:45,0.423866439,0.0006
9/13/2023 20:00,0.35506608,0.0005
9/13/2023 20:15,0.376777213,0.0005
9/13/2023 20:30,0.503233779,0.0007
9/13/2023 20:45,0.532519632,0.0008
9/13/2023 21:00,0.449392239,0.0006
9/13/2023 21:15,0.503233779,0.0007
9/13/2023 21:30,0.449392239,0.0006
9/13/2023 21:45,0.399936554,0.0006
9/13/2023 22:00,0.449392239,0.0006
9/13/2023 22:15,0.449392239,0.0006
9/13/2023 22:30,0.449392239,0.0006
9/13/2023 22:45,0.449392239,0.0006
9/13/2023 23:00,0.503233779,0.0007
9/13/2023 23:15,0.449392239,0.0006
9/13/2023 23:30,0.449392239,0.0006
9/13/2023 23:45,0.377160934,0.0005
9/14/2023 0:00,0.449392239,0.0006
9/14/2023 0:15,0.449392239,0.0006
9/14/2023 0:30,0.448949413,0.0006
9/14/2023 0:45,0.594255346,0.0008
9/14/2023 1:00,0.399936554,0.0006
9/14/2023 1:15,0.503233779,0.0007
9/14/2023 1:30,0.532519632,0.0008
9/14/2023 1:45,0.503233779,0.0007
9/14/2023 2:00,0.503233779,0.0007
9/14/2023 2:15,0.503233779,0.0007
9/14/2023 2:30,0.532011082,0.0008
9/14/2023 2:45,0.503233779,0.0007
9/14/2023 3:00,0.503233779,0.0007
9/14/2023 3:15,0.448949413,0.0006
9/14/2023 3:30,0.594255346,0.0008
9/14/2023 3:45,0.448949413,0.0006
9/14/2023 4:00,0.532011082,0.0008
9/14/2023 4:15,0.532011082,0.0008
9/14/2023 4:30,0.594255346,0.0008
9/14/2023 4:45,0.503233779,0.0007
9/14/2023 5:00,0.594255346,0.0008
9/14/2023 5:15,0.448949413,0.0006
9/14/2023 5:30,0.662288516,0.0009
9/14/2023 5:45,0.448949413,0.0006
9/14/2023 6:00,0.594255346,0.0008
9/14/2023 6:15,0.448949413,0.0006
9/14/2023 6:30,0.449392239,0.0006
9/14/2023 6:45,0.449392239,0.0006
9/14/2023 7:00,0.449392239,0.0006
9/14/2023 7:15,0.448949413,0.0006
9/14/2023 7:30,0.532011082,0.0008
9/14/2023 7:45,0.448949413,0.0006
9/14/2023 8:00,0.399533816,0.0006
9/14/2023 8:15,0.475228568,0.0007
9/14/2023 8:30,0.627232548,0.0009
9/14/2023 8:45,0.399533816,0.0006
9/14/2023 9:00,0.399533816,0.0006
9/14/2023 9:15,0.448949413,0.0006
9/14/2023 9:30,0.295726377,0.0004
9/14/2023 9:45,0.376777213,0.0005
9/14/2023 10:00,0.376777213,0.0005
9/14/2023 10:15,0.334399686,0.0005
9/14/2023 10:30,0.399936554,0.0006
9/14/2023 10:45,0.448949413,0.0006
9/14/2023 11:00,0.376777213,0.0005
9/14/2023 11:15,0.448949413,0.0006
9/14/2023 11:30,0.448949413,0.0006
9/14/2023 11:45,0.448949413,0.0006
9/14/2023 12:00,0.448949413,0.0006
9/14/2023 12:15,0.448949413,0.0006
9/14/2023 12:30,0.376777213,0.0005
9/14/2023 12:45,0.448949413,0.0006
9/14/2023 13:00,0.475228568,0.0007
9/14/2023 13:15,0.475228568,0.0007
9/14/2023 13:30,0.475228568,0.0007
9/14/2023 13:45,0.448949413,0.0006
9/14/2023 14:00,0.448949413,0.0006
9/14/2023 14:15,0.532011082,0.0008
9/14/2023 14:30,0.813074241,0.0012
9/14/2023 14:45,1.200201638,0.0017
9/14/2023 15:00,1.974887489,0.0028
9/14/2023 15:15,1.512591988,0.0021
9/14/2023 15:30,1.040422536,0.0015
9/14/2023 15:45,1.808626597,0.0026
9/14/2023 16:00,1.973413743,0.0028
9/14/2023 16:15,2.880982424,0.0041
9/14/2023 16:30,2.880982424,0.0041
9/14/2023 16:45,2.546942543,0.0036
9/14/2023 17:00,3.36806233,0.0048
9/14/2023 17:15,2.880982424,0.0041
9/14/2023 17:30,2.766400111,0.0039
9/14/2023 17:45,3.869827791,0.0055
9/14/2023 18:00,6.694025856,0.0095
9/14/2023 18:15,2.655819812,0.0038
9/14/2023 18:30,2.247064306,0.0032
9/14/2023 18:45,2.343658254,0.0033
9/14/2023 19:00,2.247064306,0.0032
9/14/2023 19:15,2.247064306,0.0032
9/14/2023 19:30,2.061973956,0.0029
9/14/2023 19:45,1.808626597,0.0026
9/14/2023 20:00,2.061973956,0.0029
9/14/2023 20:15,1.88950475,0.0027
9/14/2023 20:30,1.582185684,0.0022
9/14/2023 20:45,1.582185684,0.0022
9/14/2023 21:00,1.582185684,0.0022
9/14/2023 21:15,1.582185684,0.0022
9/14/2023 21:30,1.582185684,0.0022
9/14/2023 21:45,1.379054109,0.002
9/14/2023 22:00,1.444465427,0.002
9/14/2023 22:15,1.379054109,0.002
9/14/2023 22:30,1.444465427,0.002
9/14/2023 22:45,2.060445487,0.0029
9/14/2023 23:00,1.379054109,0.002
9/14/2023 23:15,1.580963352,0.0022
9/14/2023 23:30,1.444465427,0.002
9/14/2023 23:45,1.091323134,0.0015
9/15/2023 0:00,1.091323134,0.0015
9/15/2023 0:15,1.444465427,0.002
9/15/2023 0:30,0.943706503,0.0013
9/15/2023 0:45,0.943706503,0.0013
9/15/2023 1:00,1.091323134,0.0015
9/15/2023 1:15,0.855352982,0.0012
9/15/2023 1:30,0.943706503,0.0013
9/15/2023 1:45,1.199233184,0.0017
9/15/2023 2:00,0.991502273,0.0014
9/15/2023 2:15,1.091323134,0.0015
9/15/2023 2:30,0.943706503,0.0013
9/15/2023 2:45,0.813074241,0.0012
9/15/2023 3:00,0.813074241,0.0012
9/15/2023 3:15,0.813074241,0.0012
9/15/2023 3:30,0.813074241,0.0012
9/15/2023 3:45,0.943706503,0.0013
9/15/2023 4:00,0.943706503,0.0013
9/15/2023 4:15,0.734329938,0.001
9/15/2023 4:30,0.854621561,0.0012
9/15/2023 4:45,1.091323134,0.0015
9/15/2023 5:00,0.943706503,0.0013
9/15/2023 5:15,0.734329938,0.001
9/15/2023 5:30,0.813074241,0.0012
9/15/2023 5:45,0.813074241,0.0012
9/15/2023 6:00,0.855352982,0.0012
9/15/2023 6:15,0.734975191,0.001
9/15/2023 6:30,0.734975191,0.001
9/15/2023 6:45,0.734975191,0.001
9/15/2023 7:00,0.855352982,0.0012
9/15/2023 7:15,0.813074241,0.0012
9/15/2023 7:30,0.734329938,0.001
9/15/2023 7:45,0.627232548,0.0009
9/15/2023 8:00,0.627232548,0.0009
9/15/2023 8:15,0.734329938,0.001
9/15/2023 8:30,0.532011082,0.0008
9/15/2023 8:45,0.562168481,0.0008
9/15/2023 9:00,0.661681355,0.0009
9/15/2023 9:15,0.661681355,0.0009
9/15/2023 9:30,0.399533816,0.0006
9/15/2023 9:45,0.423866439,0.0006
9/15/2023 10:00,0.475692385,0.0007
9/15/2023 10:15,0.35506608,0.0005
9/15/2023 10:30,0.423866439,0.0006
9/15/2023 10:45,0.562700329,0.0008
9/15/2023 11:00,0.562700329,0.0008
9/15/2023 11:15,0.662288516,0.0009
9/15/2023 11:30,0.503233779,0.0007
9/15/2023 11:45,0.662288516,0.0009
9/15/2023 12:00,0.475692385,0.0007
9/15/2023 12:15,0.562700329,0.0008
9/15/2023 12:30,0.562700329,0.0008
9/15/2023 12:45,0.475228568,0.0007
9/15/2023 13:00,0.562168481,0.0008
9/15/2023 13:15,0.399533816,0.0006
9/15/2023 13:30,0.423866439,0.0006
9/15/2023 13:45,0.475692385,0.0007
9/15/2023 14:00,0.399936554,0.0006
9/15/2023 14:15,0.475692385,0.0007
9/15/2023 14:30,0.475692385,0.0007
9/15/2023 14:45,0.399936554,0.0006
9/15/2023 15:00,0.334399686,0.0005
9/15/2023 15:15,0.399936554,0.0006
9/15/2023 15:30,0.475692385,0.0007
9/15/2023 15:45,0.399533816,0.0006
9/15/2023 16:00,0.399533816,0.0006
9/15/2023 16:15,0.35506608,0.0005
9/15/2023 16:30,0.334399686,0.0005
9/15/2023 16:45,0.562700329,0.0008
9/15/2023 17:00,0.399936554,0.0006
9/15/2023 17:15,0.562700329,0.0008
9/15/2023 17:30,0.627232548,0.0009
9/15/2023 17:45,0.475692385,0.0007
9/15/2023 18:00,0.423866439,0.0006
9/15/2023 18:15,0.35506608,0.0005
9/15/2023 18:30,0.475228568,0.0007
9/15/2023 18:45,0.399533816,0.0006
9/15/2023 19:00,0.399533816,0.0006
9/15/2023 19:15,0.475692385,0.0007
9/15/2023 19:30,0.423866439,0.0006
9/15/2023 19:45,0.35506608,0.0005
9/15/2023 20:00,0.399936554,0.0006
9/15/2023 20:15,0.35506608,0.0005
9/15/2023 20:30,0.562700329,0.0008
9/15/2023 20:45,0.562700329,0.0008
9/15/2023 21:00,0.475692385,0.0007
9/15/2023 21:15,0.475692385,0.0007
9/15/2023 21:30,0.35506608,0.0005
9/15/2023 21:45,0.423866439,0.0006
9/15/2023 22:00,0.423866439,0.0006
9/15/2023 22:15,0.562700329,0.0008
9/15/2023 22:30,0.562700329,0.0008
9/15/2023 22:45,0.423866439,0.0006
9/15/2023 23:00,0.662288516,0.0009
9/15/2023 23:15,0.475692385,0.0007
9/15/2023 23:30,0.562700329,0.0008
9/15/2023 23:45,0.662288516,0.0009
9/16/2023 0:00,0.475692385,0.0007
9/16/2023 0:15,0.503233779,0.0007
9/16/2023 0:30,0.503233779,0.0007
9/16/2023 0:45,0.503233779,0.0007
9/16/2023 1:00,0.562700329,0.0008
9/16/2023 1:15,0.503233779,0.0007
9/16/2023 1:30,0.594255346,0.0008
9/16/2023 1:45,0.562700329,0.0008
9/16/2023 2:00,0.423866439,0.0006
9/16/2023 2:15,0.475692385,0.0007
9/16/2023 2:30,0.594255346,0.0008
9/16/2023 2:45,0.594255346,0.0008
9/16/2023 3:00,0.562700329,0.0008
9/16/2023 3:15,0.562700329,0.0008
9/16/2023 3:30,0.662288516,0.0009
9/16/2023 3:45,0.562700329,0.0008
9/16/2023 4:00,0.662288516,0.0009
9/16/2023 4:15,0.562700329,0.0008
9/16/2023 4:30,0.734975191,0.001
9/16/2023 4:45,0.594255346,0.0008
9/16/2023 5:00,0.594255346,0.0008
9/16/2023 5:15,0.662288516,0.0009
9/16/2023 5:30,0.503233779,0.0007
9/16/2023 5:45,0.562700329,0.0008
9/16/2023 6:00,0.503233779,0.0007
9/16/2023 6:15,0.503233779,0.0007
9/16/2023 6:30,0.697696671,0.001
9/16/2023 6:45,0.503233779,0.0007
9/16/2023 7:00,0.532519632,0.0008
9/16/2023 7:15,0.594255346,0.0008
9/16/2023 7:30,0.697696671,0.001
9/16/2023 7:45,0.697696671,0.001
9/16/2023 8:00,0.532011082,0.0008
9/16/2023 8:15,0.594255346,0.0008
9/16/2023 8:30,0.532011082,0.0008
9/16/2023 8:45,0.532011082,0.0008
9/16/2023 9:00,0.399533816,0.0006
9/16/2023 9:15,0.448949413,0.0006
9/16/2023 9:30,0.376777213,0.0005
9/16/2023 9:45,0.376777213,0.0005
9/16/2023 10:00,0.334399686,0.0005
9/16/2023 10:15,0.229674219,0.0003
9/16/2023 10:30,0.334399686,0.0005
9/16/2023 10:45,0.377160934,0.0005
9/16/2023 11:00,0.449392239,0.0006
9/16/2023 11:15,0.399936554,0.0006
9/16/2023 11:30,0.532011082,0.0008
9/16/2023 11:45,0.448949413,0.0006
9/16/2023 12:00,0.448949413,0.0006
9/16/2023 12:15,0.448949413,0.0006
9/16/2023 12:30,0.448949413,0.0006
9/16/2023 12:45,0.376777213,0.0005
9/16/2023 13:00,0.448949413,0.0006
9/16/2023 13:15,0.376777213,0.0005
9/16/2023 13:30,0.376777213,0.0005
9/16/2023 13:45,0.448949413,0.0006
9/16/2023 14:00,0.423866439,0.0006
9/16/2023 14:15,0.376777213,0.0005
9/16/2023 14:30,0.376777213,0.0005
9/16/2023 14:45,0.448949413,0.0006
9/16/2023 15:00,0.448949413,0.0006
9/16/2023 15:15,0.423866439,0.0006
9/16/2023 15:30,0.423866439,0.0006
9/16/2023 15:45,0.503233779,0.0007
9/16/2023 16:00,0.423866439,0.0006
9/16/2023 16:15,0.35506608,0.0005
9/16/2023 16:30,0.376777213,0.0005
9/16/2023 16:45,0.314407125,0.0004
9/16/2023 17:00,0.448949413,0.0006
9/16/2023 17:15,0.376777213,0.0005
9/16/2023 17:30,0.376777213,0.0005
9/16/2023 17:45,0.314407125,0.0004
9/16/2023 18:00,0.376777213,0.0005
9/16/2023 18:15,0.376777213,0.0005
9/16/2023 18:30,0.448949413,0.0006
9/16/2023 18:45,0.448949413,0.0006
9/16/2023 19:00,0.448949413,0.0006
9/16/2023 19:15,0.503233779,0.0007
9/16/2023 19:30,0.448949413,0.0006
9/16/2023 19:45,0.448949413,0.0006
9/16/2023 20:00,0.334052279,0.0005
9/16/2023 20:15,0.448949413,0.0006
9/16/2023 20:30,0.503233779,0.0007
9/16/2023 20:45,0.376777213,0.0005
9/16/2023 21:00,0.448949413,0.0006
9/16/2023 21:15,0.448949413,0.0006
9/16/2023 21:30,0.399936554,0.0006
9/16/2023 21:45,0.377160934,0.0005
9/16/2023 22:00,0.475692385,0.0007
9/16/2023 22:15,0.449392239,0.0006
9/16/2023 22:30,0.475692385,0.0007
9/16/2023 22:45,0.532519632,0.0008
9/16/2023 23:00,0.449392239,0.0006
9/16/2023 23:15,0.449392239,0.0006
9/16/2023 23:30,0.449392239,0.0006
9/16/2023 23:45,0.377160934,0.0005
9/17/2023 0:00,0.532011082,0.0008
9/17/2023 0:15,0.475692385,0.0007
9/17/2023 0:30,0.475692385,0.0007
9/17/2023 0:45,0.475692385,0.0007
9/17/2023 1:00,0.6278139,0.0009
9/17/2023 1:15,0.532519632,0.0008
9/17/2023 1:30,0.377160934,0.0005
9/17/2023 1:45,0.449392239,0.0006
9/17/2023 2:00,0.377160934,0.0005
9/17/2023 2:15,0.449392239,0.0006
9/17/2023 2:30,0.449392239,0.0006
9/17/2023 2:45,0.532519632,0.0008
9/17/2023 3:00,0.532519632,0.0008
9/17/2023 3:15,0.532519632,0.0008
9/17/2023 3:30,0.594255346,0.0008
9/17/2023 3:45,0.475692385,0.0007
9/17/2023 4:00,0.532519632,0.0008
9/17/2023 4:15,0.697696671,0.001
9/17/2023 4:30,0.532519632,0.0008
9/17/2023 4:45,0.594255346,0.0008
9/17/2023 5:00,0.532519632,0.0008
9/17/2023 5:15,0.532519632,0.0008
9/17/2023 5:30,0.475692385,0.0007
9/17/2023 5:45,0.449392239,0.0006
9/17/2023 6:00,0.594255346,0.0008
9/17/2023 6:15,0.449392239,0.0006
9/17/2023 6:30,0.594255346,0.0008
9/17/2023 6:45,0.6278139,0.0009
9/17/2023 7:00,0.594255346,0.0008
9/17/2023 7:15,0.449392239,0.0006
9/17/2023 7:30,0.6278139,0.0009
9/17/2023 7:45,0.475692385,0.0007
9/17/2023 8:00,0.475692385,0.0007
9/17/2023 8:15,0.532011082,0.0008
9/17/2023 8:30,0.532011082,0.0008
9/17/2023 8:45,0.532011082,0.0008
9/17/2023 9:00,0.334399686,0.0005
9/17/2023 9:15,0.532011082,0.0008
9/17/2023 9:30,0.376777213,0.0005
9/17/2023 9:45,0.376777213,0.0005
9/17/2023 10:00,0.314407125,0.0004
9/17/2023 10:15,0.334052279,0.0005
9/17/2023 10:30,0.376777213,0.0005
9/17/2023 10:45,0.448949413,0.0006
9/17/2023 11:00,0.448949413,0.0006
9/17/2023 11:15,0.532011082,0.0008
9/17/2023 11:30,0.376777213,0.0005
9/17/2023 11:45,0.448949413,0.0006
9/17/2023 12:00,0.627232548,0.0009
9/17/2023 12:15,0.594255346,0.0008
9/17/2023 12:30,0.449392239,0.0006
9/17/2023 12:45,0.532519632,0.0008
9/17/2023 13:00,0.376777213,0.0005
9/17/2023 13:15,0.448949413,0.0006
9/17/2023 13:30,0.532011082,0.0008
9/17/2023 13:45,0.423866439,0.0006
9/17/2023 14:00,0.503233779,0.0007
9/17/2023 14:15,0.594255346,0.0008
9/17/2023 14:30,0.503233779,0.0007
9/17/2023 14:45,0.423866439,0.0006
9/17/2023 15:00,0.423866439,0.0006
9/17/2023 15:15,0.423866439,0.0006
9/17/2023 15:30,0.449392239,0.0006
9/17/2023 15:45,0.503233779,0.0007
9/17/2023 16:00,0.35506608,0.0005
9/17/2023 16:15,0.35506608,0.0005
9/17/2023 16:30,0.423866439,0.0006
9/17/2023 16:45,0.35506608,0.0005
9/17/2023 17:00,0.35506608,0.0005
9/17/2023 17:15,0.35506608,0.0005
9/17/2023 17:30,0.423866439,0.0006
9/17/2023 17:45,0.423866439,0.0006
9/17/2023 18:00,0.423866439,0.0006
9/17/2023 18:15,0.35506608,0.0005
9/17/2023 18:30,0.377160934,0.0005
9/17/2023 18:45,0.314737561,0.0004
9/17/2023 19:00,0.377160934,0.0005
9/17/2023 19:15,0.503233779,0.0007
9/17/2023 19:30,0.377160934,0.0005
9/17/2023 19:45,0.377160934,0.0005
9/17/2023 20:00,0.449392239,0.0006
9/17/2023 20:15,0.423866439,0.0006
9/17/2023 20:30,0.423866439,0.0006
9/17/2023 20:45,0.449392239,0.0006
9/17/2023 21:00,0.423866439,0.0006
9/17/2023 21:15,0.423866439,0.0006
9/17/2023 21:30,0.449392239,0.0006
9/17/2023 21:45,0.449392239,0.0006
9/17/2023 22:00,0.594255346,0.0008
9/17/2023 22:15,0.503233779,0.0007
9/17/2023 22:30,0.449392239,0.0006
9/17/2023 22:45,0.594255346,0.0008
9/17/2023 23:00,0.503233779,0.0007
9/17/2023 23:15,0.503233779,0.0007
9/17/2023 23:30,0.697696671,0.001
9/17/2023 23:45,0.594255346,0.0008
