time,taum,tau*
3/1/2022 0:00,0.028210394,0.00004
3/1/2022 0:15,0.028182409,0.00004
3/1/2022 0:30,0.028108686,0.00004
3/1/2022 0:45,0.027989806,0.00004
3/1/2022 1:00,0.027827353,0.00004
3/1/2022 1:15,0.027625494,0.00004
3/1/2022 1:30,0.02738769,0.00004
3/1/2022 1:45,0.027115153,0.00004
3/1/2022 2:00,0.026808342,0.00004
3/1/2022 2:15,0.026468252,0.00004
3/1/2022 2:30,0.026096387,0.00004
3/1/2022 2:45,0.02569473,0.00004
3/1/2022 3:00,0.025265698,0.00004
3/1/2022 3:15,0.024812078,0.00004
3/1/2022 3:30,0.024334268,0.00003
3/1/2022 3:45,0.023359553,0.00003
3/1/2022 4:00,0.022624969,0.00003
3/1/2022 4:15,0.021932233,0.00003
3/1/2022 4:30,0.021328347,0.00003
3/1/2022 4:45,0.020736114,0.00003
3/1/2022 5:00,0.020081059,0.00003
3/1/2022 5:15,0.019514938,0.00003
3/1/2022 5:30,0.018770357,0.00003
3/1/2022 5:45,0.018226001,0.00003
3/1/2022 6:00,0.017743752,0.00003
3/1/2022 6:15,0.017317156,0.00002
3/1/2022 6:30,0.017048376,0.00002
3/1/2022 6:45,0.017264008,0.00002
3/1/2022 7:00,0.018044204,0.00003
3/1/2022 7:15,0.019108466,0.00003
3/1/2022 7:30,0.020352764,0.00003
3/1/2022 7:45,0.022071584,0.00003
3/1/2022 8:00,0.023767515,0.00003
3/1/2022 8:15,0.025255012,0.00004
3/1/2022 8:30,0.026730406,0.00004
3/1/2022 8:45,0.027841145,0.00004
3/1/2022 9:00,0.028858085,0.00004
3/1/2022 9:15,0.029196894,0.00004
3/1/2022 9:30,0.029379848,0.00004
3/1/2022 9:45,0.029981369,0.00004
3/1/2022 10:00,0.030423826,0.00004
3/1/2022 10:15,0.030645084,0.00004
3/1/2022 10:30,0.030527957,0.00004
3/1/2022 10:45,0.029946737,0.00004
3/1/2022 11:00,0.02923514,0.00004
3/1/2022 11:15,0.02855449,0.00004
3/1/2022 11:30,0.027680291,0.00004
3/1/2022 11:45,0.026912651,0.00004
3/1/2022 12:00,0.025935613,0.00004
3/1/2022 12:15,0.024802794,0.00004
3/1/2022 12:30,0.023929166,0.00003
3/1/2022 12:45,0.022919906,0.00003
3/1/2022 13:00,0.022519287,0.00003
3/1/2022 13:15,0.022416535,0.00003
3/1/2022 13:30,0.022489365,0.00003
3/1/2022 13:45,0.023316515,0.00003
3/1/2022 14:00,0.024358195,0.00003
3/1/2022 14:15,0.025767067,0.00004
3/1/2022 14:30,0.026826099,0.00004
3/1/2022 14:45,0.027654291,0.00004
3/1/2022 15:00,0.028649279,0.00004
3/1/2022 15:15,0.029405505,0.00004
3/1/2022 15:30,0.029701234,0.00004
3/1/2022 15:45,0.030110252,0.00004
3/1/2022 16:00,0.030139782,0.00004
3/1/2022 16:15,0.030626927,0.00004
3/1/2022 16:30,0.03065147,0.00004
3/1/2022 16:45,0.030898704,0.00004
3/1/2022 17:00,0.031492198,0.00004
3/1/2022 17:15,0.031460294,0.00004
3/1/2022 17:30,0.031095158,0.00004
3/1/2022 17:45,0.030877804,0.00004
3/1/2022 18:00,0.030722156,0.00004
3/1/2022 18:15,0.030949713,0.00004
3/1/2022 18:30,0.030936161,0.00004
3/1/2022 18:45,0.030732999,0.00004
3/1/2022 19:00,0.031027025,0.00004
3/1/2022 19:15,0.030887473,0.00004
3/1/2022 19:30,0.031091985,0.00004
3/1/2022 19:45,0.03127653,0.00004
3/1/2022 20:00,0.031036333,0.00004
3/1/2022 20:15,0.030988376,0.00004
3/1/2022 20:30,0.030844996,0.00004
3/1/2022 20:45,0.030828063,0.00004
3/1/2022 21:00,0.030747127,0.00004
3/1/2022 21:15,0.030363905,0.00004
3/1/2022 21:30,0.030666929,0.00004
3/1/2022 21:45,0.030478799,0.00004
3/1/2022 22:00,0.030201147,0.00004
3/1/2022 22:15,0.03010083,0.00004
3/1/2022 22:30,0.029966601,0.00004
3/1/2022 22:45,0.029836367,0.00004
3/1/2022 23:00,0.030089806,0.00004
3/1/2022 23:15,0.030161837,0.00004
3/1/2022 23:30,0.030528429,0.00004
3/1/2022 23:45,0.030761244,0.00004
3/2/2022 0:00,0.030749865,0.00004
3/2/2022 0:15,0.030973829,0.00004
3/2/2022 0:30,0.031092946,0.00004
3/2/2022 0:45,0.031267653,0.00004
3/2/2022 1:00,0.031630879,0.00004
3/2/2022 1:15,0.032048501,0.00005
3/2/2022 1:30,0.032333948,0.00005
3/2/2022 1:45,0.032111283,0.00005
3/2/2022 2:00,0.031965689,0.00005
3/2/2022 2:15,0.03215508,0.00005
3/2/2022 2:30,0.031700203,0.00004
3/2/2022 2:45,0.031503029,0.00004
3/2/2022 3:00,0.03114697,0.00004
3/2/2022 3:15,0.030911049,0.00004
3/2/2022 3:30,0.030497139,0.00004
3/2/2022 3:45,0.030300568,0.00004
3/2/2022 4:00,0.030250939,0.00004
3/2/2022 4:15,0.029697554,0.00004
3/2/2022 4:30,0.028782852,0.00004
3/2/2022 4:45,0.028139854,0.00004
3/2/2022 5:00,0.027164113,0.00004
3/2/2022 5:15,0.026441862,0.00004
3/2/2022 5:30,0.025678591,0.00004
3/2/2022 5:45,0.025400364,0.00004
3/2/2022 6:00,0.025256072,0.00004
3/2/2022 6:15,0.025397923,0.00004
3/2/2022 6:30,0.025410827,0.00004
3/2/2022 6:45,0.025683287,0.00004
3/2/2022 7:00,0.025758489,0.00004
3/2/2022 7:15,0.025754136,0.00004
3/2/2022 7:30,0.025895206,0.00004
3/2/2022 7:45,0.02591701,0.00004
3/2/2022 8:00,0.02604717,0.00004
3/2/2022 8:15,0.026078824,0.00004
3/2/2022 8:30,0.025967663,0.00004
3/2/2022 8:45,0.02584226,0.00004
3/2/2022 9:00,0.025452582,0.00004
3/2/2022 9:15,0.025184159,0.00004
3/2/2022 9:30,0.024880479,0.00004
3/2/2022 9:45,0.024602451,0.00003
3/2/2022 10:00,0.024451796,0.00003
3/2/2022 10:15,0.02420096,0.00003
3/2/2022 10:30,0.024089895,0.00003
3/2/2022 10:45,0.023699902,0.00003
3/2/2022 11:00,0.023290342,0.00003
3/2/2022 11:15,0.022962808,0.00003
3/2/2022 11:30,0.022536896,0.00003
3/2/2022 11:45,0.02218672,0.00003
3/2/2022 12:00,0.02247504,0.00003
3/2/2022 12:15,0.022657067,0.00003
3/2/2022 12:30,0.022962427,0.00003
3/2/2022 12:45,0.023364461,0.00003
3/2/2022 13:00,0.024625008,0.00003
3/2/2022 13:15,0.025969673,0.00004
3/2/2022 13:30,0.027402898,0.00004
3/2/2022 13:45,0.028633299,0.00004
3/2/2022 14:00,0.030214279,0.00004
3/2/2022 14:15,0.031508714,0.00004
3/2/2022 14:30,0.032859541,0.00005
3/2/2022 14:45,0.033909052,0.00005
3/2/2022 15:00,0.035237518,0.00005
3/2/2022 15:15,0.036640753,0.00005
3/2/2022 15:30,0.037160507,0.00005
3/2/2022 15:45,0.038264444,0.00005
3/2/2022 16:00,0.039037078,0.00006
3/2/2022 16:15,0.039341486,0.00006
3/2/2022 16:30,0.040104528,0.00006
3/2/2022 16:45,0.04055924,0.00006
3/2/2022 17:00,0.040942131,0.00006
3/2/2022 17:15,0.041332295,0.00006
3/2/2022 17:30,0.041652799,0.00006
3/2/2022 17:45,0.04188181,0.00006
3/2/2022 18:00,0.041513694,0.00006
3/2/2022 18:15,0.04155426,0.00006
3/2/2022 18:30,0.041950373,0.00006
3/2/2022 18:45,0.042302308,0.00006
3/2/2022 19:00,0.042597442,0.00006
3/2/2022 19:15,0.042405521,0.00006
3/2/2022 19:30,0.0424852,0.00006
3/2/2022 19:45,0.042756362,0.00006
3/2/2022 20:00,0.043635218,0.00006
3/2/2022 20:15,0.044910653,0.00006
3/2/2022 20:30,0.045063556,0.00006
3/2/2022 20:45,0.045134814,0.00006
3/2/2022 21:00,0.045499317,0.00006
3/2/2022 21:15,0.045829412,0.00006
3/2/2022 21:30,0.04565708,0.00006
3/2/2022 21:45,0.045572221,0.00006
3/2/2022 22:00,0.045347768,0.00006
3/2/2022 22:15,0.045171713,0.00006
3/2/2022 22:30,0.044458832,0.00006
3/2/2022 22:45,0.043694426,0.00006
3/2/2022 23:00,0.043578459,0.00006
3/2/2022 23:15,0.042904847,0.00006
3/2/2022 23:30,0.042219224,0.00006
3/2/2022 23:45,0.042122013,0.00006
3/3/2022 0:00,0.041343462,0.00006
3/3/2022 0:15,0.040833023,0.00006
3/3/2022 0:30,0.041114372,0.00006
3/3/2022 0:45,0.04125061,0.00006
3/3/2022 1:00,0.041249504,0.00006
3/3/2022 1:15,0.040885463,0.00006
3/3/2022 1:30,0.041297864,0.00006
3/3/2022 1:45,0.041555587,0.00006
3/3/2022 2:00,0.041515497,0.00006
3/3/2022 2:15,0.041071891,0.00006
3/3/2022 2:30,0.040885732,0.00006
3/3/2022 2:45,0.041341805,0.00006
3/3/2022 3:00,0.040867172,0.00006
3/3/2022 3:15,0.040448896,0.00006
3/3/2022 3:30,0.040262875,0.00006
3/3/2022 3:45,0.03993336,0.00006
3/3/2022 4:00,0.039965312,0.00006
3/3/2022 4:15,0.039991216,0.00006
3/3/2022 4:30,0.03966975,0.00006
3/3/2022 4:45,0.03943224,0.00006
3/3/2022 5:00,0.03908733,0.00006
3/3/2022 5:15,0.038228289,0.00005
3/3/2022 5:30,0.037490473,0.00005
3/3/2022 5:45,0.037713184,0.00005
3/3/2022 6:00,0.03776246,0.00005
3/3/2022 6:15,0.03776788,0.00005
3/3/2022 6:30,0.037638504,0.00005
3/3/2022 6:45,0.036901968,0.00005
3/3/2022 7:00,0.03660673,0.00005
3/3/2022 7:15,0.036133768,0.00005
3/3/2022 7:30,0.035910778,0.00005
3/3/2022 7:45,0.036003352,0.00005
3/3/2022 8:00,0.035665326,0.00005
3/3/2022 8:15,0.034869662,0.00005
3/3/2022 8:30,0.034025965,0.00005
3/3/2022 8:45,0.033581546,0.00005
3/3/2022 9:00,0.032614769,0.00005
3/3/2022 9:15,0.031795211,0.00005
3/3/2022 9:30,0.030577814,0.00004
3/3/2022 9:45,0.029698292,0.00004
3/3/2022 10:00,0.028820668,0.00004
3/3/2022 10:15,0.027988126,0.00004
3/3/2022 10:30,0.027252891,0.00004
3/3/2022 10:45,0.02734947,0.00004
3/3/2022 11:00,0.026983432,0.00004
3/3/2022 11:15,0.026744837,0.00004
3/3/2022 11:30,0.026523425,0.00004
3/3/2022 11:45,0.026261304,0.00004
3/3/2022 12:00,0.026290847,0.00004
3/3/2022 12:15,0.026361339,0.00004
3/3/2022 12:30,0.026216709,0.00004
3/3/2022 12:45,0.02680807,0.00004
3/3/2022 13:00,0.027886338,0.00004
3/3/2022 13:15,0.028440058,0.00004
3/3/2022 13:30,0.029189247,0.00004
3/3/2022 13:45,0.029819715,0.00004
3/3/2022 14:00,0.030415426,0.00004
3/3/2022 14:15,0.031285877,0.00004
3/3/2022 14:30,0.032351358,0.00005
3/3/2022 14:45,0.033522988,0.00005
3/3/2022 15:00,0.034554814,0.00005
3/3/2022 15:15,0.035137597,0.00005
3/3/2022 15:30,0.035343274,0.00005
3/3/2022 15:45,0.035848597,0.00005
3/3/2022 16:00,0.036185041,0.00005
3/3/2022 16:15,0.036793944,0.00005
3/3/2022 16:30,0.037655073,0.00005
3/3/2022 16:45,0.038103466,0.00005
3/3/2022 17:00,0.039158566,0.00006
3/3/2022 17:15,0.039833042,0.00006
3/3/2022 17:30,0.040114989,0.00006
3/3/2022 17:45,0.039952451,0.00006
3/3/2022 18:00,0.040814962,0.00006
3/3/2022 18:15,0.040916409,0.00006
3/3/2022 18:30,0.041069004,0.00006
3/3/2022 18:45,0.041337154,0.00006
3/3/2022 19:00,0.04121597,0.00006
3/3/2022 19:15,0.041250054,0.00006
3/3/2022 19:30,0.041111497,0.00006
3/3/2022 19:45,0.040825769,0.00006
3/3/2022 20:00,0.041225655,0.00006
3/3/2022 20:15,0.041409529,0.00006
3/3/2022 20:30,0.041136169,0.00006
3/3/2022 20:45,0.040641945,0.00006
3/3/2022 21:00,0.039569134,0.00006
3/3/2022 21:15,0.038921063,0.00006
3/3/2022 21:30,0.038557569,0.00005
3/3/2022 21:45,0.03838301,0.00005
3/3/2022 22:00,0.0380362,0.00005
3/3/2022 22:15,0.037303186,0.00005
3/3/2022 22:30,0.036553409,0.00005
3/3/2022 22:45,0.035822376,0.00005
3/3/2022 23:00,0.035710776,0.00005
3/3/2022 23:15,0.035431899,0.00005
3/3/2022 23:30,0.035643227,0.00005
3/3/2022 23:45,0.035554014,0.00005
3/4/2022 0:00,0.035402184,0.00005
3/4/2022 0:15,0.035353509,0.00005
3/4/2022 0:30,0.035318867,0.00005
3/4/2022 0:45,0.035265912,0.00005
3/4/2022 1:00,0.03547581,0.00005
3/4/2022 1:15,0.035919524,0.00005
3/4/2022 1:30,0.036333944,0.00005
3/4/2022 1:45,0.036962552,0.00005
3/4/2022 2:00,0.037369749,0.00005
3/4/2022 2:15,0.037193534,0.00005
3/4/2022 2:30,0.037217288,0.00005
3/4/2022 2:45,0.03728738,0.00005
3/4/2022 3:00,0.037848954,0.00005
3/4/2022 3:15,0.038393956,0.00005
3/4/2022 3:30,0.038442569,0.00005
3/4/2022 3:45,0.03860992,0.00005
3/4/2022 4:00,0.038155263,0.00005
3/4/2022 4:15,0.037788275,0.00005
3/4/2022 4:30,0.038008688,0.00005
3/4/2022 4:45,0.037965108,0.00005
3/4/2022 5:00,0.037832108,0.00005
3/4/2022 5:15,0.0377676,0.00005
3/4/2022 5:30,0.037350951,0.00005
3/4/2022 5:45,0.037119809,0.00005
3/4/2022 6:00,0.03716154,0.00005
3/4/2022 6:15,0.037063792,0.00005
3/4/2022 6:30,0.036762764,0.00005
3/4/2022 6:45,0.03622237,0.00005
3/4/2022 7:00,0.035670797,0.00005
3/4/2022 7:15,0.035214434,0.00005
3/4/2022 7:30,0.034316795,0.00005
3/4/2022 7:45,0.033674358,0.00005
3/4/2022 8:00,0.033076838,0.00005
3/4/2022 8:15,0.032557599,0.00005
3/4/2022 8:30,0.032219578,0.00005
3/4/2022 8:45,0.031924151,0.00005
3/4/2022 9:00,0.031685357,0.00004
3/4/2022 9:15,0.031278528,0.00004
3/4/2022 9:30,0.03121429,0.00004
3/4/2022 9:45,0.031793434,0.00005
3/4/2022 10:00,0.032275297,0.00005
3/4/2022 10:15,0.033269762,0.00005
3/4/2022 10:30,0.033939837,0.00005
3/4/2022 10:45,0.034389842,0.00005
3/4/2022 11:00,0.035186844,0.00005
3/4/2022 11:15,0.035756823,0.00005
3/4/2022 11:30,0.036810427,0.00005
3/4/2022 11:45,0.037574576,0.00005
3/4/2022 12:00,0.039364934,0.00006
3/4/2022 12:15,0.041673101,0.00006
3/4/2022 12:30,0.044464408,0.00006
3/4/2022 12:45,0.04719634,0.00007
3/4/2022 13:00,0.049875178,0.00007
3/4/2022 13:15,0.052297607,0.00007
3/4/2022 13:30,0.055208609,0.00008
3/4/2022 13:45,0.057769807,0.00008
3/4/2022 14:00,0.059367882,0.00008
3/4/2022 14:15,0.062026585,0.00009
3/4/2022 14:30,0.064098429,0.00009
3/4/2022 14:45,0.065077684,0.00009
3/4/2022 15:00,0.066847934,0.00009
3/4/2022 15:15,0.067713299,0.00010
3/4/2022 15:30,0.068480665,0.00010
3/4/2022 15:45,0.068942163,0.00010
3/4/2022 16:00,0.068245975,0.00010
3/4/2022 16:15,0.067876627,0.00010
3/4/2022 16:30,0.067056382,0.00009
3/4/2022 16:45,0.066103516,0.00009
3/4/2022 17:00,0.065534632,0.00009
3/4/2022 17:15,0.063408908,0.00009
3/4/2022 17:30,0.062328963,0.00009
3/4/2022 17:45,0.060644501,0.00009
3/4/2022 18:00,0.059735454,0.00008
3/4/2022 18:15,0.058030184,0.00008
3/4/2022 18:30,0.055984271,0.00008
3/4/2022 18:45,0.054346614,0.00008
3/4/2022 19:00,0.053293759,0.00008
3/4/2022 19:15,0.053258262,0.00008
3/4/2022 19:30,0.053396555,0.00008
3/4/2022 19:45,0.05346017,0.00008
3/4/2022 20:00,0.053007836,0.00008
3/4/2022 20:15,0.052667496,0.00007
3/4/2022 20:30,0.052501518,0.00007
3/4/2022 20:45,0.052927561,0.00007
3/4/2022 21:00,0.052070563,0.00007
3/4/2022 21:15,0.052224868,0.00007
3/4/2022 21:30,0.052892719,0.00007
3/4/2022 21:45,0.052923219,0.00007
3/4/2022 22:00,0.052240836,0.00007
3/4/2022 22:15,0.052055609,0.00007
3/4/2022 22:30,0.051724947,0.00007
3/4/2022 22:45,0.052239846,0.00007
3/4/2022 23:00,0.051800069,0.00007
3/4/2022 23:15,0.051486088,0.00007
3/4/2022 23:30,0.051397611,0.00007
3/4/2022 23:45,0.051164716,0.00007
3/5/2022 0:00,0.051612352,0.00007
3/5/2022 0:15,0.052054712,0.00007
3/5/2022 0:30,0.052115676,0.00007
3/5/2022 0:45,0.052761673,0.00007
3/5/2022 1:00,0.053591248,0.00008
3/5/2022 1:15,0.054028606,0.00008
3/5/2022 1:30,0.052398954,0.00007
3/5/2022 1:45,0.05227332,0.00007
3/5/2022 2:00,0.052358842,0.00007
3/5/2022 2:15,0.053074801,0.00008
3/5/2022 2:30,0.052934829,0.00007
3/5/2022 2:45,0.054143006,0.00008
3/5/2022 3:00,0.054605842,0.00008
3/5/2022 3:15,0.054700822,0.00008
3/5/2022 3:30,0.054100602,0.00008
3/5/2022 3:45,0.053459197,0.00008
3/5/2022 4:00,0.053057269,0.00008
3/5/2022 4:15,0.052340002,0.00007
3/5/2022 4:30,0.051883161,0.00007
3/5/2022 4:45,0.051500283,0.00007
3/5/2022 5:00,0.050610718,0.00007
3/5/2022 5:15,0.049612193,0.00007
3/5/2022 5:30,0.049322467,0.00007
3/5/2022 5:45,0.048536237,0.00007
3/5/2022 6:00,0.04840997,0.00007
3/5/2022 6:15,0.047544174,0.00007
3/5/2022 6:30,0.046228872,0.00007
3/5/2022 6:45,0.04466049,0.00006
3/5/2022 7:00,0.04340089,0.00006
3/5/2022 7:15,0.042620772,0.00006
3/5/2022 7:30,0.041453087,0.00006
3/5/2022 7:45,0.040128837,0.00006
3/5/2022 8:00,0.039518386,0.00006
3/5/2022 8:15,0.038510939,0.00005
3/5/2022 8:30,0.037402512,0.00005
3/5/2022 8:45,0.036370686,0.00005
3/5/2022 9:00,0.036142225,0.00005
3/5/2022 9:15,0.036089075,0.00005
3/5/2022 9:30,0.036204287,0.00005
3/5/2022 9:45,0.035963289,0.00005
3/5/2022 10:00,0.036500378,0.00005
3/5/2022 10:15,0.036146092,0.00005
3/5/2022 10:30,0.036263878,0.00005
3/5/2022 10:45,0.036500188,0.00005
3/5/2022 11:00,0.037448764,0.00005
3/5/2022 11:15,0.037817275,0.00005
3/5/2022 11:30,0.038166958,0.00005
3/5/2022 11:45,0.038966186,0.00006
3/5/2022 12:00,0.039986185,0.00006
3/5/2022 12:15,0.041119709,0.00006
3/5/2022 12:30,0.042160213,0.00006
3/5/2022 12:45,0.043851654,0.00006
3/5/2022 13:00,0.044955751,0.00006
3/5/2022 13:15,0.046546184,0.00007
3/5/2022 13:30,0.047717604,0.00007
3/5/2022 13:45,0.047698996,0.00007
3/5/2022 14:00,0.047655934,0.00007
3/5/2022 14:15,0.047438711,0.00007
3/5/2022 14:30,0.047165094,0.00007
3/5/2022 14:45,0.046997433,0.00007
3/5/2022 15:00,0.04709209,0.00007
3/5/2022 15:15,0.046986383,0.00007
3/5/2022 15:30,0.04649475,0.00007
3/5/2022 15:45,0.046615389,0.00007
3/5/2022 16:00,0.046315469,0.00007
3/5/2022 16:15,0.046323394,0.00007
3/5/2022 16:30,0.046600398,0.00007
3/5/2022 16:45,0.046828481,0.00007
3/5/2022 17:00,0.046744426,0.00007
3/5/2022 17:15,0.04702328,0.00007
3/5/2022 17:30,0.047080534,0.00007
3/5/2022 17:45,0.04773932,0.00007
3/5/2022 18:00,0.047906065,0.00007
3/5/2022 18:15,0.048018042,0.00007
3/5/2022 18:30,0.047170614,0.00007
3/5/2022 18:45,0.046791675,0.00007
3/5/2022 19:00,0.046785115,0.00007
3/5/2022 19:15,0.046630513,0.00007
3/5/2022 19:30,0.046534034,0.00007
3/5/2022 19:45,0.046489829,0.00007
3/5/2022 20:00,0.046710676,0.00007
3/5/2022 20:15,0.046730294,0.00007
3/5/2022 20:30,0.046725872,0.00007
3/5/2022 20:45,0.046033728,0.00007
3/5/2022 21:00,0.044645367,0.00006
3/5/2022 21:15,0.043080947,0.00006
3/5/2022 21:30,0.041631374,0.00006
3/5/2022 21:45,0.040812063,0.00006
3/5/2022 22:00,0.039939586,0.00006
3/5/2022 22:15,0.039260555,0.00006
3/5/2022 22:30,0.038946813,0.00006
3/5/2022 22:45,0.039272825,0.00006
3/5/2022 23:00,0.03939072,0.00006
3/5/2022 23:15,0.039837919,0.00006
3/5/2022 23:30,0.040642011,0.00006
3/5/2022 23:45,0.04113365,0.00006
3/6/2022 0:00,0.041704525,0.00006
3/6/2022 0:15,0.042195082,0.00006
3/6/2022 0:30,0.04304717,0.00006
3/6/2022 0:45,0.043842098,0.00006
3/6/2022 1:00,0.044484924,0.00006
3/6/2022 1:15,0.045425709,0.00006
3/6/2022 1:30,0.045591151,0.00006
3/6/2022 1:45,0.044863471,0.00006
3/6/2022 2:00,0.044921659,0.00006
3/6/2022 2:15,0.045053117,0.00006
3/6/2022 2:30,0.044724136,0.00006
3/6/2022 2:45,0.044381521,0.00006
3/6/2022 3:00,0.044281656,0.00006
3/6/2022 3:15,0.043814716,0.00006
3/6/2022 3:30,0.043333344,0.00006
3/6/2022 3:45,0.042583571,0.00006
3/6/2022 4:00,0.041543495,0.00006
3/6/2022 4:15,0.040185768,0.00006
3/6/2022 4:30,0.039044638,0.00006
3/6/2022 4:45,0.038055578,0.00005
3/6/2022 5:00,0.037510688,0.00005
3/6/2022 5:15,0.037279784,0.00005
3/6/2022 5:30,0.036978005,0.00005
3/6/2022 5:45,0.037021759,0.00005
3/6/2022 6:00,0.036980867,0.00005
3/6/2022 6:15,0.037418673,0.00005
3/6/2022 6:30,0.038188947,0.00005
3/6/2022 6:45,0.038817184,0.00005
3/6/2022 7:00,0.039374361,0.00006
3/6/2022 7:15,0.040355024,0.00006
3/6/2022 7:30,0.041017534,0.00006
3/6/2022 7:45,0.041917344,0.00006
3/6/2022 8:00,0.042586023,0.00006
3/6/2022 8:15,0.04324707,0.00006
3/6/2022 8:30,0.044221265,0.00006
3/6/2022 8:45,0.044609405,0.00006
3/6/2022 9:00,0.044804894,0.00006
3/6/2022 9:15,0.045832432,0.00006
3/6/2022 9:30,0.046385971,0.00007
3/6/2022 9:45,0.046338278,0.00007
3/6/2022 10:00,0.04611869,0.00007
3/6/2022 10:15,0.045390098,0.00006
3/6/2022 10:30,0.04505525,0.00006
3/6/2022 10:45,0.044615507,0.00006
3/6/2022 11:00,0.044181579,0.00006
3/6/2022 11:15,0.04323288,0.00006
3/6/2022 11:30,0.042253066,0.00006
3/6/2022 11:45,0.041361086,0.00006
3/6/2022 12:00,0.041306284,0.00006
3/6/2022 12:15,0.04129195,0.00006
3/6/2022 12:30,0.040728069,0.00006
3/6/2022 12:45,0.039673552,0.00006
3/6/2022 13:00,0.039599264,0.00006
3/6/2022 13:15,0.039954891,0.00006
3/6/2022 13:30,0.040422507,0.00006
3/6/2022 13:45,0.040441177,0.00006
3/6/2022 14:00,0.040076603,0.00006
3/6/2022 14:15,0.040459189,0.00006
3/6/2022 14:30,0.040216711,0.00006
3/6/2022 14:45,0.039799922,0.00006
3/6/2022 15:00,0.039851593,0.00006
3/6/2022 15:15,0.040151649,0.00006
3/6/2022 15:30,0.040762997,0.00006
3/6/2022 15:45,0.041206623,0.00006
3/6/2022 16:00,0.041556345,0.00006
3/6/2022 16:15,0.041727983,0.00006
3/6/2022 16:30,0.042669975,0.00006
3/6/2022 16:45,0.043202522,0.00006
3/6/2022 17:00,0.043266701,0.00006
3/6/2022 17:15,0.043419561,0.00006
3/6/2022 17:30,0.043691045,0.00006
3/6/2022 17:45,0.044748408,0.00006
3/6/2022 18:00,0.045509639,0.00006
3/6/2022 18:15,0.045687498,0.00006
3/6/2022 18:30,0.04656271,0.00007
3/6/2022 18:45,0.047221501,0.00007
3/6/2022 19:00,0.046996381,0.00007
3/6/2022 19:15,0.047432829,0.00007
3/6/2022 19:30,0.046345445,0.00007
3/6/2022 19:45,0.045672866,0.00006
3/6/2022 20:00,0.045484195,0.00006
3/6/2022 20:15,0.045864524,0.00006
3/6/2022 20:30,0.046039157,0.00007
3/6/2022 20:45,0.045356087,0.00006
3/6/2022 21:00,0.044524751,0.00006
3/6/2022 21:15,0.043726891,0.00006
3/6/2022 21:30,0.04292024,0.00006
3/6/2022 21:45,0.04152738,0.00006
3/6/2022 22:00,0.040185411,0.00006
3/6/2022 22:15,0.038569022,0.00005
3/6/2022 22:30,0.037729987,0.00005
3/6/2022 22:45,0.036481194,0.00005
3/6/2022 23:00,0.035042585,0.00005
3/6/2022 23:15,0.034089992,0.00005
3/6/2022 23:30,0.032899478,0.00005
3/6/2022 23:45,0.032189101,0.00005
3/7/2022 0:00,0.031197271,0.00004
3/7/2022 0:15,0.030205635,0.00004
3/7/2022 0:30,0.029512239,0.00004
3/7/2022 0:45,0.028849138,0.00004
3/7/2022 1:00,0.028586887,0.00004
3/7/2022 1:15,0.028671255,0.00004
3/7/2022 1:30,0.029034506,0.00004
3/7/2022 1:45,0.029903815,0.00004
3/7/2022 2:00,0.03044969,0.00004
3/7/2022 2:15,0.030840304,0.00004
3/7/2022 2:30,0.032325679,0.00005
3/7/2022 2:45,0.03389979,0.00005
3/7/2022 3:00,0.036015281,0.00005
3/7/2022 3:15,0.038047556,0.00005
3/7/2022 3:30,0.040485168,0.00006
3/7/2022 3:45,0.042834896,0.00006
3/7/2022 4:00,0.044938573,0.00006
3/7/2022 4:15,0.047074593,0.00007
3/7/2022 4:30,0.049630147,0.00007
3/7/2022 4:45,0.051399492,0.00007
3/7/2022 5:00,0.053404771,0.00008
3/7/2022 5:15,0.055096127,0.00008
3/7/2022 5:30,0.056930211,0.00008
3/7/2022 5:45,0.057987512,0.00008
3/7/2022 6:00,0.057837507,0.00008
3/7/2022 6:15,0.057639634,0.00008
3/7/2022 6:30,0.058132134,0.00008
3/7/2022 6:45,0.058798898,0.00008
3/7/2022 7:00,0.061165349,0.00009
3/7/2022 7:15,0.063159395,0.00009
3/7/2022 7:30,0.067444825,0.00010
3/7/2022 7:45,0.073463184,0.00010
3/7/2022 8:00,0.081129956,0.00011
3/7/2022 8:15,0.090936955,0.00013
3/7/2022 8:30,0.102582071,0.00015
3/7/2022 8:45,0.116116759,0.00016
3/7/2022 9:00,0.130087751,0.00018
3/7/2022 9:15,0.144361841,0.00020
3/7/2022 9:30,0.159846992,0.00023
3/7/2022 9:45,0.177001433,0.00025
3/7/2022 10:00,0.192284648,0.00027
3/7/2022 10:15,0.208982435,0.00030
3/7/2022 10:30,0.225638868,0.00032
3/7/2022 10:45,0.24099858,0.00034
3/7/2022 11:00,0.251832654,0.00036
3/7/2022 11:15,0.257724546,0.00036
3/7/2022 11:30,0.26083337,0.00037
3/7/2022 11:45,0.262421735,0.00037
3/7/2022 12:00,0.25456484,0.00036
3/7/2022 12:15,0.241407321,0.00034
3/7/2022 12:30,0.222159304,0.00031
3/7/2022 12:45,0.201376729,0.00029
3/7/2022 13:00,0.176477821,0.00025
3/7/2022 13:15,0.15565977,0.00022
3/7/2022 13:30,0.13622418,0.00019
3/7/2022 13:45,0.1200902,0.00017
3/7/2022 14:00,0.105846149,0.00015
3/7/2022 14:15,0.094926301,0.00013
3/7/2022 14:30,0.086564161,0.00012
3/7/2022 14:45,0.081514914,0.00012
3/7/2022 15:00,0.07775068,0.00011
3/7/2022 15:15,0.075030944,0.00011
3/7/2022 15:30,0.071420744,0.00010
3/7/2022 15:45,0.067290169,0.00010
3/7/2022 16:00,0.063580256,0.00009
3/7/2022 16:15,0.058915011,0.00008
3/7/2022 16:30,0.055256293,0.00008
3/7/2022 16:45,0.051750536,0.00007
3/7/2022 17:00,0.048483765,0.00007
3/7/2022 17:15,0.046394505,0.00007
3/7/2022 17:30,0.044982262,0.00006
3/7/2022 17:45,0.043482686,0.00006
3/7/2022 18:00,0.042119974,0.00006
3/7/2022 18:15,0.041130196,0.00006
3/7/2022 18:30,0.040094156,0.00006
3/7/2022 18:45,0.039640682,0.00006
3/7/2022 19:00,0.039141888,0.00006
3/7/2022 19:15,0.03826371,0.00005
3/7/2022 19:30,0.037533939,0.00005
3/7/2022 19:45,0.037263891,0.00005
3/7/2022 20:00,0.037610434,0.00005
3/7/2022 20:15,0.037831819,0.00005
3/7/2022 20:30,0.038181622,0.00005
3/7/2022 20:45,0.037952317,0.00005
3/7/2022 21:00,0.038378674,0.00005
3/7/2022 21:15,0.038463941,0.00005
3/7/2022 21:30,0.038946448,0.00006
3/7/2022 21:45,0.039561617,0.00006
3/7/2022 22:00,0.039842944,0.00006
3/7/2022 22:15,0.040282034,0.00006
3/7/2022 22:30,0.040563421,0.00006
3/7/2022 22:45,0.040413338,0.00006
3/7/2022 23:00,0.040449158,0.00006
3/7/2022 23:15,0.040656319,0.00006
3/7/2022 23:30,0.040635607,0.00006
3/7/2022 23:45,0.040704236,0.00006
3/8/2022 0:00,0.040892125,0.00006
3/8/2022 0:15,0.040807098,0.00006
3/8/2022 0:30,0.041205567,0.00006
3/8/2022 0:45,0.041131537,0.00006
3/8/2022 1:00,0.040908743,0.00006
3/8/2022 1:15,0.040803748,0.00006
3/8/2022 1:30,0.041168677,0.00006
3/8/2022 1:45,0.041626543,0.00006
3/8/2022 2:00,0.041766744,0.00006
3/8/2022 2:15,0.041727357,0.00006
3/8/2022 2:30,0.042007117,0.00006
3/8/2022 2:45,0.042900959,0.00006
3/8/2022 3:00,0.043577822,0.00006
3/8/2022 3:15,0.044546916,0.00006
3/8/2022 3:30,0.045037562,0.00006
3/8/2022 3:45,0.045873274,0.00006
3/8/2022 4:00,0.04660752,0.00007
3/8/2022 4:15,0.048005865,0.00007
3/8/2022 4:30,0.049436978,0.00007
3/8/2022 4:45,0.051016096,0.00007
3/8/2022 5:00,0.052194334,0.00007
3/8/2022 5:15,0.053350129,0.00008
3/8/2022 5:30,0.054580809,0.00008
3/8/2022 5:45,0.054992739,0.00008
3/8/2022 6:00,0.05624443,0.00008
3/8/2022 6:15,0.058045734,0.00008
3/8/2022 6:30,0.059055854,0.00008
3/8/2022 6:45,0.05968023,0.00008
3/8/2022 7:00,0.060221451,0.00009
3/8/2022 7:15,0.060019933,0.00008
3/8/2022 7:30,0.058219881,0.00008
3/8/2022 7:45,0.056963253,0.00008
3/8/2022 8:00,0.056094371,0.00008
3/8/2022 8:15,0.054451823,0.00008
3/8/2022 8:30,0.052104291,0.00007
3/8/2022 8:45,0.050249471,0.00007
3/8/2022 9:00,0.048489585,0.00007
3/8/2022 9:15,0.045784904,0.00006
3/8/2022 9:30,0.042688457,0.00006
3/8/2022 9:45,0.039898747,0.00006
3/8/2022 10:00,0.037024405,0.00005
3/8/2022 10:15,0.034690023,0.00005
3/8/2022 10:30,0.032413661,0.00005
3/8/2022 10:45,0.030027416,0.00004
3/8/2022 11:00,0.028339107,0.00004
3/8/2022 11:15,0.027018652,0.00004
3/8/2022 11:30,0.026444736,0.00004
3/8/2022 11:45,0.025579991,0.00004
3/8/2022 12:00,0.024628088,0.00003
3/8/2022 12:15,0.023824563,0.00003
3/8/2022 12:30,0.02341113,0.00003
3/8/2022 12:45,0.023246904,0.00003
3/8/2022 13:00,0.023239172,0.00003
3/8/2022 13:15,0.023992179,0.00003
3/8/2022 13:30,0.024232571,0.00003
3/8/2022 13:45,0.024347052,0.00003
3/8/2022 14:00,0.024169656,0.00003
3/8/2022 14:15,0.024285539,0.00003
3/8/2022 14:30,0.023946799,0.00003
3/8/2022 14:45,0.023806102,0.00003
3/8/2022 15:00,0.024472035,0.00003
3/8/2022 15:15,0.025043406,0.00004
3/8/2022 15:30,0.025140332,0.00004
3/8/2022 15:45,0.02541626,0.00004
3/8/2022 16:00,0.026210102,0.00004
3/8/2022 16:15,0.027149926,0.00004
3/8/2022 16:30,0.027496384,0.00004
3/8/2022 16:45,0.027964623,0.00004
3/8/2022 17:00,0.02899453,0.00004
3/8/2022 17:15,0.029952545,0.00004
3/8/2022 17:30,0.031530022,0.00004
3/8/2022 17:45,0.033030095,0.00005
3/8/2022 18:00,0.034401265,0.00005
3/8/2022 18:15,0.036263718,0.00005
3/8/2022 18:30,0.038565632,0.00005
3/8/2022 18:45,0.040581742,0.00006
3/8/2022 19:00,0.042096701,0.00006
3/8/2022 19:15,0.043839086,0.00006
3/8/2022 19:30,0.046104511,0.00007
3/8/2022 19:45,0.0478745,0.00007
3/8/2022 20:00,0.049531525,0.00007
3/8/2022 20:15,0.050314533,0.00007
3/8/2022 20:30,0.04999068,0.00007
3/8/2022 20:45,0.049294085,0.00007
3/8/2022 21:00,0.048360899,0.00007
3/8/2022 21:15,0.046473728,0.00007
3/8/2022 21:30,0.04523035,0.00006
3/8/2022 21:45,0.043637477,0.00006
3/8/2022 22:00,0.042177503,0.00006
3/8/2022 22:15,0.040907614,0.00006
3/8/2022 22:30,0.039191936,0.00006
3/8/2022 22:45,0.037667351,0.00005
3/8/2022 23:00,0.036550688,0.00005
3/8/2022 23:15,0.036098613,0.00005
3/8/2022 23:30,0.035990874,0.00005
3/8/2022 23:45,0.035336543,0.00005
3/9/2022 0:00,0.034880595,0.00005
3/9/2022 0:15,0.034719595,0.00005
3/9/2022 0:30,0.034477594,0.00005
3/9/2022 0:45,0.034838546,0.00005
3/9/2022 1:00,0.035024129,0.00005
3/9/2022 1:15,0.034798671,0.00005
3/9/2022 1:30,0.034828745,0.00005
3/9/2022 1:45,0.034987279,0.00005
3/9/2022 2:00,0.035212833,0.00005
3/9/2022 2:15,0.035452159,0.00005
3/9/2022 2:30,0.035270413,0.00005
3/9/2022 2:45,0.035577839,0.00005
3/9/2022 3:00,0.035422261,0.00005
3/9/2022 3:15,0.035136775,0.00005
3/9/2022 3:30,0.034693716,0.00005
3/9/2022 3:45,0.034409295,0.00005
3/9/2022 4:00,0.034801604,0.00005
3/9/2022 4:15,0.035161541,0.00005
3/9/2022 4:30,0.035891725,0.00005
3/9/2022 4:45,0.0366439,0.00005
3/9/2022 5:00,0.037402848,0.00005
3/9/2022 5:15,0.038047324,0.00005
3/9/2022 5:30,0.03927627,0.00006
3/9/2022 5:45,0.040821985,0.00006
3/9/2022 6:00,0.042264737,0.00006
3/9/2022 6:15,0.044183299,0.00006
3/9/2022 6:30,0.045316141,0.00006
3/9/2022 6:45,0.045787944,0.00006
3/9/2022 7:00,0.046408072,0.00007
3/9/2022 7:15,0.0474246,0.00007
3/9/2022 7:30,0.04872066,0.00007
3/9/2022 7:45,0.049416275,0.00007
3/9/2022 8:00,0.051232202,0.00007
3/9/2022 8:15,0.053519135,0.00008
3/9/2022 8:30,0.055892227,0.00008
3/9/2022 8:45,0.058829534,0.00008
3/9/2022 9:00,0.061063045,0.00009
3/9/2022 9:15,0.062605231,0.00009
3/9/2022 9:30,0.063609456,0.00009
3/9/2022 9:45,0.063729845,0.00009
3/9/2022 10:00,0.063809386,0.00009
3/9/2022 10:15,0.063450816,0.00009
3/9/2022 10:30,0.063274604,0.00009
3/9/2022 10:45,0.062844518,0.00009
3/9/2022 11:00,0.062021152,0.00009
3/9/2022 11:15,0.060165477,0.00009
3/9/2022 11:30,0.058370978,0.00008
3/9/2022 11:45,0.056604207,0.00008
3/9/2022 12:00,0.052920764,0.00007
3/9/2022 12:15,0.049746778,0.00007
3/9/2022 12:30,0.046645322,0.00007
3/9/2022 12:45,0.04357416,0.00006
3/9/2022 13:00,0.04050254,0.00006
3/9/2022 13:15,0.037581902,0.00005
3/9/2022 13:30,0.034749323,0.00005
3/9/2022 13:45,0.031474692,0.00004
3/9/2022 14:00,0.028747745,0.00004
3/9/2022 14:15,0.02677018,0.00004
3/9/2022 14:30,0.025263663,0.00004
3/9/2022 14:45,0.023992157,0.00003
3/9/2022 15:00,0.023410807,0.00003
3/9/2022 15:15,0.02332087,0.00003
3/9/2022 15:30,0.023452558,0.00003
3/9/2022 15:45,0.023610279,0.00003
3/9/2022 16:00,0.023845448,0.00003
3/9/2022 16:15,0.023632038,0.00003
3/9/2022 16:30,0.023702514,0.00003
3/9/2022 16:45,0.02393567,0.00003
3/9/2022 17:00,0.024412174,0.00003
3/9/2022 17:15,0.025195399,0.00004
3/9/2022 17:30,0.026188953,0.00004
3/9/2022 17:45,0.026517482,0.00004
3/9/2022 18:00,0.026441318,0.00004
3/9/2022 18:15,0.026598707,0.00004
3/9/2022 18:30,0.026585668,0.00004
3/9/2022 18:45,0.027120663,0.00004
3/9/2022 19:00,0.027638442,0.00004
3/9/2022 19:15,0.027189634,0.00004
3/9/2022 19:30,0.027138191,0.00004
3/9/2022 19:45,0.027293167,0.00004
3/9/2022 20:00,0.027213735,0.00004
3/9/2022 20:15,0.027465114,0.00004
3/9/2022 20:30,0.027064573,0.00004
3/9/2022 20:45,0.026613033,0.00004
3/9/2022 21:00,0.025902674,0.00004
3/9/2022 21:15,0.02532732,0.00004
3/9/2022 21:30,0.024987754,0.00004
3/9/2022 21:45,0.025034,0.00004
3/9/2022 22:00,0.024886458,0.00004
3/9/2022 22:15,0.025068635,0.00004
3/9/2022 22:30,0.025066635,0.00004
3/9/2022 22:45,0.025267621,0.00004
3/9/2022 23:00,0.025467905,0.00004
3/9/2022 23:15,0.025449673,0.00004
3/9/2022 23:30,0.025426847,0.00004
3/9/2022 23:45,0.026018386,0.00004
3/10/2022 0:00,0.026403286,0.00004
3/10/2022 0:15,0.026902703,0.00004
3/10/2022 0:30,0.027035444,0.00004
3/10/2022 0:45,0.027272073,0.00004
3/10/2022 1:00,0.026967416,0.00004
3/10/2022 1:15,0.027536068,0.00004
3/10/2022 1:30,0.028011496,0.00004
3/10/2022 1:45,0.028095387,0.00004
3/10/2022 2:00,0.028394607,0.00004
3/10/2022 2:15,0.028432989,0.00004
3/10/2022 2:30,0.028117972,0.00004
3/10/2022 2:45,0.027998961,0.00004
3/10/2022 3:00,0.02803477,0.00004
3/10/2022 3:15,0.027588201,0.00004
3/10/2022 3:30,0.0270748,0.00004
3/10/2022 3:45,0.026468584,0.00004
3/10/2022 4:00,0.026489326,0.00004
3/10/2022 4:15,0.026539831,0.00004
3/10/2022 4:30,0.026332888,0.00004
3/10/2022 4:45,0.026102675,0.00004
3/10/2022 5:00,0.026199201,0.00004
3/10/2022 5:15,0.025993581,0.00004
3/10/2022 5:30,0.025816852,0.00004
3/10/2022 5:45,0.026105303,0.00004
3/10/2022 6:00,0.026135373,0.00004
3/10/2022 6:15,0.026340388,0.00004
3/10/2022 6:30,0.026656183,0.00004
3/10/2022 6:45,0.027101358,0.00004
3/10/2022 7:00,0.027310357,0.00004
3/10/2022 7:15,0.027023224,0.00004
3/10/2022 7:30,0.027288509,0.00004
3/10/2022 7:45,0.027404695,0.00004
3/10/2022 8:00,0.027710497,0.00004
3/10/2022 8:15,0.027236549,0.00004
3/10/2022 8:30,0.027446659,0.00004
3/10/2022 8:45,0.027095368,0.00004
3/10/2022 9:00,0.026692246,0.00004
3/10/2022 9:15,0.026474771,0.00004
3/10/2022 9:30,0.025916104,0.00004
3/10/2022 9:45,0.02529724,0.00004
3/10/2022 10:00,0.024710002,0.00003
3/10/2022 10:15,0.024062096,0.00003
3/10/2022 10:30,0.023388186,0.00003
3/10/2022 10:45,0.022885176,0.00003
3/10/2022 11:00,0.022759331,0.00003
3/10/2022 11:15,0.02277227,0.00003
3/10/2022 11:30,0.02251193,0.00003
3/10/2022 11:45,0.022280086,0.00003
3/10/2022 12:00,0.022243682,0.00003
3/10/2022 12:15,0.02214667,0.00003
3/10/2022 12:30,0.021863268,0.00003
3/10/2022 12:45,0.02212801,0.00003
3/10/2022 13:00,0.022685895,0.00003
3/10/2022 13:15,0.022883889,0.00003
3/10/2022 13:30,0.02315477,0.00003
3/10/2022 13:45,0.023479804,0.00003
3/10/2022 14:00,0.023696035,0.00003
3/10/2022 14:15,0.02380073,0.00003
3/10/2022 14:30,0.024290929,0.00003
3/10/2022 14:45,0.025108225,0.00004
3/10/2022 15:00,0.025540689,0.00004
3/10/2022 15:15,0.026185228,0.00004
3/10/2022 15:30,0.026623871,0.00004
3/10/2022 15:45,0.027572977,0.00004
3/10/2022 16:00,0.028378634,0.00004
3/10/2022 16:15,0.029361347,0.00004
3/10/2022 16:30,0.030818482,0.00004
3/10/2022 16:45,0.032133497,0.00005
3/10/2022 17:00,0.033752383,0.00005
3/10/2022 17:15,0.035145998,0.00005
3/10/2022 17:30,0.036428038,0.00005
3/10/2022 17:45,0.038027385,0.00005
3/10/2022 18:00,0.039710984,0.00006
3/10/2022 18:15,0.040807742,0.00006
3/10/2022 18:30,0.041540766,0.00006
3/10/2022 18:45,0.042046874,0.00006
3/10/2022 19:00,0.042374022,0.00006
3/10/2022 19:15,0.042065438,0.00006
3/10/2022 19:30,0.042053635,0.00006
3/10/2022 19:45,0.042696733,0.00006
3/10/2022 20:00,0.043718515,0.00006
3/10/2022 20:15,0.044322144,0.00006
3/10/2022 20:30,0.044173409,0.00006
3/10/2022 20:45,0.043795093,0.00006
3/10/2022 21:00,0.043687679,0.00006
3/10/2022 21:15,0.043571921,0.00006
3/10/2022 21:30,0.043612438,0.00006
3/10/2022 21:45,0.043864216,0.00006
3/10/2022 22:00,0.043832251,0.00006
3/10/2022 22:15,0.042870712,0.00006
3/10/2022 22:30,0.042646384,0.00006
3/10/2022 22:45,0.042468851,0.00006
3/10/2022 23:00,0.042180206,0.00006
3/10/2022 23:15,0.041983195,0.00006
3/10/2022 23:30,0.04198092,0.00006
3/10/2022 23:45,0.041876143,0.00006
3/11/2022 0:00,0.041593207,0.00006
3/11/2022 0:15,0.040989967,0.00006
3/11/2022 0:30,0.040481674,0.00006
3/11/2022 0:45,0.040537983,0.00006
3/11/2022 1:00,0.040637238,0.00006
3/11/2022 1:15,0.040773067,0.00006
3/11/2022 1:30,0.040479179,0.00006
3/11/2022 1:45,0.040361328,0.00006
3/11/2022 2:00,0.040701572,0.00006
3/11/2022 2:15,0.040660916,0.00006
3/11/2022 2:30,0.041341044,0.00006
3/11/2022 2:45,0.042392337,0.00006
3/11/2022 3:00,0.043460263,0.00006
3/11/2022 3:15,0.044659857,0.00006
3/11/2022 3:30,0.04554396,0.00006
3/11/2022 3:45,0.046576287,0.00007
3/11/2022 4:00,0.047418079,0.00007
3/11/2022 4:15,0.047923407,0.00007
3/11/2022 4:30,0.04873165,0.00007
3/11/2022 4:45,0.048819687,0.00007
3/11/2022 5:00,0.048427924,0.00007
3/11/2022 5:15,0.047544936,0.00007
3/11/2022 5:30,0.045557157,0.00006
3/11/2022 5:45,0.04420064,0.00006
3/11/2022 6:00,0.043068564,0.00006
3/11/2022 6:15,0.041694377,0.00006
3/11/2022 6:30,0.040056023,0.00006
3/11/2022 6:45,0.039367198,0.00006
3/11/2022 7:00,0.038344963,0.00005
3/11/2022 7:15,0.037636216,0.00005
3/11/2022 7:30,0.036095144,0.00005
3/11/2022 7:45,0.034685353,0.00005
3/11/2022 8:00,0.033577716,0.00005
3/11/2022 8:15,0.032726926,0.00005
3/11/2022 8:30,0.031842949,0.00005
3/11/2022 8:45,0.031316079,0.00004
3/11/2022 9:00,0.03087412,0.00004
3/11/2022 9:15,0.03056531,0.00004
3/11/2022 9:30,0.030155947,0.00004
3/11/2022 9:45,0.029560869,0.00004
3/11/2022 10:00,0.029008751,0.00004
3/11/2022 10:15,0.028889694,0.00004
3/11/2022 10:30,0.028505012,0.00004
3/11/2022 10:45,0.027611597,0.00004
3/11/2022 11:00,0.026944708,0.00004
3/11/2022 11:15,0.026066859,0.00004
3/11/2022 11:30,0.0253901,0.00004
3/11/2022 11:45,0.024931472,0.00004
3/11/2022 12:00,0.023507901,0.00003
3/11/2022 12:15,0.022590349,0.00003
3/11/2022 12:30,0.022104053,0.00003
3/11/2022 12:45,0.022148987,0.00003
3/11/2022 13:00,0.022752354,0.00003
3/11/2022 13:15,0.023963355,0.00003
3/11/2022 13:30,0.02491373,0.00004
3/11/2022 13:45,0.026079403,0.00004
3/11/2022 14:00,0.027372218,0.00004
3/11/2022 14:15,0.028324612,0.00004
3/11/2022 14:30,0.029398973,0.00004
3/11/2022 14:45,0.030331558,0.00004
3/11/2022 15:00,0.031796889,0.00005
3/11/2022 15:15,0.034110636,0.00005
3/11/2022 15:30,0.036544056,0.00005
3/11/2022 15:45,0.039032806,0.00006
3/11/2022 16:00,0.042253118,0.00006
3/11/2022 16:15,0.044499723,0.00006
3/11/2022 16:30,0.046505909,0.00007
3/11/2022 16:45,0.049560246,0.00007
3/11/2022 17:00,0.052013532,0.00007
3/11/2022 17:15,0.055351606,0.00008
3/11/2022 17:30,0.057720602,0.00008
3/11/2022 17:45,0.058991599,0.00008
3/11/2022 18:00,0.060316776,0.00009
3/11/2022 18:15,0.061630424,0.00009
3/11/2022 18:30,0.061658666,0.00009
3/11/2022 18:45,0.062275793,0.00009
3/11/2022 19:00,0.061605088,0.00009
3/11/2022 19:15,0.060692311,0.00009
3/11/2022 19:30,0.062457371,0.00009
3/11/2022 19:45,0.064498176,0.00009
3/11/2022 20:00,0.066249408,0.00009
3/11/2022 20:15,0.066924482,0.00009
3/11/2022 20:30,0.067334997,0.00010
3/11/2022 20:45,0.066540781,0.00009
3/11/2022 21:00,0.06533533,0.00009
3/11/2022 21:15,0.064020558,0.00009
3/11/2022 21:30,0.063213027,0.00009
3/11/2022 21:45,0.062468049,0.00009
3/11/2022 22:00,0.062095166,0.00009
3/11/2022 22:15,0.061670767,0.00009
3/11/2022 22:30,0.061620051,0.00009
3/11/2022 22:45,0.061218955,0.00009
3/11/2022 23:00,0.061212131,0.00009
3/11/2022 23:15,0.061050866,0.00009
3/11/2022 23:30,0.060825345,0.00009
3/11/2022 23:45,0.061783538,0.00009
3/12/2022 0:00,0.063329445,0.00009
3/12/2022 0:15,0.063563929,0.00009
3/12/2022 0:30,0.063287057,0.00009
3/12/2022 0:45,0.062852543,0.00009
3/12/2022 1:00,0.061611791,0.00009
3/12/2022 1:15,0.060463727,0.00009
3/12/2022 1:30,0.058912962,0.00008
3/12/2022 1:45,0.056962125,0.00008
3/12/2022 2:00,0.056488397,0.00008
3/12/2022 2:15,0.055100996,0.00008
3/12/2022 2:30,0.054365405,0.00008
3/12/2022 2:45,0.053274769,0.00008
3/12/2022 3:00,0.051989874,0.00007
3/12/2022 3:15,0.050793971,0.00007
3/12/2022 3:30,0.04954463,0.00007
3/12/2022 3:45,0.048748295,0.00007
3/12/2022 4:00,0.047626665,0.00007
3/12/2022 4:15,0.047067626,0.00007
3/12/2022 4:30,0.047832861,0.00007
3/12/2022 4:45,0.04797562,0.00007
3/12/2022 5:00,0.048428927,0.00007
3/12/2022 5:15,0.049111358,0.00007
3/12/2022 5:30,0.049909008,0.00007
3/12/2022 5:45,0.051125888,0.00007
3/12/2022 6:00,0.052282624,0.00007
3/12/2022 6:15,0.053768482,0.00008
3/12/2022 6:30,0.054840083,0.00008
3/12/2022 6:45,0.05697187,0.00008
3/12/2022 7:00,0.061381212,0.00009
3/12/2022 7:15,0.06577659,0.00009
3/12/2022 7:30,0.07030245,0.00010
3/12/2022 7:45,0.074619087,0.00011
3/12/2022 8:00,0.078851217,0.00011
3/12/2022 8:15,0.081570297,0.00012
3/12/2022 8:30,0.085102897,0.00012
3/12/2022 8:45,0.088321121,0.00013
3/12/2022 9:00,0.09077049,0.00013
3/12/2022 9:15,0.093764086,0.00013
3/12/2022 9:30,0.095664386,0.00014
3/12/2022 9:45,0.09669778,0.00014
3/12/2022 10:00,0.096746577,0.00014
3/12/2022 10:15,0.096208353,0.00014
3/12/2022 10:30,0.093867264,0.00013
3/12/2022 10:45,0.091626634,0.00013
3/12/2022 11:00,0.088796533,0.00013
3/12/2022 11:15,0.085238708,0.00012
3/12/2022 11:30,0.082365833,0.00012
3/12/2022 11:45,0.078970824,0.00011
3/12/2022 12:00,0.074839918,0.00011
3/12/2022 12:15,0.070769566,0.00010
3/12/2022 12:30,0.067108067,0.00010
3/12/2022 12:45,0.064255891,0.00009
3/12/2022 13:00,0.061344469,0.00009
3/12/2022 13:15,0.059046691,0.00008
3/12/2022 13:30,0.057941869,0.00008
3/12/2022 13:45,0.056792047,0.00008
3/12/2022 14:00,0.057358147,0.00008
3/12/2022 14:15,0.059079128,0.00008
3/12/2022 14:30,0.059049584,0.00008
3/12/2022 14:45,0.058558046,0.00008
3/12/2022 15:00,0.057887945,0.00008
3/12/2022 15:15,0.056966581,0.00008
3/12/2022 15:30,0.056986342,0.00008
3/12/2022 15:45,0.058306163,0.00008
3/12/2022 16:00,0.058896192,0.00008
3/12/2022 16:15,0.059920847,0.00008
3/12/2022 16:30,0.061513994,0.00009
3/12/2022 16:45,0.062080139,0.00009
3/12/2022 17:00,0.062300041,0.00009
3/12/2022 17:15,0.063106678,0.00009
3/12/2022 17:30,0.063185196,0.00009
3/12/2022 17:45,0.063241489,0.00009
3/12/2022 18:00,0.063363677,0.00009
3/12/2022 18:15,0.063967356,0.00009
3/12/2022 18:30,0.064751509,0.00009
3/12/2022 18:45,0.064710296,0.00009
3/12/2022 19:00,0.064498397,0.00009
3/12/2022 19:15,0.064716733,0.00009
3/12/2022 19:30,0.064450703,0.00009
3/12/2022 19:45,0.064247424,0.00009
3/12/2022 20:00,0.064123059,0.00009
3/12/2022 20:15,0.063442168,0.00009
3/12/2022 20:30,0.063295989,0.00009
3/12/2022 20:45,0.062322764,0.00009
3/12/2022 21:00,0.061140145,0.00009
3/12/2022 21:15,0.060533646,0.00009
3/12/2022 21:30,0.060032168,0.00008
3/12/2022 21:45,0.059850497,0.00008
3/12/2022 22:00,0.059521969,0.00008
3/12/2022 22:15,0.059542229,0.00008
3/12/2022 22:30,0.060121965,0.00009
3/12/2022 22:45,0.060743556,0.00009
3/12/2022 23:00,0.061013302,0.00009
3/12/2022 23:15,0.060856357,0.00009
3/12/2022 23:30,0.06122717,0.00009
3/12/2022 23:45,0.060798202,0.00009
3/13/2022 0:00,0.059804879,0.00008
3/13/2022 0:15,0.059641785,0.00008
3/13/2022 0:30,0.059968416,0.00008
3/13/2022 0:45,0.058596198,0.00008
3/13/2022 1:00,0.058198341,0.00008
3/13/2022 1:15,0.057894334,0.00008
3/13/2022 1:30,0.057420562,0.00008
3/13/2022 1:45,0.056365574,0.00008
3/13/2022 2:00,0.056092884,0.00008
3/13/2022 2:15,0.055818669,0.00008
3/13/2022 2:30,0.055527493,0.00008
3/13/2022 2:45,0.05455904,0.00008
3/13/2022 3:00,0.053181674,0.00008
3/13/2022 3:15,0.052142395,0.00007
3/13/2022 3:30,0.051154953,0.00007
3/13/2022 3:45,0.050403526,0.00007
3/13/2022 4:00,0.049674479,0.00007
3/13/2022 4:15,0.048891765,0.00007
3/13/2022 4:30,0.04820549,0.00007
3/13/2022 4:45,0.047528988,0.00007
3/13/2022 5:00,0.046532359,0.00007
3/13/2022 5:15,0.045203762,0.00006
3/13/2022 5:30,0.043984604,0.00006
3/13/2022 5:45,0.043168933,0.00006
3/13/2022 6:00,0.04234602,0.00006
3/13/2022 6:15,0.041567241,0.00006
3/13/2022 6:30,0.042095068,0.00006
3/13/2022 6:45,0.041993506,0.00006
3/13/2022 7:00,0.042292033,0.00006
3/13/2022 7:15,0.042336863,0.00006
3/13/2022 7:30,0.042454203,0.00006
3/13/2022 7:45,0.04224035,0.00006
3/13/2022 8:00,0.041818824,0.00006
3/13/2022 8:15,0.041480801,0.00006
3/13/2022 8:30,0.040673021,0.00006
3/13/2022 8:45,0.039719158,0.00006
3/13/2022 9:00,0.03949092,0.00006
3/13/2022 9:15,0.039151057,0.00006
3/13/2022 9:30,0.038225087,0.00005
3/13/2022 9:45,0.037666034,0.00005
3/13/2022 10:00,0.037016412,0.00005
3/13/2022 10:15,0.036449812,0.00005
3/13/2022 10:30,0.036175302,0.00005
3/13/2022 10:45,0.036276972,0.00005
3/13/2022 11:00,0.036029801,0.00005
3/13/2022 11:15,0.03602508,0.00005
3/13/2022 11:30,0.036114165,0.00005
3/13/2022 11:45,0.036899903,0.00005
3/13/2022 12:00,0.037046296,0.00005
3/13/2022 12:15,0.037436585,0.00005
3/13/2022 12:30,0.038938252,0.00006
3/13/2022 12:45,0.040818713,0.00006
3/13/2022 13:00,0.043496479,0.00006
3/13/2022 13:15,0.046130078,0.00007
3/13/2022 13:30,0.049873094,0.00007
3/13/2022 13:45,0.054536214,0.00008
3/13/2022 14:00,0.058339566,0.00008
3/13/2022 14:15,0.06164286,0.00009
3/13/2022 14:30,0.064528826,0.00009
3/13/2022 14:45,0.06699137,0.00009
3/13/2022 15:00,0.068319798,0.00010
3/13/2022 15:15,0.069423192,0.00010
3/13/2022 15:30,0.068771674,0.00010
3/13/2022 15:45,0.068385592,0.00010
3/13/2022 16:00,0.068399558,0.00010
3/13/2022 16:15,0.068002635,0.00010
3/13/2022 16:30,0.067349556,0.00010
3/13/2022 16:45,0.066831703,0.00009
3/13/2022 17:00,0.066296352,0.00009
3/13/2022 17:15,0.065452665,0.00009
3/13/2022 17:30,0.064639201,0.00009
3/13/2022 17:45,0.063841196,0.00009
3/13/2022 18:00,0.062940847,0.00009
3/13/2022 18:15,0.06189961,0.00009
3/13/2022 18:30,0.061724423,0.00009
3/13/2022 18:45,0.061762214,0.00009
3/13/2022 19:00,0.061385168,0.00009
3/13/2022 19:15,0.061040582,0.00009
3/13/2022 19:30,0.061322377,0.00009
3/13/2022 19:45,0.06171175,0.00009
3/13/2022 20:00,0.06170275,0.00009
3/13/2022 20:15,0.061747856,0.00009
3/13/2022 20:30,0.061495733,0.00009
3/13/2022 20:45,0.062425439,0.00009
3/13/2022 21:00,0.063102762,0.00009
3/13/2022 21:15,0.063502363,0.00009
3/13/2022 21:30,0.063896901,0.00009
3/13/2022 21:45,0.065471728,0.00009
3/13/2022 22:00,0.066451559,0.00009
3/13/2022 22:15,0.066267168,0.00009
3/13/2022 22:30,0.066292417,0.00009
3/13/2022 22:45,0.065482076,0.00009
3/13/2022 23:00,0.06358429,0.00009
3/13/2022 23:15,0.062312835,0.00009
3/13/2022 23:30,0.061009459,0.00009
3/13/2022 23:45,0.060126474,0.00009
3/14/2022 0:00,0.058750969,0.00008
3/14/2022 0:15,0.05784005,0.00008
3/14/2022 0:30,0.056200809,0.00008
3/14/2022 0:45,0.054474359,0.00008
3/14/2022 1:00,0.052649119,0.00007
3/14/2022 1:15,0.051537319,0.00007
3/14/2022 1:30,0.050295282,0.00007
3/14/2022 1:45,0.049595101,0.00007
3/14/2022 2:00,0.048974028,0.00007
3/14/2022 2:15,0.048324147,0.00007
3/14/2022 2:30,0.047793487,0.00007
3/14/2022 2:45,0.047159516,0.00007
3/14/2022 3:00,0.04755732,0.00007
3/14/2022 3:15,0.047779508,0.00007
3/14/2022 3:30,0.048185299,0.00007
3/14/2022 3:45,0.048603427,0.00007
3/14/2022 4:00,0.049613447,0.00007
3/14/2022 4:15,0.050667049,0.00007
3/14/2022 4:30,0.051337376,0.00007
3/14/2022 4:45,0.05277564,0.00007
3/14/2022 5:00,0.054255167,0.00008
3/14/2022 5:15,0.055915459,0.00008
3/14/2022 5:30,0.057243533,0.00008
3/14/2022 5:45,0.058767392,0.00008
3/14/2022 6:00,0.059476524,0.00008
3/14/2022 6:15,0.059481448,0.00008
3/14/2022 6:30,0.059068057,0.00008
3/14/2022 6:45,0.059124764,0.00008
3/14/2022 7:00,0.058282224,0.00008
3/14/2022 7:15,0.05729941,0.00008
3/14/2022 7:30,0.0555686,0.00008
3/14/2022 7:45,0.05270666,0.00007
3/14/2022 8:00,0.050656783,0.00007
3/14/2022 8:15,0.048927151,0.00007
3/14/2022 8:30,0.046934422,0.00007
3/14/2022 8:45,0.045072415,0.00006
3/14/2022 9:00,0.043518805,0.00006
3/14/2022 9:15,0.041823424,0.00006
3/14/2022 9:30,0.040337418,0.00006
3/14/2022 9:45,0.03900703,0.00006
3/14/2022 10:00,0.038175275,0.00005
3/14/2022 10:15,0.037455243,0.00005
3/14/2022 10:30,0.036761254,0.00005
3/14/2022 10:45,0.036490326,0.00005
3/14/2022 11:00,0.036143642,0.00005
3/14/2022 11:15,0.036732781,0.00005
3/14/2022 11:30,0.037533408,0.00005
3/14/2022 11:45,0.03803423,0.00005
3/14/2022 12:00,0.039476587,0.00006
3/14/2022 12:15,0.040792863,0.00006
3/14/2022 12:30,0.042954224,0.00006
3/14/2022 12:45,0.044727712,0.00006
3/14/2022 13:00,0.04590973,0.00006
3/14/2022 13:15,0.047624284,0.00007
3/14/2022 13:30,0.049293881,0.00007
3/14/2022 13:45,0.05089096,0.00007
3/14/2022 14:00,0.053081948,0.00008
3/14/2022 14:15,0.053822232,0.00008
3/14/2022 14:30,0.054200068,0.00008
3/14/2022 14:45,0.054224667,0.00008
3/14/2022 15:00,0.054545062,0.00008
3/14/2022 15:15,0.054719904,0.00008
3/14/2022 15:30,0.055064702,0.00008
3/14/2022 15:45,0.055583111,0.00008
3/14/2022 16:00,0.056705722,0.00008
3/14/2022 16:15,0.057007989,0.00008
3/14/2022 16:30,0.057344297,0.00008
3/14/2022 16:45,0.057445089,0.00008
3/14/2022 17:00,0.05816137,0.00008
3/14/2022 17:15,0.059459613,0.00008
3/14/2022 17:30,0.06021662,0.00009
3/14/2022 17:45,0.060282429,0.00009
3/14/2022 18:00,0.060584216,0.00009
3/14/2022 18:15,0.061771925,0.00009
3/14/2022 18:30,0.063095084,0.00009
3/14/2022 18:45,0.063660899,0.00009
3/14/2022 19:00,0.064236687,0.00009
3/14/2022 19:15,0.065782215,0.00009
3/14/2022 19:30,0.067072657,0.00009
3/14/2022 19:45,0.069610877,0.00010
3/14/2022 20:00,0.070380861,0.00010
3/14/2022 20:15,0.070991302,0.00010
3/14/2022 20:30,0.072862333,0.00010
3/14/2022 20:45,0.074372676,0.00011
3/14/2022 21:00,0.075361752,0.00011
3/14/2022 21:15,0.075502132,0.00011
3/14/2022 21:30,0.074400884,0.00011
3/14/2022 21:45,0.073524825,0.00010
3/14/2022 22:00,0.073391344,0.00010
3/14/2022 22:15,0.071896155,0.00010
3/14/2022 22:30,0.070086338,0.00010
3/14/2022 22:45,0.069005165,0.00010
3/14/2022 23:00,0.067365112,0.00010
3/14/2022 23:15,0.065771991,0.00009
3/14/2022 23:30,0.064504628,0.00009
3/14/2022 23:45,0.063062474,0.00009
3/15/2022 0:00,0.062171384,0.00009
3/15/2022 0:15,0.061930291,0.00009
3/15/2022 0:30,0.061126439,0.00009
3/15/2022 0:45,0.060267688,0.00009
3/15/2022 1:00,0.05946898,0.00008
3/15/2022 1:15,0.059232891,0.00008
3/15/2022 1:30,0.05867142,0.00008
3/15/2022 1:45,0.05743943,0.00008
3/15/2022 2:00,0.05697042,0.00008
3/15/2022 2:15,0.056906822,0.00008
3/15/2022 2:30,0.05678127,0.00008
3/15/2022 2:45,0.056717592,0.00008
3/15/2022 3:00,0.057090422,0.00008
3/15/2022 3:15,0.056887596,0.00008
3/15/2022 3:30,0.057460168,0.00008
3/15/2022 3:45,0.058391031,0.00008
3/15/2022 4:00,0.058996311,0.00008
3/15/2022 4:15,0.058754183,0.00008
3/15/2022 4:30,0.058496165,0.00008
3/15/2022 4:45,0.058149001,0.00008
3/15/2022 5:00,0.057383127,0.00008
3/15/2022 5:15,0.056327346,0.00008
3/15/2022 5:30,0.055230336,0.00008
3/15/2022 5:45,0.054655849,0.00008
3/15/2022 6:00,0.05427224,0.00008
3/15/2022 6:15,0.05646259,0.00008
3/15/2022 6:30,0.059683995,0.00008
3/15/2022 6:45,0.062519172,0.00009
3/15/2022 7:00,0.064881296,0.00009
3/15/2022 7:15,0.067483262,0.00010
3/15/2022 7:30,0.069177927,0.00010
3/15/2022 7:45,0.069708519,0.00010
3/15/2022 8:00,0.070501427,0.00010
3/15/2022 8:15,0.069297945,0.00010
3/15/2022 8:30,0.067817411,0.00010
3/15/2022 8:45,0.065967762,0.00009
3/15/2022 9:00,0.064024925,0.00009
3/15/2022 9:15,0.061886295,0.00009
3/15/2022 9:30,0.060090974,0.00009
3/15/2022 9:45,0.05765065,0.00008
3/15/2022 10:00,0.055900856,0.00008
3/15/2022 10:15,0.053654179,0.00008
3/15/2022 10:30,0.051277709,0.00007
3/15/2022 10:45,0.049317427,0.00007
3/15/2022 11:00,0.04713527,0.00007
3/15/2022 11:15,0.045483992,0.00006
3/15/2022 11:30,0.043607733,0.00006
3/15/2022 11:45,0.042690751,0.00006
3/15/2022 12:00,0.041670259,0.00006
3/15/2022 12:15,0.040865488,0.00006
3/15/2022 12:30,0.041241632,0.00006
3/15/2022 12:45,0.041894234,0.00006
3/15/2022 13:00,0.043815721,0.00006
3/15/2022 13:15,0.046422743,0.00007
3/15/2022 13:30,0.051261877,0.00007
3/15/2022 13:45,0.054220803,0.00008
3/15/2022 14:00,0.056938275,0.00008
3/15/2022 14:15,0.060121669,0.00009
3/15/2022 14:30,0.062693822,0.00009
3/15/2022 14:45,0.063969247,0.00009
3/15/2022 15:00,0.065019909,0.00009
3/15/2022 15:15,0.06641218,0.00009
3/15/2022 15:30,0.067474267,0.00010
3/15/2022 15:45,0.068665096,0.00010
3/15/2022 16:00,0.06958518,0.00010
3/15/2022 16:15,0.071349171,0.00010
3/15/2022 16:30,0.072847787,0.00010
3/15/2022 16:45,0.073661214,0.00010
3/15/2022 17:00,0.074096754,0.00010
3/15/2022 17:15,0.076308732,0.00011
3/15/2022 17:30,0.077036086,0.00011
3/15/2022 17:45,0.077892895,0.00011
3/15/2022 18:00,0.079225844,0.00011
3/15/2022 18:15,0.080430411,0.00011
3/15/2022 18:30,0.082539558,0.00012
3/15/2022 18:45,0.083430362,0.00012
3/15/2022 19:00,0.084739963,0.00012
3/15/2022 19:15,0.08417137,0.00012
3/15/2022 19:30,0.084698333,0.00012
3/15/2022 19:45,0.085152885,0.00012
3/15/2022 20:00,0.084995758,0.00012
3/15/2022 20:15,0.085637849,0.00012
3/15/2022 20:30,0.085188385,0.00012
3/15/2022 20:45,0.085634911,0.00012
3/15/2022 21:00,0.085023278,0.00012
3/15/2022 21:15,0.08548827,0.00012
3/15/2022 21:30,0.084799529,0.00012
3/15/2022 21:45,0.083487558,0.00012
3/15/2022 22:00,0.082677414,0.00012
3/15/2022 22:15,0.081879528,0.00012
3/15/2022 22:30,0.081136607,0.00011
3/15/2022 22:45,0.080191761,0.00011
3/15/2022 23:00,0.07939586,0.00011
3/15/2022 23:15,0.079073032,0.00011
3/15/2022 23:30,0.078066873,0.00011
3/15/2022 23:45,0.076236364,0.00011
3/16/2022 0:00,0.074833172,0.00011
3/16/2022 0:15,0.075058375,0.00011
3/16/2022 0:30,0.075043295,0.00011
3/16/2022 0:45,0.073600421,0.00010
3/16/2022 1:00,0.072882407,0.00010
3/16/2022 1:15,0.072738078,0.00010
3/16/2022 1:30,0.072606529,0.00010
3/16/2022 1:45,0.072421557,0.00010
3/16/2022 2:00,0.071703168,0.00010
3/16/2022 2:15,0.070837024,0.00010
3/16/2022 2:30,0.070574336,0.00010
3/16/2022 2:45,0.070779596,0.00010
3/16/2022 3:00,0.071382991,0.00010
3/16/2022 3:15,0.071235887,0.00010
3/16/2022 3:30,0.07123456,0.00010
3/16/2022 3:45,0.07129516,0.00010
3/16/2022 4:00,0.072227846,0.00010
3/16/2022 4:15,0.072350101,0.00010
3/16/2022 4:30,0.071405302,0.00010
3/16/2022 4:45,0.071065781,0.00010
3/16/2022 5:00,0.072029216,0.00010
3/16/2022 5:15,0.072939952,0.00010
3/16/2022 5:30,0.073110318,0.00010
3/16/2022 5:45,0.072254695,0.00010
3/16/2022 6:00,0.071162684,0.00010
3/16/2022 6:15,0.071157164,0.00010
3/16/2022 6:30,0.070399713,0.00010
3/16/2022 6:45,0.068866094,0.00010
3/16/2022 7:00,0.06714308,0.00010
3/16/2022 7:15,0.066115957,0.00009
3/16/2022 7:30,0.064397909,0.00009
3/16/2022 7:45,0.062660964,0.00009
3/16/2022 8:00,0.060714577,0.00009
3/16/2022 8:15,0.05948915,0.00008
3/16/2022 8:30,0.05737406,0.00008
3/16/2022 8:45,0.055494476,0.00008
3/16/2022 9:00,0.053705373,0.00008
3/16/2022 9:15,0.052543012,0.00007
3/16/2022 9:30,0.05138289,0.00007
3/16/2022 9:45,0.05068054,0.00007
3/16/2022 10:00,0.049706036,0.00007
3/16/2022 10:15,0.049662195,0.00007
3/16/2022 10:30,0.048864096,0.00007
3/16/2022 10:45,0.049147597,0.00007
3/16/2022 11:00,0.049298123,0.00007
3/16/2022 11:15,0.049626431,0.00007
3/16/2022 11:30,0.049948101,0.00007
3/16/2022 11:45,0.050918186,0.00007
3/16/2022 12:00,0.052727702,0.00007
3/16/2022 12:15,0.054349466,0.00008
3/16/2022 12:30,0.056205211,0.00008
3/16/2022 12:45,0.058170551,0.00008
3/16/2022 13:00,0.059607585,0.00008
3/16/2022 13:15,0.061611429,0.00009
3/16/2022 13:30,0.064341973,0.00009
3/16/2022 13:45,0.066475236,0.00009
3/16/2022 14:00,0.069134095,0.00010
3/16/2022 14:15,0.071651701,0.00010
3/16/2022 14:30,0.073719094,0.00010
3/16/2022 14:45,0.075816997,0.00011
3/16/2022 15:00,0.077935235,0.00011
3/16/2022 15:15,0.079825594,0.00011
3/16/2022 15:30,0.081776055,0.00012
3/16/2022 15:45,0.083237914,0.00012
3/16/2022 16:00,0.085119503,0.00012
3/16/2022 16:15,0.087520032,0.00012
3/16/2022 16:30,0.090158145,0.00013
3/16/2022 16:45,0.091630591,0.00013
3/16/2022 17:00,0.093763454,0.00013
3/16/2022 17:15,0.095693299,0.00014
3/16/2022 17:30,0.097809705,0.00014
3/16/2022 17:45,0.099953638,0.00014
3/16/2022 18:00,0.103441886,0.00015
3/16/2022 18:15,0.104972014,0.00015
3/16/2022 18:30,0.107362905,0.00015
3/16/2022 18:45,0.110079178,0.00016
3/16/2022 19:00,0.110710938,0.00016
3/16/2022 19:15,0.111680966,0.00016
3/16/2022 19:30,0.114662581,0.00016
3/16/2022 19:45,0.116808751,0.00017
3/16/2022 20:00,0.116271271,0.00016
3/16/2022 20:15,0.11602139,0.00016
3/16/2022 20:30,0.116512526,0.00016
3/16/2022 20:45,0.116189697,0.00016
3/16/2022 21:00,0.116237984,0.00016
3/16/2022 21:15,0.11530328,0.00016
3/16/2022 21:30,0.113277487,0.00016
3/16/2022 21:45,0.110426227,0.00016
3/16/2022 22:00,0.109062876,0.00015
3/16/2022 22:15,0.10751508,0.00015
3/16/2022 22:30,0.106364645,0.00015
3/16/2022 22:45,0.104095316,0.00015
3/16/2022 23:00,0.1031901,0.00015
3/16/2022 23:15,0.101101286,0.00014
3/16/2022 23:30,0.099465897,0.00014
3/16/2022 23:45,0.097386681,0.00014
3/17/2022 0:00,0.096792571,0.00014
3/17/2022 0:15,0.096520954,0.00014
3/17/2022 0:30,0.097159589,0.00014
3/17/2022 0:45,0.097907217,0.00014
3/17/2022 1:00,0.098782384,0.00014
3/17/2022 1:15,0.099979642,0.00014
3/17/2022 1:30,0.100403208,0.00014
3/17/2022 1:45,0.101184341,0.00014
3/17/2022 2:00,0.100996136,0.00014
3/17/2022 2:15,0.102635001,0.00015
3/17/2022 2:30,0.105297214,0.00015
3/17/2022 2:45,0.106782408,0.00015
3/17/2022 3:00,0.106733549,0.00015
3/17/2022 3:15,0.105923648,0.00015
3/17/2022 3:30,0.105408633,0.00015
3/17/2022 3:45,0.10494952,0.00015
3/17/2022 4:00,0.102956374,0.00015
3/17/2022 4:15,0.101591251,0.00014
3/17/2022 4:30,0.098407573,0.00014
3/17/2022 4:45,0.096526589,0.00014
3/17/2022 5:00,0.094268355,0.00013
3/17/2022 5:15,0.093017331,0.00013
3/17/2022 5:30,0.09081908,0.00013
3/17/2022 5:45,0.088973719,0.00013
3/17/2022 6:00,0.086816314,0.00012
3/17/2022 6:15,0.085238996,0.00012
3/17/2022 6:30,0.083307479,0.00012
3/17/2022 6:45,0.082350534,0.00012
3/17/2022 7:00,0.0821028,0.00012
3/17/2022 7:15,0.082542437,0.00012
3/17/2022 7:30,0.081642575,0.00012
3/17/2022 7:45,0.0809808,0.00011
3/17/2022 8:00,0.079375459,0.00011
3/17/2022 8:15,0.078176609,0.00011
3/17/2022 8:30,0.077820327,0.00011
3/17/2022 8:45,0.076783488,0.00011
3/17/2022 9:00,0.07544463,0.00011
3/17/2022 9:15,0.075266287,0.00011
3/17/2022 9:30,0.076103506,0.00011
3/17/2022 9:45,0.075947977,0.00011
3/17/2022 10:00,0.075237449,0.00011
3/17/2022 10:15,0.074814114,0.00011
3/17/2022 10:30,0.074295365,0.00011
3/17/2022 10:45,0.073471644,0.00010
3/17/2022 11:00,0.072860126,0.00010
3/17/2022 11:15,0.07194217,0.00010
3/17/2022 11:30,0.070686554,0.00010
3/17/2022 11:45,0.069423995,0.00010
3/17/2022 12:00,0.069835592,0.00010
3/17/2022 12:15,0.070630498,0.00010
3/17/2022 12:30,0.070742572,0.00010
3/17/2022 12:45,0.070681131,0.00010
3/17/2022 13:00,0.07175613,0.00010
3/17/2022 13:15,0.072930946,0.00010
3/17/2022 13:30,0.074880192,0.00011
3/17/2022 13:45,0.076925344,0.00011
3/17/2022 14:00,0.079119036,0.00011
3/17/2022 14:15,0.080284708,0.00011
3/17/2022 14:30,0.080417275,0.00011
3/17/2022 14:45,0.080060858,0.00011
3/17/2022 15:00,0.07985787,0.00011
3/17/2022 15:15,0.080233033,0.00011
3/17/2022 15:30,0.080479417,0.00011
3/17/2022 15:45,0.081449297,0.00012
3/17/2022 16:00,0.081702762,0.00012
3/17/2022 16:15,0.081665949,0.00012
3/17/2022 16:30,0.082178924,0.00012
3/17/2022 16:45,0.083251989,0.00012
3/17/2022 17:00,0.084850382,0.00012
3/17/2022 17:15,0.084657247,0.00012
3/17/2022 17:30,0.084780851,0.00012
3/17/2022 17:45,0.085405565,0.00012
3/17/2022 18:00,0.08518375,0.00012
3/17/2022 18:15,0.085299888,0.00012
3/17/2022 18:30,0.086017861,0.00012
3/17/2022 18:45,0.085169441,0.00012
3/17/2022 19:00,0.085026406,0.00012
3/17/2022 19:15,0.085111423,0.00012
3/17/2022 19:30,0.084311849,0.00012
3/17/2022 19:45,0.084048302,0.00012
3/17/2022 20:00,0.085110563,0.00012
3/17/2022 20:15,0.085920606,0.00012
3/17/2022 20:30,0.086215811,0.00012
3/17/2022 20:45,0.086268433,0.00012
3/17/2022 21:00,0.085877983,0.00012
3/17/2022 21:15,0.085849175,0.00012
3/17/2022 21:30,0.085788264,0.00012
3/17/2022 21:45,0.085264322,0.00012
3/17/2022 22:00,0.085411497,0.00012
3/17/2022 22:15,0.085211446,0.00012
3/17/2022 22:30,0.085400092,0.00012
3/17/2022 22:45,0.08554347,0.00012
3/17/2022 23:00,0.086088855,0.00012
3/17/2022 23:15,0.085687205,0.00012
3/17/2022 23:30,0.086245928,0.00012
3/17/2022 23:45,0.086896812,0.00012
3/18/2022 0:00,0.088394762,0.00013
3/18/2022 0:15,0.089536763,0.00013
3/18/2022 0:30,0.089811973,0.00013
3/18/2022 0:45,0.092013119,0.00013
3/18/2022 1:00,0.095093122,0.00013
3/18/2022 1:15,0.096451227,0.00014
3/18/2022 1:30,0.097852621,0.00014
3/18/2022 1:45,0.099272659,0.00014
3/18/2022 2:00,0.099959385,0.00014
3/18/2022 2:15,0.101541184,0.00014
3/18/2022 2:30,0.10392978,0.00015
3/18/2022 2:45,0.107326925,0.00015
3/18/2022 3:00,0.112462963,0.00016
3/18/2022 3:15,0.116649977,0.00017
3/18/2022 3:30,0.11956252,0.00017
3/18/2022 3:45,0.121615223,0.00017
3/18/2022 4:00,0.123055338,0.00017
3/18/2022 4:15,0.123869737,0.00018
3/18/2022 4:30,0.125308018,0.00018
3/18/2022 4:45,0.125237472,0.00018
3/18/2022 5:00,0.123964536,0.00018
3/18/2022 5:15,0.122311384,0.00017
3/18/2022 5:30,0.119817369,0.00017
3/18/2022 5:45,0.117840372,0.00017
3/18/2022 6:00,0.11485559,0.00016
3/18/2022 6:15,0.112843765,0.00016
3/18/2022 6:30,0.112574418,0.00016
3/18/2022 6:45,0.115345476,0.00016
3/18/2022 7:00,0.119093033,0.00017
3/18/2022 7:15,0.123102588,0.00017
3/18/2022 7:30,0.126306047,0.00018
3/18/2022 7:45,0.12871024,0.00018
3/18/2022 8:00,0.130927099,0.00019
3/18/2022 8:15,0.13160042,0.00019
3/18/2022 8:30,0.129806149,0.00018
3/18/2022 8:45,0.129380766,0.00018
3/18/2022 9:00,0.128543264,0.00018
3/18/2022 9:15,0.126835172,0.00018
3/18/2022 9:30,0.125415692,0.00018
3/18/2022 9:45,0.123924469,0.00018
3/18/2022 10:00,0.121843439,0.00017
3/18/2022 10:15,0.118027939,0.00017
3/18/2022 10:30,0.114129256,0.00016
3/18/2022 10:45,0.108738295,0.00015
3/18/2022 11:00,0.102613402,0.00015
3/18/2022 11:15,0.096681627,0.00014
3/18/2022 11:30,0.090188277,0.00013
3/18/2022 11:45,0.084811576,0.00012
3/18/2022 12:00,0.079977598,0.00011
3/18/2022 12:15,0.076007045,0.00011
3/18/2022 12:30,0.072082931,0.00010
3/18/2022 12:45,0.06913519,0.00010
3/18/2022 13:00,0.066880029,0.00009
3/18/2022 13:15,0.064789237,0.00009
3/18/2022 13:30,0.065888051,0.00009
3/18/2022 13:45,0.067555834,0.00010
3/18/2022 14:00,0.069491141,0.00010
3/18/2022 14:15,0.070495335,0.00010
3/18/2022 14:30,0.070557093,0.00010
3/18/2022 14:45,0.0702733,0.00010
3/18/2022 15:00,0.070564926,0.00010
3/18/2022 15:15,0.070794925,0.00010
3/18/2022 15:30,0.070572529,0.00010
3/18/2022 15:45,0.070836228,0.00010
3/18/2022 16:00,0.071525111,0.00010
3/18/2022 16:15,0.071216051,0.00010
3/18/2022 16:30,0.070668531,0.00010
3/18/2022 16:45,0.07028753,0.00010
3/18/2022 17:00,0.070229242,0.00010
3/18/2022 17:15,0.070506062,0.00010
3/18/2022 17:30,0.070281351,0.00010
3/18/2022 17:45,0.070871593,0.00010
3/18/2022 18:00,0.070522324,0.00010
3/18/2022 18:15,0.070277611,0.00010
3/18/2022 18:30,0.07168926,0.00010
3/18/2022 18:45,0.072577175,0.00010
3/18/2022 19:00,0.074513755,0.00011
3/18/2022 19:15,0.075787346,0.00011
3/18/2022 19:30,0.075596361,0.00011
3/18/2022 19:45,0.074674486,0.00011
3/18/2022 20:00,0.072614759,0.00010
3/18/2022 20:15,0.069988467,0.00010
3/18/2022 20:30,0.067607176,0.00010
3/18/2022 20:45,0.065838724,0.00009
3/18/2022 21:00,0.063591861,0.00009
3/18/2022 21:15,0.061279087,0.00009
3/18/2022 21:30,0.058938708,0.00008
3/18/2022 21:45,0.057545151,0.00008
3/18/2022 22:00,0.056203769,0.00008
3/18/2022 22:15,0.055475658,0.00008
3/18/2022 22:30,0.054845332,0.00008
3/18/2022 22:45,0.05455328,0.00008
3/18/2022 23:00,0.054315108,0.00008
3/18/2022 23:15,0.053914428,0.00008
3/18/2022 23:30,0.053917519,0.00008
3/18/2022 23:45,0.053929914,0.00008
3/19/2022 0:00,0.054658853,0.00008
3/19/2022 0:15,0.055305238,0.00008
3/19/2022 0:30,0.056948588,0.00008
3/19/2022 0:45,0.058760938,0.00008
3/19/2022 1:00,0.061074461,0.00009
3/19/2022 1:15,0.063918233,0.00009
3/19/2022 1:30,0.068029549,0.00010
3/19/2022 1:45,0.071875694,0.00010
3/19/2022 2:00,0.073884505,0.00010
3/19/2022 2:15,0.075974641,0.00011
3/19/2022 2:30,0.076678042,0.00011
3/19/2022 2:45,0.077119094,0.00011
3/19/2022 3:00,0.077023816,0.00011
3/19/2022 3:15,0.075064849,0.00011
3/19/2022 3:30,0.073699762,0.00010
3/19/2022 3:45,0.072619455,0.00010
3/19/2022 4:00,0.071010791,0.00010
3/19/2022 4:15,0.070695055,0.00010
3/19/2022 4:30,0.069616922,0.00010
3/19/2022 4:45,0.068454464,0.00010
3/19/2022 5:00,0.068556469,0.00010
3/19/2022 5:15,0.067968013,0.00010
3/19/2022 5:30,0.067996279,0.00010
3/19/2022 5:45,0.068661977,0.00010
3/19/2022 6:00,0.070024585,0.00010
3/19/2022 6:15,0.072202578,0.00010
3/19/2022 6:30,0.073888101,0.00010
3/19/2022 6:45,0.075811358,0.00011
3/19/2022 7:00,0.076654358,0.00011
3/19/2022 7:15,0.077120719,0.00011
3/19/2022 7:30,0.076922017,0.00011
3/19/2022 7:45,0.077369733,0.00011
3/19/2022 8:00,0.076412448,0.00011
3/19/2022 8:15,0.07507511,0.00011
3/19/2022 8:30,0.074226489,0.00011
3/19/2022 8:45,0.072815574,0.00010
3/19/2022 9:00,0.069688819,0.00010
3/19/2022 9:15,0.066793256,0.00009
3/19/2022 9:30,0.063878991,0.00009
3/19/2022 9:45,0.060376948,0.00009
3/19/2022 10:00,0.057999373,0.00008
3/19/2022 10:15,0.055132145,0.00008
3/19/2022 10:30,0.052468532,0.00007
3/19/2022 10:45,0.051011012,0.00007
3/19/2022 11:00,0.049529246,0.00007
3/19/2022 11:15,0.048724193,0.00007
3/19/2022 11:30,0.048035949,0.00007
3/19/2022 11:45,0.047584189,0.00007
3/19/2022 12:00,0.047391608,0.00007
3/19/2022 12:15,0.04825624,0.00007
3/19/2022 12:30,0.048575667,0.00007
3/19/2022 12:45,0.050357774,0.00007
3/19/2022 13:00,0.05294246,0.00007
3/19/2022 13:15,0.055560809,0.00008
3/19/2022 13:30,0.057520036,0.00008
3/19/2022 13:45,0.059219066,0.00008
3/19/2022 14:00,0.06119287,0.00009
3/19/2022 14:15,0.062651517,0.00009
3/19/2022 14:30,0.063134162,0.00009
3/19/2022 14:45,0.064752885,0.00009
3/19/2022 15:00,0.065775169,0.00009
3/19/2022 15:15,0.066919761,0.00009
3/19/2022 15:30,0.067541156,0.00010
3/19/2022 15:45,0.068252488,0.00010
3/19/2022 16:00,0.068367671,0.00010
3/19/2022 16:15,0.067878747,0.00010
3/19/2022 16:30,0.067367287,0.00010
3/19/2022 16:45,0.06738033,0.00010
3/19/2022 17:00,0.067233908,0.00010
3/19/2022 17:15,0.067436662,0.00010
3/19/2022 17:30,0.066619104,0.00009
3/19/2022 17:45,0.067168223,0.00010
3/19/2022 18:00,0.067295169,0.00010
3/19/2022 18:15,0.067289945,0.00010
3/19/2022 18:30,0.067806906,0.00010
3/19/2022 18:45,0.067871006,0.00010
3/19/2022 19:00,0.069041896,0.00010
3/19/2022 19:15,0.069580117,0.00010
3/19/2022 19:30,0.07014612,0.00010
3/19/2022 19:45,0.070212609,0.00010
3/19/2022 20:00,0.071657042,0.00010
3/19/2022 20:15,0.071929838,0.00010
3/19/2022 20:30,0.07206156,0.00010
3/19/2022 20:45,0.072721715,0.00010
3/19/2022 21:00,0.073295296,0.00010
3/19/2022 21:15,0.07361861,0.00010
3/19/2022 21:30,0.073682351,0.00010
3/19/2022 21:45,0.073524693,0.00010
3/19/2022 22:00,0.073170147,0.00010
3/19/2022 22:15,0.071657145,0.00010
3/19/2022 22:30,0.070858566,0.00010
3/19/2022 22:45,0.069169162,0.00010
3/19/2022 23:00,0.06790392,0.00010
3/19/2022 23:15,0.066488156,0.00009
3/19/2022 23:30,0.064204983,0.00009
3/19/2022 23:45,0.063412014,0.00009
3/20/2022 0:00,0.061672461,0.00009
3/20/2022 0:15,0.060030387,0.00008
3/20/2022 0:30,0.058588592,0.00008
3/20/2022 0:45,0.05739558,0.00008
3/20/2022 1:00,0.057539434,0.00008
3/20/2022 1:15,0.057061498,0.00008
3/20/2022 1:30,0.05712707,0.00008
3/20/2022 1:45,0.05728355,0.00008
3/20/2022 2:00,0.057126659,0.00008
3/20/2022 2:15,0.057268132,0.00008
3/20/2022 2:30,0.056752556,0.00008
3/20/2022 2:45,0.056433898,0.00008
3/20/2022 3:00,0.056240396,0.00008
3/20/2022 3:15,0.056310274,0.00008
3/20/2022 3:30,0.056211365,0.00008
3/20/2022 3:45,0.055939671,0.00008
3/20/2022 4:00,0.05631718,0.00008
3/20/2022 4:15,0.05561524,0.00008
3/20/2022 4:30,0.0552735,0.00008
3/20/2022 4:45,0.055043421,0.00008
3/20/2022 5:00,0.055137733,0.00008
3/20/2022 5:15,0.054530947,0.00008
3/20/2022 5:30,0.054383532,0.00008
3/20/2022 5:45,0.053608968,0.00008
3/20/2022 6:00,0.052860763,0.00007
3/20/2022 6:15,0.052277398,0.00007
3/20/2022 6:30,0.051907773,0.00007
3/20/2022 6:45,0.05149097,0.00007
3/20/2022 7:00,0.05157732,0.00007
3/20/2022 7:15,0.05044387,0.00007
3/20/2022 7:30,0.050790757,0.00007
3/20/2022 7:45,0.050441365,0.00007
3/20/2022 8:00,0.050396538,0.00007
3/20/2022 8:15,0.050550357,0.00007
3/20/2022 8:30,0.05009227,0.00007
3/20/2022 8:45,0.050110248,0.00007
3/20/2022 9:00,0.050113922,0.00007
3/20/2022 9:15,0.0495245,0.00007
3/20/2022 9:30,0.049269177,0.00007
3/20/2022 9:45,0.048255692,0.00007
3/20/2022 10:00,0.047967766,0.00007
3/20/2022 10:15,0.048163441,0.00007
3/20/2022 10:30,0.047721871,0.00007
3/20/2022 10:45,0.047628172,0.00007
3/20/2022 11:00,0.047876157,0.00007
3/20/2022 11:15,0.048219375,0.00007
3/20/2022 11:30,0.047969675,0.00007
3/20/2022 11:45,0.048617493,0.00007
3/20/2022 12:00,0.048789242,0.00007
3/20/2022 12:15,0.048634019,0.00007
3/20/2022 12:30,0.048370994,0.00007
3/20/2022 12:45,0.048085054,0.00007
3/20/2022 13:00,0.047910461,0.00007
3/20/2022 13:15,0.048331614,0.00007
3/20/2022 13:30,0.048242279,0.00007
3/20/2022 13:45,0.048794977,0.00007
3/20/2022 14:00,0.048455846,0.00007
3/20/2022 14:15,0.047900846,0.00007
3/20/2022 14:30,0.04766008,0.00007
3/20/2022 14:45,0.047210751,0.00007
3/20/2022 15:00,0.046995563,0.00007
3/20/2022 15:15,0.047177247,0.00007
3/20/2022 15:30,0.047378498,0.00007
3/20/2022 15:45,0.0479535,0.00007
3/20/2022 16:00,0.048686504,0.00007
3/20/2022 16:15,0.049505683,0.00007
3/20/2022 16:30,0.050227244,0.00007
3/20/2022 16:45,0.051817433,0.00007
3/20/2022 17:00,0.052630581,0.00007
3/20/2022 17:15,0.055216378,0.00008
3/20/2022 17:30,0.057484109,0.00008
3/20/2022 17:45,0.059284151,0.00008
3/20/2022 18:00,0.061238544,0.00009
3/20/2022 18:15,0.063284788,0.00009
3/20/2022 18:30,0.064935234,0.00009
3/20/2022 18:45,0.066617617,0.00009
3/20/2022 19:00,0.067675083,0.00010
3/20/2022 19:15,0.068280861,0.00010
3/20/2022 19:30,0.06952742,0.00010
3/20/2022 19:45,0.070424475,0.00010
3/20/2022 20:00,0.071134794,0.00010
3/20/2022 20:15,0.072618747,0.00010
3/20/2022 20:30,0.072870232,0.00010
3/20/2022 20:45,0.072569235,0.00010
3/20/2022 21:00,0.072122865,0.00010
3/20/2022 21:15,0.071378377,0.00010
3/20/2022 21:30,0.071105798,0.00010
3/20/2022 21:45,0.071059674,0.00010
3/20/2022 22:00,0.070504646,0.00010
3/20/2022 22:15,0.070773495,0.00010
3/20/2022 22:30,0.070462387,0.00010
3/20/2022 22:45,0.070740129,0.00010
3/20/2022 23:00,0.071120706,0.00010
3/20/2022 23:15,0.071972546,0.00010
3/20/2022 23:30,0.072472056,0.00010
3/20/2022 23:45,0.073480285,0.00010
3/21/2022 0:00,0.074195719,0.00011
3/21/2022 0:15,0.074925179,0.00011
3/21/2022 0:30,0.076461489,0.00011
3/21/2022 0:45,0.077022493,0.00011
3/21/2022 1:00,0.077018428,0.00011
3/21/2022 1:15,0.077583453,0.00011
3/21/2022 1:30,0.078545619,0.00011
3/21/2022 1:45,0.079066098,0.00011
3/21/2022 2:00,0.078481319,0.00011
3/21/2022 2:15,0.07855544,0.00011
3/21/2022 2:30,0.079153142,0.00011
3/21/2022 2:45,0.079454114,0.00011
3/21/2022 3:00,0.079975656,0.00011
3/21/2022 3:15,0.080138159,0.00011
3/21/2022 3:30,0.08028145,0.00011
3/21/2022 3:45,0.07955656,0.00011
3/21/2022 4:00,0.079859596,0.00011
3/21/2022 4:15,0.080492389,0.00011
3/21/2022 4:30,0.081789689,0.00012
3/21/2022 4:45,0.082392342,0.00012
3/21/2022 5:00,0.082971931,0.00012
3/21/2022 5:15,0.082410462,0.00012
3/21/2022 5:30,0.082620745,0.00012
3/21/2022 5:45,0.083609244,0.00012
3/21/2022 6:00,0.084051763,0.00012
3/21/2022 6:15,0.083872192,0.00012
3/21/2022 6:30,0.083454396,0.00012
3/21/2022 6:45,0.082265246,0.00012
3/21/2022 7:00,0.081660602,0.00012
3/21/2022 7:15,0.081027105,0.00011
3/21/2022 7:30,0.080859397,0.00011
3/21/2022 7:45,0.080134246,0.00011
3/21/2022 8:00,0.078932082,0.00011
3/21/2022 8:15,0.077200548,0.00011
3/21/2022 8:30,0.076526946,0.00011
3/21/2022 8:45,0.074460923,0.00011
3/21/2022 9:00,0.073159091,0.00010
3/21/2022 9:15,0.072203994,0.00010
3/21/2022 9:30,0.070949825,0.00010
3/21/2022 9:45,0.070184278,0.00010
3/21/2022 10:00,0.069490553,0.00010
3/21/2022 10:15,0.067944089,0.00010
3/21/2022 10:30,0.066896784,0.00009
3/21/2022 10:45,0.066336157,0.00009
3/21/2022 11:00,0.065137734,0.00009
3/21/2022 11:15,0.065422533,0.00009
3/21/2022 11:30,0.0651095,0.00009
3/21/2022 11:45,0.06491918,0.00009
3/21/2022 12:00,0.064828353,0.00009
3/21/2022 12:15,0.064677545,0.00009
3/21/2022 12:30,0.064225301,0.00009
3/21/2022 12:45,0.064366996,0.00009
3/21/2022 13:00,0.06529735,0.00009
3/21/2022 13:15,0.066170318,0.00009
3/21/2022 13:30,0.067073489,0.00009
3/21/2022 13:45,0.068237341,0.00010
3/21/2022 14:00,0.070598361,0.00010
3/21/2022 14:15,0.072412257,0.00010
3/21/2022 14:30,0.075061398,0.00011
3/21/2022 14:45,0.077280947,0.00011
3/21/2022 15:00,0.079250819,0.00011
3/21/2022 15:15,0.081452937,0.00012
3/21/2022 15:30,0.08397712,0.00012
3/21/2022 15:45,0.08663301,0.00012
3/21/2022 16:00,0.088297397,0.00013
3/21/2022 16:15,0.090847029,0.00013
3/21/2022 16:30,0.093271008,0.00013
3/21/2022 16:45,0.094080117,0.00013
3/21/2022 17:00,0.096212017,0.00014
3/21/2022 17:15,0.096438782,0.00014
3/21/2022 17:30,0.096770241,0.00014
3/21/2022 17:45,0.098597973,0.00014
3/21/2022 18:00,0.097251943,0.00014
3/21/2022 18:15,0.096254593,0.00014
3/21/2022 18:30,0.096229186,0.00014
3/21/2022 18:45,0.094571575,0.00013
3/21/2022 19:00,0.092783612,0.00013
3/21/2022 19:15,0.091460082,0.00013
3/21/2022 19:30,0.090194084,0.00013
3/21/2022 19:45,0.08990225,0.00013
3/21/2022 20:00,0.089624196,0.00013
3/21/2022 20:15,0.09114969,0.00013
3/21/2022 20:30,0.092045186,0.00013
3/21/2022 20:45,0.091690813,0.00013
3/21/2022 21:00,0.091356555,0.00013
3/21/2022 21:15,0.091870385,0.00013
3/21/2022 21:30,0.091536237,0.00013
3/21/2022 21:45,0.091491423,0.00013
3/21/2022 22:00,0.091762277,0.00013
3/21/2022 22:15,0.09181255,0.00013
3/21/2022 22:30,0.090964459,0.00013
3/21/2022 22:45,0.088662943,0.00013
3/21/2022 23:00,0.086330819,0.00012
3/21/2022 23:15,0.084172897,0.00012
3/21/2022 23:30,0.08369715,0.00012
3/21/2022 23:45,0.082474872,0.00012
3/22/2022 0:00,0.080759657,0.00011
3/22/2022 0:15,0.079825447,0.00011
3/22/2022 0:30,0.079363959,0.00011
3/22/2022 0:45,0.079077271,0.00011
3/22/2022 1:00,0.078952774,0.00011
3/22/2022 1:15,0.078189028,0.00011
3/22/2022 1:30,0.078195241,0.00011
3/22/2022 1:45,0.077555408,0.00011
3/22/2022 2:00,0.077346478,0.00011
3/22/2022 2:15,0.0768417,0.00011
3/22/2022 2:30,0.077424462,0.00011
3/22/2022 2:45,0.078581581,0.00011
3/22/2022 3:00,0.08048026,0.00011
3/22/2022 3:15,0.081076589,0.00011
3/22/2022 3:30,0.082084266,0.00012
3/22/2022 3:45,0.082717057,0.00012
3/22/2022 4:00,0.084102962,0.00012
3/22/2022 4:15,0.08547238,0.00012
3/22/2022 4:30,0.087808861,0.00012
3/22/2022 4:45,0.08966273,0.00013
3/22/2022 5:00,0.090028537,0.00013
3/22/2022 5:15,0.090501895,0.00013
3/22/2022 5:30,0.089841266,0.00013
3/22/2022 5:45,0.087400054,0.00012
3/22/2022 6:00,0.085555501,0.00012
3/22/2022 6:15,0.084335252,0.00012
3/22/2022 6:30,0.083565214,0.00012
3/22/2022 6:45,0.082391238,0.00012
3/22/2022 7:00,0.079364748,0.00011
3/22/2022 7:15,0.076546098,0.00011
3/22/2022 7:30,0.074222331,0.00011
3/22/2022 7:45,0.072301611,0.00010
3/22/2022 8:00,0.069771965,0.00010
3/22/2022 8:15,0.068661182,0.00010
3/22/2022 8:30,0.067012313,0.00009
3/22/2022 8:45,0.065507959,0.00009
3/22/2022 9:00,0.064376903,0.00009
3/22/2022 9:15,0.064149027,0.00009
3/22/2022 9:30,0.063634712,0.00009
3/22/2022 9:45,0.063784779,0.00009
3/22/2022 10:00,0.063769093,0.00009
3/22/2022 10:15,0.063655388,0.00009
3/22/2022 10:30,0.062881923,0.00009
3/22/2022 10:45,0.063570705,0.00009
3/22/2022 11:00,0.065102951,0.00009
3/22/2022 11:15,0.066952233,0.00009
3/22/2022 11:30,0.06864176,0.00010
3/22/2022 11:45,0.070324736,0.00010
3/22/2022 12:00,0.072462058,0.00010
3/22/2022 12:15,0.074802567,0.00011
3/22/2022 12:30,0.076826476,0.00011
3/22/2022 12:45,0.079141296,0.00011
3/22/2022 13:00,0.080315947,0.00011
3/22/2022 13:15,0.082056691,0.00012
3/22/2022 13:30,0.083141068,0.00012
3/22/2022 13:45,0.083984264,0.00012
3/22/2022 14:00,0.084849108,0.00012
3/22/2022 14:15,0.085384907,0.00012
3/22/2022 14:30,0.08605428,0.00012
3/22/2022 14:45,0.088156551,0.00012
3/22/2022 15:00,0.088895749,0.00013
3/22/2022 15:15,0.090074534,0.00013
3/22/2022 15:30,0.092100508,0.00013
3/22/2022 15:45,0.09344224,0.00013
3/22/2022 16:00,0.095426767,0.00014
3/22/2022 16:15,0.097096023,0.00014
3/22/2022 16:30,0.098242841,0.00014
3/22/2022 16:45,0.098420996,0.00014
3/22/2022 17:00,0.097649864,0.00014
3/22/2022 17:15,0.096715415,0.00014
3/22/2022 17:30,0.096126459,0.00014
3/22/2022 17:45,0.095874589,0.00014
3/22/2022 18:00,0.094584679,0.00013
3/22/2022 18:15,0.093129277,0.00013
3/22/2022 18:30,0.091402612,0.00013
3/22/2022 18:45,0.090410653,0.00013
3/22/2022 19:00,0.088868067,0.00013
3/22/2022 19:15,0.087522029,0.00012
3/22/2022 19:30,0.086411033,0.00012
3/22/2022 19:45,0.084589458,0.00012
3/22/2022 20:00,0.082893059,0.00012
3/22/2022 20:15,0.080613434,0.00011
3/22/2022 20:30,0.07979502,0.00011
3/22/2022 20:45,0.079154839,0.00011
3/22/2022 21:00,0.080268177,0.00011
3/22/2022 21:15,0.081244091,0.00012
3/22/2022 21:30,0.081408512,0.00012
3/22/2022 21:45,0.081651454,0.00012
3/22/2022 22:00,0.082987356,0.00012
3/22/2022 22:15,0.083039023,0.00012
3/22/2022 22:30,0.083437396,0.00012
3/22/2022 22:45,0.083683898,0.00012
3/22/2022 23:00,0.084492922,0.00012
3/22/2022 23:15,0.084215565,0.00012
3/22/2022 23:30,0.084911277,0.00012
3/22/2022 23:45,0.085577593,0.00012
3/23/2022 0:00,0.087798541,0.00012
3/23/2022 0:15,0.089650345,0.00013
3/23/2022 0:30,0.092198012,0.00013
3/23/2022 0:45,0.095086984,0.00013
3/23/2022 1:00,0.099707407,0.00014
3/23/2022 1:15,0.10346092,0.00015
3/23/2022 1:30,0.108872305,0.00015
3/23/2022 1:45,0.114652354,0.00016
3/23/2022 2:00,0.120340427,0.00017
3/23/2022 2:15,0.127014466,0.00018
3/23/2022 2:30,0.133487703,0.00019
3/23/2022 2:45,0.140148802,0.00020
3/23/2022 3:00,0.145801205,0.00021
3/23/2022 3:15,0.150726357,0.00021
3/23/2022 3:30,0.157419444,0.00022
3/23/2022 3:45,0.164685807,0.00023
3/23/2022 4:00,0.170394623,0.00024
3/23/2022 4:15,0.174951607,0.00025
3/23/2022 4:30,0.176551129,0.00025
3/23/2022 4:45,0.176185667,0.00025
3/23/2022 5:00,0.173360957,0.00025
3/23/2022 5:15,0.168037952,0.00024
3/23/2022 5:30,0.156410883,0.00022
3/23/2022 5:45,0.146963727,0.00021
3/23/2022 6:00,0.13770791,0.00019
3/23/2022 6:15,0.129225937,0.00018
3/23/2022 6:30,0.121838657,0.00017
3/23/2022 6:45,0.116607771,0.00017
3/23/2022 7:00,0.111924096,0.00016
3/23/2022 7:15,0.10642844,0.00015
3/23/2022 7:30,0.099373738,0.00014
3/23/2022 7:45,0.092330343,0.00013
3/23/2022 8:00,0.087040896,0.00012
3/23/2022 8:15,0.082374753,0.00012
3/23/2022 8:30,0.078350721,0.00011
3/23/2022 8:45,0.074823267,0.00011
3/23/2022 9:00,0.073290144,0.00010
3/23/2022 9:15,0.071468089,0.00010
3/23/2022 9:30,0.071251337,0.00010
3/23/2022 9:45,0.069890384,0.00010
3/23/2022 10:00,0.068809281,0.00010
3/23/2022 10:15,0.06851155,0.00010
3/23/2022 10:30,0.069503632,0.00010
3/23/2022 10:45,0.070871362,0.00010
3/23/2022 11:00,0.072399828,0.00010
3/23/2022 11:15,0.074014137,0.00010
3/23/2022 11:30,0.075087946,0.00011
3/23/2022 11:45,0.07613088,0.00011
3/23/2022 12:00,0.076175498,0.00011
3/23/2022 12:15,0.07625008,0.00011
3/23/2022 12:30,0.07704054,0.00011
3/23/2022 12:45,0.078267756,0.00011
3/23/2022 13:00,0.082242706,0.00012
3/23/2022 13:15,0.085026517,0.00012
3/23/2022 13:30,0.087956135,0.00012
3/23/2022 13:45,0.090554839,0.00013
3/23/2022 14:00,0.090987018,0.00013
3/23/2022 14:15,0.091648104,0.00013
3/23/2022 14:30,0.090845198,0.00013
3/23/2022 14:45,0.089616021,0.00013
3/23/2022 15:00,0.089229604,0.00013
3/23/2022 15:15,0.089650632,0.00013
3/23/2022 15:30,0.08935063,0.00013
3/23/2022 15:45,0.09009824,0.00013
3/23/2022 16:00,0.090595118,0.00013
3/23/2022 16:15,0.090815424,0.00013
3/23/2022 16:30,0.089791556,0.00013
3/23/2022 16:45,0.090134838,0.00013
3/23/2022 17:00,0.08848768,0.00013
3/23/2022 17:15,0.087599148,0.00012
3/23/2022 17:30,0.087615864,0.00012
3/23/2022 17:45,0.088202852,0.00012
3/23/2022 18:00,0.087735757,0.00012
3/23/2022 18:15,0.087577396,0.00012
3/23/2022 18:30,0.087592105,0.00012
3/23/2022 18:45,0.087791542,0.00012
3/23/2022 19:00,0.088683642,0.00013
3/23/2022 19:15,0.090492648,0.00013
3/23/2022 19:30,0.093273324,0.00013
3/23/2022 19:45,0.096512123,0.00014
3/23/2022 20:00,0.098312898,0.00014
3/23/2022 20:15,0.100008394,0.00014
3/23/2022 20:30,0.100636605,0.00014
3/23/2022 20:45,0.098919261,0.00014
3/23/2022 21:00,0.096577293,0.00014
3/23/2022 21:15,0.094803024,0.00013
3/23/2022 21:30,0.094221414,0.00013
3/23/2022 21:45,0.092104904,0.00013
3/23/2022 22:00,0.089286229,0.00013
3/23/2022 22:15,0.086746336,0.00012
3/23/2022 22:30,0.084285514,0.00012
3/23/2022 22:45,0.082433395,0.00012
3/23/2022 23:00,0.080419702,0.00011
3/23/2022 23:15,0.078443067,0.00011
3/23/2022 23:30,0.077262086,0.00011
3/23/2022 23:45,0.076840575,0.00011
3/24/2022 0:00,0.075297611,0.00011
3/24/2022 0:15,0.073560871,0.00010
3/24/2022 0:30,0.072927609,0.00010
3/24/2022 0:45,0.073247569,0.00010
3/24/2022 1:00,0.073732098,0.00010
3/24/2022 1:15,0.073977329,0.00010
3/24/2022 1:30,0.07479967,0.00011
3/24/2022 1:45,0.076010988,0.00011
3/24/2022 2:00,0.077401908,0.00011
3/24/2022 2:15,0.07899546,0.00011
3/24/2022 2:30,0.080021657,0.00011
3/24/2022 2:45,0.08230568,0.00012
3/24/2022 3:00,0.083998755,0.00012
3/24/2022 3:15,0.084825478,0.00012
3/24/2022 3:30,0.08645701,0.00012
3/24/2022 3:45,0.087170407,0.00012
3/24/2022 4:00,0.087486499,0.00012
3/24/2022 4:15,0.088196706,0.00012
3/24/2022 4:30,0.08941804,0.00013
3/24/2022 4:45,0.089250267,0.00013
3/24/2022 5:00,0.087673242,0.00012
3/24/2022 5:15,0.086039359,0.00012
3/24/2022 5:30,0.084475286,0.00012
3/24/2022 5:45,0.08330017,0.00012
3/24/2022 6:00,0.082454025,0.00012
3/24/2022 6:15,0.0822028,0.00012
3/24/2022 6:30,0.082235013,0.00012
3/24/2022 6:45,0.082445449,0.00012
3/24/2022 7:00,0.081355382,0.00012
3/24/2022 7:15,0.078790755,0.00011
3/24/2022 7:30,0.077214094,0.00011
3/24/2022 7:45,0.076112063,0.00011
3/24/2022 8:00,0.074236569,0.00011
3/24/2022 8:15,0.072368903,0.00010
3/24/2022 8:30,0.070135363,0.00010
3/24/2022 8:45,0.068197587,0.00010
3/24/2022 9:00,0.066239276,0.00009
3/24/2022 9:15,0.06413942,0.00009
3/24/2022 9:30,0.062933782,0.00009
3/24/2022 9:45,0.062127369,0.00009
3/24/2022 10:00,0.061832153,0.00009
3/24/2022 10:15,0.060624023,0.00009
3/24/2022 10:30,0.060331154,0.00009
3/24/2022 10:45,0.060500011,0.00009
3/24/2022 11:00,0.061097325,0.00009
3/24/2022 11:15,0.061448073,0.00009
3/24/2022 11:30,0.062048749,0.00009
3/24/2022 11:45,0.062483243,0.00009
3/24/2022 12:00,0.063027188,0.00009
3/24/2022 12:15,0.063290715,0.00009
3/24/2022 12:30,0.064070884,0.00009
3/24/2022 12:45,0.06612547,0.00009
3/24/2022 13:00,0.068173836,0.00010
3/24/2022 13:15,0.071444737,0.00010
3/24/2022 13:30,0.07498362,0.00011
3/24/2022 13:45,0.079107052,0.00011
3/24/2022 14:00,0.083243683,0.00012
3/24/2022 14:15,0.08587504,0.00012
3/24/2022 14:30,0.08751489,0.00012
3/24/2022 14:45,0.08936775,0.00013
3/24/2022 15:00,0.090077532,0.00013
3/24/2022 15:15,0.089242405,0.00013
3/24/2022 15:30,0.088159083,0.00012
3/24/2022 15:45,0.086919794,0.00012
3/24/2022 16:00,0.085892943,0.00012
3/24/2022 16:15,0.085449849,0.00012
3/24/2022 16:30,0.08370843,0.00012
3/24/2022 16:45,0.08294438,0.00012
3/24/2022 17:00,0.082300084,0.00012
3/24/2022 17:15,0.080423028,0.00011
3/24/2022 17:30,0.079626291,0.00011
3/24/2022 17:45,0.078560729,0.00011
3/24/2022 18:00,0.077557117,0.00011
3/24/2022 18:15,0.07686485,0.00011
3/24/2022 18:30,0.075675968,0.00011
3/24/2022 18:45,0.075522213,0.00011
3/24/2022 19:00,0.075080216,0.00011
3/24/2022 19:15,0.074961568,0.00011
3/24/2022 19:30,0.074634356,0.00011
3/24/2022 19:45,0.075708141,0.00011
3/24/2022 20:00,0.076782903,0.00011
3/24/2022 20:15,0.077841184,0.00011
3/24/2022 20:30,0.079925354,0.00011
3/24/2022 20:45,0.082093072,0.00012
3/24/2022 21:00,0.083401931,0.00012
3/24/2022 21:15,0.083580655,0.00012
3/24/2022 21:30,0.083035619,0.00012
3/24/2022 21:45,0.082964783,0.00012
3/24/2022 22:00,0.081796064,0.00012
3/24/2022 22:15,0.080346081,0.00011
3/24/2022 22:30,0.079658647,0.00011
3/24/2022 22:45,0.078466844,0.00011
3/24/2022 23:00,0.078480754,0.00011
3/24/2022 23:15,0.078086381,0.00011
3/24/2022 23:30,0.077902442,0.00011
3/24/2022 23:45,0.077520837,0.00011
3/25/2022 0:00,0.077632431,0.00011
3/25/2022 0:15,0.077667909,0.00011
3/25/2022 0:30,0.077124274,0.00011
3/25/2022 0:45,0.076590495,0.00011
3/25/2022 1:00,0.075851656,0.00011
3/25/2022 1:15,0.07597116,0.00011
3/25/2022 1:30,0.075430255,0.00011
3/25/2022 1:45,0.074739368,0.00011
3/25/2022 2:00,0.07441204,0.00011
3/25/2022 2:15,0.074065544,0.00010
3/25/2022 2:30,0.073139108,0.00010
3/25/2022 2:45,0.072851896,0.00010
3/25/2022 3:00,0.072396818,0.00010
3/25/2022 3:15,0.072023355,0.00010
3/25/2022 3:30,0.071974853,0.00010
3/25/2022 3:45,0.07174345,0.00010
3/25/2022 4:00,0.070893705,0.00010
3/25/2022 4:15,0.069458656,0.00010
3/25/2022 4:30,0.069387094,0.00010
3/25/2022 4:45,0.069408856,0.00010
3/25/2022 5:00,0.06907451,0.00010
3/25/2022 5:15,0.067655032,0.00010
3/25/2022 5:30,0.067156834,0.00010
3/25/2022 5:45,0.066595017,0.00009
3/25/2022 6:00,0.065504255,0.00009
3/25/2022 6:15,0.064897312,0.00009
3/25/2022 6:30,0.064194424,0.00009
3/25/2022 6:45,0.063457378,0.00009
3/25/2022 7:00,0.062729069,0.00009
3/25/2022 7:15,0.061316835,0.00009
3/25/2022 7:30,0.05974714,0.00008
3/25/2022 7:45,0.058176091,0.00008
3/25/2022 8:00,0.05631489,0.00008
3/25/2022 8:15,0.054849209,0.00008
3/25/2022 8:30,0.05322087,0.00008
3/25/2022 8:45,0.051810373,0.00007
3/25/2022 9:00,0.05020864,0.00007
3/25/2022 9:15,0.049484919,0.00007
3/25/2022 9:30,0.049016286,0.00007
3/25/2022 9:45,0.048715222,0.00007
3/25/2022 10:00,0.048560979,0.00007
3/25/2022 10:15,0.048847628,0.00007
3/25/2022 10:30,0.049738191,0.00007
3/25/2022 10:45,0.050493702,0.00007
3/25/2022 11:00,0.051257435,0.00007
3/25/2022 11:15,0.052183591,0.00007
3/25/2022 11:30,0.053725791,0.00008
3/25/2022 11:45,0.055079555,0.00008
3/25/2022 12:00,0.057358624,0.00008
3/25/2022 12:15,0.05919127,0.00008
3/25/2022 12:30,0.061354002,0.00009
3/25/2022 12:45,0.064396612,0.00009
3/25/2022 13:00,0.066781153,0.00009
3/25/2022 13:15,0.070072996,0.00010
3/25/2022 13:30,0.073263965,0.00010
3/25/2022 13:45,0.076638304,0.00011
3/25/2022 14:00,0.080451578,0.00011
3/25/2022 14:15,0.084802584,0.00012
3/25/2022 14:30,0.088080568,0.00012
3/25/2022 14:45,0.091902296,0.00013
3/25/2022 15:00,0.096753101,0.00014
3/25/2022 15:15,0.10127879,0.00014
3/25/2022 15:30,0.10536724,0.00015
3/25/2022 15:45,0.111450132,0.00016
3/25/2022 16:00,0.117079539,0.00017
3/25/2022 16:15,0.12225793,0.00017
3/25/2022 16:30,0.130689377,0.00019
3/25/2022 16:45,0.138024577,0.00020
3/25/2022 17:00,0.14586069,0.00021
3/25/2022 17:15,0.153906974,0.00022
3/25/2022 17:30,0.162067684,0.00023
3/25/2022 17:45,0.169895055,0.00024
3/25/2022 18:00,0.177149068,0.00025
3/25/2022 18:15,0.184931993,0.00026
3/25/2022 18:30,0.192390628,0.00027
3/25/2022 18:45,0.199732144,0.00028
3/25/2022 19:00,0.205686817,0.00029
3/25/2022 19:15,0.211032532,0.00030
3/25/2022 19:30,0.212389601,0.00030
3/25/2022 19:45,0.2147333,0.00030
3/25/2022 20:00,0.214429858,0.00030
3/25/2022 20:15,0.215103078,0.00030
3/25/2022 20:30,0.213812219,0.00030
3/25/2022 20:45,0.210870766,0.00030
3/25/2022 21:00,0.2080607,0.00029
3/25/2022 21:15,0.206053957,0.00029
3/25/2022 21:30,0.202460424,0.00029
3/25/2022 21:45,0.20003335,0.00028
3/25/2022 22:00,0.199142499,0.00028
3/25/2022 22:15,0.195925726,0.00028
3/25/2022 22:30,0.192504068,0.00027
3/25/2022 22:45,0.188712011,0.00027
3/25/2022 23:00,0.186876403,0.00026
3/25/2022 23:15,0.182505827,0.00026
3/25/2022 23:30,0.179113443,0.00025
3/25/2022 23:45,0.179528523,0.00025
3/26/2022 0:00,0.175849065,0.00025
3/26/2022 0:15,0.174376737,0.00025
3/26/2022 0:30,0.171933231,0.00024
3/26/2022 0:45,0.169123743,0.00024
3/26/2022 1:00,0.167285547,0.00024
3/26/2022 1:15,0.165380343,0.00023
3/26/2022 1:30,0.163534278,0.00023
3/26/2022 1:45,0.161202859,0.00023
3/26/2022 2:00,0.159372721,0.00023
3/26/2022 2:15,0.156162018,0.00022
3/26/2022 2:30,0.151275438,0.00021
3/26/2022 2:45,0.146688203,0.00021
3/26/2022 3:00,0.143672624,0.00020
3/26/2022 3:15,0.140048334,0.00020
3/26/2022 3:30,0.138108567,0.00020
3/26/2022 3:45,0.13377747,0.00019
3/26/2022 4:00,0.131273971,0.00019
3/26/2022 4:15,0.129701353,0.00018
3/26/2022 4:30,0.128467745,0.00018
3/26/2022 4:45,0.128052759,0.00018
3/26/2022 5:00,0.127169651,0.00018
3/26/2022 5:15,0.12531594,0.00018
3/26/2022 5:30,0.122690967,0.00017
3/26/2022 5:45,0.12081361,0.00017
3/26/2022 6:00,0.118998152,0.00017
3/26/2022 6:15,0.117282458,0.00017
3/26/2022 6:30,0.115800732,0.00016
3/26/2022 6:45,0.113394972,0.00016
3/26/2022 7:00,0.111133417,0.00016
3/26/2022 7:15,0.10721885,0.00015
3/26/2022 7:30,0.104631413,0.00015
3/26/2022 7:45,0.101412579,0.00014
3/26/2022 8:00,0.098761381,0.00014
3/26/2022 8:15,0.095653187,0.00014
3/26/2022 8:30,0.092834756,0.00013
3/26/2022 8:45,0.089707554,0.00013
3/26/2022 9:00,0.087593725,0.00012
3/26/2022 9:15,0.085432856,0.00012
3/26/2022 9:30,0.083557854,0.00012
3/26/2022 9:45,0.081813179,0.00012
3/26/2022 10:00,0.080160088,0.00011
3/26/2022 10:15,0.079881225,0.00011
3/26/2022 10:30,0.080323265,0.00011
3/26/2022 10:45,0.080563495,0.00011
3/26/2022 11:00,0.080403375,0.00011
3/26/2022 11:15,0.081105207,0.00011
3/26/2022 11:30,0.082905448,0.00012
3/26/2022 11:45,0.083271143,0.00012
3/26/2022 12:00,0.085886498,0.00012
3/26/2022 12:15,0.089377289,0.00013
3/26/2022 12:30,0.094986312,0.00013
3/26/2022 12:45,0.100766538,0.00014
3/26/2022 13:00,0.108984259,0.00015
3/26/2022 13:15,0.118079203,0.00017
3/26/2022 13:30,0.12837709,0.00018
3/26/2022 13:45,0.140996348,0.00020
3/26/2022 14:00,0.15252522,0.00022
3/26/2022 14:15,0.166017739,0.00024
3/26/2022 14:30,0.182023305,0.00026
3/26/2022 14:45,0.200086032,0.00028
3/26/2022 15:00,0.221345038,0.00031
3/26/2022 15:15,0.241550792,0.00034
3/26/2022 15:30,0.26336731,0.00037
3/26/2022 15:45,0.287503209,0.00041
3/26/2022 16:00,0.314623558,0.00045
3/26/2022 16:15,0.342006539,0.00048
3/26/2022 16:30,0.369865848,0.00052
3/26/2022 16:45,0.397583357,0.00056
3/26/2022 17:00,0.422944236,0.00060
3/26/2022 17:15,0.446053479,0.00063
3/26/2022 17:30,0.46758271,0.00066
3/26/2022 17:45,0.487038543,0.00069
3/26/2022 18:00,0.502548035,0.00071
3/26/2022 18:15,0.516727564,0.00073
3/26/2022 18:30,0.527117221,0.00075
3/26/2022 18:45,0.539717917,0.00076
3/26/2022 19:00,0.549307007,0.00078
3/26/2022 19:15,0.572278245,0.00081
3/26/2022 19:30,0.590482781,0.00084
3/26/2022 19:45,0.593504876,0.00084
3/26/2022 20:00,0.597023448,0.00085
3/26/2022 20:15,0.601031325,0.00085
3/26/2022 20:30,0.599124486,0.00085
3/26/2022 20:45,0.598228985,0.00085
3/26/2022 21:00,0.593476104,0.00084
3/26/2022 21:15,0.581697069,0.00082
3/26/2022 21:30,0.575435202,0.00081
3/26/2022 21:45,0.571510547,0.00081
3/26/2022 22:00,0.566246524,0.00080
3/26/2022 22:15,0.555826537,0.00079
3/26/2022 22:30,0.54305103,0.00077
3/26/2022 22:45,0.535232789,0.00076
3/26/2022 23:00,0.525423322,0.00074
3/26/2022 23:15,0.511556259,0.00072
3/26/2022 23:30,0.495061087,0.00070
3/26/2022 23:45,0.481576029,0.00068
3/27/2022 0:00,0.465206214,0.00066
3/27/2022 0:15,0.45033894,0.00064
3/27/2022 0:30,0.436086952,0.00062
3/27/2022 0:45,0.422204404,0.00060
3/27/2022 1:00,0.413977966,0.00059
3/27/2022 1:15,0.405882309,0.00057
3/27/2022 1:30,0.396309449,0.00056
3/27/2022 1:45,0.388998725,0.00055
3/27/2022 2:00,0.382348514,0.00054
3/27/2022 2:15,0.372700888,0.00053
3/27/2022 2:30,0.365359576,0.00052
3/27/2022 2:45,0.355822081,0.00050
3/27/2022 3:00,0.344547448,0.00049
3/27/2022 3:15,0.339466899,0.00048
3/27/2022 3:30,0.332191851,0.00047
3/27/2022 3:45,0.328168215,0.00046
3/27/2022 4:00,0.324128365,0.00046
3/27/2022 4:15,0.319414633,0.00045
3/27/2022 4:30,0.317552394,0.00045
3/27/2022 4:45,0.316294393,0.00045
3/27/2022 5:00,0.31398111,0.00044
3/27/2022 5:15,0.30708059,0.00043
3/27/2022 5:30,0.301274094,0.00043
3/27/2022 5:45,0.297413368,0.00042
3/27/2022 6:00,0.291367508,0.00041
3/27/2022 6:15,0.284925052,0.00040
3/27/2022 6:30,0.275346524,0.00039
3/27/2022 6:45,0.266817663,0.00038
3/27/2022 7:00,0.257304003,0.00036
3/27/2022 7:15,0.249475491,0.00035
3/27/2022 7:30,0.23827996,0.00034
3/27/2022 7:45,0.230574572,0.00033
3/27/2022 8:00,0.222737849,0.00032
3/27/2022 8:15,0.214443121,0.00030
3/27/2022 8:30,0.208236981,0.00029
3/27/2022 8:45,0.202557046,0.00029
3/27/2022 9:00,0.196305713,0.00028
3/27/2022 9:15,0.189482788,0.00027
3/27/2022 9:30,0.184427406,0.00026
3/27/2022 9:45,0.182571248,0.00026
3/27/2022 10:00,0.178890344,0.00025
3/27/2022 10:15,0.176389256,0.00025
3/27/2022 10:30,0.175388978,0.00025
3/27/2022 10:45,0.176416705,0.00025
3/27/2022 11:00,0.180955997,0.00026
3/27/2022 11:15,0.184649469,0.00026
3/27/2022 11:30,0.190402645,0.00027
3/27/2022 11:45,0.196074042,0.00028
3/27/2022 12:00,0.202372477,0.00029
3/27/2022 12:15,0.212211712,0.00030
3/27/2022 12:30,0.222942051,0.00032
3/27/2022 12:45,0.238547464,0.00034
3/27/2022 13:00,0.256411604,0.00036
3/27/2022 13:15,0.275426459,0.00039
3/27/2022 13:30,0.298744916,0.00042
3/27/2022 13:45,0.323050396,0.00046
3/27/2022 14:00,0.346553706,0.00049
3/27/2022 14:15,0.374219498,0.00053
3/27/2022 14:30,0.406956635,0.00058
3/27/2022 14:45,0.438486368,0.00062
3/27/2022 15:00,0.479907809,0.00068
3/27/2022 15:15,0.520144289,0.00074
3/27/2022 15:30,0.557862119,0.00079
3/27/2022 15:45,0.608031225,0.00086
3/27/2022 16:00,0.65268813,0.00092
3/27/2022 16:15,0.70041454,0.00099
3/27/2022 16:30,0.756465241,0.00107
3/27/2022 16:45,0.812805342,0.00115
3/27/2022 17:00,0.860051166,0.00122
3/27/2022 17:15,0.908645819,0.00129
3/27/2022 17:30,0.956530128,0.00135
3/27/2022 17:45,0.997350236,0.00141
3/27/2022 18:00,1.032209754,0.00146
3/27/2022 18:15,1.06938353,0.00151
3/27/2022 18:30,1.091235856,0.00154
3/27/2022 18:45,1.110436791,0.00157
3/27/2022 19:00,1.115561103,0.00158
3/27/2022 19:15,1.125377493,0.00159
3/27/2022 19:30,1.128176335,0.00160
3/27/2022 19:45,1.119164649,0.00158
3/27/2022 20:00,1.108045439,0.00157
3/27/2022 20:15,1.090573596,0.00154
3/27/2022 20:30,1.060057686,0.00150
3/27/2022 20:45,1.035072652,0.00147
3/27/2022 21:00,1.009006219,0.00143
3/27/2022 21:15,0.977442993,0.00138
3/27/2022 21:30,0.958882457,0.00136
3/27/2022 21:45,0.935390574,0.00132
3/27/2022 22:00,0.905441756,0.00128
3/27/2022 22:15,0.87173935,0.00123
3/27/2022 22:30,0.843127404,0.00119
3/27/2022 22:45,0.816770591,0.00116
3/27/2022 23:00,0.798178148,0.00113
3/27/2022 23:15,0.773874221,0.00110
3/27/2022 23:30,0.752952958,0.00107
3/27/2022 23:45,0.733900052,0.00104
3/28/2022 0:00,0.712885672,0.00101
3/28/2022 0:15,0.68278769,0.00097
3/28/2022 0:30,0.669880887,0.00095
3/28/2022 0:45,0.646486491,0.00092
3/28/2022 1:00,0.62686452,0.00089
3/28/2022 1:15,0.610534613,0.00086
3/28/2022 1:30,0.601251964,0.00085
3/28/2022 1:45,0.586104285,0.00083
3/28/2022 2:00,0.569118412,0.00081
3/28/2022 2:15,0.555338173,0.00079
3/28/2022 2:30,0.544603336,0.00077
3/28/2022 2:45,0.529981866,0.00075
3/28/2022 3:00,0.518521663,0.00073
3/28/2022 3:15,0.51062587,0.00072
3/28/2022 3:30,0.505500853,0.00072
3/28/2022 3:45,0.504605691,0.00071
3/28/2022 4:00,0.503211199,0.00071
3/28/2022 4:15,0.51410806,0.00073
3/28/2022 4:30,0.5178122,0.00073
3/28/2022 4:45,0.520307197,0.00074
3/28/2022 5:00,0.514498459,0.00073
3/28/2022 5:15,0.507861722,0.00072
3/28/2022 5:30,0.498844494,0.00071
3/28/2022 5:45,0.49225003,0.00070
3/28/2022 6:00,0.47878651,0.00068
3/28/2022 6:15,0.463886952,0.00066
3/28/2022 6:30,0.45196946,0.00064
3/28/2022 6:45,0.439467115,0.00062
3/28/2022 7:00,0.427389265,0.00061
3/28/2022 7:15,0.413665388,0.00059
3/28/2022 7:30,0.399844627,0.00057
3/28/2022 7:45,0.39180726,0.00055
3/28/2022 8:00,0.375766985,0.00053
3/28/2022 8:15,0.364742172,0.00052
3/28/2022 8:30,0.351818096,0.00050
3/28/2022 8:45,0.341308015,0.00048
3/28/2022 9:00,0.331286034,0.00047
3/28/2022 9:15,0.324881357,0.00046
3/28/2022 9:30,0.321746262,0.00046
3/28/2022 9:45,0.319321664,0.00045
3/28/2022 10:00,0.317766595,0.00045
3/28/2022 10:15,0.317696231,0.00045
3/28/2022 10:30,0.319504601,0.00045
3/28/2022 10:45,0.326407306,0.00046
3/28/2022 11:00,0.336471377,0.00048
3/28/2022 11:15,0.340667319,0.00048
3/28/2022 11:30,0.352368216,0.00050
3/28/2022 11:45,0.355566175,0.00050
3/28/2022 12:00,0.35706502,0.00051
3/28/2022 12:15,0.35920319,0.00051
3/28/2022 12:30,0.368554906,0.00052
3/28/2022 12:45,0.375606473,0.00053
3/28/2022 13:00,0.381616546,0.00054
3/28/2022 13:15,0.387004026,0.00055
3/28/2022 13:30,0.39871334,0.00056
3/28/2022 13:45,0.414113652,0.00059
3/28/2022 14:00,0.425253067,0.00060
3/28/2022 14:15,0.444247232,0.00063
3/28/2022 14:30,0.462033525,0.00065
3/28/2022 14:45,0.480130918,0.00068
3/28/2022 15:00,0.497437188,0.00070
3/28/2022 15:15,0.520992842,0.00074
3/28/2022 15:30,0.5518527,0.00078
3/28/2022 15:45,0.576244701,0.00082
3/28/2022 16:00,0.613342732,0.00087
3/28/2022 16:15,0.646634813,0.00092
3/28/2022 16:30,0.672665229,0.00095
3/28/2022 16:45,0.710516695,0.00101
3/28/2022 17:00,0.749882826,0.00106
3/28/2022 17:15,0.785797161,0.00111
3/28/2022 17:30,0.828383738,0.00117
3/28/2022 17:45,0.859680009,0.00122
3/28/2022 18:00,0.89922785,0.00127
3/28/2022 18:15,0.928068855,0.00131
3/28/2022 18:30,0.933026148,0.00132
3/28/2022 18:45,0.939425006,0.00133
3/28/2022 19:00,0.94342495,0.00134
3/28/2022 19:15,0.939431954,0.00133
3/28/2022 19:30,0.939612822,0.00133
3/28/2022 19:45,0.935251703,0.00132
3/28/2022 20:00,0.920992781,0.00130
3/28/2022 20:15,0.902841649,0.00128
3/28/2022 20:30,0.881448953,0.00125
3/28/2022 20:45,0.857731246,0.00121
3/28/2022 21:00,0.838238709,0.00119
3/28/2022 21:15,0.820595516,0.00116
3/28/2022 21:30,0.801687228,0.00113
3/28/2022 21:45,0.771108211,0.00109
3/28/2022 22:00,0.754775674,0.00107
3/28/2022 22:15,0.741259212,0.00105
3/28/2022 22:30,0.721974394,0.00102
3/28/2022 22:45,0.703241487,0.00100
3/28/2022 23:00,0.689338518,0.00098
3/28/2022 23:15,0.676493558,0.00096
3/28/2022 23:30,0.658991986,0.00093
3/28/2022 23:45,0.643836732,0.00091
3/29/2022 0:00,0.642608847,0.00091
3/29/2022 0:15,0.637787817,0.00090
3/29/2022 0:30,0.632021942,0.00089
3/29/2022 0:45,0.6285579,0.00089
3/29/2022 1:00,0.616193696,0.00087
3/29/2022 1:15,0.61316141,0.00087
3/29/2022 1:30,0.602916079,0.00085
3/29/2022 1:45,0.596386894,0.00084
3/29/2022 2:00,0.593009881,0.00084
3/29/2022 2:15,0.589530388,0.00083
3/29/2022 2:30,0.580686153,0.00082
3/29/2022 2:45,0.572782177,0.00081
3/29/2022 3:00,0.565184006,0.00080
3/29/2022 3:15,0.561290344,0.00079
3/29/2022 3:30,0.554150148,0.00078
3/29/2022 3:45,0.546733528,0.00077
3/29/2022 4:00,0.539876709,0.00076
3/29/2022 4:15,0.537211561,0.00076
3/29/2022 4:30,0.538881331,0.00076
3/29/2022 4:45,0.535121684,0.00076
3/29/2022 5:00,0.535190005,0.00076
3/29/2022 5:15,0.540704106,0.00077
3/29/2022 5:30,0.540499171,0.00077
3/29/2022 5:45,0.535465634,0.00076
3/29/2022 6:00,0.537764707,0.00076
3/29/2022 6:15,0.539541774,0.00076
3/29/2022 6:30,0.530425002,0.00075
3/29/2022 6:45,0.521568509,0.00074
3/29/2022 7:00,0.514479641,0.00073
3/29/2022 7:15,0.50757699,0.00072
3/29/2022 7:30,0.50135431,0.00071
3/29/2022 7:45,0.493783694,0.00070
3/29/2022 8:00,0.490785496,0.00069
3/29/2022 8:15,0.486259735,0.00069
3/29/2022 8:30,0.486138017,0.00069
3/29/2022 8:45,0.480769761,0.00068
3/29/2022 9:00,0.483402566,0.00068
3/29/2022 9:15,0.481140524,0.00068
3/29/2022 9:30,0.477468284,0.00068
3/29/2022 9:45,0.469881703,0.00067
3/29/2022 10:00,0.463317093,0.00066
3/29/2022 10:15,0.463171965,0.00066
3/29/2022 10:30,0.463165796,0.00066
3/29/2022 10:45,0.465212778,0.00066
3/29/2022 11:00,0.466628801,0.00066
3/29/2022 11:15,0.470200187,0.00067
3/29/2022 11:30,0.479061437,0.00068
3/29/2022 11:45,0.493027174,0.00070
3/29/2022 12:00,0.50221763,0.00071
3/29/2022 12:15,0.515819497,0.00073
3/29/2022 12:30,0.531958923,0.00075
3/29/2022 12:45,0.548021575,0.00078
3/29/2022 13:00,0.556339305,0.00079
3/29/2022 13:15,0.560887285,0.00079
3/29/2022 13:30,0.566951715,0.00080
3/29/2022 13:45,0.566027956,0.00080
3/29/2022 14:00,0.571235973,0.00081
3/29/2022 14:15,0.58367126,0.00083
3/29/2022 14:30,0.583810211,0.00083
3/29/2022 14:45,0.597178973,0.00085
3/29/2022 15:00,0.605043059,0.00086
3/29/2022 15:15,0.613140445,0.00087
3/29/2022 15:30,0.612724704,0.00087
3/29/2022 15:45,0.620819243,0.00088
3/29/2022 16:00,0.618561965,0.00088
3/29/2022 16:15,0.615263143,0.00087
3/29/2022 16:30,0.609395504,0.00086
3/29/2022 16:45,0.605640195,0.00086
3/29/2022 17:00,0.593854804,0.00084
3/29/2022 17:15,0.587573938,0.00083
3/29/2022 17:30,0.585478147,0.00083
3/29/2022 17:45,0.575208366,0.00081
3/29/2022 18:00,0.56643801,0.00080
3/29/2022 18:15,0.55945534,0.00079
3/29/2022 18:30,0.552787891,0.00078
3/29/2022 18:45,0.541925211,0.00077
3/29/2022 19:00,0.536583037,0.00076
3/29/2022 19:15,0.536190882,0.00076
3/29/2022 19:30,0.53380933,0.00076
3/29/2022 19:45,0.529724421,0.00075
3/29/2022 20:00,0.522133429,0.00074
3/29/2022 20:15,0.509501984,0.00072
3/29/2022 20:30,0.492360977,0.00070
3/29/2022 20:45,0.483214632,0.00068
3/29/2022 21:00,0.474333194,0.00067
3/29/2022 21:15,0.468026919,0.00066
3/29/2022 21:30,0.457888135,0.00065
3/29/2022 21:45,0.446704547,0.00063
3/29/2022 22:00,0.443671406,0.00063
3/29/2022 22:15,0.436686107,0.00062
3/29/2022 22:30,0.431387059,0.00061
3/29/2022 22:45,0.428666151,0.00061
3/29/2022 23:00,0.429374023,0.00061
3/29/2022 23:15,0.42585194,0.00060
3/29/2022 23:30,0.424562884,0.00060
3/29/2022 23:45,0.430191799,0.00061
3/30/2022 0:00,0.434951866,0.00062
3/30/2022 0:15,0.433844614,0.00061
3/30/2022 0:30,0.435018446,0.00062
3/30/2022 0:45,0.436033243,0.00062
3/30/2022 1:00,0.4383108,0.00062
3/30/2022 1:15,0.442475054,0.00063
3/30/2022 1:30,0.448233463,0.00063
3/30/2022 1:45,0.448608716,0.00064
3/30/2022 2:00,0.452955961,0.00064
3/30/2022 2:15,0.460091434,0.00065
3/30/2022 2:30,0.466027665,0.00066
3/30/2022 2:45,0.464825784,0.00066
3/30/2022 3:00,0.469382072,0.00066
3/30/2022 3:15,0.470671104,0.00067
3/30/2022 3:30,0.470285485,0.00067
3/30/2022 3:45,0.470075393,0.00067
3/30/2022 4:00,0.475427334,0.00067
3/30/2022 4:15,0.475787946,0.00067
3/30/2022 4:30,0.472327339,0.00067
3/30/2022 4:45,0.470094862,0.00067
3/30/2022 5:00,0.473283723,0.00067
3/30/2022 5:15,0.475301395,0.00067
3/30/2022 5:30,0.475419734,0.00067
3/30/2022 5:45,0.47664518,0.00067
3/30/2022 6:00,0.479826986,0.00068
3/30/2022 6:15,0.477154686,0.00068
3/30/2022 6:30,0.476117553,0.00067
3/30/2022 6:45,0.47510861,0.00067
3/30/2022 7:00,0.469691277,0.00066
3/30/2022 7:15,0.467110205,0.00066
3/30/2022 7:30,0.456466513,0.00065
3/30/2022 7:45,0.45040671,0.00064
3/30/2022 8:00,0.44886436,0.00064
3/30/2022 8:15,0.447854116,0.00063
3/30/2022 8:30,0.440438756,0.00062
3/30/2022 8:45,0.436411195,0.00062
3/30/2022 9:00,0.431136006,0.00061
3/30/2022 9:15,0.426260388,0.00060
3/30/2022 9:30,0.418587523,0.00059
3/30/2022 9:45,0.411417815,0.00058
3/30/2022 10:00,0.403015694,0.00057
3/30/2022 10:15,0.400245721,0.00057
3/30/2022 10:30,0.399652598,0.00057
3/30/2022 10:45,0.394615866,0.00056
3/30/2022 11:00,0.393059129,0.00056
3/30/2022 11:15,0.39349213,0.00056
3/30/2022 11:30,0.39231205,0.00056
3/30/2022 11:45,0.392823649,0.00056
3/30/2022 12:00,0.394869436,0.00056
3/30/2022 12:15,0.396697117,0.00056
3/30/2022 12:30,0.39840626,0.00056
3/30/2022 12:45,0.399229603,0.00057
3/30/2022 13:00,0.406127584,0.00057
3/30/2022 13:15,0.411259527,0.00058
3/30/2022 13:30,0.412474557,0.00058
3/30/2022 13:45,0.421656843,0.00060
3/30/2022 14:00,0.425462993,0.00060
3/30/2022 14:15,0.426622459,0.00060
3/30/2022 14:30,0.430690734,0.00061
3/30/2022 14:45,0.435425577,0.00062
3/30/2022 15:00,0.440632596,0.00062
3/30/2022 15:15,0.445626431,0.00063
3/30/2022 15:30,0.448327287,0.00063
3/30/2022 15:45,0.451997922,0.00064
3/30/2022 16:00,0.459005029,0.00065
3/30/2022 16:15,0.459121725,0.00065
3/30/2022 16:30,0.459869007,0.00065
3/30/2022 16:45,0.461154658,0.00065
3/30/2022 17:00,0.459939517,0.00065
3/30/2022 17:15,0.457185029,0.00065
3/30/2022 17:30,0.459336216,0.00065
3/30/2022 17:45,0.460812528,0.00065
3/30/2022 18:00,0.45570978,0.00065
3/30/2022 18:15,0.460488983,0.00065
3/30/2022 18:30,0.46057919,0.00065
3/30/2022 18:45,0.460223831,0.00065
3/30/2022 19:00,0.458166271,0.00065
3/30/2022 19:15,0.45527109,0.00064
3/30/2022 19:30,0.450119876,0.00064
3/30/2022 19:45,0.445511597,0.00063
3/30/2022 20:00,0.439506122,0.00062
3/30/2022 20:15,0.434516975,0.00062
3/30/2022 20:30,0.428920038,0.00061
3/30/2022 20:45,0.425552932,0.00060
3/30/2022 21:00,0.426384433,0.00060
3/30/2022 21:15,0.418294535,0.00059
3/30/2022 21:30,0.4141609,0.00059
3/30/2022 21:45,0.410777753,0.00058
3/30/2022 22:00,0.4080205,0.00058
3/30/2022 22:15,0.401631546,0.00057
3/30/2022 22:30,0.397565484,0.00056
3/30/2022 22:45,0.3959852,0.00056
3/30/2022 23:00,0.395297231,0.00056
3/30/2022 23:15,0.393264472,0.00056
3/30/2022 23:30,0.39097009,0.00055
3/30/2022 23:45,0.395219086,0.00056
3/31/2022 0:00,0.396207352,0.00056
3/31/2022 0:15,0.394173781,0.00056
3/31/2022 0:30,0.393036552,0.00056
3/31/2022 0:45,0.39725894,0.00056
3/31/2022 1:00,0.397434316,0.00056
3/31/2022 1:15,0.401953983,0.00057
3/31/2022 1:30,0.405357828,0.00057
3/31/2022 1:45,0.401335448,0.00057
3/31/2022 2:00,0.397740773,0.00056
3/31/2022 2:15,0.387556694,0.00055
3/31/2022 2:30,0.376712839,0.00053
3/31/2022 2:45,0.362813061,0.00051
3/31/2022 3:00,0.351619044,0.00050
3/31/2022 3:15,0.342695422,0.00049
3/31/2022 3:30,0.332201279,0.00047
3/31/2022 3:45,0.324336097,0.00046
3/31/2022 4:00,0.317899914,0.00045
3/31/2022 4:15,0.310691059,0.00044
3/31/2022 4:30,0.301720472,0.00043
3/31/2022 4:45,0.29123496,0.00041
3/31/2022 5:00,0.279052226,0.00040
3/31/2022 5:15,0.267328475,0.00038
3/31/2022 5:30,0.256631921,0.00036
3/31/2022 5:45,0.247133808,0.00035
3/31/2022 6:00,0.241066555,0.00034
3/31/2022 6:15,0.237864212,0.00034
3/31/2022 6:30,0.234495671,0.00033
3/31/2022 6:45,0.234565434,0.00033
3/31/2022 7:00,0.232544311,0.00033
3/31/2022 7:15,0.230965846,0.00033
3/31/2022 7:30,0.230887126,0.00033
3/31/2022 7:45,0.230776782,0.00033
3/31/2022 8:00,0.231105852,0.00033
3/31/2022 8:15,0.231879611,0.00033
3/31/2022 8:30,0.235380393,0.00033
3/31/2022 8:45,0.235906311,0.00033
3/31/2022 9:00,0.236424064,0.00033
3/31/2022 9:15,0.237954109,0.00034
3/31/2022 9:30,0.240319423,0.00034
3/31/2022 9:45,0.243369708,0.00034
3/31/2022 10:00,0.249721198,0.00035
3/31/2022 10:15,0.25620757,0.00036
3/31/2022 10:30,0.265245927,0.00038
3/31/2022 10:45,0.274622151,0.00039
3/31/2022 11:00,0.281697549,0.00040
3/31/2022 11:15,0.289484231,0.00041
3/31/2022 11:30,0.295868709,0.00042
3/31/2022 11:45,0.299537695,0.00042
3/31/2022 12:00,0.296490295,0.00042
3/31/2022 12:15,0.296731671,0.00042
3/31/2022 12:30,0.298267005,0.00042
3/31/2022 12:45,0.302577877,0.00043
3/31/2022 13:00,0.309052638,0.00044
3/31/2022 13:15,0.313536446,0.00044
3/31/2022 13:30,0.317199929,0.00045
3/31/2022 13:45,0.317356344,0.00045
3/31/2022 14:00,0.322326286,0.00046
3/31/2022 14:15,0.321423719,0.00046
3/31/2022 14:30,0.325717448,0.00046
3/31/2022 14:45,0.323387797,0.00046
3/31/2022 15:00,0.3248199,0.00046
3/31/2022 15:15,0.332138616,0.00047
3/31/2022 15:30,0.33718588,0.00048
3/31/2022 15:45,0.337765234,0.00048
3/31/2022 16:00,0.338555964,0.00048
3/31/2022 16:15,0.342895443,0.00049
3/31/2022 16:30,0.347246091,0.00049
3/31/2022 16:45,0.351712139,0.00050
3/31/2022 17:00,0.357930549,0.00051
3/31/2022 17:15,0.371125357,0.00053
3/31/2022 17:30,0.378096613,0.00054
3/31/2022 17:45,0.39364954,0.00056
3/31/2022 18:00,0.405377562,0.00057
3/31/2022 18:15,0.414733239,0.00059
3/31/2022 18:30,0.429172531,0.00061
3/31/2022 18:45,0.441801719,0.00063
3/31/2022 19:00,0.453615417,0.00064
3/31/2022 19:15,0.461135216,0.00065
3/31/2022 19:30,0.472483136,0.00067
3/31/2022 19:45,0.475112192,0.00067
3/31/2022 20:00,0.478770145,0.00068
3/31/2022 20:15,0.482408105,0.00068
3/31/2022 20:30,0.481489086,0.00068
3/31/2022 20:45,0.481405999,0.00068
3/31/2022 21:00,0.487469895,0.00069
3/31/2022 21:15,0.489910052,0.00069
3/31/2022 21:30,0.486357768,0.00069
3/31/2022 21:45,0.483261442,0.00068
3/31/2022 22:00,0.479069851,0.00068
3/31/2022 22:15,0.481347135,0.00068
3/31/2022 22:30,0.47785914,0.00068
3/31/2022 22:45,0.464056891,0.00066
3/31/2022 23:00,0.449443987,0.00064
3/31/2022 23:15,0.443603908,0.00063
3/31/2022 23:30,0.437376699,0.00062
3/31/2022 23:45,0.42948196,0.00061
4/1/2022 0:00,0.420559141,0.00060
4/1/2022 0:15,0.41635974,0.00059
4/1/2022 0:30,0.414205151,0.00059
4/1/2022 0:45,0.405289328,0.00057
4/1/2022 1:00,0.404738171,0.00057
4/1/2022 1:15,0.40223234,0.00057
4/1/2022 1:30,0.402809529,0.00057
4/1/2022 1:45,0.402646297,0.00057
4/1/2022 2:00,0.40128852,0.00057
4/1/2022 2:15,0.399383646,0.00057
4/1/2022 2:30,0.39602152,0.00056
4/1/2022 2:45,0.390786946,0.00055
4/1/2022 3:00,0.386460454,0.00055
4/1/2022 3:15,0.384626152,0.00054
4/1/2022 3:30,0.38068399,0.00054
4/1/2022 3:45,0.379011482,0.00054
4/1/2022 4:00,0.375007243,0.00053
4/1/2022 4:15,0.375879295,0.00053
4/1/2022 4:30,0.372169669,0.00053
4/1/2022 4:45,0.369706412,0.00052
4/1/2022 5:00,0.364924383,0.00052
4/1/2022 5:15,0.363366381,0.00051
4/1/2022 5:30,0.363761625,0.00051
4/1/2022 5:45,0.362504448,0.00051
4/1/2022 6:00,0.357108744,0.00051
4/1/2022 6:15,0.354141307,0.00050
4/1/2022 6:30,0.352210409,0.00050
4/1/2022 6:45,0.348123511,0.00049
4/1/2022 7:00,0.346063903,0.00049
4/1/2022 7:15,0.341240161,0.00048
4/1/2022 7:30,0.338011394,0.00048
4/1/2022 7:45,0.329760878,0.00047
4/1/2022 8:00,0.321002709,0.00045
4/1/2022 8:15,0.317698123,0.00045
4/1/2022 8:30,0.316977386,0.00045
4/1/2022 8:45,0.313187316,0.00044
4/1/2022 9:00,0.310900893,0.00044
4/1/2022 9:15,0.308768618,0.00044
4/1/2022 9:30,0.306182894,0.00043
4/1/2022 9:45,0.308670302,0.00044
4/1/2022 10:00,0.307798159,0.00044
4/1/2022 10:15,0.311324255,0.00044
4/1/2022 10:30,0.312939681,0.00044
4/1/2022 10:45,0.317029384,0.00045
4/1/2022 11:00,0.324899598,0.00046
4/1/2022 11:15,0.330234408,0.00047
4/1/2022 11:30,0.34122516,0.00048
4/1/2022 11:45,0.345344043,0.00049
4/1/2022 12:00,0.351138264,0.00050
4/1/2022 12:15,0.359711292,0.00051
4/1/2022 12:30,0.372814965,0.00053
4/1/2022 12:45,0.38359686,0.00054
4/1/2022 13:00,0.390420032,0.00055
4/1/2022 13:15,0.395843152,0.00056
4/1/2022 13:30,0.402122439,0.00057
4/1/2022 13:45,0.404626456,0.00057
4/1/2022 14:00,0.410122515,0.00058
4/1/2022 14:15,0.415290634,0.00059
4/1/2022 14:30,0.414304908,0.00059
4/1/2022 14:45,0.411871904,0.00058
4/1/2022 15:00,0.410262006,0.00058
4/1/2022 15:15,0.415045576,0.00059
4/1/2022 15:30,0.423520702,0.00060
4/1/2022 15:45,0.430830702,0.00061
4/1/2022 16:00,0.440767087,0.00062
4/1/2022 16:15,0.453145264,0.00064
4/1/2022 16:30,0.460368798,0.00065
4/1/2022 16:45,0.471805443,0.00067
4/1/2022 17:00,0.486643211,0.00069
4/1/2022 17:15,0.500819438,0.00071
4/1/2022 17:30,0.518084443,0.00073
4/1/2022 17:45,0.528665034,0.00075
4/1/2022 18:00,0.546834946,0.00077
4/1/2022 18:15,0.562885144,0.00080
4/1/2022 18:30,0.569959676,0.00081
4/1/2022 18:45,0.574780844,0.00081
4/1/2022 19:00,0.574088233,0.00081
4/1/2022 19:15,0.576256276,0.00082
4/1/2022 19:30,0.579200735,0.00082
4/1/2022 19:45,0.581580849,0.00082
4/1/2022 20:00,0.577101823,0.00082
4/1/2022 20:15,0.572010385,0.00081
4/1/2022 20:30,0.568603447,0.00080
4/1/2022 20:45,0.558946687,0.00079
4/1/2022 21:00,0.550490402,0.00078
4/1/2022 21:15,0.54834609,0.00078
4/1/2022 21:30,0.544815137,0.00077
4/1/2022 21:45,0.538007527,0.00076
4/1/2022 22:00,0.527165185,0.00075
4/1/2022 22:15,0.5184563,0.00073
4/1/2022 22:30,0.510136619,0.00072
4/1/2022 22:45,0.501486073,0.00071
4/1/2022 23:00,0.494670748,0.00070
4/1/2022 23:15,0.490927048,0.00069
4/1/2022 23:30,0.482560625,0.00068
4/1/2022 23:45,0.479533774,0.00068
4/2/2022 0:00,0.480231685,0.00068
4/2/2022 0:15,0.480994945,0.00068
4/2/2022 0:30,0.483151541,0.00068
4/2/2022 0:45,0.479710177,0.00068
4/2/2022 1:00,0.481328727,0.00068
4/2/2022 1:15,0.485555304,0.00069
4/2/2022 1:30,0.481884897,0.00068
4/2/2022 1:45,0.472546421,0.00067
4/2/2022 2:00,0.468101125,0.00066
4/2/2022 2:15,0.460859474,0.00065
4/2/2022 2:30,0.458100137,0.00065
4/2/2022 2:45,0.457411528,0.00065
4/2/2022 3:00,0.456549365,0.00065
4/2/2022 3:15,0.451326806,0.00064
4/2/2022 3:30,0.446236204,0.00063
4/2/2022 3:45,0.443031837,0.00063
4/2/2022 4:00,0.434505811,0.00062
4/2/2022 4:15,0.427144075,0.00060
4/2/2022 4:30,0.415540377,0.00059
4/2/2022 4:45,0.403328938,0.00057
4/2/2022 5:00,0.38695606,0.00055
4/2/2022 5:15,0.37244006,0.00053
4/2/2022 5:30,0.361545663,0.00051
4/2/2022 5:45,0.353037179,0.00050
4/2/2022 6:00,0.348225073,0.00049
4/2/2022 6:15,0.341859567,0.00048
4/2/2022 6:30,0.338610774,0.00048
4/2/2022 6:45,0.33622881,0.00048
4/2/2022 7:00,0.331524179,0.00047
4/2/2022 7:15,0.325467538,0.00046
4/2/2022 7:30,0.322516402,0.00046
4/2/2022 7:45,0.318675001,0.00045
4/2/2022 8:00,0.317855442,0.00045
4/2/2022 8:15,0.317836052,0.00045
4/2/2022 8:30,0.314939043,0.00045
4/2/2022 8:45,0.314617261,0.00045
4/2/2022 9:00,0.31282956,0.00044
4/2/2022 9:15,0.31132251,0.00044
4/2/2022 9:30,0.309788797,0.00044
4/2/2022 9:45,0.316170174,0.00045
4/2/2022 10:00,0.317836579,0.00045
4/2/2022 10:15,0.320689255,0.00045
4/2/2022 10:30,0.322668107,0.00046
4/2/2022 10:45,0.325163966,0.00046
4/2/2022 11:00,0.327644535,0.00046
4/2/2022 11:15,0.327050471,0.00046
4/2/2022 11:30,0.329001474,0.00047
4/2/2022 11:45,0.330805611,0.00047
4/2/2022 12:00,0.338989066,0.00048
4/2/2022 12:15,0.344639166,0.00049
4/2/2022 12:30,0.351672101,0.00050
4/2/2022 12:45,0.360451717,0.00051
4/2/2022 13:00,0.370029429,0.00052
4/2/2022 13:15,0.384327189,0.00054
4/2/2022 13:30,0.391946632,0.00055
4/2/2022 13:45,0.408783701,0.00058
4/2/2022 14:00,0.42022289,0.00059
4/2/2022 14:15,0.437091812,0.00062
4/2/2022 14:30,0.455979255,0.00065
4/2/2022 14:45,0.482307543,0.00068
4/2/2022 15:00,0.509551471,0.00072
4/2/2022 15:15,0.533663202,0.00076
4/2/2022 15:30,0.561380606,0.00079
4/2/2022 15:45,0.600677778,0.00085
4/2/2022 16:00,0.638558331,0.00090
4/2/2022 16:15,0.672228641,0.00095
4/2/2022 16:30,0.706801759,0.00100
4/2/2022 16:45,0.747956156,0.00106
4/2/2022 17:00,0.792346536,0.00112
4/2/2022 17:15,0.827871949,0.00117
4/2/2022 17:30,0.864551566,0.00122
4/2/2022 17:45,0.890257892,0.00126
4/2/2022 18:00,0.925022818,0.00131
4/2/2022 18:15,0.96125332,0.00136
4/2/2022 18:30,0.989000637,0.00140
4/2/2022 18:45,1.01482551,0.00144
4/2/2022 19:00,1.021019987,0.00145
4/2/2022 19:15,1.027064484,0.00145
4/2/2022 19:30,1.021321817,0.00145
4/2/2022 19:45,1.004327946,0.00142
4/2/2022 20:00,0.997429996,0.00141
4/2/2022 20:15,0.991087546,0.00140
4/2/2022 20:30,0.982488212,0.00139
4/2/2022 20:45,0.963323622,0.00136
4/2/2022 21:00,0.957263135,0.00136
4/2/2022 21:15,0.94083387,0.00133
4/2/2022 21:30,0.930029743,0.00132
4/2/2022 21:45,0.910078364,0.00129
4/2/2022 22:00,0.901038393,0.00128
4/2/2022 22:15,0.888146059,0.00126
4/2/2022 22:30,0.876020658,0.00124
4/2/2022 22:45,0.865652033,0.00123
4/2/2022 23:00,0.8561472,0.00121
4/2/2022 23:15,0.839993787,0.00119
4/2/2022 23:30,0.824130333,0.00117
4/2/2022 23:45,0.811913644,0.00115
4/3/2022 0:00,0.793702011,0.00112
4/3/2022 0:15,0.780891549,0.00111
4/3/2022 0:30,0.768982125,0.00109
4/3/2022 0:45,0.754693385,0.00107
4/3/2022 1:00,0.744243315,0.00105
4/3/2022 1:15,0.74411133,0.00105
4/3/2022 1:30,0.736508322,0.00104
4/3/2022 1:45,0.717747732,0.00102
4/3/2022 2:00,0.704823907,0.00100
4/3/2022 2:15,0.687370136,0.00097
4/3/2022 2:30,0.678972408,0.00096
4/3/2022 2:45,0.665267287,0.00094
4/3/2022 3:00,0.649757778,0.00092
4/3/2022 3:15,0.644831758,0.00091
4/3/2022 3:30,0.638311473,0.00090
4/3/2022 3:45,0.629474159,0.00089
4/3/2022 4:00,0.625046879,0.00088
4/3/2022 4:15,0.613403111,0.00087
4/3/2022 4:30,0.60913734,0.00086
4/3/2022 4:45,0.605541438,0.00086
4/3/2022 5:00,0.594439895,0.00084
4/3/2022 5:15,0.588816475,0.00083
4/3/2022 5:30,0.583358904,0.00083
4/3/2022 5:45,0.572762435,0.00081
4/3/2022 6:00,0.558329476,0.00079
4/3/2022 6:15,0.552646241,0.00078
4/3/2022 6:30,0.542714984,0.00077
4/3/2022 6:45,0.530131061,0.00075
4/3/2022 7:00,0.525034312,0.00074
4/3/2022 7:15,0.510123906,0.00072
4/3/2022 7:30,0.503217124,0.00071
4/3/2022 7:45,0.49470811,0.00070
4/3/2022 8:00,0.48654775,0.00069
4/3/2022 8:15,0.478657033,0.00068
4/3/2022 8:30,0.47251455,0.00067
4/3/2022 8:45,0.464709463,0.00066
4/3/2022 9:00,0.456455473,0.00065
4/3/2022 9:15,0.453561699,0.00064
4/3/2022 9:30,0.450850125,0.00064
4/3/2022 9:45,0.455727557,0.00065
4/3/2022 10:00,0.458499279,0.00065
4/3/2022 10:15,0.46191827,0.00065
4/3/2022 10:30,0.469850668,0.00067
4/3/2022 10:45,0.479844821,0.00068
4/3/2022 11:00,0.490147469,0.00069
4/3/2022 11:15,0.501905393,0.00071
4/3/2022 11:30,0.506853775,0.00072
4/3/2022 11:45,0.519466253,0.00074
4/3/2022 12:00,0.5280633,0.00075
4/3/2022 12:15,0.533493127,0.00076
4/3/2022 12:30,0.546893683,0.00077
4/3/2022 12:45,0.55880775,0.00079
4/3/2022 13:00,0.567908298,0.00080
4/3/2022 13:15,0.580079455,0.00082
4/3/2022 13:30,0.592179778,0.00084
4/3/2022 13:45,0.605464206,0.00086
4/3/2022 14:00,0.625308011,0.00089
4/3/2022 14:15,0.645495322,0.00091
4/3/2022 14:30,0.660442867,0.00093
4/3/2022 14:45,0.680053121,0.00096
4/3/2022 15:00,0.700009325,0.00099
4/3/2022 15:15,0.720552269,0.00102
4/3/2022 15:30,0.737950544,0.00104
4/3/2022 15:45,0.760139916,0.00108
4/3/2022 16:00,0.780788207,0.00111
4/3/2022 16:15,0.80543109,0.00114
4/3/2022 16:30,0.825881424,0.00117
4/3/2022 16:45,0.85483696,0.00121
4/3/2022 17:00,0.884419261,0.00125
4/3/2022 17:15,0.907040142,0.00128
4/3/2022 17:30,0.934769516,0.00132
4/3/2022 17:45,0.972597865,0.00138
4/3/2022 18:00,1.002223791,0.00142
4/3/2022 18:15,1.02338608,0.00145
4/3/2022 18:30,1.04031515,0.00147
4/3/2022 18:45,1.050871386,0.00149
4/3/2022 19:00,1.065903741,0.00151
4/3/2022 19:15,1.076565278,0.00152
4/3/2022 19:30,1.076440495,0.00152
4/3/2022 19:45,1.078828885,0.00153
4/3/2022 20:00,1.068459685,0.00151
4/3/2022 20:15,1.061111108,0.00150
4/3/2022 20:30,1.056738087,0.00150
4/3/2022 20:45,1.047638112,0.00148
4/3/2022 21:00,1.044009696,0.00148
4/3/2022 21:15,1.032558084,0.00146
4/3/2022 21:30,1.015953903,0.00144
4/3/2022 21:45,0.986839092,0.00140
4/3/2022 22:00,0.971147944,0.00137
4/3/2022 22:15,0.954007209,0.00135
4/3/2022 22:30,0.928391699,0.00131
4/3/2022 22:45,0.90668464,0.00128
4/3/2022 23:00,0.88290755,0.00125
4/3/2022 23:15,0.862038402,0.00122
4/3/2022 23:30,0.841576297,0.00119
4/3/2022 23:45,0.822067961,0.00116
4/4/2022 0:00,0.824514079,0.00117
4/4/2022 0:15,0.808954404,0.00115
4/4/2022 0:30,0.805645328,0.00114
4/4/2022 0:45,0.806308439,0.00114
4/4/2022 1:00,0.802500687,0.00114
4/4/2022 1:15,0.798552079,0.00113
4/4/2022 1:30,0.791585096,0.00112
4/4/2022 1:45,0.787525375,0.00111
4/4/2022 2:00,0.788634381,0.00112
4/4/2022 2:15,0.790303064,0.00112
4/4/2022 2:30,0.792386532,0.00112
4/4/2022 2:45,0.785931252,0.00111
4/4/2022 3:00,0.791845884,0.00112
4/4/2022 3:15,0.789239539,0.00112
4/4/2022 3:30,0.799175038,0.00113
4/4/2022 3:45,0.810720371,0.00115
4/4/2022 4:00,0.810883862,0.00115
4/4/2022 4:15,0.811409071,0.00115
4/4/2022 4:30,0.813455296,0.00115
4/4/2022 4:45,0.81293796,0.00115
4/4/2022 5:00,0.805420481,0.00114
4/4/2022 5:15,0.806482142,0.00114
4/4/2022 5:30,0.803375189,0.00114
4/4/2022 5:45,0.799120929,0.00113
4/4/2022 6:00,0.802070703,0.00114
4/4/2022 6:15,0.798653504,0.00113
4/4/2022 6:30,0.804744868,0.00114
4/4/2022 6:45,0.806705791,0.00114
4/4/2022 7:00,0.797312151,0.00113
4/4/2022 7:15,0.783752636,0.00111
4/4/2022 7:30,0.759125433,0.00107
4/4/2022 7:45,0.746555827,0.00106
4/4/2022 8:00,0.727530348,0.00103
4/4/2022 8:15,0.709162076,0.00100
4/4/2022 8:30,0.693734077,0.00098
4/4/2022 8:45,0.679131139,0.00096
4/4/2022 9:00,0.66949018,0.00095
4/4/2022 9:15,0.660609151,0.00094
4/4/2022 9:30,0.653738283,0.00093
4/4/2022 9:45,0.645946448,0.00091
4/4/2022 10:00,0.64084156,0.00091
4/4/2022 10:15,0.645255356,0.00091
4/4/2022 10:30,0.644048702,0.00091
4/4/2022 10:45,0.654424548,0.00093
4/4/2022 11:00,0.660932891,0.00094
4/4/2022 11:15,0.659234472,0.00093
4/4/2022 11:30,0.669126693,0.00095
4/4/2022 11:45,0.678102089,0.00096
4/4/2022 12:00,0.682340182,0.00097
4/4/2022 12:15,0.687570352,0.00097
4/4/2022 12:30,0.704716428,0.00100
4/4/2022 12:45,0.72986476,0.00103
4/4/2022 13:00,0.747892968,0.00106
4/4/2022 13:15,0.778589304,0.00110
4/4/2022 13:30,0.802459196,0.00114
4/4/2022 13:45,0.827579494,0.00117
4/4/2022 14:00,0.846619734,0.00120
4/4/2022 14:15,0.857246634,0.00121
4/4/2022 14:30,0.875750978,0.00124
4/4/2022 14:45,0.896877395,0.00127
4/4/2022 15:00,0.913849785,0.00129
4/4/2022 15:15,0.937600544,0.00133
4/4/2022 15:30,0.958354708,0.00136
4/4/2022 15:45,0.980882291,0.00139
4/4/2022 16:00,1.017381615,0.00144
4/4/2022 16:15,1.050763476,0.00149
4/4/2022 16:30,1.077089032,0.00152
4/4/2022 16:45,1.098342604,0.00155
4/4/2022 17:00,1.12163191,0.00159
4/4/2022 17:15,1.152825263,0.00163
4/4/2022 17:30,1.188310618,0.00168
4/4/2022 17:45,1.22209571,0.00173
4/4/2022 18:00,1.246279528,0.00176
4/4/2022 18:15,1.256412915,0.00178
4/4/2022 18:30,1.271472426,0.00180
4/4/2022 18:45,1.269154451,0.00180
4/4/2022 19:00,1.265238584,0.00179
4/4/2022 19:15,1.260555742,0.00178
4/4/2022 19:30,1.2647105,0.00179
4/4/2022 19:45,1.268683532,0.00180
4/4/2022 20:00,1.255715353,0.00178
4/4/2022 20:15,1.241041973,0.00176
4/4/2022 20:30,1.230092007,0.00174
4/4/2022 20:45,1.207459376,0.00171
4/4/2022 21:00,1.186890384,0.00168
4/4/2022 21:15,1.16497621,0.00165
4/4/2022 21:30,1.141763613,0.00162
4/4/2022 21:45,1.125230324,0.00159
4/4/2022 22:00,1.103913934,0.00156
4/4/2022 22:15,1.075526944,0.00152
4/4/2022 22:30,1.063729517,0.00151
4/4/2022 22:45,1.050293194,0.00149
4/4/2022 23:00,1.039048174,0.00147
4/4/2022 23:15,1.039234728,0.00147
4/4/2022 23:30,1.022159214,0.00145
4/4/2022 23:45,1.003258046,0.00142
4/5/2022 0:00,0.987825761,0.00140
4/5/2022 0:15,0.984956065,0.00139
4/5/2022 0:30,0.986080637,0.00140
4/5/2022 0:45,0.988004181,0.00140
4/5/2022 1:00,0.976528635,0.00138
4/5/2022 1:15,0.965702525,0.00137
4/5/2022 1:30,0.962404346,0.00136
4/5/2022 1:45,0.953596355,0.00135
4/5/2022 2:00,0.937205138,0.00133
4/5/2022 2:15,0.940416527,0.00133
4/5/2022 2:30,0.938116789,0.00133
4/5/2022 2:45,0.933073469,0.00132
4/5/2022 3:00,0.924584042,0.00131
4/5/2022 3:15,0.916529657,0.00130
4/5/2022 3:30,0.908961758,0.00129
4/5/2022 3:45,0.901044458,0.00128
4/5/2022 4:00,0.892588309,0.00126
4/5/2022 4:15,0.883333831,0.00125
4/5/2022 4:30,0.875349249,0.00124
4/5/2022 4:45,0.873706155,0.00124
4/5/2022 5:00,0.871619228,0.00123
4/5/2022 5:15,0.861732234,0.00122
4/5/2022 5:30,0.852385596,0.00121
4/5/2022 5:45,0.852895032,0.00121
4/5/2022 6:00,0.843692386,0.00119
4/5/2022 6:15,0.824132617,0.00117
4/5/2022 6:30,0.807953797,0.00114
4/5/2022 6:45,0.790043266,0.00112
4/5/2022 7:00,0.775994254,0.00110
4/5/2022 7:15,0.768611021,0.00109
4/5/2022 7:30,0.758393611,0.00107
4/5/2022 7:45,0.749437165,0.00106
4/5/2022 8:00,0.738684283,0.00105
4/5/2022 8:15,0.732132447,0.00104
4/5/2022 8:30,0.732245855,0.00104
4/5/2022 8:45,0.724561538,0.00103
4/5/2022 9:00,0.718784536,0.00102
4/5/2022 9:15,0.718660405,0.00102
4/5/2022 9:30,0.727136957,0.00103
4/5/2022 9:45,0.732211858,0.00104
4/5/2022 10:00,0.735230808,0.00104
4/5/2022 10:15,0.744098197,0.00105
4/5/2022 10:30,0.752020964,0.00106
4/5/2022 10:45,0.766416802,0.00108
4/5/2022 11:00,0.785895092,0.00111
4/5/2022 11:15,0.803921433,0.00114
4/5/2022 11:30,0.826715864,0.00117
4/5/2022 11:45,0.855892741,0.00121
4/5/2022 12:00,0.89088089,0.00126
4/5/2022 12:15,0.922072828,0.00131
4/5/2022 12:30,0.953342758,0.00135
4/5/2022 12:45,0.98568652,0.00140
4/5/2022 13:00,1.010169188,0.00143
4/5/2022 13:15,1.043795376,0.00148
4/5/2022 13:30,1.082354533,0.00153
4/5/2022 13:45,1.142622998,0.00162
4/5/2022 14:00,1.195354584,0.00169
4/5/2022 14:15,1.234356088,0.00175
4/5/2022 14:30,1.293706674,0.00183
4/5/2022 14:45,1.345345868,0.00190
4/5/2022 15:00,1.387044167,0.00196
4/5/2022 15:15,1.435971838,0.00203
4/5/2022 15:30,1.485456047,0.00210
4/5/2022 15:45,1.527992423,0.00216
4/5/2022 16:00,1.57222544,0.00223
4/5/2022 16:15,1.613462198,0.00228
4/5/2022 16:30,1.646446074,0.00233
4/5/2022 16:45,1.689906541,0.00239
4/5/2022 17:00,1.70941437,0.00242
4/5/2022 17:15,1.728801093,0.00245
4/5/2022 17:30,1.741627621,0.00247
4/5/2022 17:45,1.762047467,0.00249
4/5/2022 18:00,1.771649459,0.00251
4/5/2022 18:15,1.768613787,0.00250
4/5/2022 18:30,1.761490602,0.00249
4/5/2022 18:45,1.750438337,0.00248
4/5/2022 19:00,1.748246773,0.00247
4/5/2022 19:15,1.724142185,0.00244
4/5/2022 19:30,1.708846597,0.00242
4/5/2022 19:45,1.688711457,0.00239
4/5/2022 20:00,1.675404478,0.00237
4/5/2022 20:15,1.657341678,0.00235
4/5/2022 20:30,1.641835335,0.00232
4/5/2022 20:45,1.608862436,0.00228
4/5/2022 21:00,1.587078019,0.00225
4/5/2022 21:15,1.546911762,0.00219
4/5/2022 21:30,1.516736906,0.00215
4/5/2022 21:45,1.499473735,0.00212
4/5/2022 22:00,1.480700571,0.00210
4/5/2022 22:15,1.44874471,0.00205
4/5/2022 22:30,1.436871633,0.00203
4/5/2022 22:45,1.420229387,0.00201
4/5/2022 23:00,1.408916756,0.00199
4/5/2022 23:15,1.39669893,0.00198
4/5/2022 23:30,1.371510755,0.00194
4/5/2022 23:45,1.359961944,0.00193
4/6/2022 0:00,1.349564777,0.00191
4/6/2022 0:15,1.323977131,0.00187
4/6/2022 0:30,1.322481756,0.00187
4/6/2022 0:45,1.304370824,0.00185
4/6/2022 1:00,1.294136294,0.00183
4/6/2022 1:15,1.284063163,0.00182
4/6/2022 1:30,1.272880356,0.00180
4/6/2022 1:45,1.271637961,0.00180
4/6/2022 2:00,1.259540776,0.00178
4/6/2022 2:15,1.266377526,0.00179
4/6/2022 2:30,1.255330855,0.00178
4/6/2022 2:45,1.264370923,0.00179
4/6/2022 3:00,1.256055205,0.00178
4/6/2022 3:15,1.258073189,0.00178
4/6/2022 3:30,1.247608882,0.00177
4/6/2022 3:45,1.237026099,0.00175
4/6/2022 4:00,1.235081946,0.00175
4/6/2022 4:15,1.253175972,0.00177
4/6/2022 4:30,1.256062462,0.00178
4/6/2022 4:45,1.25289347,0.00177
4/6/2022 5:00,1.254017698,0.00178
4/6/2022 5:15,1.252731501,0.00177
4/6/2022 5:30,1.222169979,0.00173
4/6/2022 5:45,1.202230192,0.00170
4/6/2022 6:00,1.184415085,0.00168
4/6/2022 6:15,1.176230154,0.00167
4/6/2022 6:30,1.153318294,0.00163
4/6/2022 6:45,1.135514238,0.00161
4/6/2022 7:00,1.123762451,0.00159
4/6/2022 7:15,1.098008057,0.00155
4/6/2022 7:30,1.076315806,0.00152
4/6/2022 7:45,1.062297328,0.00150
4/6/2022 8:00,1.026284866,0.00145
4/6/2022 8:15,1.010207575,0.00143
4/6/2022 8:30,0.988755557,0.00140
4/6/2022 8:45,0.974891681,0.00138
4/6/2022 9:00,0.973567422,0.00138
4/6/2022 9:15,0.966325708,0.00137
4/6/2022 9:30,0.966465146,0.00137
4/6/2022 9:45,0.95757645,0.00136
4/6/2022 10:00,0.97116379,0.00137
4/6/2022 10:15,0.977805753,0.00138
4/6/2022 10:30,0.987446828,0.00140
4/6/2022 10:45,0.999820112,0.00142
4/6/2022 11:00,1.017072867,0.00144
4/6/2022 11:15,1.029331248,0.00146
4/6/2022 11:30,1.045625311,0.00148
4/6/2022 11:45,1.054413876,0.00149
4/6/2022 12:00,1.057436056,0.00150
4/6/2022 12:15,1.073353486,0.00152
4/6/2022 12:30,1.084624557,0.00154
4/6/2022 12:45,1.098418803,0.00155
4/6/2022 13:00,1.126730509,0.00160
4/6/2022 13:15,1.152289811,0.00163
4/6/2022 13:30,1.176505946,0.00167
4/6/2022 13:45,1.189398106,0.00168
4/6/2022 14:00,1.217174881,0.00172
4/6/2022 14:15,1.239614544,0.00175
4/6/2022 14:30,1.243875418,0.00176
4/6/2022 14:45,1.268828514,0.00180
4/6/2022 15:00,1.275032102,0.00181
4/6/2022 15:15,1.281867754,0.00181
4/6/2022 15:30,1.301073162,0.00184
4/6/2022 15:45,1.31248094,0.00186
4/6/2022 16:00,1.337210478,0.00189
4/6/2022 16:15,1.354814271,0.00192
4/6/2022 16:30,1.356366485,0.00192
4/6/2022 16:45,1.361367986,0.00193
4/6/2022 17:00,1.368994458,0.00194
4/6/2022 17:15,1.39174071,0.00197
4/6/2022 17:30,1.382786666,0.00196
4/6/2022 17:45,1.382150907,0.00196
4/6/2022 18:00,1.390681799,0.00197
4/6/2022 18:15,1.388085721,0.00197
4/6/2022 18:30,1.375601443,0.00195
4/6/2022 18:45,1.381377419,0.00196
4/6/2022 19:00,1.370939608,0.00194
4/6/2022 19:15,1.35855489,0.00192
4/6/2022 19:30,1.360759635,0.00193
4/6/2022 19:45,1.359436848,0.00192
4/6/2022 20:00,1.360645544,0.00193
4/6/2022 20:15,1.348815106,0.00191
4/6/2022 20:30,1.339527858,0.00190
4/6/2022 20:45,1.324140635,0.00187
4/6/2022 21:00,1.31681758,0.00186
4/6/2022 21:15,1.30675601,0.00185
4/6/2022 21:30,1.296615264,0.00184
4/6/2022 21:45,1.281084983,0.00181
4/6/2022 22:00,1.283174591,0.00182
4/6/2022 22:15,1.275082258,0.00181
4/6/2022 22:30,1.273749004,0.00180
4/6/2022 22:45,1.276984357,0.00181
4/6/2022 23:00,1.279551317,0.00181
4/6/2022 23:15,1.27236574,0.00180
4/6/2022 23:30,1.26743391,0.00179
4/6/2022 23:45,1.263901691,0.00179
4/7/2022 0:00,1.272945101,0.00180
4/7/2022 0:15,1.270688063,0.00180
4/7/2022 0:30,1.271348501,0.00180
4/7/2022 0:45,1.267828841,0.00179
4/7/2022 1:00,1.27641497,0.00181
4/7/2022 1:15,1.275035032,0.00181
4/7/2022 1:30,1.275806442,0.00181
4/7/2022 1:45,1.290180197,0.00183
4/7/2022 2:00,1.302442911,0.00184
4/7/2022 2:15,1.303441738,0.00185
4/7/2022 2:30,1.317393849,0.00186
4/7/2022 2:45,1.334663904,0.00189
4/7/2022 3:00,1.35414133,0.00192
4/7/2022 3:15,1.352316136,0.00191
4/7/2022 3:30,1.340392881,0.00190
4/7/2022 3:45,1.341907411,0.00190
4/7/2022 4:00,1.348860838,0.00191
4/7/2022 4:15,1.347063746,0.00191
4/7/2022 4:30,1.348691397,0.00191
4/7/2022 4:45,1.343251249,0.00190
4/7/2022 5:00,1.332779814,0.00189
4/7/2022 5:15,1.332586398,0.00189
4/7/2022 5:30,1.325189538,0.00188
4/7/2022 5:45,1.321826359,0.00187
4/7/2022 6:00,1.312924745,0.00186
4/7/2022 6:15,1.289761507,0.00183
4/7/2022 6:30,1.256731674,0.00178
4/7/2022 6:45,1.215768135,0.00172
4/7/2022 7:00,1.177102922,0.00167
4/7/2022 7:15,1.132897011,0.00160
4/7/2022 7:30,1.086627606,0.00154
4/7/2022 7:45,1.039450864,0.00147
4/7/2022 8:00,1.002284595,0.00142
4/7/2022 8:15,0.964641764,0.00137
4/7/2022 8:30,0.929704202,0.00132
4/7/2022 8:45,0.906367086,0.00128
4/7/2022 9:00,0.89019732,0.00126
4/7/2022 9:15,0.869753539,0.00123
4/7/2022 9:30,0.864879495,0.00122
4/7/2022 9:45,0.86224323,0.00122
4/7/2022 10:00,0.872271529,0.00123
4/7/2022 10:15,0.879247538,0.00124
4/7/2022 10:30,0.894888776,0.00127
4/7/2022 10:45,0.914678843,0.00129
4/7/2022 11:00,0.950530811,0.00135
4/7/2022 11:15,0.981865001,0.00139
4/7/2022 11:30,0.998723185,0.00141
4/7/2022 11:45,1.03631476,0.00147
4/7/2022 12:00,1.079311159,0.00153
4/7/2022 12:15,1.128544231,0.00160
4/7/2022 12:30,1.17371085,0.00166
4/7/2022 12:45,1.214223129,0.00172
4/7/2022 13:00,1.25026747,0.00177
4/7/2022 13:15,1.27282655,0.00180
4/7/2022 13:30,1.293148591,0.00183
4/7/2022 13:45,1.297286261,0.00184
4/7/2022 14:00,1.300235955,0.00184
4/7/2022 14:15,1.312214002,0.00186
4/7/2022 14:30,1.307527991,0.00185
4/7/2022 14:45,1.303397889,0.00185
4/7/2022 15:00,1.284367087,0.00182
4/7/2022 15:15,1.273318476,0.00180
4/7/2022 15:30,1.258147258,0.00178
4/7/2022 15:45,1.238583574,0.00175
4/7/2022 16:00,1.220938506,0.00173
4/7/2022 16:15,1.203293626,0.00170
4/7/2022 16:30,1.195143877,0.00169
4/7/2022 16:45,1.183271255,0.00168
4/7/2022 17:00,1.173420556,0.00166
4/7/2022 17:15,1.159529884,0.00164
4/7/2022 17:30,1.146517704,0.00162
4/7/2022 17:45,1.142264114,0.00162
4/7/2022 18:00,1.122557996,0.00159
4/7/2022 18:15,1.122167618,0.00159
4/7/2022 18:30,1.112577161,0.00158
4/7/2022 18:45,1.103613373,0.00156
4/7/2022 19:00,1.107496953,0.00157
4/7/2022 19:15,1.108961061,0.00157
4/7/2022 19:30,1.108017267,0.00157
4/7/2022 19:45,1.0998195,0.00156
4/7/2022 20:00,1.092081269,0.00155
4/7/2022 20:15,1.085177504,0.00154
4/7/2022 20:30,1.091746418,0.00155
4/7/2022 20:45,1.102111929,0.00156
4/7/2022 21:00,1.104101043,0.00156
4/7/2022 21:15,1.115085308,0.00158
4/7/2022 21:30,1.115744277,0.00158
4/7/2022 21:45,1.124413456,0.00159
4/7/2022 22:00,1.143430158,0.00162
4/7/2022 22:15,1.143629566,0.00162
4/7/2022 22:30,1.149404552,0.00163
4/7/2022 22:45,1.153879101,0.00163
4/7/2022 23:00,1.157577025,0.00164
4/7/2022 23:15,1.155597371,0.00164
4/7/2022 23:30,1.155393243,0.00164
4/7/2022 23:45,1.151068437,0.00163
4/8/2022 0:00,1.153149883,0.00163
4/8/2022 0:15,1.149625733,0.00163
4/8/2022 0:30,1.139059152,0.00161
4/8/2022 0:45,1.138982167,0.00161
4/8/2022 1:00,1.132625938,0.00160
4/8/2022 1:15,1.117984731,0.00158
4/8/2022 1:30,1.112213328,0.00157
4/8/2022 1:45,1.100555828,0.00156
4/8/2022 2:00,1.092588442,0.00155
4/8/2022 2:15,1.085627865,0.00154
4/8/2022 2:30,1.085269004,0.00154
4/8/2022 2:45,1.080264897,0.00153
4/8/2022 3:00,1.075363607,0.00152
4/8/2022 3:15,1.061542536,0.00150
4/8/2022 3:30,1.053484475,0.00149
4/8/2022 3:45,1.049546427,0.00149
4/8/2022 4:00,1.052957258,0.00149
4/8/2022 4:15,1.044308822,0.00148
4/8/2022 4:30,1.046835718,0.00148
4/8/2022 4:45,1.042571652,0.00148
4/8/2022 5:00,1.05164527,0.00149
4/8/2022 5:15,1.048585553,0.00148
4/8/2022 5:30,1.043231898,0.00148
4/8/2022 5:45,1.051072985,0.00149
4/8/2022 6:00,1.053583696,0.00149
4/8/2022 6:15,1.049719713,0.00149
4/8/2022 6:30,1.042791304,0.00148
4/8/2022 6:45,1.037042971,0.00147
4/8/2022 7:00,1.024465866,0.00145
4/8/2022 7:15,1.021482184,0.00145
4/8/2022 7:30,0.991667705,0.00140
4/8/2022 7:45,0.961137988,0.00136
4/8/2022 8:00,0.930193833,0.00132
4/8/2022 8:15,0.910689499,0.00129
4/8/2022 8:30,0.899596363,0.00127
4/8/2022 8:45,0.896516573,0.00127
4/8/2022 9:00,0.894688997,0.00127
4/8/2022 9:15,0.891068731,0.00126
4/8/2022 9:30,0.891292137,0.00126
4/8/2022 9:45,0.900162387,0.00127
4/8/2022 10:00,0.917029062,0.00130
4/8/2022 10:15,0.933579915,0.00132
4/8/2022 10:30,0.934415713,0.00132
4/8/2022 10:45,0.946477824,0.00134
4/8/2022 11:00,0.964463933,0.00137
4/8/2022 11:15,0.996570592,0.00141
4/8/2022 11:30,1.014897515,0.00144
4/8/2022 11:45,1.05029355,0.00149
4/8/2022 12:00,1.076032847,0.00152
4/8/2022 12:15,1.108948768,0.00157
4/8/2022 12:30,1.134485749,0.00161
4/8/2022 12:45,1.172622542,0.00166
4/8/2022 13:00,1.210979318,0.00171
4/8/2022 13:15,1.231824106,0.00174
4/8/2022 13:30,1.247106578,0.00177
4/8/2022 13:45,1.264994387,0.00179
4/8/2022 14:00,1.271889026,0.00180
4/8/2022 14:15,1.263002135,0.00179
4/8/2022 14:30,1.260700442,0.00178
4/8/2022 14:45,1.244149728,0.00176
4/8/2022 15:00,1.235023212,0.00175
4/8/2022 15:15,1.242894292,0.00176
4/8/2022 15:30,1.255584067,0.00178
4/8/2022 15:45,1.262341874,0.00179
4/8/2022 16:00,1.252198126,0.00177
4/8/2022 16:15,1.24495209,0.00176
4/8/2022 16:30,1.241588798,0.00176
4/8/2022 16:45,1.247092265,0.00177
4/8/2022 17:00,1.251811877,0.00177
4/8/2022 17:15,1.257035883,0.00178
4/8/2022 17:30,1.260646538,0.00178
4/8/2022 17:45,1.25928615,0.00178
4/8/2022 18:00,1.264768676,0.00179
4/8/2022 18:15,1.275247706,0.00181
4/8/2022 18:30,1.286571538,0.00182
4/8/2022 18:45,1.283215977,0.00182
4/8/2022 19:00,1.28998841,0.00183
4/8/2022 19:15,1.290073795,0.00183
4/8/2022 19:30,1.291250807,0.00183
4/8/2022 19:45,1.287931467,0.00182
4/8/2022 20:00,1.296279905,0.00184
4/8/2022 20:15,1.303948998,0.00185
4/8/2022 20:30,1.301560128,0.00184
4/8/2022 20:45,1.318597927,0.00187
4/8/2022 21:00,1.329921411,0.00188
4/8/2022 21:15,1.336779628,0.00189
4/8/2022 21:30,1.345802903,0.00191
4/8/2022 21:45,1.35445098,0.00192
4/8/2022 22:00,1.353489817,0.00192
4/8/2022 22:15,1.343888753,0.00190
4/8/2022 22:30,1.335477459,0.00189
4/8/2022 22:45,1.312381745,0.00186
4/8/2022 23:00,1.296432653,0.00184
4/8/2022 23:15,1.283300162,0.00182
4/8/2022 23:30,1.272588672,0.00180
4/8/2022 23:45,1.260293945,0.00178
4/9/2022 0:00,1.246383178,0.00176
4/9/2022 0:15,1.238808102,0.00175
4/9/2022 0:30,1.241271495,0.00176
4/9/2022 0:45,1.244392421,0.00176
4/9/2022 1:00,1.222671441,0.00173
4/9/2022 1:15,1.21737305,0.00172
4/9/2022 1:30,1.207844431,0.00171
4/9/2022 1:45,1.2066661,0.00171
4/9/2022 2:00,1.212286718,0.00172
4/9/2022 2:15,1.215938055,0.00172
4/9/2022 2:30,1.21222323,0.00172
4/9/2022 2:45,1.215398401,0.00172
4/9/2022 3:00,1.220698162,0.00173
4/9/2022 3:15,1.233067957,0.00175
4/9/2022 3:30,1.251992335,0.00177
4/9/2022 3:45,1.272117619,0.00180
4/9/2022 4:00,1.283118145,0.00182
4/9/2022 4:15,1.285999327,0.00182
4/9/2022 4:30,1.287147166,0.00182
4/9/2022 4:45,1.290503515,0.00183
4/9/2022 5:00,1.274224753,0.00180
4/9/2022 5:15,1.266831338,0.00179
4/9/2022 5:30,1.263911128,0.00179
4/9/2022 5:45,1.260050189,0.00178
4/9/2022 6:00,1.25094187,0.00177
4/9/2022 6:15,1.243579158,0.00176
4/9/2022 6:30,1.219907382,0.00173
4/9/2022 6:45,1.186158109,0.00168
4/9/2022 7:00,1.158541767,0.00164
4/9/2022 7:15,1.139691035,0.00161
4/9/2022 7:30,1.120450828,0.00159
4/9/2022 7:45,1.102792909,0.00156
4/9/2022 8:00,1.081129199,0.00153
4/9/2022 8:15,1.056758815,0.00150
4/9/2022 8:30,1.050308238,0.00149
4/9/2022 8:45,1.038336104,0.00147
4/9/2022 9:00,1.038531414,0.00147
4/9/2022 9:15,1.041937261,0.00148
4/9/2022 9:30,1.033327372,0.00146
4/9/2022 9:45,1.029289059,0.00146
4/9/2022 10:00,1.036469787,0.00147
4/9/2022 10:15,1.0459727,0.00148
4/9/2022 10:30,1.066542084,0.00151
4/9/2022 10:45,1.084747777,0.00154
4/9/2022 11:00,1.107673269,0.00157
4/9/2022 11:15,1.132594413,0.00160
4/9/2022 11:30,1.160986415,0.00164
4/9/2022 11:45,1.197130856,0.00169
4/9/2022 12:00,1.234619262,0.00175
4/9/2022 12:15,1.276538276,0.00181
4/9/2022 12:30,1.329787885,0.00188
4/9/2022 12:45,1.376159359,0.00195
4/9/2022 13:00,1.421078385,0.00201
4/9/2022 13:15,1.455956685,0.00206
4/9/2022 13:30,1.476315937,0.00209
4/9/2022 13:45,1.502566165,0.00213
4/9/2022 14:00,1.523754312,0.00216
4/9/2022 14:15,1.550007143,0.00219
4/9/2022 14:30,1.585260664,0.00224
4/9/2022 14:45,1.602443923,0.00227
4/9/2022 15:00,1.622781063,0.00230
4/9/2022 15:15,1.634194647,0.00231
4/9/2022 15:30,1.639443535,0.00232
4/9/2022 15:45,1.645650042,0.00233
4/9/2022 16:00,1.646021608,0.00233
4/9/2022 16:15,1.64701613,0.00233
4/9/2022 16:30,1.656348566,0.00234
4/9/2022 16:45,1.648844665,0.00233
4/9/2022 17:00,1.640393398,0.00232
4/9/2022 17:15,1.645583871,0.00233
4/9/2022 17:30,1.648570493,0.00233
4/9/2022 17:45,1.649223251,0.00233
4/9/2022 18:00,1.630188196,0.00231
4/9/2022 18:15,1.640081848,0.00232
4/9/2022 18:30,1.640282253,0.00232
4/9/2022 18:45,1.640288347,0.00232
4/9/2022 19:00,1.649769723,0.00234
4/9/2022 19:15,1.647860544,0.00233
4/9/2022 19:30,1.660748471,0.00235
4/9/2022 19:45,1.666016266,0.00236
4/9/2022 20:00,1.675268728,0.00237
4/9/2022 20:15,1.684560601,0.00238
4/9/2022 20:30,1.694817465,0.00240
4/9/2022 20:45,1.703557635,0.00241
4/9/2022 21:00,1.704618346,0.00241
4/9/2022 21:15,1.702876108,0.00241
4/9/2022 21:30,1.698422329,0.00240
4/9/2022 21:45,1.711353456,0.00242
4/9/2022 22:00,1.708844846,0.00242
4/9/2022 22:15,1.709883022,0.00242
4/9/2022 22:30,1.69601607,0.00240
4/9/2022 22:45,1.680202421,0.00238
4/9/2022 23:00,1.687813057,0.00239
4/9/2022 23:15,1.683930817,0.00238
4/9/2022 23:30,1.674443437,0.00237
4/9/2022 23:45,1.663317836,0.00235
4/10/2022 0:00,1.6479298,0.00233
4/10/2022 0:15,1.633921715,0.00231
4/10/2022 0:30,1.642827946,0.00233
4/10/2022 0:45,1.640302247,0.00232
4/10/2022 1:00,1.653535233,0.00234
4/10/2022 1:15,1.652399119,0.00234
4/10/2022 1:30,1.663317162,0.00235
4/10/2022 1:45,1.659560961,0.00235
4/10/2022 2:00,1.667203791,0.00236
4/10/2022 2:15,1.657165033,0.00235
4/10/2022 2:30,1.661934456,0.00235
4/10/2022 2:45,1.677698355,0.00238
4/10/2022 3:00,1.679946715,0.00238
4/10/2022 3:15,1.67585989,0.00237
4/10/2022 3:30,1.67133599,0.00237
4/10/2022 3:45,1.676591145,0.00237
4/10/2022 4:00,1.656164598,0.00234
4/10/2022 4:15,1.641796742,0.00232
4/10/2022 4:30,1.6395974,0.00232
4/10/2022 4:45,1.638038375,0.00232
4/10/2022 5:00,1.623151493,0.00230
4/10/2022 5:15,1.604255832,0.00227
4/10/2022 5:30,1.580243869,0.00224
4/10/2022 5:45,1.55693896,0.00220
4/10/2022 6:00,1.541598094,0.00218
4/10/2022 6:15,1.53718133,0.00218
4/10/2022 6:30,1.498153833,0.00212
4/10/2022 6:45,1.465688734,0.00207
4/10/2022 7:00,1.442321244,0.00204
4/10/2022 7:15,1.436659599,0.00203
4/10/2022 7:30,1.427629837,0.00202
4/10/2022 7:45,1.43161646,0.00203
4/10/2022 8:00,1.435353068,0.00203
4/10/2022 8:15,1.430538514,0.00203
4/10/2022 8:30,1.410278274,0.00200
4/10/2022 8:45,1.404367677,0.00199
4/10/2022 9:00,1.394790885,0.00197
4/10/2022 9:15,1.396739827,0.00198
4/10/2022 9:30,1.399721169,0.00198
4/10/2022 9:45,1.395085353,0.00197
4/10/2022 10:00,1.403746689,0.00199
4/10/2022 10:15,1.404238596,0.00199
4/10/2022 10:30,1.409288582,0.00200
4/10/2022 10:45,1.43116768,0.00203
4/10/2022 11:00,1.435066477,0.00203
4/10/2022 11:15,1.452011633,0.00206
4/10/2022 11:30,1.475223663,0.00209
4/10/2022 11:45,1.500850419,0.00212
4/10/2022 12:00,1.525866382,0.00216
4/10/2022 12:15,1.545745047,0.00219
4/10/2022 12:30,1.582305034,0.00224
4/10/2022 12:45,1.622517446,0.00230
4/10/2022 13:00,1.638393561,0.00232
4/10/2022 13:15,1.667964286,0.00236
4/10/2022 13:30,1.675217627,0.00237
4/10/2022 13:45,1.681270753,0.00238
4/10/2022 14:00,1.696614175,0.00240
4/10/2022 14:15,1.713894585,0.00243
4/10/2022 14:30,1.740993582,0.00246
4/10/2022 14:45,1.761309577,0.00249
4/10/2022 15:00,1.784646447,0.00253
4/10/2022 15:15,1.79706879,0.00254
4/10/2022 15:30,1.781363563,0.00252
4/10/2022 15:45,1.753769345,0.00248
4/10/2022 16:00,1.737239584,0.00246
4/10/2022 16:15,1.713539061,0.00243
4/10/2022 16:30,1.705378558,0.00241
4/10/2022 16:45,1.703603079,0.00241
4/10/2022 17:00,1.688772041,0.00239
4/10/2022 17:15,1.709514307,0.00242
4/10/2022 17:30,1.710112535,0.00242
4/10/2022 17:45,1.70139406,0.00241
4/10/2022 18:00,1.705913734,0.00242
4/10/2022 18:15,1.69927904,0.00241
4/10/2022 18:30,1.726860001,0.00244
4/10/2022 18:45,1.739976389,0.00246
4/10/2022 19:00,1.766430875,0.00250
4/10/2022 19:15,1.799240716,0.00255
4/10/2022 19:30,1.840661052,0.00261
4/10/2022 19:45,1.855967527,0.00263
4/10/2022 20:00,1.883548545,0.00267
4/10/2022 20:15,1.881463404,0.00266
4/10/2022 20:30,1.899976716,0.00269
4/10/2022 20:45,1.891178345,0.00268
4/10/2022 21:00,1.909420522,0.00270
4/10/2022 21:15,1.914002161,0.00271
4/10/2022 21:30,1.913110209,0.00271
4/10/2022 21:45,1.909985124,0.00270
4/10/2022 22:00,1.895239513,0.00268
4/10/2022 22:15,1.871606599,0.00265
4/10/2022 22:30,1.840978116,0.00261
4/10/2022 22:45,1.820124592,0.00258
4/10/2022 23:00,1.785632872,0.00253
4/10/2022 23:15,1.782637791,0.00252
4/10/2022 23:30,1.775769797,0.00251
4/10/2022 23:45,1.790184084,0.00253
4/11/2022 0:00,1.806449899,0.00256
4/11/2022 0:15,1.810470438,0.00256
4/11/2022 0:30,1.815820931,0.00257
4/11/2022 0:45,1.821339003,0.00258
4/11/2022 1:00,1.839018983,0.00260
4/11/2022 1:15,1.84483635,0.00261
4/11/2022 1:30,1.850453707,0.00262
4/11/2022 1:45,1.850902056,0.00262
4/11/2022 2:00,1.847721257,0.00262
4/11/2022 2:15,1.845994841,0.00261
4/11/2022 2:30,1.827446183,0.00259
4/11/2022 2:45,1.819729175,0.00258
4/11/2022 3:00,1.802728779,0.00255
4/11/2022 3:15,1.799805211,0.00255
4/11/2022 3:30,1.78248971,0.00252
4/11/2022 3:45,1.7736628,0.00251
4/11/2022 4:00,1.77131796,0.00251
4/11/2022 4:15,1.765538873,0.00250
4/11/2022 4:30,1.737924769,0.00246
4/11/2022 4:45,1.724576854,0.00244
4/11/2022 5:00,1.714465206,0.00243
4/11/2022 5:15,1.701234037,0.00241
4/11/2022 5:30,1.685004322,0.00239
4/11/2022 5:45,1.661773528,0.00235
4/11/2022 6:00,1.651260191,0.00234
4/11/2022 6:15,1.637893888,0.00232
4/11/2022 6:30,1.633236167,0.00231
4/11/2022 6:45,1.629805332,0.00231
4/11/2022 7:00,1.626200552,0.00230
4/11/2022 7:15,1.607896596,0.00228
4/11/2022 7:30,1.579928619,0.00224
4/11/2022 7:45,1.574406543,0.00223
4/11/2022 8:00,1.56692113,0.00222
4/11/2022 8:15,1.542898266,0.00218
4/11/2022 8:30,1.527408732,0.00216
4/11/2022 8:45,1.497363977,0.00212
4/11/2022 9:00,1.456684796,0.00206
4/11/2022 9:15,1.434581808,0.00203
4/11/2022 9:30,1.416366316,0.00201
4/11/2022 9:45,1.407594192,0.00199
4/11/2022 10:00,1.414006522,0.00200
4/11/2022 10:15,1.407583311,0.00199
4/11/2022 10:30,1.410110361,0.00200
4/11/2022 10:45,1.426325186,0.00202
4/11/2022 11:00,1.460266118,0.00207
4/11/2022 11:15,1.477896836,0.00209
4/11/2022 11:30,1.488854466,0.00211
4/11/2022 11:45,1.498333339,0.00212
4/11/2022 12:00,1.539033565,0.00218
4/11/2022 12:15,1.565030091,0.00222
4/11/2022 12:30,1.584048063,0.00224
4/11/2022 12:45,1.594977177,0.00226
4/11/2022 13:00,1.606627275,0.00227
4/11/2022 13:15,1.631558556,0.00231
4/11/2022 13:30,1.661918227,0.00235
4/11/2022 13:45,1.66712273,0.00236
4/11/2022 14:00,1.676165524,0.00237
4/11/2022 14:15,1.692014823,0.00240
4/11/2022 14:30,1.700698809,0.00241
4/11/2022 14:45,1.706120654,0.00242
4/11/2022 15:00,1.736070765,0.00246
4/11/2022 15:15,1.73514163,0.00246
4/11/2022 15:30,1.737885744,0.00246
4/11/2022 15:45,1.752622994,0.00248
4/11/2022 16:00,1.723320505,0.00244
4/11/2022 16:15,1.72284326,0.00244
4/11/2022 16:30,1.73729053,0.00246
4/11/2022 16:45,1.744677704,0.00247
4/11/2022 17:00,1.740597114,0.00246
4/11/2022 17:15,1.722836878,0.00244
4/11/2022 17:30,1.717485209,0.00243
4/11/2022 17:45,1.705127502,0.00241
4/11/2022 18:00,1.711237999,0.00242
4/11/2022 18:15,1.712265742,0.00242
4/11/2022 18:30,1.699829011,0.00241
4/11/2022 18:45,1.686541282,0.00239
4/11/2022 19:00,1.680456474,0.00238
4/11/2022 19:15,1.695093964,0.00240
4/11/2022 19:30,1.678736398,0.00238
4/11/2022 19:45,1.670802736,0.00237
4/11/2022 20:00,1.653561962,0.00234
4/11/2022 20:15,1.644861475,0.00233
4/11/2022 20:30,1.62987131,0.00231
4/11/2022 20:45,1.622111156,0.00230
4/11/2022 21:00,1.612913005,0.00228
4/11/2022 21:15,1.613659425,0.00228
4/11/2022 21:30,1.62960915,0.00231
4/11/2022 21:45,1.615991615,0.00229
4/11/2022 22:00,1.621838426,0.00230
4/11/2022 22:15,1.637747022,0.00232
4/11/2022 22:30,1.626010483,0.00230
4/11/2022 22:45,1.623482236,0.00230
4/11/2022 23:00,1.63016329,0.00231
4/11/2022 23:15,1.64176438,0.00232
4/11/2022 23:30,1.648909693,0.00233
4/11/2022 23:45,1.661059002,0.00235
4/12/2022 0:00,1.663118751,0.00235
4/12/2022 0:15,1.667658954,0.00236
4/12/2022 0:30,1.665812552,0.00236
4/12/2022 0:45,1.671228762,0.00237
4/12/2022 1:00,1.660236159,0.00235
4/12/2022 1:15,1.684337272,0.00238
4/12/2022 1:30,1.683989668,0.00238
4/12/2022 1:45,1.685121208,0.00239
4/12/2022 2:00,1.675252209,0.00237
4/12/2022 2:15,1.661147314,0.00235
4/12/2022 2:30,1.646456847,0.00233
4/12/2022 2:45,1.632353333,0.00231
4/12/2022 3:00,1.615576536,0.00229
4/12/2022 3:15,1.612038517,0.00228
4/12/2022 3:30,1.607898898,0.00228
4/12/2022 3:45,1.597695112,0.00226
4/12/2022 4:00,1.599491995,0.00226
4/12/2022 4:15,1.601560335,0.00227
4/12/2022 4:30,1.59308515,0.00226
4/12/2022 4:45,1.596392046,0.00226
4/12/2022 5:00,1.566238214,0.00222
4/12/2022 5:15,1.568667358,0.00222
4/12/2022 5:30,1.57979538,0.00224
4/12/2022 5:45,1.567291893,0.00222
4/12/2022 6:00,1.586981952,0.00225
4/12/2022 6:15,1.576625796,0.00223
4/12/2022 6:30,1.580451769,0.00224
4/12/2022 6:45,1.571510628,0.00222
4/12/2022 7:00,1.599369114,0.00226
4/12/2022 7:15,1.606361745,0.00227
4/12/2022 7:30,1.612670739,0.00228
4/12/2022 7:45,1.606080475,0.00227
4/12/2022 8:00,1.626981361,0.00230
4/12/2022 8:15,1.635282152,0.00232
4/12/2022 8:30,1.626702665,0.00230
4/12/2022 8:45,1.601318132,0.00227
4/12/2022 9:00,1.601381848,0.00227
4/12/2022 9:15,1.585550064,0.00224
4/12/2022 9:30,1.570356066,0.00222
4/12/2022 9:45,1.580124399,0.00224
4/12/2022 10:00,1.598777789,0.00226
4/12/2022 10:15,1.617491639,0.00229
4/12/2022 10:30,1.644958664,0.00233
4/12/2022 10:45,1.659227048,0.00235
4/12/2022 11:00,1.665856888,0.00236
4/12/2022 11:15,1.679953776,0.00238
4/12/2022 11:30,1.689597077,0.00239
4/12/2022 11:45,1.686541181,0.00239
4/12/2022 12:00,1.691324671,0.00239
4/12/2022 12:15,1.697659326,0.00240
4/12/2022 12:30,1.740966268,0.00246
4/12/2022 12:45,1.770068511,0.00251
4/12/2022 13:00,1.771105626,0.00251
4/12/2022 13:15,1.780653219,0.00252
4/12/2022 13:30,1.763231925,0.00250
4/12/2022 13:45,1.775592845,0.00251
4/12/2022 14:00,1.778753867,0.00252
4/12/2022 14:15,1.816159773,0.00257
4/12/2022 14:30,1.814199056,0.00257
4/12/2022 14:45,1.822581207,0.00258
4/12/2022 15:00,1.843069024,0.00261
4/12/2022 15:15,1.85696087,0.00263
4/12/2022 15:30,1.827873461,0.00259
4/12/2022 15:45,1.820082304,0.00258
4/12/2022 16:00,1.819079587,0.00258
4/12/2022 16:15,1.809999496,0.00256
4/12/2022 16:30,1.805164367,0.00256
4/12/2022 16:45,1.807841401,0.00256
4/12/2022 17:00,1.824745144,0.00258
4/12/2022 17:15,1.832261122,0.00259
4/12/2022 17:30,1.850747167,0.00262
4/12/2022 17:45,1.856771372,0.00263
4/12/2022 18:00,1.867449596,0.00264
4/12/2022 18:15,1.876659064,0.00266
4/12/2022 18:30,1.872615561,0.00265
4/12/2022 18:45,1.864770789,0.00264
4/12/2022 19:00,1.868690005,0.00265
4/12/2022 19:15,1.88889117,0.00267
4/12/2022 19:30,1.901618096,0.00269
4/12/2022 19:45,1.9054812,0.00270
4/12/2022 20:00,1.898331493,0.00269
4/12/2022 20:15,1.873932131,0.00265
4/12/2022 20:30,1.8725155,0.00265
4/12/2022 20:45,1.888564976,0.00267
4/12/2022 21:00,1.908936294,0.00270
4/12/2022 21:15,1.933723566,0.00274
4/12/2022 21:30,1.969254028,0.00279
4/12/2022 21:45,1.996790118,0.00283
4/12/2022 22:00,2.027607902,0.00287
4/12/2022 22:15,2.045900269,0.00290
4/12/2022 22:30,2.048097618,0.00290
4/12/2022 22:45,2.054678462,0.00291
4/12/2022 23:00,2.073519754,0.00294
4/12/2022 23:15,2.08674086,0.00295
4/12/2022 23:30,2.098788928,0.00297
4/12/2022 23:45,2.128210682,0.00301
4/13/2022 0:00,2.145986524,0.00304
4/13/2022 0:15,2.164087774,0.00306
4/13/2022 0:30,2.185806397,0.00309
4/13/2022 0:45,2.192860777,0.00310
4/13/2022 1:00,2.191370431,0.00310
4/13/2022 1:15,2.187912483,0.00310
4/13/2022 1:30,2.164067176,0.00306
4/13/2022 1:45,2.137804556,0.00303
4/13/2022 2:00,2.103158986,0.00298
4/13/2022 2:15,2.073708411,0.00294
4/13/2022 2:30,2.030486794,0.00287
4/13/2022 2:45,1.98396642,0.00281
4/13/2022 3:00,1.941418466,0.00275
4/13/2022 3:15,1.888825502,0.00267
4/13/2022 3:30,1.851586637,0.00262
4/13/2022 3:45,1.836623216,0.00260
4/13/2022 4:00,1.813011435,0.00257
4/13/2022 4:15,1.777240347,0.00252
4/13/2022 4:30,1.758696333,0.00249
4/13/2022 4:45,1.742598925,0.00247
4/13/2022 5:00,1.725149307,0.00244
4/13/2022 5:15,1.691636907,0.00239
4/13/2022 5:30,1.650461778,0.00234
4/13/2022 5:45,1.629842897,0.00231
4/13/2022 6:00,1.604667804,0.00227
4/13/2022 6:15,1.594426102,0.00226
4/13/2022 6:30,1.578552984,0.00223
4/13/2022 6:45,1.545025781,0.00219
4/13/2022 7:00,1.515355879,0.00215
4/13/2022 7:15,1.501151934,0.00213
4/13/2022 7:30,1.471022334,0.00208
4/13/2022 7:45,1.429556857,0.00202
4/13/2022 8:00,1.390183793,0.00197
4/13/2022 8:15,1.341799812,0.00190
4/13/2022 8:30,1.314347082,0.00186
4/13/2022 8:45,1.283809945,0.00182
4/13/2022 9:00,1.272369024,0.00180
4/13/2022 9:15,1.24777113,0.00177
4/13/2022 9:30,1.23476124,0.00175
4/13/2022 9:45,1.232105346,0.00174
4/13/2022 10:00,1.244686435,0.00176
4/13/2022 10:15,1.256023016,0.00178
4/13/2022 10:30,1.27393436,0.00180
4/13/2022 10:45,1.31626083,0.00186
4/13/2022 11:00,1.350886411,0.00191
4/13/2022 11:15,1.394272415,0.00197
4/13/2022 11:30,1.44377241,0.00204
4/13/2022 11:45,1.508106516,0.00213
4/13/2022 12:00,1.577645802,0.00223
4/13/2022 12:15,1.664330803,0.00236
4/13/2022 12:30,1.746310491,0.00247
4/13/2022 12:45,1.823425718,0.00258
4/13/2022 13:00,1.901044896,0.00269
4/13/2022 13:15,1.954393198,0.00277
4/13/2022 13:30,2.016738168,0.00286
4/13/2022 13:45,2.054885201,0.00291
4/13/2022 14:00,2.091213086,0.00296
4/13/2022 14:15,2.107137467,0.00298
4/13/2022 14:30,2.118333433,0.00300
4/13/2022 14:45,2.082162838,0.00295
4/13/2022 15:00,2.031465658,0.00288
4/13/2022 15:15,1.996528008,0.00283
4/13/2022 15:30,1.940266191,0.00275
4/13/2022 15:45,1.930145707,0.00273
4/13/2022 16:00,1.87794694,0.00266
4/13/2022 16:15,1.830199435,0.00259
4/13/2022 16:30,1.780374739,0.00252
4/13/2022 16:45,1.729004259,0.00245
4/13/2022 17:00,1.698237123,0.00240
4/13/2022 17:15,1.658758795,0.00235
4/13/2022 17:30,1.618852964,0.00229
4/13/2022 17:45,1.568342376,0.00222
4/13/2022 18:00,1.530176384,0.00217
4/13/2022 18:15,1.491850065,0.00211
4/13/2022 18:30,1.463729719,0.00207
4/13/2022 18:45,1.455785004,0.00206
4/13/2022 19:00,1.464841199,0.00207
4/13/2022 19:15,1.482477412,0.00210
4/13/2022 19:30,1.490245878,0.00211
4/13/2022 19:45,1.485119551,0.00210
4/13/2022 20:00,1.492755425,0.00211
4/13/2022 20:15,1.498171505,0.00212
4/13/2022 20:30,1.515537514,0.00215
4/13/2022 20:45,1.534361274,0.00217
4/13/2022 21:00,1.550869921,0.00220
4/13/2022 21:15,1.565071911,0.00222
4/13/2022 21:30,1.572213542,0.00223
4/13/2022 21:45,1.586842882,0.00225
4/13/2022 22:00,1.597301395,0.00226
4/13/2022 22:15,1.603322717,0.00227
4/13/2022 22:30,1.601883046,0.00227
4/13/2022 22:45,1.601591802,0.00227
4/13/2022 23:00,1.59299671,0.00226
4/13/2022 23:15,1.583426766,0.00224
4/13/2022 23:30,1.581424634,0.00224
4/13/2022 23:45,1.577101876,0.00223
4/14/2022 0:00,1.561713134,0.00221
4/14/2022 0:15,1.547440119,0.00219
4/14/2022 0:30,1.525621421,0.00216
4/14/2022 0:45,1.5135484,0.00214
4/14/2022 1:00,1.488219153,0.00211
4/14/2022 1:15,1.47346402,0.00209
4/14/2022 1:30,1.468550015,0.00208
4/14/2022 1:45,1.450954655,0.00205
4/14/2022 2:00,1.440225849,0.00204
4/14/2022 2:15,1.433840467,0.00203
4/14/2022 2:30,1.425646405,0.00202
4/14/2022 2:45,1.419070814,0.00201
4/14/2022 3:00,1.423407403,0.00202
4/14/2022 3:15,1.424356778,0.00202
4/14/2022 3:30,1.42880828,0.00202
4/14/2022 3:45,1.424713151,0.00202
4/14/2022 4:00,1.423537113,0.00202
4/14/2022 4:15,1.4293319,0.00202
4/14/2022 4:30,1.430062285,0.00202
4/14/2022 4:45,1.43432827,0.00203
4/14/2022 5:00,1.441428133,0.00204
4/14/2022 5:15,1.442975966,0.00204
4/14/2022 5:30,1.438839078,0.00204
4/14/2022 5:45,1.428514737,0.00202
4/14/2022 6:00,1.42521143,0.00202
4/14/2022 6:15,1.415616719,0.00200
4/14/2022 6:30,1.412998733,0.00200
4/14/2022 6:45,1.388894384,0.00197
4/14/2022 7:00,1.359713837,0.00192
4/14/2022 7:15,1.331517679,0.00188
4/14/2022 7:30,1.313006731,0.00186
4/14/2022 7:45,1.280426499,0.00181
4/14/2022 8:00,1.251807164,0.00177
4/14/2022 8:15,1.221676121,0.00173
4/14/2022 8:30,1.197161552,0.00169
4/14/2022 8:45,1.181736077,0.00167
4/14/2022 9:00,1.163389933,0.00165
4/14/2022 9:15,1.158413353,0.00164
4/14/2022 9:30,1.16605493,0.00165
4/14/2022 9:45,1.169513186,0.00166
4/14/2022 10:00,1.183018441,0.00167
4/14/2022 10:15,1.202458245,0.00170
4/14/2022 10:30,1.225066265,0.00173
4/14/2022 10:45,1.265553369,0.00179
4/14/2022 11:00,1.291121098,0.00183
4/14/2022 11:15,1.329222347,0.00188
4/14/2022 11:30,1.376589082,0.00195
4/14/2022 11:45,1.41806014,0.00201
4/14/2022 12:00,1.467678439,0.00208
4/14/2022 12:15,1.517365921,0.00215
4/14/2022 12:30,1.574511303,0.00223
4/14/2022 12:45,1.636941804,0.00232
4/14/2022 13:00,1.661001545,0.00235
4/14/2022 13:15,1.678066819,0.00238
4/14/2022 13:30,1.68279347,0.00238
4/14/2022 13:45,1.679752998,0.00238
4/14/2022 14:00,1.667653544,0.00236
4/14/2022 14:15,1.649481974,0.00234
4/14/2022 14:30,1.636282653,0.00232
4/14/2022 14:45,1.634263816,0.00231
4/14/2022 15:00,1.60109388,0.00227
4/14/2022 15:15,1.588773388,0.00225
4/14/2022 15:30,1.575071615,0.00223
4/14/2022 15:45,1.571900402,0.00223
4/14/2022 16:00,1.556327642,0.00220
4/14/2022 16:15,1.539252065,0.00218
4/14/2022 16:30,1.515390036,0.00215
4/14/2022 16:45,1.492280548,0.00211
4/14/2022 17:00,1.483583688,0.00210
4/14/2022 17:15,1.473389506,0.00209
4/14/2022 17:30,1.462203556,0.00207
4/14/2022 17:45,1.448614735,0.00205
4/14/2022 18:00,1.44402992,0.00204
4/14/2022 18:15,1.425276777,0.00202
4/14/2022 18:30,1.399816621,0.00198
4/14/2022 18:45,1.396115508,0.00198
4/14/2022 19:00,1.393712333,0.00197
4/14/2022 19:15,1.38380698,0.00196
4/14/2022 19:30,1.399030884,0.00198
4/14/2022 19:45,1.408467729,0.00199
4/14/2022 20:00,1.409089131,0.00199
4/14/2022 20:15,1.390544579,0.00197
4/14/2022 20:30,1.386751795,0.00196
4/14/2022 20:45,1.377537251,0.00195
4/14/2022 21:00,1.380158984,0.00195
4/14/2022 21:15,1.385733143,0.00196
4/14/2022 21:30,1.390142976,0.00197
4/14/2022 21:45,1.402088691,0.00198
4/14/2022 22:00,1.415877257,0.00200
4/14/2022 22:15,1.418626426,0.00201
4/14/2022 22:30,1.424843358,0.00202
4/14/2022 22:45,1.431234364,0.00203
4/14/2022 23:00,1.423912268,0.00202
4/14/2022 23:15,1.399606495,0.00198
4/14/2022 23:30,1.394219457,0.00197
4/14/2022 23:45,1.390676763,0.00197
4/15/2022 0:00,1.384538895,0.00196
4/15/2022 0:15,1.381820242,0.00196
4/15/2022 0:30,1.364887619,0.00193
4/15/2022 0:45,1.347946243,0.00191
4/15/2022 1:00,1.331307132,0.00188
4/15/2022 1:15,1.334073177,0.00189
4/15/2022 1:30,1.30148875,0.00184
4/15/2022 1:45,1.278777329,0.00181
4/15/2022 2:00,1.279535502,0.00181
4/15/2022 2:15,1.276357443,0.00181
4/15/2022 2:30,1.266176356,0.00179
4/15/2022 2:45,1.276614911,0.00181
4/15/2022 3:00,1.266517868,0.00179
4/15/2022 3:15,1.255195601,0.00178
4/15/2022 3:30,1.248586298,0.00177
4/15/2022 3:45,1.240409057,0.00176
4/15/2022 4:00,1.241315115,0.00176
4/15/2022 4:15,1.261189922,0.00179
4/15/2022 4:30,1.270646133,0.00180
4/15/2022 4:45,1.274419542,0.00180
4/15/2022 5:00,1.282911615,0.00182
4/15/2022 5:15,1.281351562,0.00181
4/15/2022 5:30,1.284361093,0.00182
4/15/2022 5:45,1.281639138,0.00181
4/15/2022 6:00,1.272707038,0.00180
4/15/2022 6:15,1.253359744,0.00177
4/15/2022 6:30,1.246053029,0.00176
4/15/2022 6:45,1.233673144,0.00175
4/15/2022 7:00,1.214100495,0.00172
4/15/2022 7:15,1.181288351,0.00167
4/15/2022 7:30,1.155073286,0.00164
4/15/2022 7:45,1.122583182,0.00159
4/15/2022 8:00,1.097553458,0.00155
4/15/2022 8:15,1.085117948,0.00154
4/15/2022 8:30,1.07114108,0.00152
4/15/2022 8:45,1.042948912,0.00148
4/15/2022 9:00,1.037550832,0.00147
4/15/2022 9:15,1.03067797,0.00146
4/15/2022 9:30,1.01981488,0.00144
4/15/2022 9:45,1.015740831,0.00144
4/15/2022 10:00,1.01774089,0.00144
4/15/2022 10:15,1.02102879,0.00145
4/15/2022 10:30,1.031972837,0.00146
4/15/2022 10:45,1.053615374,0.00149
4/15/2022 11:00,1.081739429,0.00153
4/15/2022 11:15,1.115174234,0.00158
4/15/2022 11:30,1.154362746,0.00163
4/15/2022 11:45,1.180922979,0.00167
4/15/2022 12:00,1.210407973,0.00171
4/15/2022 12:15,1.233411368,0.00175
4/15/2022 12:30,1.276028472,0.00181
4/15/2022 12:45,1.300549453,0.00184
4/15/2022 13:00,1.320765922,0.00187
4/15/2022 13:15,1.344700844,0.00190
4/15/2022 13:30,1.35308757,0.00192
4/15/2022 13:45,1.360016873,0.00193
4/15/2022 14:00,1.355478044,0.00192
4/15/2022 14:15,1.353030494,0.00192
4/15/2022 14:30,1.347890268,0.00191
4/15/2022 14:45,1.34516003,0.00190
4/15/2022 15:00,1.344981149,0.00190
4/15/2022 15:15,1.362034616,0.00193
4/15/2022 15:30,1.372088168,0.00194
4/15/2022 15:45,1.3624103,0.00193
4/15/2022 16:00,1.351406368,0.00191
4/15/2022 16:15,1.34777742,0.00191
4/15/2022 16:30,1.335547643,0.00189
4/15/2022 16:45,1.325728627,0.00188
4/15/2022 17:00,1.327788843,0.00188
4/15/2022 17:15,1.33369966,0.00189
4/15/2022 17:30,1.342764067,0.00190
4/15/2022 17:45,1.346823699,0.00191
4/15/2022 18:00,1.356304677,0.00192
4/15/2022 18:15,1.36520023,0.00193
4/15/2022 18:30,1.370037101,0.00194
4/15/2022 18:45,1.391313008,0.00197
4/15/2022 19:00,1.39755475,0.00198
4/15/2022 19:15,1.401278083,0.00198
4/15/2022 19:30,1.411494058,0.00200
4/15/2022 19:45,1.437655781,0.00204
4/15/2022 20:00,1.437332292,0.00203
4/15/2022 20:15,1.450455779,0.00205
4/15/2022 20:30,1.458493429,0.00206
4/15/2022 20:45,1.447644901,0.00205
4/15/2022 21:00,1.446541739,0.00205
4/15/2022 21:15,1.445131579,0.00205
4/15/2022 21:30,1.452908064,0.00206
4/15/2022 21:45,1.463891893,0.00207
4/15/2022 22:00,1.463835467,0.00207
4/15/2022 22:15,1.467518145,0.00208
4/15/2022 22:30,1.470864678,0.00208
4/15/2022 22:45,1.464842595,0.00207
4/15/2022 23:00,1.444189677,0.00204
4/15/2022 23:15,1.425598793,0.00202
4/15/2022 23:30,1.421573048,0.00201
4/15/2022 23:45,1.418318161,0.00201
4/16/2022 0:00,1.417761075,0.00201
4/16/2022 0:15,1.395301427,0.00198
4/16/2022 0:30,1.391600349,0.00197
4/16/2022 0:45,1.385657133,0.00196
4/16/2022 1:00,1.363518483,0.00193
4/16/2022 1:15,1.36596163,0.00193
4/16/2022 1:30,1.362284291,0.00193
4/16/2022 1:45,1.35014511,0.00191
4/16/2022 2:00,1.348132591,0.00191
4/16/2022 2:15,1.335835627,0.00189
4/16/2022 2:30,1.338617433,0.00190
4/16/2022 2:45,1.332935287,0.00189
4/16/2022 3:00,1.328915042,0.00188
4/16/2022 3:15,1.339341218,0.00190
4/16/2022 3:30,1.341877878,0.00190
4/16/2022 3:45,1.35136751,0.00191
4/16/2022 4:00,1.357133194,0.00192
4/16/2022 4:15,1.359198556,0.00192
4/16/2022 4:30,1.359434729,0.00192
4/16/2022 4:45,1.353354202,0.00192
4/16/2022 5:00,1.348604646,0.00191
4/16/2022 5:15,1.340482353,0.00190
4/16/2022 5:30,1.321488232,0.00187
4/16/2022 5:45,1.318290894,0.00187
4/16/2022 6:00,1.303830757,0.00185
4/16/2022 6:15,1.291493931,0.00183
4/16/2022 6:30,1.278103803,0.00181
4/16/2022 6:45,1.263917243,0.00179
4/16/2022 7:00,1.22994992,0.00174
4/16/2022 7:15,1.193279497,0.00169
4/16/2022 7:30,1.154442969,0.00163
4/16/2022 7:45,1.147857827,0.00162
4/16/2022 8:00,1.123134609,0.00159
4/16/2022 8:15,1.09927203,0.00156
4/16/2022 8:30,1.092471729,0.00155
4/16/2022 8:45,1.064231009,0.00151
4/16/2022 9:00,1.052208889,0.00149
4/16/2022 9:15,1.049258996,0.00149
4/16/2022 9:30,1.051035103,0.00149
4/16/2022 9:45,1.048854826,0.00148
4/16/2022 10:00,1.055345236,0.00149
4/16/2022 10:15,1.088980502,0.00154
4/16/2022 10:30,1.12184851,0.00159
4/16/2022 10:45,1.161342347,0.00164
4/16/2022 11:00,1.182506534,0.00167
4/16/2022 11:15,1.211104996,0.00171
4/16/2022 11:30,1.229558392,0.00174
4/16/2022 11:45,1.254156229,0.00178
4/16/2022 12:00,1.281198499,0.00181
4/16/2022 12:15,1.30863324,0.00185
4/16/2022 12:30,1.324060318,0.00187
4/16/2022 12:45,1.3419498,0.00190
4/16/2022 13:00,1.391353582,0.00197
4/16/2022 13:15,1.416908997,0.00201
4/16/2022 13:30,1.439803591,0.00204
4/16/2022 13:45,1.440783003,0.00204
4/16/2022 14:00,1.444132565,0.00204
4/16/2022 14:15,1.444707064,0.00205
4/16/2022 14:30,1.462545391,0.00207
4/16/2022 14:45,1.481120721,0.00210
4/16/2022 15:00,1.472526677,0.00208
4/16/2022 15:15,1.467105013,0.00208
4/16/2022 15:30,1.457552212,0.00206
4/16/2022 15:45,1.440821753,0.00204
4/16/2022 16:00,1.422200385,0.00201
4/16/2022 16:15,1.414489117,0.00200
4/16/2022 16:30,1.416771884,0.00201
4/16/2022 16:45,1.419835662,0.00201
4/16/2022 17:00,1.405211435,0.00199
4/16/2022 17:15,1.401546758,0.00198
4/16/2022 17:30,1.400893368,0.00198
4/16/2022 17:45,1.388912602,0.00197
4/16/2022 18:00,1.39686989,0.00198
4/16/2022 18:15,1.384158684,0.00196
4/16/2022 18:30,1.388293442,0.00197
4/16/2022 18:45,1.357691249,0.00192
4/16/2022 19:00,1.348947675,0.00191
4/16/2022 19:15,1.339542166,0.00190
4/16/2022 19:30,1.333225646,0.00189
4/16/2022 19:45,1.325321907,0.00188
4/16/2022 20:00,1.341497912,0.00190
4/16/2022 20:15,1.357240226,0.00192
4/16/2022 20:30,1.36085057,0.00193
4/16/2022 20:45,1.365386697,0.00193
4/16/2022 21:00,1.373169766,0.00194
4/16/2022 21:15,1.390473936,0.00197
4/16/2022 21:30,1.410522284,0.00200
4/16/2022 21:45,1.426717711,0.00202
4/16/2022 22:00,1.428004993,0.00202
4/16/2022 22:15,1.425883312,0.00202
4/16/2022 22:30,1.448790279,0.00205
4/16/2022 22:45,1.444601645,0.00205
4/16/2022 23:00,1.442935312,0.00204
4/16/2022 23:15,1.448983705,0.00205
4/16/2022 23:30,1.454256604,0.00206
4/16/2022 23:45,1.464849364,0.00207
4/17/2022 0:00,1.460789846,0.00207
4/17/2022 0:15,1.450031601,0.00205
4/17/2022 0:30,1.455532263,0.00206
4/17/2022 0:45,1.475536251,0.00209
4/17/2022 1:00,1.492334211,0.00211
4/17/2022 1:15,1.498276812,0.00212
4/17/2022 1:30,1.505684087,0.00213
4/17/2022 1:45,1.488003539,0.00211
4/17/2022 2:00,1.465392923,0.00207
4/17/2022 2:15,1.470064377,0.00208
4/17/2022 2:30,1.450351063,0.00205
4/17/2022 2:45,1.445437591,0.00205
4/17/2022 3:00,1.434817541,0.00203
4/17/2022 3:15,1.433305602,0.00203
4/17/2022 3:30,1.431546554,0.00203
4/17/2022 3:45,1.43016413,0.00202
4/17/2022 4:00,1.435727516,0.00203
4/17/2022 4:15,1.436873705,0.00203
4/17/2022 4:30,1.436983523,0.00203
4/17/2022 4:45,1.434395603,0.00203
4/17/2022 5:00,1.412097521,0.00200
4/17/2022 5:15,1.394039423,0.00197
4/17/2022 5:30,1.386410166,0.00196
4/17/2022 5:45,1.375372307,0.00195
4/17/2022 6:00,1.362636078,0.00193
4/17/2022 6:15,1.344668553,0.00190
4/17/2022 6:30,1.338014429,0.00189
4/17/2022 6:45,1.330256379,0.00188
4/17/2022 7:00,1.321872496,0.00187
4/17/2022 7:15,1.324640508,0.00188
4/17/2022 7:30,1.316967302,0.00186
4/17/2022 7:45,1.314448611,0.00186
4/17/2022 8:00,1.323736904,0.00187
4/17/2022 8:15,1.329721559,0.00188
4/17/2022 8:30,1.328604935,0.00188
4/17/2022 8:45,1.334450942,0.00189
4/17/2022 9:00,1.329459143,0.00188
4/17/2022 9:15,1.333543359,0.00189
4/17/2022 9:30,1.337255329,0.00189
4/17/2022 9:45,1.339132891,0.00190
4/17/2022 10:00,1.356675381,0.00192
4/17/2022 10:15,1.375802497,0.00195
4/17/2022 10:30,1.401997563,0.00198
4/17/2022 10:45,1.425888316,0.00202
4/17/2022 11:00,1.45214221,0.00206
4/17/2022 11:15,1.48405114,0.00210
4/17/2022 11:30,1.499799043,0.00212
4/17/2022 11:45,1.518747655,0.00215
4/17/2022 12:00,1.526553173,0.00216
4/17/2022 12:15,1.530048796,0.00217
4/17/2022 12:30,1.557698299,0.00221
4/17/2022 12:45,1.585407315,0.00224
4/17/2022 13:00,1.62344735,0.00230
4/17/2022 13:15,1.635714794,0.00232
4/17/2022 13:30,1.631251113,0.00231
4/17/2022 13:45,1.65378556,0.00234
4/17/2022 14:00,1.645063049,0.00233
4/17/2022 14:15,1.644654027,0.00233
4/17/2022 14:30,1.646696238,0.00233
4/17/2022 14:45,1.632563048,0.00231
4/17/2022 15:00,1.631790006,0.00231
4/17/2022 15:15,1.635360888,0.00232
4/17/2022 15:30,1.626676177,0.00230
4/17/2022 15:45,1.6080917,0.00228
4/17/2022 16:00,1.585383619,0.00224
4/17/2022 16:15,1.56339232,0.00221
4/17/2022 16:30,1.531354696,0.00217
4/17/2022 16:45,1.521581903,0.00215
4/17/2022 17:00,1.51163928,0.00214
4/17/2022 17:15,1.498608651,0.00212
4/17/2022 17:30,1.490946462,0.00211
4/17/2022 17:45,1.468693551,0.00208
4/17/2022 18:00,1.452857375,0.00206
4/17/2022 18:15,1.452362515,0.00206
4/17/2022 18:30,1.442907756,0.00204
4/17/2022 18:45,1.426259332,0.00202
4/17/2022 19:00,1.41058806,0.00200
4/17/2022 19:15,1.406671368,0.00199
4/17/2022 19:30,1.410885811,0.00200
4/17/2022 19:45,1.426911726,0.00202
4/17/2022 20:00,1.42312706,0.00201
4/17/2022 20:15,1.4252959,0.00202
4/17/2022 20:30,1.417974659,0.00201
4/17/2022 20:45,1.420523049,0.00201
4/17/2022 21:00,1.427346072,0.00202
4/17/2022 21:15,1.430314002,0.00202
4/17/2022 21:30,1.433694913,0.00203
4/17/2022 21:45,1.446342921,0.00205
4/17/2022 22:00,1.448432016,0.00205
4/17/2022 22:15,1.46304537,0.00207
4/17/2022 22:30,1.481093498,0.00210
4/17/2022 22:45,1.490801819,0.00211
4/17/2022 23:00,1.494392064,0.00212
4/17/2022 23:15,1.503136005,0.00213
4/17/2022 23:30,1.509406784,0.00214
4/17/2022 23:45,1.520651641,0.00215
4/18/2022 0:00,1.540349734,0.00218
4/18/2022 0:15,1.54346972,0.00219
4/18/2022 0:30,1.548663021,0.00219
4/18/2022 0:45,1.550140543,0.00219
4/18/2022 1:00,1.563161641,0.00221
4/18/2022 1:15,1.572283259,0.00223
4/18/2022 1:30,1.58043881,0.00224
4/18/2022 1:45,1.582587551,0.00224
4/18/2022 2:00,1.588661775,0.00225
4/18/2022 2:15,1.60059914,0.00227
4/18/2022 2:30,1.617594377,0.00229
4/18/2022 2:45,1.621213387,0.00230
4/18/2022 3:00,1.628140691,0.00230
4/18/2022 3:15,1.619405653,0.00229
4/18/2022 3:30,1.63629735,0.00232
4/18/2022 3:45,1.637873349,0.00232
4/18/2022 4:00,1.632044323,0.00231
4/18/2022 4:15,1.63594538,0.00232
4/18/2022 4:30,1.634458123,0.00231
4/18/2022 4:45,1.623758057,0.00230
4/18/2022 5:00,1.627255331,0.00230
4/18/2022 5:15,1.610977818,0.00228
4/18/2022 5:30,1.596706931,0.00226
4/18/2022 5:45,1.579000055,0.00224
4/18/2022 6:00,1.556032439,0.00220
4/18/2022 6:15,1.5423982,0.00218
4/18/2022 6:30,1.523357143,0.00216
4/18/2022 6:45,1.50695567,0.00213
4/18/2022 7:00,1.477254077,0.00209
4/18/2022 7:15,1.448482798,0.00205
4/18/2022 7:30,1.428164167,0.00202
4/18/2022 7:45,1.410643012,0.00200
4/18/2022 8:00,1.381756778,0.00196
4/18/2022 8:15,1.37046281,0.00194
4/18/2022 8:30,1.346676598,0.00191
4/18/2022 8:45,1.339513387,0.00190
4/18/2022 9:00,1.338784985,0.00190
4/18/2022 9:15,1.345715899,0.00191
4/18/2022 9:30,1.355692288,0.00192
4/18/2022 9:45,1.345576494,0.00190
4/18/2022 10:00,1.355917652,0.00192
4/18/2022 10:15,1.363685693,0.00193
4/18/2022 10:30,1.375595765,0.00195
4/18/2022 10:45,1.396327475,0.00198
4/18/2022 11:00,1.393788348,0.00197
4/18/2022 11:15,1.407123293,0.00199
4/18/2022 11:30,1.422562982,0.00201
4/18/2022 11:45,1.439450746,0.00204
4/18/2022 12:00,1.465402155,0.00207
4/18/2022 12:15,1.479420536,0.00209
4/18/2022 12:30,1.485111881,0.00210
4/18/2022 12:45,1.488354418,0.00211
4/18/2022 13:00,1.501944052,0.00213
4/18/2022 13:15,1.520315303,0.00215
4/18/2022 13:30,1.540439212,0.00218
4/18/2022 13:45,1.542497163,0.00218
4/18/2022 14:00,1.542467761,0.00218
4/18/2022 14:15,1.522866985,0.00216
4/18/2022 14:30,1.516190357,0.00215
4/18/2022 14:45,1.512561925,0.00214
4/18/2022 15:00,1.504548805,0.00213
4/18/2022 15:15,1.492885079,0.00211
4/18/2022 15:30,1.493851414,0.00211
4/18/2022 15:45,1.488148383,0.00211
4/18/2022 16:00,1.481398436,0.00210
4/18/2022 16:15,1.469128792,0.00208
4/18/2022 16:30,1.448711577,0.00205
4/18/2022 16:45,1.448006479,0.00205
4/18/2022 17:00,1.439872212,0.00204
4/18/2022 17:15,1.45297774,0.00206
4/18/2022 17:30,1.448784414,0.00205
4/18/2022 17:45,1.445712203,0.00205
4/18/2022 18:00,1.443275607,0.00204
4/18/2022 18:15,1.443105254,0.00204
4/18/2022 18:30,1.452128141,0.00206
4/18/2022 18:45,1.458656164,0.00206
4/18/2022 19:00,1.479343554,0.00209
4/18/2022 19:15,1.485307059,0.00210
4/18/2022 19:30,1.48551581,0.00210
4/18/2022 19:45,1.496761476,0.00212
4/18/2022 20:00,1.511255056,0.00214
4/18/2022 20:15,1.54842508,0.00219
4/18/2022 20:30,1.560636048,0.00221
4/18/2022 20:45,1.576227257,0.00223
4/18/2022 21:00,1.573008809,0.00223
4/18/2022 21:15,1.579930642,0.00224
4/18/2022 21:30,1.593321938,0.00226
4/18/2022 21:45,1.61230056,0.00228
4/18/2022 22:00,1.633836122,0.00231
4/18/2022 22:15,1.651696618,0.00234
4/18/2022 22:30,1.668043286,0.00236
4/18/2022 22:45,1.6898338,0.00239
4/18/2022 23:00,1.683225505,0.00238
4/18/2022 23:15,1.677170179,0.00237
4/18/2022 23:30,1.683132957,0.00238
4/18/2022 23:45,1.690656043,0.00239
4/19/2022 0:00,1.708630288,0.00242
4/19/2022 0:15,1.700977297,0.00241
4/19/2022 0:30,1.692536598,0.00240
4/19/2022 0:45,1.691048827,0.00239
4/19/2022 1:00,1.701144993,0.00241
4/19/2022 1:15,1.712204618,0.00242
4/19/2022 1:30,1.72758466,0.00245
4/19/2022 1:45,1.738724316,0.00246
4/19/2022 2:00,1.749477249,0.00248
4/19/2022 2:15,1.76210718,0.00249
4/19/2022 2:30,1.766419634,0.00250
4/19/2022 2:45,1.771927263,0.00251
4/19/2022 3:00,1.774899371,0.00251
4/19/2022 3:15,1.780193564,0.00252
4/19/2022 3:30,1.779770498,0.00252
4/19/2022 3:45,1.76120799,0.00249
4/19/2022 4:00,1.761285792,0.00249
4/19/2022 4:15,1.756757555,0.00249
4/19/2022 4:30,1.771355483,0.00251
4/19/2022 4:45,1.76301688,0.00250
4/19/2022 5:00,1.746528535,0.00247
4/19/2022 5:15,1.731643793,0.00245
4/19/2022 5:30,1.703692342,0.00241
4/19/2022 5:45,1.677475934,0.00237
4/19/2022 6:00,1.651139447,0.00234
4/19/2022 6:15,1.606621183,0.00227
4/19/2022 6:30,1.58194473,0.00224
4/19/2022 6:45,1.545537684,0.00219
4/19/2022 7:00,1.52330765,0.00216
4/19/2022 7:15,1.491432186,0.00211
4/19/2022 7:30,1.45187021,0.00206
4/19/2022 7:45,1.430687151,0.00203
4/19/2022 8:00,1.417470005,0.00201
4/19/2022 8:15,1.410816287,0.00200
4/19/2022 8:30,1.402917358,0.00199
4/19/2022 8:45,1.398235819,0.00198
4/19/2022 9:00,1.3894459,0.00197
4/19/2022 9:15,1.394629358,0.00197
4/19/2022 9:30,1.397912453,0.00198
4/19/2022 9:45,1.402682528,0.00199
4/19/2022 10:00,1.421664855,0.00201
4/19/2022 10:15,1.444230969,0.00204
4/19/2022 10:30,1.476989324,0.00209
4/19/2022 10:45,1.493190207,0.00211
4/19/2022 11:00,1.527611003,0.00216
4/19/2022 11:15,1.564114505,0.00221
4/19/2022 11:30,1.601350686,0.00227
4/19/2022 11:45,1.625818914,0.00230
4/19/2022 12:00,1.639754905,0.00232
4/19/2022 12:15,1.647634317,0.00233
4/19/2022 12:30,1.66664376,0.00236
4/19/2022 12:45,1.672249758,0.00237
4/19/2022 13:00,1.692427005,0.00240
4/19/2022 13:15,1.698164408,0.00240
4/19/2022 13:30,1.708746255,0.00242
4/19/2022 13:45,1.712061984,0.00242
4/19/2022 14:00,1.7078328,0.00242
4/19/2022 14:15,1.694297033,0.00240
4/19/2022 14:30,1.652276894,0.00234
4/19/2022 14:45,1.628096366,0.00230
4/19/2022 15:00,1.609821702,0.00228
4/19/2022 15:15,1.590875475,0.00225
4/19/2022 15:30,1.567843129,0.00222
4/19/2022 15:45,1.546377361,0.00219
4/19/2022 16:00,1.519469016,0.00215
4/19/2022 16:15,1.50180822,0.00213
4/19/2022 16:30,1.480766017,0.00210
4/19/2022 16:45,1.456571055,0.00206
4/19/2022 17:00,1.445424388,0.00205
4/19/2022 17:15,1.438759551,0.00204
4/19/2022 17:30,1.424687118,0.00202
4/19/2022 17:45,1.412382478,0.00200
4/19/2022 18:00,1.408503202,0.00199
4/19/2022 18:15,1.416434535,0.00201
4/19/2022 18:30,1.41587532,0.00200
4/19/2022 18:45,1.421043826,0.00201
4/19/2022 19:00,1.413297667,0.00200
4/19/2022 19:15,1.414238466,0.00200
4/19/2022 19:30,1.422081098,0.00201
4/19/2022 19:45,1.432332259,0.00203
4/19/2022 20:00,1.422166058,0.00201
4/19/2022 20:15,1.421481688,0.00201
4/19/2022 20:30,1.40884343,0.00199
4/19/2022 20:45,1.415846484,0.00200
4/19/2022 21:00,1.428168679,0.00202
4/19/2022 21:15,1.425799877,0.00202
4/19/2022 21:30,1.418832859,0.00201
4/19/2022 21:45,1.424414616,0.00202
4/19/2022 22:00,1.440564117,0.00204
4/19/2022 22:15,1.440365299,0.00204
4/19/2022 22:30,1.448651043,0.00205
4/19/2022 22:45,1.447642307,0.00205
4/19/2022 23:00,1.435796647,0.00203
4/19/2022 23:15,1.4120242,0.00200
4/19/2022 23:30,1.397329672,0.00198
4/19/2022 23:45,1.387788854,0.00196
4/20/2022 0:00,1.379074021,0.00195
4/20/2022 0:15,1.371545753,0.00194
4/20/2022 0:30,1.36086621,0.00193
4/20/2022 0:45,1.360301687,0.00193
4/20/2022 1:00,1.346063909,0.00191
4/20/2022 1:15,1.341591202,0.00190
4/20/2022 1:30,1.330128875,0.00188
4/20/2022 1:45,1.321141967,0.00187
4/20/2022 2:00,1.319916107,0.00187
4/20/2022 2:15,1.315858537,0.00186
4/20/2022 2:30,1.304827636,0.00185
4/20/2022 2:45,1.303512957,0.00185
4/20/2022 3:00,1.291090394,0.00183
4/20/2022 3:15,1.284802711,0.00182
4/20/2022 3:30,1.284374659,0.00182
4/20/2022 3:45,1.2860287,0.00182
4/20/2022 4:00,1.294476642,0.00183
4/20/2022 4:15,1.299571391,0.00184
4/20/2022 4:30,1.296360853,0.00184
4/20/2022 4:45,1.291397006,0.00183
4/20/2022 5:00,1.302075531,0.00184
4/20/2022 5:15,1.306655631,0.00185
4/20/2022 5:30,1.296354017,0.00184
4/20/2022 5:45,1.293720705,0.00183
4/20/2022 6:00,1.279280123,0.00181
4/20/2022 6:15,1.266421121,0.00179
4/20/2022 6:30,1.264402839,0.00179
4/20/2022 6:45,1.26085943,0.00178
4/20/2022 7:00,1.2548979,0.00178
4/20/2022 7:15,1.233824447,0.00175
4/20/2022 7:30,1.219923698,0.00173
4/20/2022 7:45,1.19534257,0.00169
4/20/2022 8:00,1.186101055,0.00168
4/20/2022 8:15,1.177045065,0.00167
4/20/2022 8:30,1.184720746,0.00168
4/20/2022 8:45,1.176268345,0.00167
4/20/2022 9:00,1.179416752,0.00167
4/20/2022 9:15,1.183538822,0.00168
4/20/2022 9:30,1.188660483,0.00168
4/20/2022 9:45,1.195224564,0.00169
4/20/2022 10:00,1.21857744,0.00173
4/20/2022 10:15,1.236686965,0.00175
4/20/2022 10:30,1.25034806,0.00177
4/20/2022 10:45,1.269496765,0.00180
4/20/2022 11:00,1.281422789,0.00181
4/20/2022 11:15,1.303168257,0.00184
4/20/2022 11:30,1.319683481,0.00187
4/20/2022 11:45,1.354252515,0.00192
4/20/2022 12:00,1.375138305,0.00195
4/20/2022 12:15,1.405323418,0.00199
4/20/2022 12:30,1.42550429,0.00202
4/20/2022 12:45,1.439542625,0.00204
4/20/2022 13:00,1.439970159,0.00204
4/20/2022 13:15,1.443263555,0.00204
4/20/2022 13:30,1.440898165,0.00204
4/20/2022 13:45,1.433535076,0.00203
4/20/2022 14:00,1.426968529,0.00202
4/20/2022 14:15,1.41424242,0.00200
4/20/2022 14:30,1.391486505,0.00197
4/20/2022 14:45,1.366608635,0.00193
4/20/2022 15:00,1.349523435,0.00191
4/20/2022 15:15,1.349803972,0.00191
4/20/2022 15:30,1.340762349,0.00190
4/20/2022 15:45,1.329949313,0.00188
4/20/2022 16:00,1.320031645,0.00187
4/20/2022 16:15,1.310460527,0.00186
4/20/2022 16:30,1.305426051,0.00185
4/20/2022 16:45,1.300970618,0.00184
4/20/2022 17:00,1.293712797,0.00183
4/20/2022 17:15,1.281233653,0.00181
4/20/2022 17:30,1.267417671,0.00179
4/20/2022 17:45,1.263099127,0.00179
4/20/2022 18:00,1.257355859,0.00178
4/20/2022 18:15,1.236855962,0.00175
4/20/2022 18:30,1.235575924,0.00175
4/20/2022 18:45,1.22660604,0.00174
4/20/2022 19:00,1.228959125,0.00174
4/20/2022 19:15,1.221357316,0.00173
4/20/2022 19:30,1.209772567,0.00171
4/20/2022 19:45,1.212886601,0.00172
4/20/2022 20:00,1.204290016,0.00170
4/20/2022 20:15,1.192688591,0.00169
4/20/2022 20:30,1.20726277,0.00171
4/20/2022 20:45,1.202103591,0.00170
4/20/2022 21:00,1.204490541,0.00171
4/20/2022 21:15,1.206762745,0.00171
4/20/2022 21:30,1.197863364,0.00170
4/20/2022 21:45,1.198256513,0.00170
4/20/2022 22:00,1.195396043,0.00169
4/20/2022 22:15,1.206663653,0.00171
4/20/2022 22:30,1.219720017,0.00173
4/20/2022 22:45,1.233555359,0.00175
4/20/2022 23:00,1.248853596,0.00177
4/20/2022 23:15,1.266651929,0.00179
4/20/2022 23:30,1.269696057,0.00180
4/20/2022 23:45,1.272535624,0.00180
4/21/2022 0:00,1.267625539,0.00179
4/21/2022 0:15,1.252206748,0.00177
4/21/2022 0:30,1.249356188,0.00177
4/21/2022 0:45,1.245636849,0.00176
4/21/2022 1:00,1.240629837,0.00176
4/21/2022 1:15,1.239371834,0.00175
4/21/2022 1:30,1.238679718,0.00175
4/21/2022 1:45,1.229760489,0.00174
4/21/2022 2:00,1.232005009,0.00174
4/21/2022 2:15,1.234312452,0.00175
4/21/2022 2:30,1.234933992,0.00175
4/21/2022 2:45,1.238155242,0.00175
4/21/2022 3:00,1.248624312,0.00177
4/21/2022 3:15,1.249097507,0.00177
4/21/2022 3:30,1.256715298,0.00178
4/21/2022 3:45,1.270313126,0.00180
4/21/2022 4:00,1.272652944,0.00180
4/21/2022 4:15,1.274853117,0.00180
4/21/2022 4:30,1.276734205,0.00181
4/21/2022 4:45,1.275521523,0.00181
4/21/2022 5:00,1.269572028,0.00180
4/21/2022 5:15,1.273364218,0.00180
4/21/2022 5:30,1.270593694,0.00180
4/21/2022 5:45,1.269158197,0.00180
4/21/2022 6:00,1.271351626,0.00180
4/21/2022 6:15,1.280507608,0.00181
4/21/2022 6:30,1.275886339,0.00181
4/21/2022 6:45,1.270205103,0.00180
4/21/2022 7:00,1.248927504,0.00177
4/21/2022 7:15,1.231354879,0.00174
4/21/2022 7:30,1.215225892,0.00172
4/21/2022 7:45,1.204716044,0.00171
4/21/2022 8:00,1.183026025,0.00167
4/21/2022 8:15,1.175515378,0.00166
4/21/2022 8:30,1.169811287,0.00166
4/21/2022 8:45,1.157848339,0.00164
4/21/2022 9:00,1.142306374,0.00162
4/21/2022 9:15,1.13897069,0.00161
4/21/2022 9:30,1.123863566,0.00159
4/21/2022 9:45,1.121354917,0.00159
4/21/2022 10:00,1.133384533,0.00160
4/21/2022 10:15,1.136008386,0.00161
4/21/2022 10:30,1.151836995,0.00163
4/21/2022 10:45,1.169810605,0.00166
4/21/2022 11:00,1.189078794,0.00168
4/21/2022 11:15,1.209377927,0.00171
4/21/2022 11:30,1.223742101,0.00173
4/21/2022 11:45,1.250341322,0.00177
4/21/2022 12:00,1.257989987,0.00178
4/21/2022 12:15,1.27730489,0.00181
4/21/2022 12:30,1.298045296,0.00184
4/21/2022 12:45,1.314238327,0.00186
4/21/2022 13:00,1.341775401,0.00190
4/21/2022 13:15,1.365504722,0.00193
4/21/2022 13:30,1.378828598,0.00195
4/21/2022 13:45,1.37381225,0.00194
4/21/2022 14:00,1.372212894,0.00194
4/21/2022 14:15,1.353470721,0.00192
4/21/2022 14:30,1.343476468,0.00190
4/21/2022 14:45,1.341714559,0.00190
4/21/2022 15:00,1.32528281,0.00188
4/21/2022 15:15,1.305685677,0.00185
4/21/2022 15:30,1.280082271,0.00181
4/21/2022 15:45,1.245767817,0.00176
4/21/2022 16:00,1.22340794,0.00173
4/21/2022 16:15,1.187266745,0.00168
4/21/2022 16:30,1.156573818,0.00164
4/21/2022 16:45,1.122575122,0.00159
4/21/2022 17:00,1.098566545,0.00156
4/21/2022 17:15,1.086566732,0.00154
4/21/2022 17:30,1.066682305,0.00151
4/21/2022 17:45,1.071038789,0.00152
4/21/2022 18:00,1.06756485,0.00151
4/21/2022 18:15,1.063822418,0.00151
4/21/2022 18:30,1.072583563,0.00152
4/21/2022 18:45,1.077707167,0.00153
4/21/2022 19:00,1.078055193,0.00153
4/21/2022 19:15,1.059751611,0.00150
4/21/2022 19:30,1.061465728,0.00150
4/21/2022 19:45,1.059337212,0.00150
4/21/2022 20:00,1.064816306,0.00151
4/21/2022 20:15,1.065785523,0.00151
4/21/2022 20:30,1.060098339,0.00150
4/21/2022 20:45,1.0557437,0.00149
4/21/2022 21:00,1.053023648,0.00149
4/21/2022 21:15,1.048019956,0.00148
4/21/2022 21:30,1.050639963,0.00149
4/21/2022 21:45,1.063677401,0.00151
4/21/2022 22:00,1.070245158,0.00152
4/21/2022 22:15,1.067829766,0.00151
4/21/2022 22:30,1.056939111,0.00150
4/21/2022 22:45,1.048431323,0.00148
4/21/2022 23:00,1.050492358,0.00149
4/21/2022 23:15,1.056159872,0.00150
4/21/2022 23:30,1.048275712,0.00148
4/21/2022 23:45,1.045478311,0.00148
4/22/2022 0:00,1.048385985,0.00148
4/22/2022 0:15,1.055057871,0.00149
4/22/2022 0:30,1.08006801,0.00153
4/22/2022 0:45,1.100620944,0.00156
4/22/2022 1:00,1.114269399,0.00158
4/22/2022 1:15,1.122029172,0.00159
4/22/2022 1:30,1.139080111,0.00161
4/22/2022 1:45,1.16351311,0.00165
4/22/2022 2:00,1.163827543,0.00165
4/22/2022 2:15,1.166182773,0.00165
4/22/2022 2:30,1.163132243,0.00165
4/22/2022 2:45,1.175827893,0.00166
4/22/2022 3:00,1.179075569,0.00167
4/22/2022 3:15,1.185415769,0.00168
4/22/2022 3:30,1.190962186,0.00169
4/22/2022 3:45,1.192521428,0.00169
4/22/2022 4:00,1.197530682,0.00170
4/22/2022 4:15,1.207360415,0.00171
4/22/2022 4:30,1.215120696,0.00172
4/22/2022 4:45,1.224265951,0.00173
4/22/2022 5:00,1.230711891,0.00174
4/22/2022 5:15,1.220329577,0.00173
4/22/2022 5:30,1.21185022,0.00172
4/22/2022 5:45,1.194792944,0.00169
4/22/2022 6:00,1.187276957,0.00168
4/22/2022 6:15,1.174987684,0.00166
4/22/2022 6:30,1.164586346,0.00165
4/22/2022 6:45,1.144309116,0.00162
4/22/2022 7:00,1.131905929,0.00160
4/22/2022 7:15,1.132018797,0.00160
4/22/2022 7:30,1.112943853,0.00158
4/22/2022 7:45,1.107798037,0.00157
4/22/2022 8:00,1.091512555,0.00155
4/22/2022 8:15,1.068835486,0.00151
4/22/2022 8:30,1.062464063,0.00150
4/22/2022 8:45,1.045954873,0.00148
4/22/2022 9:00,1.033646999,0.00146
4/22/2022 9:15,1.009275915,0.00143
4/22/2022 9:30,0.992657264,0.00141
4/22/2022 9:45,0.979278341,0.00139
4/22/2022 10:00,0.967066029,0.00137
4/22/2022 10:15,0.956061378,0.00135
4/22/2022 10:30,0.947284531,0.00134
4/22/2022 10:45,0.946101584,0.00134
4/22/2022 11:00,0.943786082,0.00134
4/22/2022 11:15,0.942167656,0.00133
4/22/2022 11:30,0.947371623,0.00134
4/22/2022 11:45,0.936851122,0.00133
4/22/2022 12:00,0.9262667,0.00131
4/22/2022 12:15,0.922306041,0.00131
4/22/2022 12:30,0.914082809,0.00129
4/22/2022 12:45,0.911268177,0.00129
4/22/2022 13:00,0.896548789,0.00127
4/22/2022 13:15,0.881854968,0.00125
4/22/2022 13:30,0.877072733,0.00124
4/22/2022 13:45,0.875342825,0.00124
4/22/2022 14:00,0.872927294,0.00124
4/22/2022 14:15,0.876180196,0.00124
4/22/2022 14:30,0.870698487,0.00123
4/22/2022 14:45,0.871068287,0.00123
4/22/2022 15:00,0.864705499,0.00122
4/22/2022 15:15,0.859469287,0.00122
4/22/2022 15:30,0.844888402,0.00120
4/22/2022 15:45,0.845309397,0.00120
4/22/2022 16:00,0.846106412,0.00120
4/22/2022 16:15,0.841426112,0.00119
4/22/2022 16:30,0.832115236,0.00118
4/22/2022 16:45,0.836052276,0.00118
4/22/2022 17:00,0.841592871,0.00119
4/22/2022 17:15,0.834466167,0.00118
4/22/2022 17:30,0.838836311,0.00119
4/22/2022 17:45,0.84807788,0.00120
4/22/2022 18:00,0.85364821,0.00121
4/22/2022 18:15,0.852330611,0.00121
4/22/2022 18:30,0.850485205,0.00120
4/22/2022 18:45,0.844595976,0.00120
4/22/2022 19:00,0.839710648,0.00119
4/22/2022 19:15,0.838398868,0.00119
4/22/2022 19:30,0.832468198,0.00118
4/22/2022 19:45,0.826656951,0.00117
4/22/2022 20:00,0.829522513,0.00117
4/22/2022 20:15,0.830178801,0.00118
4/22/2022 20:30,0.830140695,0.00118
4/22/2022 20:45,0.853230161,0.00121
4/22/2022 21:00,0.865018705,0.00122
4/22/2022 21:15,0.885396794,0.00125
4/22/2022 21:30,0.894200949,0.00127
4/22/2022 21:45,0.901362301,0.00128
4/22/2022 22:00,0.932285454,0.00132
4/22/2022 22:15,0.938816537,0.00133
4/22/2022 22:30,0.950797261,0.00135
4/22/2022 22:45,0.959869454,0.00136
4/22/2022 23:00,0.991227223,0.00140
4/22/2022 23:15,1.011629065,0.00143
4/22/2022 23:30,1.021671536,0.00145
4/22/2022 23:45,1.030560478,0.00146
4/23/2022 0:00,1.048088487,0.00148
4/23/2022 0:15,1.056773125,0.00150
4/23/2022 0:30,1.05243296,0.00149
4/23/2022 0:45,1.056204468,0.00150
4/23/2022 1:00,1.064277337,0.00151
4/23/2022 1:15,1.045334833,0.00148
4/23/2022 1:30,1.037627974,0.00147
4/23/2022 1:45,1.02937133,0.00146
4/23/2022 2:00,1.019139451,0.00144
4/23/2022 2:15,1.01758068,0.00144
4/23/2022 2:30,1.007750056,0.00143
4/23/2022 2:45,1.003502209,0.00142
4/23/2022 3:00,1.009981607,0.00143
4/23/2022 3:15,1.019950852,0.00144
4/23/2022 3:30,1.022162433,0.00145
4/23/2022 3:45,1.027938011,0.00146
4/23/2022 4:00,1.038171135,0.00147
4/23/2022 4:15,1.034924487,0.00147
4/23/2022 4:30,1.042918906,0.00148
4/23/2022 4:45,1.038152904,0.00147
4/23/2022 5:00,1.045685081,0.00148
4/23/2022 5:15,1.051012157,0.00149
4/23/2022 5:30,1.038173544,0.00147
4/23/2022 5:45,1.029282015,0.00146
4/23/2022 6:00,1.029811677,0.00146
4/23/2022 6:15,1.02624915,0.00145
4/23/2022 6:30,1.019333861,0.00144
4/23/2022 6:45,1.017476801,0.00144
4/23/2022 7:00,1.009238609,0.00143
4/23/2022 7:15,1.012180712,0.00143
4/23/2022 7:30,1.010445547,0.00143
4/23/2022 7:45,1.000348631,0.00142
4/23/2022 8:00,0.990125535,0.00140
4/23/2022 8:15,0.995447792,0.00141
4/23/2022 8:30,0.986022058,0.00140
4/23/2022 8:45,0.984366851,0.00139
4/23/2022 9:00,0.990255423,0.00140
4/23/2022 9:15,0.99882852,0.00141
4/23/2022 9:30,1.006888032,0.00143
4/23/2022 9:45,1.017831959,0.00144
4/23/2022 10:00,1.030668444,0.00146
4/23/2022 10:15,1.033916735,0.00146
4/23/2022 10:30,1.049321155,0.00149
4/23/2022 10:45,1.057670362,0.00150
4/23/2022 11:00,1.068387588,0.00151
4/23/2022 11:15,1.064139296,0.00151
4/23/2022 11:30,1.071795642,0.00152
4/23/2022 11:45,1.081265982,0.00153
4/23/2022 12:00,1.089667823,0.00154
4/23/2022 12:15,1.103069554,0.00156
4/23/2022 12:30,1.103937494,0.00156
4/23/2022 12:45,1.114488408,0.00158
4/23/2022 13:00,1.119024708,0.00158
4/23/2022 13:15,1.126998516,0.00160
4/23/2022 13:30,1.129648598,0.00160
4/23/2022 13:45,1.136364554,0.00161
4/23/2022 14:00,1.148977664,0.00163
4/23/2022 14:15,1.151921347,0.00163
4/23/2022 14:30,1.145121399,0.00162
4/23/2022 14:45,1.143447496,0.00162
4/23/2022 15:00,1.137522837,0.00161
4/23/2022 15:15,1.13769583,0.00161
4/23/2022 15:30,1.141096794,0.00162
4/23/2022 15:45,1.13606185,0.00161
4/23/2022 16:00,1.129545167,0.00160
4/23/2022 16:15,1.133116101,0.00160
4/23/2022 16:30,1.125323489,0.00159
4/23/2022 16:45,1.11213926,0.00157
4/23/2022 17:00,1.102274052,0.00156
4/23/2022 17:15,1.098861484,0.00156
4/23/2022 17:30,1.07710514,0.00152
4/23/2022 17:45,1.074519875,0.00152
4/23/2022 18:00,1.052885036,0.00149
4/23/2022 18:15,1.038786486,0.00147
4/23/2022 18:30,1.036391124,0.00147
4/23/2022 18:45,1.033372198,0.00146
4/23/2022 19:00,1.0338571,0.00146
4/23/2022 19:15,1.04211365,0.00148
4/23/2022 19:30,1.053581268,0.00149
4/23/2022 19:45,1.054904998,0.00149
4/23/2022 20:00,1.062210144,0.00150
4/23/2022 20:15,1.057851565,0.00150
4/23/2022 20:30,1.05808655,0.00150
4/23/2022 20:45,1.049518281,0.00149
4/23/2022 21:00,1.039276893,0.00147
4/23/2022 21:15,1.039798098,0.00147
4/23/2022 21:30,1.0394371,0.00147
4/23/2022 21:45,1.038677689,0.00147
4/23/2022 22:00,1.041012076,0.00147
4/23/2022 22:15,1.054552479,0.00149
4/23/2022 22:30,1.060914592,0.00150
4/23/2022 22:45,1.052348343,0.00149
4/23/2022 23:00,1.05483112,0.00149
4/23/2022 23:15,1.044397085,0.00148
4/23/2022 23:30,1.054252963,0.00149
4/23/2022 23:45,1.052762549,0.00149
4/24/2022 0:00,1.050564428,0.00149
4/24/2022 0:15,1.05269061,0.00149
4/24/2022 0:30,1.052482734,0.00149
4/24/2022 0:45,1.044976529,0.00148
4/24/2022 1:00,1.048649856,0.00148
4/24/2022 1:15,1.050251922,0.00149
4/24/2022 1:30,1.066354408,0.00151
4/24/2022 1:45,1.083005553,0.00153
4/24/2022 2:00,1.086023587,0.00154
4/24/2022 2:15,1.091181525,0.00154
4/24/2022 2:30,1.105812582,0.00157
4/24/2022 2:45,1.123391102,0.00159
4/24/2022 3:00,1.129554143,0.00160
4/24/2022 3:15,1.133677296,0.00160
4/24/2022 3:30,1.132142577,0.00160
4/24/2022 3:45,1.132025104,0.00160
4/24/2022 4:00,1.127820128,0.00160
4/24/2022 4:15,1.134105141,0.00161
4/24/2022 4:30,1.138295732,0.00161
4/24/2022 4:45,1.134477923,0.00161
4/24/2022 5:00,1.127960382,0.00160
4/24/2022 5:15,1.108121916,0.00157
4/24/2022 5:30,1.094759392,0.00155
4/24/2022 5:45,1.073244486,0.00152
4/24/2022 6:00,1.049095621,0.00149
4/24/2022 6:15,1.028797361,0.00146
4/24/2022 6:30,1.010470734,0.00143
4/24/2022 6:45,1.001722706,0.00142
4/24/2022 7:00,0.976912633,0.00138
4/24/2022 7:15,0.950201664,0.00135
4/24/2022 7:30,0.927654831,0.00131
4/24/2022 7:45,0.901278981,0.00128
4/24/2022 8:00,0.878163146,0.00124
4/24/2022 8:15,0.849824542,0.00120
4/24/2022 8:30,0.834946844,0.00118
4/24/2022 8:45,0.828790741,0.00117
4/24/2022 9:00,0.813209433,0.00115
4/24/2022 9:15,0.801235898,0.00113
4/24/2022 9:30,0.795285095,0.00113
4/24/2022 9:45,0.797933285,0.00113
4/24/2022 10:00,0.80420729,0.00114
4/24/2022 10:15,0.810523451,0.00115
4/24/2022 10:30,0.817153852,0.00116
4/24/2022 10:45,0.820750155,0.00116
4/24/2022 11:00,0.829619874,0.00117
4/24/2022 11:15,0.846005153,0.00120
4/24/2022 11:30,0.860359745,0.00122
4/24/2022 11:45,0.871881983,0.00123
4/24/2022 12:00,0.890887065,0.00126
4/24/2022 12:15,0.907731406,0.00129
4/24/2022 12:30,0.921202913,0.00130
4/24/2022 12:45,0.942056089,0.00133
4/24/2022 13:00,0.963519922,0.00136
4/24/2022 13:15,0.974732674,0.00138
4/24/2022 13:30,0.982203653,0.00139
4/24/2022 13:45,0.989548566,0.00140
4/24/2022 14:00,0.986028487,0.00140
4/24/2022 14:15,0.978318949,0.00138
4/24/2022 14:30,0.97175892,0.00138
4/24/2022 14:45,0.963482373,0.00136
4/24/2022 15:00,0.955877041,0.00135
4/24/2022 15:15,0.943927375,0.00134
4/24/2022 15:30,0.940355814,0.00133
4/24/2022 15:45,0.944401051,0.00134
4/24/2022 16:00,0.940212087,0.00133
4/24/2022 16:15,0.913589856,0.00129
4/24/2022 16:30,0.898172698,0.00127
4/24/2022 16:45,0.890657532,0.00126
4/24/2022 17:00,0.881583478,0.00125
4/24/2022 17:15,0.878362272,0.00124
4/24/2022 17:30,0.876882087,0.00124
4/24/2022 17:45,0.868155118,0.00123
4/24/2022 18:00,0.865804935,0.00123
4/24/2022 18:15,0.872827042,0.00124
4/24/2022 18:30,0.876945164,0.00124
4/24/2022 18:45,0.879630619,0.00125
4/24/2022 19:00,0.884440178,0.00125
4/24/2022 19:15,0.889786642,0.00126
4/24/2022 19:30,0.890721636,0.00126
4/24/2022 19:45,0.894545873,0.00127
4/24/2022 20:00,0.897748336,0.00127
4/24/2022 20:15,0.90150179,0.00128
4/24/2022 20:30,0.905670405,0.00128
4/24/2022 20:45,0.910068624,0.00129
4/24/2022 21:00,0.915237425,0.00130
4/24/2022 21:15,0.926419141,0.00131
4/24/2022 21:30,0.933094095,0.00132
4/24/2022 21:45,0.934142671,0.00132
4/24/2022 22:00,0.935899992,0.00132
4/24/2022 22:15,0.938709502,0.00133
4/24/2022 22:30,0.928877574,0.00131
4/24/2022 22:45,0.926866123,0.00131
4/24/2022 23:00,0.924025351,0.00131
4/24/2022 23:15,0.92454118,0.00131
4/24/2022 23:30,0.91461225,0.00129
4/24/2022 23:45,0.913835553,0.00129
4/25/2022 0:00,0.92061526,0.00130
4/25/2022 0:15,0.922302526,0.00131
4/25/2022 0:30,0.919225126,0.00130
4/25/2022 0:45,0.922636761,0.00131
4/25/2022 1:00,0.921151049,0.00130
4/25/2022 1:15,0.921756316,0.00130
4/25/2022 1:30,0.926345125,0.00131
4/25/2022 1:45,0.921639932,0.00130
4/25/2022 2:00,0.921603823,0.00130
4/25/2022 2:15,0.909558638,0.00129
4/25/2022 2:30,0.90652242,0.00128
4/25/2022 2:45,0.904954421,0.00128
4/25/2022 3:00,0.906285289,0.00128
4/25/2022 3:15,0.913199926,0.00129
4/25/2022 3:30,0.919685184,0.00130
4/25/2022 3:45,0.916529319,0.00130
4/25/2022 4:00,0.913435065,0.00129
4/25/2022 4:15,0.910733163,0.00129
4/25/2022 4:30,0.904312221,0.00128
4/25/2022 4:45,0.894250677,0.00127
4/25/2022 5:00,0.879091633,0.00124
4/25/2022 5:15,0.871661231,0.00123
4/25/2022 5:30,0.859683911,0.00122
4/25/2022 5:45,0.851343655,0.00121
4/25/2022 6:00,0.855032517,0.00121
4/25/2022 6:15,0.855775188,0.00121
4/25/2022 6:30,0.845690981,0.00120
4/25/2022 6:45,0.832770664,0.00118
4/25/2022 7:00,0.828920258,0.00117
4/25/2022 7:15,0.827820595,0.00117
4/25/2022 7:30,0.827369475,0.00117
4/25/2022 7:45,0.819824539,0.00116
4/25/2022 8:00,0.815190427,0.00115
4/25/2022 8:15,0.813245486,0.00115
4/25/2022 8:30,0.809128787,0.00115
4/25/2022 8:45,0.801885095,0.00114
4/25/2022 9:00,0.792005195,0.00112
4/25/2022 9:15,0.785201007,0.00111
4/25/2022 9:30,0.774840603,0.00110
4/25/2022 9:45,0.78170562,0.00111
4/25/2022 10:00,0.788120812,0.00112
4/25/2022 10:15,0.801395928,0.00113
4/25/2022 10:30,0.81922379,0.00116
4/25/2022 10:45,0.833462353,0.00118
4/25/2022 11:00,0.844797766,0.00120
4/25/2022 11:15,0.868138208,0.00123
4/25/2022 11:30,0.883112045,0.00125
4/25/2022 11:45,0.892710727,0.00126
4/25/2022 12:00,0.90048988,0.00127
4/25/2022 12:15,0.911027838,0.00129
4/25/2022 12:30,0.933385208,0.00132
4/25/2022 12:45,0.953406512,0.00135
4/25/2022 13:00,0.958248394,0.00136
4/25/2022 13:15,0.961504029,0.00136
4/25/2022 13:30,0.954359737,0.00135
4/25/2022 13:45,0.949488055,0.00134
4/25/2022 14:00,0.9491109,0.00134
4/25/2022 14:15,0.943184696,0.00134
4/25/2022 14:30,0.928081778,0.00131
4/25/2022 14:45,0.913691493,0.00129
4/25/2022 15:00,0.885152639,0.00125
4/25/2022 15:15,0.857611393,0.00121
4/25/2022 15:30,0.840884373,0.00119
4/25/2022 15:45,0.816029363,0.00116
4/25/2022 16:00,0.799106984,0.00113
4/25/2022 16:15,0.79052871,0.00112
4/25/2022 16:30,0.775057797,0.00110
4/25/2022 16:45,0.761136615,0.00108
4/25/2022 17:00,0.754543178,0.00107
4/25/2022 17:15,0.74663123,0.00106
4/25/2022 17:30,0.753363158,0.00107
4/25/2022 17:45,0.755408864,0.00107
4/25/2022 18:00,0.756730068,0.00107
4/25/2022 18:15,0.755330976,0.00107
4/25/2022 18:30,0.763505734,0.00108
4/25/2022 18:45,0.760468026,0.00108
4/25/2022 19:00,0.763385823,0.00108
4/25/2022 19:15,0.768906048,0.00109
4/25/2022 19:30,0.779204386,0.00110
4/25/2022 19:45,0.783852963,0.00111
4/25/2022 20:00,0.782309159,0.00111
4/25/2022 20:15,0.775663758,0.00110
4/25/2022 20:30,0.780101375,0.00110
4/25/2022 20:45,0.783824443,0.00111
4/25/2022 21:00,0.789832343,0.00112
4/25/2022 21:15,0.791932883,0.00112
4/25/2022 21:30,0.792942958,0.00112
4/25/2022 21:45,0.794739048,0.00113
4/25/2022 22:00,0.797612224,0.00113
4/25/2022 22:15,0.794276019,0.00112
4/25/2022 22:30,0.796763191,0.00113
4/25/2022 22:45,0.802266739,0.00114
4/25/2022 23:00,0.798483829,0.00113
4/25/2022 23:15,0.799178526,0.00113
4/25/2022 23:30,0.793544844,0.00112
4/25/2022 23:45,0.785420687,0.00111
4/26/2022 0:00,0.78307731,0.00111
4/26/2022 0:15,0.784059731,0.00111
4/26/2022 0:30,0.798852795,0.00113
4/26/2022 0:45,0.809972157,0.00115
4/26/2022 1:00,0.813506614,0.00115
4/26/2022 1:15,0.821416854,0.00116
4/26/2022 1:30,0.822731695,0.00116
4/26/2022 1:45,0.834367446,0.00118
4/26/2022 2:00,0.835739649,0.00118
4/26/2022 2:15,0.839302488,0.00119
4/26/2022 2:30,0.845493839,0.00120
4/26/2022 2:45,0.860045252,0.00122
4/26/2022 3:00,0.877114812,0.00124
4/26/2022 3:15,0.896368667,0.00127
4/26/2022 3:30,0.917601187,0.00130
4/26/2022 3:45,0.935897567,0.00132
4/26/2022 4:00,0.947379366,0.00134
4/26/2022 4:15,0.960422053,0.00136
4/26/2022 4:30,0.970084806,0.00137
4/26/2022 4:45,0.979941284,0.00139
4/26/2022 5:00,0.984468966,0.00139
4/26/2022 5:15,0.976526113,0.00138
4/26/2022 5:30,0.963390066,0.00136
4/26/2022 5:45,0.960766854,0.00136
4/26/2022 6:00,0.954929167,0.00135
4/26/2022 6:15,0.934109119,0.00132
4/26/2022 6:30,0.928561205,0.00131
4/26/2022 6:45,0.916417641,0.00130
4/26/2022 7:00,0.903457569,0.00128
4/26/2022 7:15,0.890494633,0.00126
4/26/2022 7:30,0.870138432,0.00123
4/26/2022 7:45,0.850550856,0.00120
4/26/2022 8:00,0.823058104,0.00117
4/26/2022 8:15,0.803625116,0.00114
4/26/2022 8:30,0.779045337,0.00110
4/26/2022 8:45,0.754221519,0.00107
4/26/2022 9:00,0.735729411,0.00104
4/26/2022 9:15,0.714750158,0.00101
4/26/2022 9:30,0.705704149,0.00100
4/26/2022 9:45,0.698221949,0.00099
4/26/2022 10:00,0.698633363,0.00099
4/26/2022 10:15,0.698973404,0.00099
4/26/2022 10:30,0.698233444,0.00099
4/26/2022 10:45,0.695823711,0.00099
4/26/2022 11:00,0.692908407,0.00098
4/26/2022 11:15,0.693694469,0.00098
4/26/2022 11:30,0.700784196,0.00099
4/26/2022 11:45,0.703529554,0.00100
4/26/2022 12:00,0.707186899,0.00100
4/26/2022 12:15,0.710212419,0.00101
4/26/2022 12:30,0.715438931,0.00101
4/26/2022 12:45,0.7272467,0.00103
4/26/2022 13:00,0.749157361,0.00106
4/26/2022 13:15,0.754777553,0.00107
4/26/2022 13:30,0.756541105,0.00107
4/26/2022 13:45,0.771320098,0.00109
4/26/2022 14:00,0.772767582,0.00109
4/26/2022 14:15,0.773073557,0.00109
4/26/2022 14:30,0.77268692,0.00109
4/26/2022 14:45,0.769164919,0.00109
4/26/2022 15:00,0.767449576,0.00109
4/26/2022 15:15,0.763345455,0.00108
4/26/2022 15:30,0.748201637,0.00106
4/26/2022 15:45,0.728826758,0.00103
4/26/2022 16:00,0.715318465,0.00101
4/26/2022 16:15,0.695554051,0.00098
4/26/2022 16:30,0.679763653,0.00096
4/26/2022 16:45,0.66856384,0.00095
4/26/2022 17:00,0.651371863,0.00092
4/26/2022 17:15,0.640294663,0.00091
4/26/2022 17:30,0.627253682,0.00089
4/26/2022 17:45,0.614094224,0.00087
4/26/2022 18:00,0.597391746,0.00085
4/26/2022 18:15,0.585105262,0.00083
4/26/2022 18:30,0.581264843,0.00082
4/26/2022 18:45,0.572587086,0.00081
4/26/2022 19:00,0.567396293,0.00080
4/26/2022 19:15,0.567388178,0.00080
4/26/2022 19:30,0.563774638,0.00080
4/26/2022 19:45,0.563103027,0.00080
4/26/2022 20:00,0.565859511,0.00080
4/26/2022 20:15,0.567749865,0.00080
4/26/2022 20:30,0.563644532,0.00080
4/26/2022 20:45,0.573277767,0.00081
4/26/2022 21:00,0.585129407,0.00083
4/26/2022 21:15,0.594547892,0.00084
4/26/2022 21:30,0.602027713,0.00085
4/26/2022 21:45,0.610305071,0.00086
4/26/2022 22:00,0.617401317,0.00087
4/26/2022 22:15,0.626353597,0.00089
4/26/2022 22:30,0.631431758,0.00089
4/26/2022 22:45,0.630394123,0.00089
4/26/2022 23:00,0.632937116,0.00090
4/26/2022 23:15,0.633594814,0.00090
4/26/2022 23:30,0.629070353,0.00089
4/26/2022 23:45,0.628243582,0.00089
4/27/2022 0:00,0.627308003,0.00089
4/27/2022 0:15,0.621079601,0.00088
4/27/2022 0:30,0.615984368,0.00087
4/27/2022 0:45,0.609010427,0.00086
4/27/2022 1:00,0.59952561,0.00085
4/27/2022 1:15,0.592039911,0.00084
4/27/2022 1:30,0.590728511,0.00084
4/27/2022 1:45,0.600169112,0.00085
4/27/2022 2:00,0.597762918,0.00085
4/27/2022 2:15,0.605307838,0.00086
4/27/2022 2:30,0.607301231,0.00086
4/27/2022 2:45,0.606722521,0.00086
4/27/2022 3:00,0.615871567,0.00087
4/27/2022 3:15,0.62961551,0.00089
4/27/2022 3:30,0.644737248,0.00091
4/27/2022 3:45,0.659037509,0.00093
4/27/2022 4:00,0.679168572,0.00096
4/27/2022 4:15,0.697794319,0.00099
4/27/2022 4:30,0.710988156,0.00101
4/27/2022 4:45,0.719839947,0.00102
4/27/2022 5:00,0.735476454,0.00104
4/27/2022 5:15,0.751187243,0.00106
4/27/2022 5:30,0.76239751,0.00108
4/27/2022 5:45,0.775450435,0.00110
4/27/2022 6:00,0.781943292,0.00111
4/27/2022 6:15,0.782611398,0.00111
4/27/2022 6:30,0.7795415,0.00110
4/27/2022 6:45,0.780446545,0.00110
4/27/2022 7:00,0.780872512,0.00111
4/27/2022 7:15,0.775712029,0.00110
4/27/2022 7:30,0.765822058,0.00108
4/27/2022 7:45,0.755154345,0.00107
4/27/2022 8:00,0.737340254,0.00104
4/27/2022 8:15,0.724083693,0.00103
4/27/2022 8:30,0.717265032,0.00102
4/27/2022 8:45,0.711015859,0.00101
4/27/2022 9:00,0.714453814,0.00101
4/27/2022 9:15,0.708959694,0.00100
4/27/2022 9:30,0.707240762,0.00100
4/27/2022 9:45,0.703057615,0.00100
4/27/2022 10:00,0.699739801,0.00099
4/27/2022 10:15,0.703007218,0.00100
4/27/2022 10:30,0.711145511,0.00101
4/27/2022 10:45,0.712853673,0.00101
4/27/2022 11:00,0.718621578,0.00102
4/27/2022 11:15,0.72833246,0.00103
4/27/2022 11:30,0.736679129,0.00104
4/27/2022 11:45,0.738641061,0.00105
4/27/2022 12:00,0.741026378,0.00105
4/27/2022 12:15,0.758714184,0.00107
4/27/2022 12:30,0.766839038,0.00109
4/27/2022 12:45,0.777807542,0.00110
4/27/2022 13:00,0.791490306,0.00112
4/27/2022 13:15,0.79095419,0.00112
4/27/2022 13:30,0.790082468,0.00112
4/27/2022 13:45,0.784115365,0.00111
4/27/2022 14:00,0.777998812,0.00110
4/27/2022 14:15,0.771882787,0.00109
4/27/2022 14:30,0.761857523,0.00108
4/27/2022 14:45,0.748417904,0.00106
4/27/2022 15:00,0.729037601,0.00103
4/27/2022 15:15,0.703411271,0.00100
4/27/2022 15:30,0.68527189,0.00097
4/27/2022 15:45,0.671970073,0.00095
4/27/2022 16:00,0.657115709,0.00093
4/27/2022 16:15,0.639410876,0.00091
4/27/2022 16:30,0.618334859,0.00088
4/27/2022 16:45,0.602160012,0.00085
4/27/2022 17:00,0.591071524,0.00084
4/27/2022 17:15,0.577581651,0.00082
4/27/2022 17:30,0.568364077,0.00080
4/27/2022 17:45,0.561987996,0.00080
4/27/2022 18:00,0.55553253,0.00079
4/27/2022 18:15,0.558807734,0.00079
4/27/2022 18:30,0.559324638,0.00079
4/27/2022 18:45,0.556609559,0.00079
4/27/2022 19:00,0.560783464,0.00079
4/27/2022 19:15,0.566054528,0.00080
4/27/2022 19:30,0.575040103,0.00081
4/27/2022 19:45,0.57138762,0.00081
4/27/2022 20:00,0.573040586,0.00081
4/27/2022 20:15,0.569093654,0.00081
4/27/2022 20:30,0.561686466,0.00080
4/27/2022 20:45,0.557253439,0.00079
4/27/2022 21:00,0.55058636,0.00078
4/27/2022 21:15,0.550371971,0.00078
4/27/2022 21:30,0.552086943,0.00078
4/27/2022 21:45,0.550295843,0.00078
4/27/2022 22:00,0.545974145,0.00077
4/27/2022 22:15,0.543673618,0.00077
4/27/2022 22:30,0.541263498,0.00077
4/27/2022 22:45,0.54595679,0.00077
4/27/2022 23:00,0.548715912,0.00078
4/27/2022 23:15,0.547582711,0.00078
4/27/2022 23:30,0.547460363,0.00078
4/27/2022 23:45,0.541793899,0.00077
4/28/2022 0:00,0.541067835,0.00077
4/28/2022 0:15,0.544438374,0.00077
4/28/2022 0:30,0.545047379,0.00077
4/28/2022 0:45,0.548359621,0.00078
4/28/2022 1:00,0.554160206,0.00078
4/28/2022 1:15,0.561609628,0.00080
4/28/2022 1:30,0.562988121,0.00080
4/28/2022 1:45,0.560077453,0.00079
4/28/2022 2:00,0.559500411,0.00079
4/28/2022 2:15,0.567429212,0.00080
4/28/2022 2:30,0.56870348,0.00081
4/28/2022 2:45,0.572787438,0.00081
4/28/2022 3:00,0.57706058,0.00082
4/28/2022 3:15,0.583513384,0.00083
4/28/2022 3:30,0.590422136,0.00084
4/28/2022 3:45,0.597548518,0.00085
4/28/2022 4:00,0.609215768,0.00086
4/28/2022 4:15,0.619209771,0.00088
4/28/2022 4:30,0.623489115,0.00088
4/28/2022 4:45,0.630840126,0.00089
4/28/2022 5:00,0.631513803,0.00089
4/28/2022 5:15,0.638629578,0.00090
4/28/2022 5:30,0.641580312,0.00091
4/28/2022 5:45,0.638744714,0.00090
4/28/2022 6:00,0.64094083,0.00091
4/28/2022 6:15,0.632394269,0.00090
4/28/2022 6:30,0.621961994,0.00088
4/28/2022 6:45,0.614398559,0.00087
4/28/2022 7:00,0.605994309,0.00086
4/28/2022 7:15,0.598908051,0.00085
4/28/2022 7:30,0.604716752,0.00086
4/28/2022 7:45,0.598743211,0.00085
4/28/2022 8:00,0.592808527,0.00084
4/28/2022 8:15,0.584515684,0.00083
4/28/2022 8:30,0.575480807,0.00081
4/28/2022 8:45,0.567774192,0.00080
4/28/2022 9:00,0.569456274,0.00081
4/28/2022 9:15,0.570106192,0.00081
4/28/2022 9:30,0.579439074,0.00082
4/28/2022 9:45,0.582459398,0.00082
4/28/2022 10:00,0.592143709,0.00084
4/28/2022 10:15,0.596262353,0.00084
4/28/2022 10:30,0.605369183,0.00086
4/28/2022 10:45,0.61007492,0.00086
4/28/2022 11:00,0.609916681,0.00086
4/28/2022 11:15,0.613070098,0.00087
4/28/2022 11:30,0.616963704,0.00087
4/28/2022 11:45,0.616072662,0.00087
4/28/2022 12:00,0.622522514,0.00088
4/28/2022 12:15,0.619302915,0.00088
4/28/2022 12:30,0.622960167,0.00088
4/28/2022 12:45,0.616908154,0.00087
4/28/2022 13:00,0.615709568,0.00087
4/28/2022 13:15,0.61443584,0.00087
4/28/2022 13:30,0.613142024,0.00087
4/28/2022 13:45,0.614702669,0.00087
4/28/2022 14:00,0.617380883,0.00087
4/28/2022 14:15,0.615913873,0.00087
4/28/2022 14:30,0.616233403,0.00087
4/28/2022 14:45,0.620454925,0.00088
4/28/2022 15:00,0.610325179,0.00086
4/28/2022 15:15,0.608264135,0.00086
4/28/2022 15:30,0.600798894,0.00085
4/28/2022 15:45,0.594379252,0.00084
4/28/2022 16:00,0.588577859,0.00083
4/28/2022 16:15,0.581059399,0.00082
4/28/2022 16:30,0.567251327,0.00080
4/28/2022 16:45,0.563232114,0.00080
4/28/2022 17:00,0.550314731,0.00078
4/28/2022 17:15,0.53857701,0.00076
4/28/2022 17:30,0.525337043,0.00074
4/28/2022 17:45,0.521346817,0.00074
4/28/2022 18:00,0.509449429,0.00072
4/28/2022 18:15,0.505738176,0.00072
4/28/2022 18:30,0.502430233,0.00071
4/28/2022 18:45,0.495929396,0.00070
4/28/2022 19:00,0.489623029,0.00069
4/28/2022 19:15,0.484475545,0.00069
4/28/2022 19:30,0.476208867,0.00067
4/28/2022 19:45,0.478690965,0.00068
4/28/2022 20:00,0.479226899,0.00068
4/28/2022 20:15,0.482997023,0.00068
4/28/2022 20:30,0.486783764,0.00069
4/28/2022 20:45,0.496202003,0.00070
4/28/2022 21:00,0.492944278,0.00070
4/28/2022 21:15,0.488444268,0.00069
4/28/2022 21:30,0.492636249,0.00070
4/28/2022 21:45,0.490638669,0.00069
4/28/2022 22:00,0.485165896,0.00069
4/28/2022 22:15,0.487415439,0.00069
4/28/2022 22:30,0.487454256,0.00069
4/28/2022 22:45,0.481292334,0.00068
4/28/2022 23:00,0.479327504,0.00068
4/28/2022 23:15,0.477763107,0.00068
4/28/2022 23:30,0.474859452,0.00067
4/28/2022 23:45,0.474130364,0.00067
4/29/2022 0:00,0.475778098,0.00067
4/29/2022 0:15,0.472722638,0.00067
4/29/2022 0:30,0.472574927,0.00067
4/29/2022 0:45,0.475786548,0.00067
4/29/2022 1:00,0.478632693,0.00068
4/29/2022 1:15,0.47871193,0.00068
4/29/2022 1:30,0.476765052,0.00067
4/29/2022 1:45,0.47342093,0.00067
4/29/2022 2:00,0.474377961,0.00067
4/29/2022 2:15,0.477942446,0.00068
4/29/2022 2:30,0.480107261,0.00068
4/29/2022 2:45,0.486895197,0.00069
4/29/2022 3:00,0.49495134,0.00070
4/29/2022 3:15,0.490387044,0.00069
4/29/2022 3:30,0.488241679,0.00069
4/29/2022 3:45,0.491967108,0.00070
4/29/2022 4:00,0.494189958,0.00070
4/29/2022 4:15,0.4904104,0.00069
4/29/2022 4:30,0.493571914,0.00070
4/29/2022 4:45,0.497741523,0.00070
4/29/2022 5:00,0.495128752,0.00070
4/29/2022 5:15,0.495115029,0.00070
4/29/2022 5:30,0.496710753,0.00070
4/29/2022 5:45,0.494542848,0.00070
4/29/2022 6:00,0.489856367,0.00069
4/29/2022 6:15,0.492007818,0.00070
4/29/2022 6:30,0.49381083,0.00070
4/29/2022 6:45,0.492393285,0.00070
4/29/2022 7:00,0.493479159,0.00070
4/29/2022 7:15,0.4910745,0.00070
4/29/2022 7:30,0.488222288,0.00069
4/29/2022 7:45,0.488229097,0.00069
4/29/2022 8:00,0.482027697,0.00068
4/29/2022 8:15,0.478347159,0.00068
4/29/2022 8:30,0.474979075,0.00067
4/29/2022 8:45,0.471362414,0.00067
4/29/2022 9:00,0.471532727,0.00067
4/29/2022 9:15,0.471038218,0.00067
4/29/2022 9:30,0.469251151,0.00066
4/29/2022 9:45,0.469402523,0.00066
4/29/2022 10:00,0.470498032,0.00067
4/29/2022 10:15,0.469522197,0.00066
4/29/2022 10:30,0.46801758,0.00066
4/29/2022 10:45,0.476609286,0.00067
4/29/2022 11:00,0.49611976,0.00070
4/29/2022 11:15,0.507101847,0.00072
4/29/2022 11:30,0.516984035,0.00073
4/29/2022 11:45,0.523697364,0.00074
4/29/2022 12:00,0.528960968,0.00075
4/29/2022 12:15,0.534048151,0.00076
4/29/2022 12:30,0.54096868,0.00077
4/29/2022 12:45,0.542996475,0.00077
4/29/2022 13:00,0.548142773,0.00078
4/29/2022 13:15,0.547787351,0.00078
4/29/2022 13:30,0.552571874,0.00078
4/29/2022 13:45,0.554328145,0.00078
4/29/2022 14:00,0.552312854,0.00078
4/29/2022 14:15,0.554028298,0.00078
4/29/2022 14:30,0.554325052,0.00078
4/29/2022 14:45,0.55232476,0.00078
4/29/2022 15:00,0.54634526,0.00077
4/29/2022 15:15,0.537878933,0.00076
4/29/2022 15:30,0.533573994,0.00076
4/29/2022 15:45,0.520966724,0.00074
4/29/2022 16:00,0.511864456,0.00072
4/29/2022 16:15,0.501028558,0.00071
4/29/2022 16:30,0.493021026,0.00070
4/29/2022 16:45,0.485716496,0.00069
4/29/2022 17:00,0.477714923,0.00068
4/29/2022 17:15,0.463150934,0.00066
4/29/2022 17:30,0.453832316,0.00064
4/29/2022 17:45,0.445858736,0.00063
4/29/2022 18:00,0.446312757,0.00063
4/29/2022 18:15,0.448357981,0.00063
4/29/2022 18:30,0.439442196,0.00062
4/29/2022 18:45,0.438895911,0.00062
4/29/2022 19:00,0.437150409,0.00062
4/29/2022 19:15,0.443249632,0.00063
4/29/2022 19:30,0.449059078,0.00064
4/29/2022 19:45,0.451027845,0.00064
4/29/2022 20:00,0.447169077,0.00063
4/29/2022 20:15,0.453672215,0.00064
4/29/2022 20:30,0.456796354,0.00065
4/29/2022 20:45,0.461670732,0.00065
4/29/2022 21:00,0.468695702,0.00066
4/29/2022 21:15,0.471559604,0.00067
4/29/2022 21:30,0.480040799,0.00068
4/29/2022 21:45,0.484741304,0.00069
4/29/2022 22:00,0.493703259,0.00070
4/29/2022 22:15,0.497903379,0.00070
4/29/2022 22:30,0.504853546,0.00071
4/29/2022 22:45,0.50812411,0.00072
4/29/2022 23:00,0.508438401,0.00072
4/29/2022 23:15,0.517827955,0.00073
4/29/2022 23:30,0.519751863,0.00074
4/29/2022 23:45,0.519662955,0.00074
4/30/2022 0:00,0.518232348,0.00073
4/30/2022 0:15,0.519164637,0.00073
4/30/2022 0:30,0.510993381,0.00072
4/30/2022 0:45,0.512432808,0.00073
4/30/2022 1:00,0.513935078,0.00073
4/30/2022 1:15,0.518541395,0.00073
4/30/2022 1:30,0.521936607,0.00074
4/30/2022 1:45,0.52548505,0.00074
4/30/2022 2:00,0.536717017,0.00076
4/30/2022 2:15,0.540099607,0.00076
4/30/2022 2:30,0.549385551,0.00078
4/30/2022 2:45,0.547089411,0.00077
4/30/2022 3:00,0.541555644,0.00077
4/30/2022 3:15,0.544283841,0.00077
4/30/2022 3:30,0.550733178,0.00078
4/30/2022 3:45,0.555179518,0.00079
4/30/2022 4:00,0.560141738,0.00079
4/30/2022 4:15,0.562849122,0.00080
4/30/2022 4:30,0.565398052,0.00080
4/30/2022 4:45,0.567697214,0.00080
4/30/2022 5:00,0.568801845,0.00081
4/30/2022 5:15,0.572258733,0.00081
4/30/2022 5:30,0.571044069,0.00081
4/30/2022 5:45,0.56877876,0.00081
4/30/2022 6:00,0.565368383,0.00080
4/30/2022 6:15,0.560386409,0.00079
4/30/2022 6:30,0.554217264,0.00078
4/30/2022 6:45,0.538830444,0.00076
4/30/2022 7:00,0.527054648,0.00075
4/30/2022 7:15,0.511881743,0.00072
4/30/2022 7:30,0.49809052,0.00071
4/30/2022 7:45,0.478640422,0.00068
4/30/2022 8:00,0.460608603,0.00065
4/30/2022 8:15,0.45070114,0.00064
4/30/2022 8:30,0.442397755,0.00063
4/30/2022 8:45,0.436101526,0.00062
4/30/2022 9:00,0.43219368,0.00061
4/30/2022 9:15,0.433124554,0.00061
4/30/2022 9:30,0.435310686,0.00062
4/30/2022 9:45,0.444890412,0.00063
4/30/2022 10:00,0.454791277,0.00064
4/30/2022 10:15,0.464280207,0.00066
4/30/2022 10:30,0.483382538,0.00068
4/30/2022 10:45,0.499325838,0.00071
4/30/2022 11:00,0.518736448,0.00073
4/30/2022 11:15,0.532584221,0.00075
4/30/2022 11:30,0.543829425,0.00077
4/30/2022 11:45,0.556306329,0.00079
4/30/2022 12:00,0.567774069,0.00080
4/30/2022 12:15,0.578834316,0.00082
4/30/2022 12:30,0.588992222,0.00083
4/30/2022 12:45,0.602786203,0.00085
4/30/2022 13:00,0.60513917,0.00086
4/30/2022 13:15,0.613282453,0.00087
4/30/2022 13:30,0.612732414,0.00087
4/30/2022 13:45,0.608193612,0.00086
4/30/2022 14:00,0.60203266,0.00085
4/30/2022 14:15,0.591041229,0.00084
4/30/2022 14:30,0.577327466,0.00082
4/30/2022 14:45,0.570459788,0.00081
4/30/2022 15:00,0.557495439,0.00079
4/30/2022 15:15,0.543791652,0.00077
4/30/2022 15:30,0.538161705,0.00076
4/30/2022 15:45,0.527625288,0.00075
4/30/2022 16:00,0.522327658,0.00074
4/30/2022 16:15,0.518906595,0.00073
4/30/2022 16:30,0.518150737,0.00073
4/30/2022 16:45,0.515082886,0.00073
4/30/2022 17:00,0.510707436,0.00072
4/30/2022 17:15,0.503934089,0.00071
4/30/2022 17:30,0.494745724,0.00070
4/30/2022 17:45,0.493542231,0.00070
4/30/2022 18:00,0.491637526,0.00070
4/30/2022 18:15,0.492430275,0.00070
4/30/2022 18:30,0.487527991,0.00069
4/30/2022 18:45,0.48598648,0.00069
4/30/2022 19:00,0.484941249,0.00069
4/30/2022 19:15,0.491609406,0.00070
4/30/2022 19:30,0.489862979,0.00069
4/30/2022 19:45,0.490027492,0.00069
4/30/2022 20:00,0.494008312,0.00070
4/30/2022 20:15,0.493278453,0.00070
4/30/2022 20:30,0.497912591,0.00070
4/30/2022 20:45,0.502044409,0.00071
4/30/2022 21:00,0.507996452,0.00072
4/30/2022 21:15,0.513832842,0.00073
4/30/2022 21:30,0.517050704,0.00073
4/30/2022 21:45,0.520222209,0.00074
4/30/2022 22:00,0.526556441,0.00075
4/30/2022 22:15,0.525984823,0.00074
4/30/2022 22:30,0.523491588,0.00074
4/30/2022 22:45,0.523984947,0.00074
4/30/2022 23:00,0.519883847,0.00074
4/30/2022 23:15,0.522524495,0.00074
4/30/2022 23:30,0.522326738,0.00074
4/30/2022 23:45,0.520212656,0.00074
5/1/2022 0:00,0.515444726,0.00073
5/1/2022 0:15,0.508562781,0.00072
5/1/2022 0:30,0.502186785,0.00071
5/1/2022 0:45,0.501482386,0.00071
5/1/2022 1:00,0.497603386,0.00070
5/1/2022 1:15,0.49822437,0.00071
5/1/2022 1:30,0.497463289,0.00070
5/1/2022 1:45,0.492206592,0.00070
5/1/2022 2:00,0.490291212,0.00069
5/1/2022 2:15,0.490392362,0.00069
5/1/2022 2:30,0.48962731,0.00069
5/1/2022 2:45,0.480537575,0.00068
5/1/2022 3:00,0.482206064,0.00068
5/1/2022 3:15,0.484161179,0.00069
5/1/2022 3:30,0.486460491,0.00069
5/1/2022 3:45,0.489362073,0.00069
5/1/2022 4:00,0.493004924,0.00070
5/1/2022 4:15,0.495503659,0.00070
5/1/2022 4:30,0.497481536,0.00070
5/1/2022 4:45,0.496439089,0.00070
5/1/2022 5:00,0.490778436,0.00069
5/1/2022 5:15,0.487100603,0.00069
5/1/2022 5:30,0.478497173,0.00068
5/1/2022 5:45,0.468031734,0.00066
5/1/2022 6:00,0.463531586,0.00066
5/1/2022 6:15,0.454786587,0.00064
5/1/2022 6:30,0.451413409,0.00064
5/1/2022 6:45,0.444650158,0.00063
5/1/2022 7:00,0.435602929,0.00062
5/1/2022 7:15,0.427582174,0.00061
5/1/2022 7:30,0.417227333,0.00059
5/1/2022 7:45,0.411609445,0.00058
5/1/2022 8:00,0.40862564,0.00058
5/1/2022 8:15,0.402609677,0.00057
5/1/2022 8:30,0.400893087,0.00057
5/1/2022 8:45,0.398708866,0.00056
5/1/2022 9:00,0.390590587,0.00055
5/1/2022 9:15,0.391751082,0.00055
5/1/2022 9:30,0.392885104,0.00056
5/1/2022 9:45,0.39410862,0.00056
5/1/2022 10:00,0.399397037,0.00057
5/1/2022 10:15,0.410446294,0.00058
5/1/2022 10:30,0.415361284,0.00059
5/1/2022 10:45,0.428793736,0.00061
5/1/2022 11:00,0.43665774,0.00062
5/1/2022 11:15,0.445742318,0.00063
5/1/2022 11:30,0.456648487,0.00065
5/1/2022 11:45,0.468212703,0.00066
5/1/2022 12:00,0.476383876,0.00067
5/1/2022 12:15,0.483111098,0.00068
5/1/2022 12:30,0.495427434,0.00070
5/1/2022 12:45,0.502928712,0.00071
5/1/2022 13:00,0.513704603,0.00073
5/1/2022 13:15,0.524094782,0.00074
5/1/2022 13:30,0.526790769,0.00075
5/1/2022 13:45,0.533292113,0.00075
5/1/2022 14:00,0.540628198,0.00077
5/1/2022 14:15,0.544416788,0.00077
5/1/2022 14:30,0.545153206,0.00077
5/1/2022 14:45,0.545988266,0.00077
5/1/2022 15:00,0.552451823,0.00078
5/1/2022 15:15,0.550979296,0.00078
5/1/2022 15:30,0.542468424,0.00077
5/1/2022 15:45,0.533165161,0.00075
5/1/2022 16:00,0.526300332,0.00075
5/1/2022 16:15,0.517100374,0.00073
5/1/2022 16:30,0.513304111,0.00073
5/1/2022 16:45,0.506755883,0.00072
5/1/2022 17:00,0.498265468,0.00071
5/1/2022 17:15,0.488827164,0.00069
5/1/2022 17:30,0.483067963,0.00068
5/1/2022 17:45,0.472934382,0.00067
5/1/2022 18:00,0.464279487,0.00066
5/1/2022 18:15,0.449788349,0.00064
5/1/2022 18:30,0.44356079,0.00063
5/1/2022 18:45,0.43698719,0.00062
5/1/2022 19:00,0.433654685,0.00061
5/1/2022 19:15,0.42855917,0.00061
5/1/2022 19:30,0.424276246,0.00060
5/1/2022 19:45,0.427874239,0.00061
5/1/2022 20:00,0.424768861,0.00060
5/1/2022 20:15,0.425675456,0.00060
5/1/2022 20:30,0.42803676,0.00061
5/1/2022 20:45,0.430598769,0.00061
5/1/2022 21:00,0.435590598,0.00062
5/1/2022 21:15,0.438233069,0.00062
5/1/2022 21:30,0.438838049,0.00062
5/1/2022 21:45,0.44119401,0.00062
5/1/2022 22:00,0.44514097,0.00063
5/1/2022 22:15,0.448641329,0.00064
5/1/2022 22:30,0.449746131,0.00064
5/1/2022 22:45,0.446895419,0.00063
5/1/2022 23:00,0.449288571,0.00064
5/1/2022 23:15,0.454526056,0.00064
5/1/2022 23:30,0.454955931,0.00064
5/1/2022 23:45,0.453315794,0.00064
5/2/2022 0:00,0.452093022,0.00064
5/2/2022 0:15,0.445836983,0.00063
5/2/2022 0:30,0.441331912,0.00062
5/2/2022 0:45,0.438511357,0.00062
5/2/2022 1:00,0.433975863,0.00061
5/2/2022 1:15,0.434003876,0.00061
5/2/2022 1:30,0.435118417,0.00062
5/2/2022 1:45,0.435840567,0.00062
5/2/2022 2:00,0.436099033,0.00062
5/2/2022 2:15,0.438663123,0.00062
5/2/2022 2:30,0.442708624,0.00063
5/2/2022 2:45,0.451582852,0.00064
5/2/2022 3:00,0.459796204,0.00065
5/2/2022 3:15,0.465679037,0.00066
5/2/2022 3:30,0.475801515,0.00067
5/2/2022 3:45,0.482961293,0.00068
5/2/2022 4:00,0.481432394,0.00068
5/2/2022 4:15,0.478682932,0.00068
5/2/2022 4:30,0.477898566,0.00068
5/2/2022 4:45,0.480285417,0.00068
5/2/2022 5:00,0.479506382,0.00068
5/2/2022 5:15,0.474963191,0.00067
5/2/2022 5:30,0.472918017,0.00067
5/2/2022 5:45,0.477722585,0.00068
5/2/2022 6:00,0.474966226,0.00067
5/2/2022 6:15,0.473835854,0.00067
5/2/2022 6:30,0.472407772,0.00067
5/2/2022 6:45,0.466682659,0.00066
5/2/2022 7:00,0.463311499,0.00066
5/2/2022 7:15,0.457564618,0.00065
5/2/2022 7:30,0.451211994,0.00064
5/2/2022 7:45,0.446758801,0.00063
5/2/2022 8:00,0.442227202,0.00063
5/2/2022 8:15,0.436509736,0.00062
5/2/2022 8:30,0.43328185,0.00061
5/2/2022 8:45,0.426796489,0.00060
5/2/2022 9:00,0.420199391,0.00059
5/2/2022 9:15,0.416676639,0.00059
5/2/2022 9:30,0.413034035,0.00058
5/2/2022 9:45,0.41628869,0.00059
5/2/2022 10:00,0.421463963,0.00060
5/2/2022 10:15,0.426573537,0.00060
5/2/2022 10:30,0.435058889,0.00062
5/2/2022 10:45,0.44313491,0.00063
5/2/2022 11:00,0.445792031,0.00063
5/2/2022 11:15,0.452389711,0.00064
5/2/2022 11:30,0.465766712,0.00066
5/2/2022 11:45,0.48220312,0.00068
5/2/2022 12:00,0.495803738,0.00070
5/2/2022 12:15,0.505028967,0.00071
5/2/2022 12:30,0.521563621,0.00074
5/2/2022 12:45,0.541012022,0.00077
5/2/2022 13:00,0.564262151,0.00080
5/2/2022 13:15,0.57511221,0.00081
5/2/2022 13:30,0.585998819,0.00083
5/2/2022 13:45,0.598683905,0.00085
5/2/2022 14:00,0.600496455,0.00085
5/2/2022 14:15,0.603454299,0.00085
5/2/2022 14:30,0.595404833,0.00084
5/2/2022 14:45,0.586261708,0.00083
5/2/2022 15:00,0.572851842,0.00081
5/2/2022 15:15,0.552372199,0.00078
5/2/2022 15:30,0.529791406,0.00075
5/2/2022 15:45,0.515419524,0.00073
5/2/2022 16:00,0.500598371,0.00071
5/2/2022 16:15,0.483209341,0.00068
5/2/2022 16:30,0.473047058,0.00067
5/2/2022 16:45,0.466026039,0.00066
5/2/2022 17:00,0.457856814,0.00065
5/2/2022 17:15,0.448857233,0.00064
5/2/2022 17:30,0.440147323,0.00062
5/2/2022 17:45,0.432414067,0.00061
5/2/2022 18:00,0.425367453,0.00060
5/2/2022 18:15,0.424321288,0.00060
5/2/2022 18:30,0.426556059,0.00060
5/2/2022 18:45,0.426408522,0.00060
5/2/2022 19:00,0.425567787,0.00060
5/2/2022 19:15,0.427582317,0.00061
5/2/2022 19:30,0.434074222,0.00061
5/2/2022 19:45,0.442388977,0.00063
5/2/2022 20:00,0.447742328,0.00063
5/2/2022 20:15,0.454676501,0.00064
5/2/2022 20:30,0.448844626,0.00064
5/2/2022 20:45,0.450868473,0.00064
5/2/2022 21:00,0.457100281,0.00065
5/2/2022 21:15,0.452999928,0.00064
5/2/2022 21:30,0.454075723,0.00064
5/2/2022 21:45,0.455338401,0.00064
5/2/2022 22:00,0.459814323,0.00065
5/2/2022 22:15,0.461214539,0.00065
5/2/2022 22:30,0.461266,0.00065
5/2/2022 22:45,0.46543905,0.00066
5/2/2022 23:00,0.46811152,0.00066
5/2/2022 23:15,0.469096011,0.00066
5/2/2022 23:30,0.468948898,0.00066
5/2/2022 23:45,0.472957967,0.00067
5/3/2022 0:00,0.473988791,0.00067
5/3/2022 0:15,0.46737428,0.00066
5/3/2022 0:30,0.466918343,0.00066
5/3/2022 0:45,0.465504507,0.00066
5/3/2022 1:00,0.465275693,0.00066
5/3/2022 1:15,0.466067024,0.00066
5/3/2022 1:30,0.474305839,0.00067
5/3/2022 1:45,0.476092135,0.00067
5/3/2022 2:00,0.476257282,0.00067
5/3/2022 2:15,0.480116271,0.00068
5/3/2022 2:30,0.48548011,0.00069
5/3/2022 2:45,0.487277408,0.00069
5/3/2022 3:00,0.489904781,0.00069
5/3/2022 3:15,0.488356606,0.00069
5/3/2022 3:30,0.483354731,0.00068
5/3/2022 3:45,0.479859616,0.00068
5/3/2022 4:00,0.486938124,0.00069
5/3/2022 4:15,0.488878172,0.00069
5/3/2022 4:30,0.484868629,0.00069
5/3/2022 4:45,0.483299938,0.00068
5/3/2022 5:00,0.483361345,0.00068
5/3/2022 5:15,0.48062498,0.00068
5/3/2022 5:30,0.468322384,0.00066
5/3/2022 5:45,0.459379155,0.00065
5/3/2022 6:00,0.450780409,0.00064
5/3/2022 6:15,0.442785354,0.00063
5/3/2022 6:30,0.4351756,0.00062
5/3/2022 6:45,0.427172355,0.00060
5/3/2022 7:00,0.418186247,0.00059
5/3/2022 7:15,0.409752934,0.00058
5/3/2022 7:30,0.399898065,0.00057
5/3/2022 7:45,0.396084306,0.00056
5/3/2022 8:00,0.392329255,0.00056
5/3/2022 8:15,0.391740928,0.00055
5/3/2022 8:30,0.392334331,0.00056
5/3/2022 8:45,0.39435876,0.00056
5/3/2022 9:00,0.397997947,0.00056
5/3/2022 9:15,0.400862102,0.00057
5/3/2022 9:30,0.401705825,0.00057
5/3/2022 9:45,0.406454719,0.00058
5/3/2022 10:00,0.413108681,0.00058
5/3/2022 10:15,0.418580509,0.00059
5/3/2022 10:30,0.421593557,0.00060
5/3/2022 10:45,0.430351788,0.00061
5/3/2022 11:00,0.448295149,0.00063
5/3/2022 11:15,0.462436814,0.00065
5/3/2022 11:30,0.476705566,0.00067
5/3/2022 11:45,0.487421176,0.00069
5/3/2022 12:00,0.489802086,0.00069
5/3/2022 12:15,0.49308377,0.00070
5/3/2022 12:30,0.499147971,0.00071
5/3/2022 12:45,0.503526938,0.00071
5/3/2022 13:00,0.508879821,0.00072
5/3/2022 13:15,0.50463256,0.00071
5/3/2022 13:30,0.497209621,0.00070
5/3/2022 13:45,0.488461586,0.00069
5/3/2022 14:00,0.478785855,0.00068
5/3/2022 14:15,0.470368581,0.00067
5/3/2022 14:30,0.457946008,0.00065
5/3/2022 14:45,0.449446122,0.00064
5/3/2022 15:00,0.439849177,0.00062
5/3/2022 15:15,0.427867378,0.00061
5/3/2022 15:30,0.416374199,0.00059
5/3/2022 15:45,0.401889393,0.00057
5/3/2022 16:00,0.388466592,0.00055
5/3/2022 16:15,0.380522656,0.00054
5/3/2022 16:30,0.369004343,0.00052
5/3/2022 16:45,0.359617367,0.00051
5/3/2022 17:00,0.359392663,0.00051
5/3/2022 17:15,0.360140699,0.00051
5/3/2022 17:30,0.360241051,0.00051
5/3/2022 17:45,0.363614888,0.00051
5/3/2022 18:00,0.370375642,0.00052
5/3/2022 18:15,0.37729594,0.00053
5/3/2022 18:30,0.376232562,0.00053
5/3/2022 18:45,0.378883402,0.00054
5/3/2022 19:00,0.38210739,0.00054
5/3/2022 19:15,0.384912586,0.00054
5/3/2022 19:30,0.394850436,0.00056
5/3/2022 19:45,0.404135595,0.00057
5/3/2022 20:00,0.41099204,0.00058
5/3/2022 20:15,0.40703362,0.00058
5/3/2022 20:30,0.401490591,0.00057
5/3/2022 20:45,0.40012705,0.00057
5/3/2022 21:00,0.403208829,0.00057
5/3/2022 21:15,0.401853231,0.00057
5/3/2022 21:30,0.402420706,0.00057
5/3/2022 21:45,0.401183086,0.00057
5/3/2022 22:00,0.402859114,0.00057
5/3/2022 22:15,0.401782527,0.00057
5/3/2022 22:30,0.406136924,0.00057
5/3/2022 22:45,0.408591254,0.00058
5/3/2022 23:00,0.409029083,0.00058
5/3/2022 23:15,0.415483369,0.00059
5/3/2022 23:30,0.424952,0.00060
5/3/2022 23:45,0.43148571,0.00061
5/4/2022 0:00,0.443394369,0.00063
5/4/2022 0:15,0.455670999,0.00065
5/4/2022 0:30,0.464978649,0.00066
5/4/2022 0:45,0.471778097,0.00067
5/4/2022 1:00,0.47678098,0.00067
5/4/2022 1:15,0.48453966,0.00069
5/4/2022 1:30,0.49582196,0.00070
5/4/2022 1:45,0.501825942,0.00071
5/4/2022 2:00,0.510968474,0.00072
5/4/2022 2:15,0.521487629,0.00074
5/4/2022 2:30,0.526848017,0.00075
5/4/2022 2:45,0.533237955,0.00075
5/4/2022 3:00,0.527188163,0.00075
5/4/2022 3:15,0.521740339,0.00074
5/4/2022 3:30,0.513552641,0.00073
5/4/2022 3:45,0.514254937,0.00073
5/4/2022 4:00,0.515588757,0.00073
5/4/2022 4:15,0.518721883,0.00073
5/4/2022 4:30,0.518433958,0.00073
5/4/2022 4:45,0.525204192,0.00074
5/4/2022 5:00,0.530860474,0.00075
5/4/2022 5:15,0.528867894,0.00075
5/4/2022 5:30,0.524863387,0.00074
5/4/2022 5:45,0.521577111,0.00074
5/4/2022 6:00,0.51048112,0.00072
5/4/2022 6:15,0.501489104,0.00071
5/4/2022 6:30,0.494623029,0.00070
5/4/2022 6:45,0.487285662,0.00069
5/4/2022 7:00,0.482264078,0.00068
5/4/2022 7:15,0.476433024,0.00067
5/4/2022 7:30,0.471157883,0.00067
5/4/2022 7:45,0.461127702,0.00065
5/4/2022 8:00,0.449672857,0.00064
5/4/2022 8:15,0.441973828,0.00063
5/4/2022 8:30,0.436983707,0.00062
5/4/2022 8:45,0.429221031,0.00061
5/4/2022 9:00,0.422186373,0.00060
5/4/2022 9:15,0.419111091,0.00059
5/4/2022 9:30,0.420708656,0.00060
5/4/2022 9:45,0.417642684,0.00059
5/4/2022 10:00,0.415424757,0.00059
5/4/2022 10:15,0.411771705,0.00058
5/4/2022 10:30,0.420249807,0.00059
5/4/2022 10:45,0.427291262,0.00060
5/4/2022 11:00,0.434805611,0.00062
5/4/2022 11:15,0.446250273,0.00063
5/4/2022 11:30,0.462185691,0.00065
5/4/2022 11:45,0.477282693,0.00068
5/4/2022 12:00,0.491466837,0.00070
5/4/2022 12:15,0.499382452,0.00071
5/4/2022 12:30,0.500646582,0.00071
5/4/2022 12:45,0.499156802,0.00071
5/4/2022 13:00,0.505704077,0.00072
5/4/2022 13:15,0.507315492,0.00072
5/4/2022 13:30,0.511989866,0.00072
5/4/2022 13:45,0.505115112,0.00072
5/4/2022 14:00,0.505338884,0.00072
5/4/2022 14:15,0.501112174,0.00071
5/4/2022 14:30,0.494717383,0.00070
5/4/2022 14:45,0.484888728,0.00069
5/4/2022 15:00,0.472200615,0.00067
5/4/2022 15:15,0.466342197,0.00066
5/4/2022 15:30,0.46127736,0.00065
5/4/2022 15:45,0.453487899,0.00064
5/4/2022 16:00,0.445632316,0.00063
5/4/2022 16:15,0.443988779,0.00063
5/4/2022 16:30,0.434571587,0.00062
5/4/2022 16:45,0.430277035,0.00061
5/4/2022 17:00,0.426078603,0.00060
5/4/2022 17:15,0.424342055,0.00060
5/4/2022 17:30,0.423207422,0.00060
5/4/2022 17:45,0.424405032,0.00060
5/4/2022 18:00,0.422385662,0.00060
5/4/2022 18:15,0.422301684,0.00060
5/4/2022 18:30,0.426577693,0.00060
5/4/2022 18:45,0.431209675,0.00061
5/4/2022 19:00,0.43478882,0.00062
5/4/2022 19:15,0.43518702,0.00062
5/4/2022 19:30,0.4360442,0.00062
5/4/2022 19:45,0.433330418,0.00061
5/4/2022 20:00,0.431570755,0.00061
5/4/2022 20:15,0.436188212,0.00062
5/4/2022 20:30,0.433987565,0.00061
5/4/2022 20:45,0.432472148,0.00061
5/4/2022 21:00,0.428358045,0.00061
5/4/2022 21:15,0.433599902,0.00061
5/4/2022 21:30,0.432853693,0.00061
5/4/2022 21:45,0.432367254,0.00061
5/4/2022 22:00,0.429668173,0.00061
5/4/2022 22:15,0.432937774,0.00061
5/4/2022 22:30,0.43365006,0.00061
5/4/2022 22:45,0.434149579,0.00061
5/4/2022 23:00,0.433268763,0.00061
5/4/2022 23:15,0.433872124,0.00061
5/4/2022 23:30,0.436100893,0.00062
5/4/2022 23:45,0.438241768,0.00062
5/5/2022 0:00,0.443082774,0.00063
5/5/2022 0:15,0.447844021,0.00063
5/5/2022 0:30,0.447155515,0.00063
5/5/2022 0:45,0.448401697,0.00063
5/5/2022 1:00,0.45132883,0.00064
5/5/2022 1:15,0.456496132,0.00065
5/5/2022 1:30,0.458930629,0.00065
5/5/2022 1:45,0.465184668,0.00066
5/5/2022 2:00,0.471341597,0.00067
5/5/2022 2:15,0.472082242,0.00067
5/5/2022 2:30,0.474586553,0.00067
5/5/2022 2:45,0.47715365,0.00068
5/5/2022 3:00,0.480041309,0.00068
5/5/2022 3:15,0.486991223,0.00069
5/5/2022 3:30,0.496025903,0.00070
5/5/2022 3:45,0.504286206,0.00071
5/5/2022 4:00,0.509473188,0.00072
5/5/2022 4:15,0.519638264,0.00074
5/5/2022 4:30,0.527047366,0.00075
5/5/2022 4:45,0.536932758,0.00076
5/5/2022 5:00,0.540628046,0.00077
5/5/2022 5:15,0.544181851,0.00077
5/5/2022 5:30,0.541311119,0.00077
5/5/2022 5:45,0.536682219,0.00076
5/5/2022 6:00,0.530476068,0.00075
5/5/2022 6:15,0.522693953,0.00074
5/5/2022 6:30,0.514158057,0.00073
5/5/2022 6:45,0.505715606,0.00072
5/5/2022 7:00,0.495633572,0.00070
5/5/2022 7:15,0.480945736,0.00068
5/5/2022 7:30,0.465948283,0.00066
5/5/2022 7:45,0.450972624,0.00064
5/5/2022 8:00,0.442646977,0.00063
5/5/2022 8:15,0.432773411,0.00061
5/5/2022 8:30,0.421850163,0.00060
5/5/2022 8:45,0.41454847,0.00059
5/5/2022 9:00,0.408210637,0.00058
5/5/2022 9:15,0.403186488,0.00057
5/5/2022 9:30,0.399353554,0.00057
5/5/2022 9:45,0.400406072,0.00057
5/5/2022 10:00,0.400184115,0.00057
5/5/2022 10:15,0.404953825,0.00057
5/5/2022 10:30,0.410824042,0.00058
5/5/2022 10:45,0.417971068,0.00059
5/5/2022 11:00,0.427563329,0.00061
5/5/2022 11:15,0.438283833,0.00062
5/5/2022 11:30,0.449973875,0.00064
5/5/2022 11:45,0.458692642,0.00065
5/5/2022 12:00,0.467702878,0.00066
5/5/2022 12:15,0.472114319,0.00067
5/5/2022 12:30,0.476549676,0.00067
5/5/2022 12:45,0.474314318,0.00067
5/5/2022 13:00,0.480031556,0.00068
5/5/2022 13:15,0.483118689,0.00068
5/5/2022 13:30,0.492561126,0.00070
5/5/2022 13:45,0.4952573,0.00070
5/5/2022 14:00,0.4901137,0.00069
5/5/2022 14:15,0.485520851,0.00069
5/5/2022 14:30,0.473453961,0.00067
5/5/2022 14:45,0.460691095,0.00065
5/5/2022 15:00,0.45423708,0.00064
5/5/2022 15:15,0.446035032,0.00063
5/5/2022 15:30,0.438849995,0.00062
5/5/2022 15:45,0.43167725,0.00061
5/5/2022 16:00,0.425465971,0.00060
5/5/2022 16:15,0.410942042,0.00058
5/5/2022 16:30,0.399089928,0.00056
5/5/2022 16:45,0.389278912,0.00055
5/5/2022 17:00,0.379693607,0.00054
5/5/2022 17:15,0.370442767,0.00052
5/5/2022 17:30,0.364057915,0.00052
5/5/2022 17:45,0.359601299,0.00051
5/5/2022 18:00,0.357878836,0.00051
5/5/2022 18:15,0.357171225,0.00051
5/5/2022 18:30,0.352939229,0.00050
5/5/2022 18:45,0.348787863,0.00049
5/5/2022 19:00,0.346929802,0.00049
5/5/2022 19:15,0.344560506,0.00049
5/5/2022 19:30,0.34577484,0.00049
5/5/2022 19:45,0.344436355,0.00049
5/5/2022 20:00,0.344167879,0.00049
5/5/2022 20:15,0.349702719,0.00050
5/5/2022 20:30,0.351041533,0.00050
5/5/2022 20:45,0.351816339,0.00050
5/5/2022 21:00,0.347166362,0.00049
5/5/2022 21:15,0.342125769,0.00048
5/5/2022 21:30,0.338516509,0.00048
5/5/2022 21:45,0.333172382,0.00047
5/5/2022 22:00,0.329534449,0.00047
5/5/2022 22:15,0.323445671,0.00046
5/5/2022 22:30,0.320379521,0.00045
5/5/2022 22:45,0.317095404,0.00045
5/5/2022 23:00,0.309447667,0.00044
5/5/2022 23:15,0.303770508,0.00043
5/5/2022 23:30,0.296003155,0.00042
5/5/2022 23:45,0.294029353,0.00042
5/6/2022 0:00,0.289719894,0.00041
5/6/2022 0:15,0.287891036,0.00041
5/6/2022 0:30,0.287850869,0.00041
5/6/2022 0:45,0.288167606,0.00041
5/6/2022 1:00,0.290272472,0.00041
5/6/2022 1:15,0.288455643,0.00041
5/6/2022 1:30,0.288146188,0.00041
5/6/2022 1:45,0.288544776,0.00041
5/6/2022 2:00,0.292504797,0.00041
5/6/2022 2:15,0.295076596,0.00042
5/6/2022 2:30,0.298749729,0.00042
5/6/2022 2:45,0.30209801,0.00043
5/6/2022 3:00,0.304755644,0.00043
5/6/2022 3:15,0.304860441,0.00043
5/6/2022 3:30,0.309926425,0.00044
5/6/2022 3:45,0.31302736,0.00044
5/6/2022 4:00,0.311956789,0.00044
5/6/2022 4:15,0.313750326,0.00044
5/6/2022 4:30,0.315172639,0.00045
5/6/2022 4:45,0.314314759,0.00044
5/6/2022 5:00,0.316531027,0.00045
5/6/2022 5:15,0.314538416,0.00045
5/6/2022 5:30,0.311552097,0.00044
5/6/2022 5:45,0.310903575,0.00044
5/6/2022 6:00,0.308501436,0.00044
5/6/2022 6:15,0.306242739,0.00043
5/6/2022 6:30,0.305215313,0.00043
5/6/2022 6:45,0.300246771,0.00043
5/6/2022 7:00,0.297987702,0.00042
5/6/2022 7:15,0.297582107,0.00042
5/6/2022 7:30,0.296047002,0.00042
5/6/2022 7:45,0.291308591,0.00041
5/6/2022 8:00,0.289008953,0.00041
5/6/2022 8:15,0.285625916,0.00040
5/6/2022 8:30,0.284777979,0.00040
5/6/2022 8:45,0.28322713,0.00040
5/6/2022 9:00,0.281867632,0.00040
5/6/2022 9:15,0.280697361,0.00040
5/6/2022 9:30,0.279714538,0.00040
5/6/2022 9:45,0.278917764,0.00039
5/6/2022 10:00,0.278306025,0.00039
5/6/2022 10:15,0.277878634,0.00039
5/6/2022 10:30,0.277635233,0.00039
5/6/2022 10:45,0.277575854,0.00039
5/6/2022 11:00,0.277700892,0.00039
5/6/2022 11:15,0.278011054,0.00039
5/6/2022 11:30,0.278507455,0.00039
5/6/2022 11:45,0.279191541,0.00040
5/6/2022 12:00,0.280065109,0.00040
7/13/2022 19:45,2.806534194,0.00397
7/13/2022 20:00,2.585446067,0.00366
7/13/2022 20:15,2.850482077,0.00404
7/13/2022 20:30,2.850482077,0.00404
7/13/2022 20:45,2.809332526,0.00398
7/13/2022 21:00,2.966795109,0.00420
7/13/2022 21:15,2.621485885,0.00371
7/13/2022 21:30,3.170028414,0.00449
7/13/2022 21:45,2.620222033,0.00371
7/13/2022 22:00,2.702757109,0.00383
7/13/2022 22:15,2.937981774,0.00416
7/13/2022 22:30,3.240152691,0.00459
7/13/2022 22:45,2.889886192,0.00409
7/13/2022 23:00,3.178900804,0.00450
7/13/2022 23:15,2.486698915,0.00352
7/13/2022 23:30,2.681281933,0.00380
7/13/2022 23:45,2.937981774,0.00416
7/14/2022 0:00,3.140545218,0.00445
7/14/2022 0:15,2.937981774,0.00416
7/14/2022 0:30,3.163351157,0.00448
7/14/2022 0:45,2.937981774,0.00416
7/14/2022 1:00,3.147464192,0.00446
7/14/2022 1:15,3.112920136,0.00441
7/14/2022 1:30,3.163351157,0.00448
7/14/2022 1:45,3.072070407,0.00435
7/14/2022 2:00,3.170028414,0.00449
7/14/2022 2:15,3.112920136,0.00441
7/14/2022 2:30,2.990152326,0.00423
7/14/2022 2:45,2.952144141,0.00418
7/14/2022 3:00,2.868861413,0.00406
7/14/2022 3:15,2.824730367,0.00400
7/14/2022 3:30,3.170028414,0.00449
7/14/2022 3:45,2.741175767,0.00388
7/14/2022 4:00,2.612580364,0.00370
7/14/2022 4:15,2.848335156,0.00403
7/14/2022 4:30,3.163351157,0.00448
7/14/2022 4:45,3.178900804,0.00450
7/14/2022 5:00,2.541600804,0.00360
7/14/2022 5:15,3.240152691,0.00459
7/14/2022 5:30,3.163351157,0.00448
7/14/2022 5:45,2.865264841,0.00406
7/14/2022 6:00,3.063092591,0.00434
7/14/2022 6:15,3.024964938,0.00428
7/14/2022 6:30,2.861501224,0.00405
7/14/2022 6:45,3.003605064,0.00425
7/14/2022 7:00,3.003605064,0.00425
7/14/2022 7:15,2.674409324,0.00379
7/14/2022 7:30,3.231856704,0.00458
7/14/2022 7:45,2.882350602,0.00408
7/14/2022 8:00,2.951614648,0.00418
7/14/2022 8:15,2.975876455,0.00421
7/14/2022 8:30,2.655437356,0.00376
7/14/2022 8:45,2.693865847,0.00381
7/14/2022 9:00,2.595555004,0.00367
7/14/2022 9:15,2.930515796,0.00415
7/14/2022 9:30,2.951614648,0.00418
7/14/2022 9:45,2.480434702,0.00351
7/14/2022 10:00,2.332164077,0.00330
7/14/2022 10:15,2.421190833,0.00343
7/14/2022 10:30,2.830138952,0.00401
7/14/2022 10:45,2.561071755,0.00363
7/14/2022 11:00,2.740361503,0.00388
7/14/2022 11:15,2.561071755,0.00363
7/14/2022 11:30,2.434525911,0.00345
7/14/2022 11:45,2.315699028,0.00328
7/14/2022 12:00,2.337778475,0.00331
7/14/2022 12:15,2.718175614,0.00385
7/14/2022 12:30,2.412945545,0.00342
7/14/2022 12:45,2.217791585,0.00314
7/14/2022 13:00,2.457996807,0.00348
7/14/2022 13:15,2.296054702,0.00325
7/14/2022 13:30,2.31217644,0.00327
7/14/2022 13:45,2.26032542,0.00320
7/14/2022 14:00,2.667980638,0.00378
7/14/2022 14:15,2.653186043,0.00376
7/14/2022 14:30,2.498576931,0.00354
7/14/2022 14:45,2.516704974,0.00356
7/14/2022 15:00,2.248963815,0.00318
7/14/2022 15:15,2.686500074,0.00380
7/14/2022 15:30,2.596697989,0.00368
7/14/2022 15:45,2.577138743,0.00365
7/14/2022 16:00,2.35771523,0.00334
7/14/2022 16:15,2.525004731,0.00357
7/14/2022 16:30,2.398343482,0.00340
7/14/2022 16:45,2.488971153,0.00352
7/14/2022 17:00,2.590450777,0.00367
7/14/2022 17:15,2.421027563,0.00343
7/14/2022 17:30,2.84353106,0.00403
7/14/2022 17:45,2.221682866,0.00315
7/14/2022 18:00,2.32416861,0.00329
7/14/2022 18:15,2.305357577,0.00326
7/14/2022 18:30,2.546932691,0.00361
7/14/2022 18:45,2.448201767,0.00347
7/14/2022 19:00,2.510322769,0.00355
7/14/2022 19:15,2.686500074,0.00380
7/14/2022 19:30,2.285279256,0.00324
7/14/2022 19:45,2.213332352,0.00313
7/14/2022 20:00,2.338145551,0.00331
7/14/2022 20:15,2.248963815,0.00318
7/14/2022 20:30,2.305333187,0.00326
7/14/2022 20:45,2.275889355,0.00322
7/14/2022 21:00,2.427364656,0.00344
7/14/2022 21:15,2.653186043,0.00376
7/14/2022 21:30,2.5675822,0.00363
7/14/2022 21:45,2.5675822,0.00363
7/14/2022 22:00,2.395865762,0.00339
7/14/2022 22:15,2.637987769,0.00373
7/14/2022 22:30,2.78023424,0.00394
7/14/2022 22:45,2.369145129,0.00335
7/14/2022 23:00,2.369145129,0.00335
7/14/2022 23:15,2.619205231,0.00371
7/14/2022 23:30,3.039982265,0.00430
7/14/2022 23:45,2.397858526,0.00339
7/15/2022 0:00,2.380715283,0.00337
7/15/2022 0:15,2.242061569,0.00317
7/15/2022 0:30,2.792231579,0.00395
7/15/2022 0:45,2.655337987,0.00376
7/15/2022 1:00,3.227118074,0.00457
7/15/2022 1:15,3.244596229,0.00459
7/15/2022 1:30,3.268217014,0.00463
7/15/2022 1:45,3.345268208,0.00474
7/15/2022 2:00,3.042351412,0.00431
7/15/2022 2:15,3.327648559,0.00471
7/15/2022 2:30,3.47688898,0.00492
7/15/2022 2:45,3.819229111,0.00541
7/15/2022 3:00,4.147163859,0.00587
7/15/2022 3:15,5.475225213,0.00775
7/15/2022 3:30,6.528719206,0.00924
7/15/2022 3:45,5.35109514,0.00758
7/15/2022 4:00,5.475225213,0.00775
7/15/2022 4:15,6.726057786,0.00952
7/15/2022 4:30,6.883209988,0.00974
7/15/2022 4:45,5.790881128,0.00820
7/15/2022 5:00,4.34272015,0.00615
7/15/2022 5:15,4.37919098,0.00620
7/15/2022 5:30,4.147163859,0.00587
7/15/2022 5:45,3.602214031,0.00510
7/15/2022 6:00,3.628213502,0.00514
7/15/2022 6:15,4.34272015,0.00615
7/15/2022 6:30,3.363427032,0.00476
7/15/2022 6:45,3.369444227,0.00477
7/15/2022 7:00,3.082374347,0.00436
7/15/2022 7:15,3.443608137,0.00488
7/15/2022 7:30,3.125617982,0.00442
7/15/2022 7:45,3.312273203,0.00469
7/15/2022 8:00,3.363427032,0.00476
7/15/2022 8:15,3.09827069,0.00439
7/15/2022 8:30,3.199602883,0.00453
7/15/2022 8:45,3.219281671,0.00456
7/15/2022 9:00,3.148041996,0.00446
7/15/2022 9:15,2.94925089,0.00418
7/15/2022 9:30,3.153128409,0.00446
7/15/2022 9:45,3.274936178,0.00464
7/15/2022 10:00,2.686487888,0.00380
7/15/2022 10:15,2.992634783,0.00424
7/15/2022 10:30,2.93092169,0.00415
7/15/2022 10:45,2.92403778,0.00414
7/15/2022 11:00,2.696224765,0.00382
7/15/2022 11:15,2.626464487,0.00372
7/15/2022 11:30,2.55545628,0.00362
7/15/2022 11:45,2.406192884,0.00341
7/15/2022 12:00,2.330758123,0.00330
7/15/2022 12:15,2.706026428,0.00383
7/15/2022 12:30,2.447072145,0.00346
7/15/2022 12:45,2.498124947,0.00354
7/15/2022 13:00,2.637987769,0.00373
7/15/2022 13:15,2.555292218,0.00362
7/15/2022 13:30,2.537193316,0.00359
7/15/2022 13:45,2.295525656,0.00325
7/15/2022 14:00,2.227045755,0.00315
7/15/2022 14:15,2.180757738,0.00309
7/15/2022 14:30,2.321540533,0.00329
7/15/2022 14:45,2.16153233,0.00306
7/15/2022 15:00,2.292024572,0.00324
7/15/2022 15:15,2.16657319,0.00307
7/15/2022 15:30,2.225380258,0.00315
7/15/2022 15:45,2.251692174,0.00319
7/15/2022 16:00,2.536054397,0.00359
7/15/2022 16:15,2.015963036,0.00285
7/15/2022 16:30,2.307490606,0.00327
7/15/2022 16:45,2.182029661,0.00309
7/15/2022 17:00,2.007008492,0.00284
7/15/2022 17:15,2.091150673,0.00296
7/15/2022 17:30,2.087469745,0.00296
7/15/2022 17:45,2.38589096,0.00338
7/15/2022 18:00,2.403658954,0.00340
7/15/2022 18:15,2.171337864,0.00307
7/15/2022 18:30,2.181621337,0.00309
7/15/2022 18:45,2.332269113,0.00330
7/15/2022 19:00,2.332269113,0.00330
7/15/2022 19:15,2.102312334,0.00298
7/15/2022 19:30,1.973892942,0.00279
7/15/2022 19:45,2.535742049,0.00359
7/15/2022 20:00,2.488971153,0.00352
7/15/2022 20:15,2.011316888,0.00285
7/15/2022 20:30,2.154340938,0.00305
7/15/2022 20:45,2.064184114,0.00292
7/15/2022 21:00,2.16657319,0.00307
7/15/2022 21:15,2.007008492,0.00284
7/15/2022 21:30,2.223888805,0.00315
7/15/2022 21:45,2.158191591,0.00306
7/15/2022 22:00,2.274681403,0.00322
7/15/2022 22:15,2.223888805,0.00315
7/15/2022 22:30,2.234320605,0.00316
7/15/2022 22:45,2.392719946,0.00339
7/15/2022 23:00,2.097724071,0.00297
7/15/2022 23:15,2.338145551,0.00331
7/15/2022 23:30,2.180757738,0.00309
7/15/2022 23:45,2.217791585,0.00314
7/16/2022 0:00,2.180757738,0.00309
7/16/2022 0:15,1.969400727,0.00279
7/16/2022 0:30,2.586089089,0.00366
7/16/2022 0:45,2.223888805,0.00315
7/16/2022 1:00,2.173349346,0.00308
7/16/2022 1:15,2.349487655,0.00333
7/16/2022 1:30,2.409830489,0.00341
7/16/2022 1:45,2.018679949,0.00286
7/16/2022 2:00,2.376040102,0.00336
7/16/2022 2:15,2.5675822,0.00363
7/16/2022 2:30,2.394926831,0.00339
7/16/2022 2:45,2.436069277,0.00345
7/16/2022 3:00,2.112610191,0.00299
7/16/2022 3:15,2.381525687,0.00337
7/16/2022 3:30,2.5675822,0.00363
7/16/2022 3:45,2.305333187,0.00326
7/16/2022 4:00,2.321540533,0.00329
7/16/2022 4:15,2.321540533,0.00329
7/16/2022 4:30,2.151497814,0.00305
7/16/2022 4:45,2.5675822,0.00363
7/16/2022 5:00,2.381525687,0.00337
7/16/2022 5:15,2.338145551,0.00331
7/16/2022 5:30,2.321540533,0.00329
7/16/2022 5:45,2.462287783,0.00349
7/16/2022 6:00,2.16657319,0.00307
7/16/2022 6:15,2.338145551,0.00331
7/16/2022 6:30,1.982677497,0.00281
7/16/2022 6:45,2.5675822,0.00363
7/16/2022 7:00,2.624290032,0.00372
7/16/2022 7:15,2.394926831,0.00339
7/16/2022 7:30,2.251692174,0.00319
7/16/2022 7:45,2.195596986,0.00311
7/16/2022 8:00,2.381525687,0.00337
7/16/2022 8:15,2.032927882,0.00288
7/16/2022 8:30,2.151497814,0.00305
7/16/2022 8:45,2.423699052,0.00343
7/16/2022 9:00,2.235786447,0.00317
7/16/2022 9:15,2.123784777,0.00301
7/16/2022 9:30,2.251692174,0.00319
7/16/2022 9:45,2.185187941,0.00309
7/16/2022 10:00,2.170047829,0.00307
7/16/2022 10:15,2.20861498,0.00313
7/16/2022 10:30,2.138637519,0.00303
7/16/2022 10:45,2.284712679,0.00323
7/16/2022 11:00,2.284712679,0.00323
7/16/2022 11:15,2.09009474,0.00296
7/16/2022 11:30,2.075677928,0.00294
7/16/2022 11:45,2.300584225,0.00326
7/16/2022 12:00,1.918468409,0.00272
7/16/2022 12:15,2.041637766,0.00289
7/16/2022 12:30,2.086295,0.00295
7/16/2022 12:45,3.138352397,0.00444
7/16/2022 13:00,7.735647465,0.01095
7/16/2022 13:15,3.511341875,0.00497
7/16/2022 13:30,3.085191805,0.00437
7/16/2022 13:45,2.891354144,0.00409
7/16/2022 14:00,2.785524074,0.00394
7/16/2022 14:15,3.320552351,0.00470
7/16/2022 14:30,3.255441608,0.00461
7/16/2022 14:45,3.240152782,0.00459
7/16/2022 15:00,3.717309988,0.00526
7/16/2022 15:15,3.187637393,0.00451
7/16/2022 15:30,3.365859251,0.00476
7/16/2022 15:45,3.261434966,0.00462
7/16/2022 16:00,3.591364645,0.00508
7/16/2022 16:15,3.365721582,0.00476
7/16/2022 16:30,2.98591129,0.00423
7/16/2022 16:45,3.138612698,0.00444
7/16/2022 17:00,2.740308202,0.00388
7/16/2022 17:15,2.659323565,0.00376
7/16/2022 17:30,2.800211397,0.00396
7/16/2022 17:45,2.328747323,0.00330
7/16/2022 18:00,3.01471198,0.00427
7/16/2022 18:15,2.441732002,0.00346
7/16/2022 18:30,2.31209197,0.00327
7/16/2022 18:45,2.537547109,0.00359
7/16/2022 19:00,2.568007636,0.00364
7/16/2022 19:15,2.187744373,0.00310
7/16/2022 19:30,2.53382925,0.00359
7/16/2022 19:45,2.49256261,0.00353
7/16/2022 20:00,2.211663574,0.00313
7/16/2022 20:15,2.141762754,0.00303
7/16/2022 20:30,2.211663574,0.00313
7/16/2022 20:45,2.265612204,0.00321
7/16/2022 21:00,2.099779311,0.00297
7/16/2022 21:15,2.422056028,0.00343
7/16/2022 21:30,2.274386724,0.00322
7/16/2022 21:45,2.048447863,0.00290
7/16/2022 22:00,2.273161265,0.00322
7/16/2022 22:15,2.257220748,0.00320
7/16/2022 22:30,2.296198707,0.00325
7/16/2022 22:45,2.083459021,0.00295
7/16/2022 23:00,2.312276026,0.00327
7/16/2022 23:15,1.9602364,0.00278
7/16/2022 23:30,1.901854145,0.00269
7/16/2022 23:45,2.415022219,0.00342
7/17/2022 0:00,2.107423121,0.00298
7/17/2022 0:15,1.768217129,0.00250
7/17/2022 0:30,2.43651416,0.00345
7/17/2022 0:45,2.239408015,0.00317
7/17/2022 1:00,2.229828043,0.00316
7/17/2022 1:15,2.197973302,0.00311
7/17/2022 1:30,1.854402264,0.00263
7/17/2022 1:45,2.274386724,0.00322
7/17/2022 2:00,2.040129891,0.00289
7/17/2022 2:15,2.122272296,0.00300
7/17/2022 2:30,2.054422543,0.00291
7/17/2022 2:45,2.069084133,0.00293
7/17/2022 3:00,1.784396741,0.00253
7/17/2022 3:15,2.122272296,0.00300
7/17/2022 3:30,2.182601442,0.00309
7/17/2022 3:45,2.495738106,0.00353
7/17/2022 4:00,2.048447863,0.00290
7/17/2022 4:15,2.107423121,0.00298
7/17/2022 4:30,1.672540375,0.00237
7/17/2022 4:45,2.333530299,0.00330
7/17/2022 5:00,1.854402264,0.00263
7/17/2022 5:15,1.8675294,0.00264
7/17/2022 5:30,2.040129891,0.00289
7/17/2022 5:45,2.197973302,0.00311
7/17/2022 6:00,2.306807946,0.00327
7/17/2022 6:15,1.946616715,0.00276
7/17/2022 6:30,2.048447863,0.00290
7/17/2022 6:45,2.012893376,0.00285
7/17/2022 7:00,1.909579783,0.00270
7/17/2022 7:15,2.273161265,0.00322
7/17/2022 7:30,2.273161265,0.00322
7/17/2022 7:45,2.067961052,0.00293
7/17/2022 8:00,1.914096599,0.00271
7/17/2022 8:15,2.106274868,0.00298
7/17/2022 8:30,1.959951552,0.00277
7/17/2022 8:45,1.946332858,0.00276
7/17/2022 9:00,2.039020906,0.00289
7/17/2022 9:15,1.914096599,0.00271
7/17/2022 9:30,2.181621337,0.00309
7/17/2022 9:45,1.862047112,0.00264
7/17/2022 10:00,2.02543946,0.00287
7/17/2022 10:15,2.011316888,0.00285
7/17/2022 10:30,2.034870242,0.00288
7/17/2022 10:45,2.011316888,0.00285
7/17/2022 11:00,1.964654279,0.00278
7/17/2022 11:15,2.011316888,0.00285
7/17/2022 11:30,2.094551523,0.00297
7/17/2022 11:45,1.70122229,0.00241
7/17/2022 12:00,1.862674946,0.00264
7/17/2022 12:15,1.888374975,0.00267
7/17/2022 12:30,1.823477784,0.00258
7/17/2022 12:45,1.739668452,0.00246
7/17/2022 13:00,1.875765281,0.00266
7/17/2022 13:15,1.953684002,0.00277
7/17/2022 13:30,1.90154943,0.00269
7/17/2022 13:45,2.08504803,0.00295
7/17/2022 14:00,1.792170095,0.00254
7/17/2022 14:15,1.780391673,0.00252
7/17/2022 14:30,1.680518833,0.00238
7/17/2022 14:45,1.944473849,0.00275
7/17/2022 15:00,1.576489454,0.00223
7/17/2022 15:15,1.739031716,0.00246
7/17/2022 15:30,1.534998592,0.00217
7/17/2022 15:45,1.878793543,0.00266
7/17/2022 16:00,1.895997141,0.00268
7/17/2022 16:15,1.665255134,0.00236
7/17/2022 16:30,1.660978911,0.00235
7/17/2022 16:45,1.535807635,0.00217
7/17/2022 17:00,1.574190947,0.00223
7/17/2022 17:15,1.56402335,0.00221
7/17/2022 17:30,1.465992531,0.00208
7/17/2022 17:45,1.42681711,0.00202
7/17/2022 18:00,1.417527588,0.00201
7/17/2022 18:15,1.436160233,0.00203
7/17/2022 18:30,1.465992531,0.00208
7/17/2022 18:45,1.576245789,0.00223
7/17/2022 19:00,1.576245789,0.00223
7/17/2022 19:15,1.42681711,0.00202
7/17/2022 19:30,1.417527588,0.00201
7/17/2022 19:45,1.56402335,0.00221
7/17/2022 20:00,1.740098209,0.00246
7/17/2022 20:15,1.534998592,0.00217
7/17/2022 20:30,1.566067071,0.00222
7/17/2022 20:45,1.52130453,0.00215
7/17/2022 21:00,1.531594421,0.00217
7/17/2022 21:15,1.424497789,0.00202
7/17/2022 21:30,1.531364094,0.00217
7/17/2022 21:45,1.689696637,0.00239
7/17/2022 22:00,1.801153997,0.00255
7/17/2022 22:15,1.582524486,0.00224
7/17/2022 22:30,1.655329758,0.00234
7/17/2022 22:45,1.744037258,0.00247
7/17/2022 23:00,1.539038335,0.00218
7/17/2022 23:15,1.662892351,0.00235
7/17/2022 23:30,1.750056989,0.00248
7/17/2022 23:45,1.65196927,0.00234
7/18/2022 0:00,1.797432782,0.00254
7/18/2022 0:15,1.835245359,0.00260
7/18/2022 0:30,1.785366454,0.00253
7/18/2022 0:45,1.785366454,0.00253
7/18/2022 1:00,1.618205036,0.00229
7/18/2022 1:15,1.618205036,0.00229
7/18/2022 1:30,1.618205036,0.00229
7/18/2022 1:45,1.575897374,0.00223
7/18/2022 2:00,1.928795954,0.00273
7/18/2022 2:15,1.750056989,0.00248
7/18/2022 2:30,1.797432782,0.00254
7/18/2022 2:45,1.750056989,0.00248
7/18/2022 3:00,1.785366454,0.00253
7/18/2022 3:15,1.757477634,0.00249
7/18/2022 3:30,1.636337792,0.00232
7/18/2022 3:45,1.89727806,0.00269
7/18/2022 4:00,1.769434305,0.00250
7/18/2022 4:15,1.789090451,0.00253
7/18/2022 4:30,1.757477634,0.00249
7/18/2022 4:45,1.91959641,0.00272
7/18/2022 5:00,1.777020486,0.00252
7/18/2022 5:15,1.905456284,0.00270
7/18/2022 5:30,1.902473485,0.00269
7/18/2022 5:45,2.223421467,0.00315
7/18/2022 6:00,1.915505441,0.00271
7/18/2022 6:15,1.96814675,0.00279
7/18/2022 6:30,1.618205036,0.00229
7/18/2022 6:45,1.878925835,0.00266
7/18/2022 7:00,1.865808563,0.00264
7/18/2022 7:15,2.123784777,0.00301
7/18/2022 7:30,1.928795954,0.00273
7/18/2022 7:45,1.738151011,0.00246
7/18/2022 8:00,1.738151011,0.00246
7/18/2022 8:15,1.995118472,0.00282
7/18/2022 8:30,1.823036901,0.00258
7/18/2022 8:45,1.575897374,0.00223
7/18/2022 9:00,1.981618334,0.00281
7/18/2022 9:15,2.123784777,0.00301
7/18/2022 9:30,1.785366454,0.00253
7/18/2022 9:45,1.878925835,0.00266
7/18/2022 10:00,1.607429967,0.00228
7/18/2022 10:15,1.981618334,0.00281
7/18/2022 10:30,1.684792829,0.00239
7/18/2022 10:45,1.67381037,0.00237
7/18/2022 11:00,1.87149262,0.00265
7/18/2022 11:15,1.995118472,0.00282
7/18/2022 11:30,2.075677928,0.00294
7/18/2022 11:45,1.935115721,0.00274
7/18/2022 12:00,1.995118472,0.00282
7/18/2022 12:15,1.752305449,0.00248
7/18/2022 12:30,1.752305449,0.00248
7/18/2022 12:45,1.704792638,0.00241
7/18/2022 13:00,1.823214422,0.00258
7/18/2022 13:15,1.851239347,0.00262
7/18/2022 13:30,1.609811921,0.00228
7/18/2022 13:45,1.850395012,0.00262
7/18/2022 14:00,1.667194528,0.00236
7/18/2022 14:15,1.664507675,0.00236
7/18/2022 14:30,1.603850812,0.00227
7/18/2022 14:45,1.603850812,0.00227
7/18/2022 15:00,1.602035855,0.00227
7/18/2022 15:15,1.668376396,0.00236
7/18/2022 15:30,1.761891709,0.00249
7/18/2022 15:45,1.683557674,0.00238
7/18/2022 16:00,1.522985279,0.00216
7/18/2022 16:15,1.509172586,0.00214
7/18/2022 16:30,1.540429451,0.00218
7/18/2022 16:45,1.475462843,0.00209
7/18/2022 17:00,1.391972272,0.00197
7/18/2022 17:15,1.618026407,0.00229
7/18/2022 17:30,1.398231579,0.00198
7/18/2022 17:45,1.536175489,0.00217
7/18/2022 18:00,1.114822705,0.00158
7/18/2022 18:15,1.21109807,0.00171
7/18/2022 18:30,1.276210783,0.00181
7/18/2022 18:45,1.342835953,0.00190
7/18/2022 19:00,1.307690093,0.00185
7/18/2022 19:15,1.553617233,0.00220
7/18/2022 19:30,1.456419897,0.00206
7/18/2022 19:45,1.386075609,0.00196
7/18/2022 20:00,1.389567319,0.00197
7/18/2022 20:15,1.235930815,0.00175
7/18/2022 20:30,1.516187758,0.00215
7/18/2022 20:45,1.344551876,0.00190
7/18/2022 21:00,1.533980981,0.00217
7/18/2022 21:15,1.44785374,0.00205
7/18/2022 21:30,1.341025622,0.00190
7/18/2022 21:45,1.65032029,0.00234
7/18/2022 22:00,1.475692894,0.00209
7/18/2022 22:15,1.533980981,0.00217
7/18/2022 22:30,1.466221843,0.00208
7/18/2022 22:45,1.417744881,0.00201
7/18/2022 23:00,1.676388957,0.00237
7/18/2022 23:15,1.696048877,0.00240
7/18/2022 23:30,1.308714525,0.00185
7/18/2022 23:45,1.65032029,0.00234
7/19/2022 0:00,1.710876172,0.00242
7/19/2022 0:15,1.630853552,0.00231
7/19/2022 0:30,1.630853552,0.00231
7/19/2022 0:45,1.506821044,0.00213
7/19/2022 1:00,1.620292188,0.00229
7/19/2022 1:15,1.466221843,0.00208
7/19/2022 1:30,1.53914888,0.00218
7/19/2022 1:45,1.702742542,0.00241
7/19/2022 2:00,1.799287065,0.00255
7/19/2022 2:15,1.65032029,0.00234
7/19/2022 2:30,1.593180746,0.00226
7/19/2022 2:45,1.779277013,0.00252
7/19/2022 3:00,1.681877777,0.00238
7/19/2022 3:15,1.834320253,0.00260
7/19/2022 3:30,1.574190947,0.00223
7/19/2022 3:45,1.56402335,0.00221
7/19/2022 4:00,1.408233778,0.00199
7/19/2022 4:15,1.680256784,0.00238
7/19/2022 4:30,1.465992531,0.00208
7/19/2022 4:45,1.74253427,0.00247
7/19/2022 5:00,1.56402335,0.00221
7/19/2022 5:15,1.56739513,0.00222
7/19/2022 5:30,1.731134817,0.00245
7/19/2022 5:45,1.368870965,0.00194
7/19/2022 6:00,1.609725766,0.00228
7/19/2022 6:15,1.788013608,0.00253
7/19/2022 6:30,1.602032085,0.00227
7/19/2022 6:45,1.490167089,0.00211
7/19/2022 7:00,1.463102741,0.00207
7/19/2022 7:15,1.531024869,0.00217
7/19/2022 7:30,1.657709532,0.00235
7/19/2022 7:45,1.647050571,0.00233
7/19/2022 8:00,1.453686058,0.00206
7/19/2022 8:15,1.647050571,0.00233
7/19/2022 8:30,1.513212232,0.00214
7/19/2022 8:45,1.672842311,0.00237
7/19/2022 9:00,1.637924342,0.00232
7/19/2022 9:15,1.593697984,0.00226
7/19/2022 9:30,1.761645583,0.00249
7/19/2022 9:45,1.358953571,0.00192
7/19/2022 10:00,1.258910425,0.00178
7/19/2022 10:15,1.672842311,0.00237
7/19/2022 10:30,1.478640395,0.00209
7/19/2022 10:45,1.478640395,0.00209
7/19/2022 11:00,1.440481134,0.00204
7/19/2022 11:15,1.714351051,0.00243
7/19/2022 11:30,1.495187124,0.00212
7/19/2022 11:45,1.760479077,0.00249
7/19/2022 12:00,1.540664474,0.00218
7/19/2022 12:15,1.622269705,0.00230
7/19/2022 12:30,1.633845571,0.00231
7/19/2022 12:45,1.714351051,0.00243
7/19/2022 13:00,1.78319972,0.00252
7/19/2022 13:15,1.601799092,0.00227
7/19/2022 13:30,1.431704253,0.00203
7/19/2022 13:45,1.591539511,0.00225
7/19/2022 14:00,1.367191059,0.00194
7/19/2022 14:15,1.384333221,0.00196
7/19/2022 14:30,1.346551991,0.00191
7/19/2022 14:45,1.353015428,0.00192
7/19/2022 15:00,1.259038669,0.00178
7/19/2022 15:15,1.276210783,0.00181
7/19/2022 15:30,1.359865707,0.00193
7/19/2022 15:45,1.386573272,0.00196
7/19/2022 16:00,1.467202012,0.00208
7/19/2022 16:15,1.190604027,0.00169
7/19/2022 16:30,1.128577115,0.00160
7/19/2022 16:45,1.322125185,0.00187
7/19/2022 17:00,1.322125185,0.00187
7/19/2022 17:15,1.098370101,0.00155
7/19/2022 17:30,1.121419269,0.00159
7/19/2022 17:45,1.166037349,0.00165
7/19/2022 18:00,1.222079672,0.00173
7/19/2022 18:15,1.145576717,0.00162
7/19/2022 18:30,1.281274011,0.00181
7/19/2022 18:45,1.160679712,0.00164
7/19/2022 19:00,1.259783604,0.00178
7/19/2022 19:15,1.458695862,0.00207
7/19/2022 19:30,1.320504704,0.00187
7/19/2022 19:45,1.312347519,0.00186
7/19/2022 20:00,1.320504704,0.00187
7/19/2022 20:15,1.178165329,0.00167
7/19/2022 20:30,1.279065268,0.00181
7/19/2022 20:45,1.324496217,0.00188
7/19/2022 21:00,1.342835953,0.00190
7/19/2022 21:15,1.292394262,0.00183
7/19/2022 21:30,1.317536947,0.00187
7/19/2022 21:45,1.098571362,0.00156
7/19/2022 22:00,1.391972272,0.00197
7/19/2022 22:15,1.248851027,0.00177
7/19/2022 22:30,1.41980654,0.00201
7/19/2022 22:45,1.351651978,0.00191
7/19/2022 23:00,1.41980654,0.00201
7/19/2022 23:15,1.254419321,0.00178
7/19/2022 23:30,1.519849036,0.00215
7/19/2022 23:45,1.349011352,0.00191
7/20/2022 0:00,1.502819172,0.00213
7/20/2022 0:15,1.36017276,0.00193
7/20/2022 0:30,1.538996632,0.00218
7/20/2022 0:45,1.393005664,0.00197
7/20/2022 1:00,1.512436309,0.00214
7/20/2022 1:15,1.5848301,0.00224
7/20/2022 1:30,1.538996632,0.00218
7/20/2022 1:45,1.431704253,0.00203
7/20/2022 2:00,1.553617233,0.00220
7/20/2022 2:15,1.553617233,0.00220
7/20/2022 2:30,1.262335119,0.00179
7/20/2022 2:45,1.676126927,0.00237
7/20/2022 3:00,1.502819172,0.00213
7/20/2022 3:15,1.41980654,0.00201
7/20/2022 3:30,1.391972272,0.00197
7/20/2022 3:45,1.550289857,0.00219
7/20/2022 4:00,1.394935237,0.00197
7/20/2022 4:15,1.422728434,0.00201
7/20/2022 4:30,1.550289857,0.00219
7/20/2022 4:45,1.407340211,0.00199
7/20/2022 5:00,1.361812196,0.00193
7/20/2022 5:15,1.687158105,0.00239
7/20/2022 5:30,1.452288318,0.00206
7/20/2022 5:45,1.725412926,0.00244
7/20/2022 6:00,1.725412926,0.00244
7/20/2022 6:15,1.55052563,0.00220
7/20/2022 6:30,1.513212232,0.00214
7/20/2022 6:45,1.440481134,0.00204
7/20/2022 7:00,1.551134551,0.00220
7/20/2022 7:15,1.571442588,0.00222
7/20/2022 7:30,1.431436876,0.00203
7/20/2022 7:45,1.393518275,0.00197
7/20/2022 8:00,1.571442588,0.00222
7/20/2022 8:15,1.551134551,0.00220
7/20/2022 8:30,1.465161006,0.00207
7/20/2022 8:45,1.63851693,0.00232
7/20/2022 9:00,1.471346358,0.00208
7/20/2022 9:15,1.850395012,0.00262
7/20/2022 9:30,1.471346358,0.00208
7/20/2022 9:45,1.63851693,0.00232
7/20/2022 10:00,1.550348597,0.00219
7/20/2022 10:15,1.811451139,0.00256
7/20/2022 10:30,1.63851693,0.00232
7/20/2022 10:45,1.431436876,0.00203
7/20/2022 11:00,1.593697984,0.00226
7/20/2022 11:15,1.537169919,0.00218
7/20/2022 11:30,1.517545969,0.00215
7/20/2022 11:45,1.521741309,0.00215
7/20/2022 12:00,1.403040983,0.00199
7/20/2022 12:15,1.466369314,0.00208
7/20/2022 12:30,1.403040983,0.00199
7/20/2022 12:45,1.466012486,0.00208
7/20/2022 13:00,1.644240399,0.00233
7/20/2022 13:15,1.506672801,0.00213
7/20/2022 13:30,1.337338443,0.00189
7/20/2022 13:45,1.484918771,0.00210
7/20/2022 14:00,1.736507661,0.00246
7/20/2022 14:15,1.761891709,0.00249
7/20/2022 14:30,1.725412926,0.00244
7/20/2022 14:45,1.641475668,0.00232
7/20/2022 15:00,1.761891709,0.00249
7/20/2022 15:15,1.442766741,0.00204
7/20/2022 15:30,1.492068774,0.00211
7/20/2022 15:45,1.482167415,0.00210
7/20/2022 16:00,1.424038605,0.00202
7/20/2022 16:15,1.54197938,0.00218
7/20/2022 16:30,1.671698526,0.00237
7/20/2022 16:45,1.558548109,0.00221
7/20/2022 17:00,1.576904474,0.00223
7/20/2022 17:15,1.435951664,0.00203
7/20/2022 17:30,1.512455565,0.00214
7/20/2022 17:45,1.641217654,0.00232
7/20/2022 18:00,1.576904474,0.00223
7/20/2022 18:15,1.544740195,0.00219
7/20/2022 18:30,1.712106797,0.00242
7/20/2022 18:45,1.469776172,0.00208
7/20/2022 19:00,1.364746405,0.00193
7/20/2022 19:15,1.324496217,0.00188
7/20/2022 19:30,1.475296704,0.00209
7/20/2022 19:45,1.544740195,0.00219
7/20/2022 20:00,1.544740195,0.00219
7/20/2022 20:15,1.435951664,0.00203
7/20/2022 20:30,1.333996816,0.00189
7/20/2022 20:45,1.639041742,0.00232
7/20/2022 21:00,1.364253652,0.00193
7/20/2022 21:15,1.202721837,0.00170
7/20/2022 21:30,1.442766741,0.00204
7/20/2022 21:45,1.475692894,0.00209
7/20/2022 22:00,1.459277483,0.00207
7/20/2022 22:15,1.482167415,0.00210
7/20/2022 22:30,1.402442128,0.00199
7/20/2022 22:45,1.551134551,0.00220
7/20/2022 23:00,1.41161068,0.00200
7/20/2022 23:15,1.561151101,0.00221
7/20/2022 23:30,1.519068681,0.00215
7/20/2022 23:45,1.509188275,0.00214
7/21/2022 0:00,1.440481134,0.00204
7/21/2022 0:15,1.667194528,0.00236
7/21/2022 0:30,1.402442128,0.00199
7/21/2022 0:45,1.292764595,0.00183
7/21/2022 1:00,1.373994186,0.00195
7/21/2022 1:15,1.301033642,0.00184
7/21/2022 1:30,1.561151101,0.00221
7/21/2022 1:45,1.322717802,0.00187
7/21/2022 2:00,1.367657076,0.00194
7/21/2022 2:15,1.522985279,0.00216
7/21/2022 2:30,1.379647502,0.00195
7/21/2022 2:45,1.442766741,0.00204
7/21/2022 3:00,1.404859694,0.00199
7/21/2022 3:15,1.299069704,0.00184
7/21/2022 3:30,1.475692894,0.00209
7/21/2022 3:45,1.43637895,0.00203
7/21/2022 4:00,1.516422114,0.00215
7/21/2022 4:15,1.433254977,0.00203
7/21/2022 4:30,1.442766741,0.00204
7/21/2022 4:45,1.408002591,0.00199
7/21/2022 5:00,1.42681711,0.00202
7/21/2022 5:15,1.472723912,0.00208
7/21/2022 5:30,1.386210597,0.00196
7/21/2022 5:45,1.54197938,0.00218
7/21/2022 6:00,1.298874233,0.00184
7/21/2022 6:15,1.414923743,0.00200
7/21/2022 6:30,1.317102404,0.00186
7/21/2022 6:45,1.586907315,0.00225
7/21/2022 7:00,1.630853552,0.00231
7/21/2022 7:15,1.620292188,0.00229
7/21/2022 7:30,1.595169812,0.00226
7/21/2022 7:45,1.475692894,0.00209
7/21/2022 8:00,1.299069704,0.00184
7/21/2022 8:15,1.574438555,0.00223
7/21/2022 8:30,1.404859694,0.00199
7/21/2022 8:45,1.433254977,0.00203
7/21/2022 9:00,1.405437017,0.00199
7/21/2022 9:15,1.358459999,0.00192
7/21/2022 9:30,1.367343877,0.00194
7/21/2022 9:45,1.269280213,0.00180
7/21/2022 10:00,1.334202383,0.00189
7/21/2022 10:15,1.52628324,0.00216
7/21/2022 10:30,1.630853552,0.00231
7/21/2022 10:45,1.370594062,0.00194
7/21/2022 11:00,1.303518646,0.00185
7/21/2022 11:15,1.298006292,0.00184
7/21/2022 11:30,1.377449153,0.00195
7/21/2022 11:45,1.437837369,0.00204
7/21/2022 12:00,1.424038605,0.00202
7/21/2022 12:15,1.531891482,0.00217
7/21/2022 12:30,1.433400682,0.00203
7/21/2022 12:45,1.37038468,0.00194
7/21/2022 13:00,1.485190097,0.00210
7/21/2022 13:15,1.605263809,0.00227
7/21/2022 13:30,1.368739575,0.00194
7/21/2022 13:45,1.475296704,0.00209
7/21/2022 14:00,1.398231579,0.00198
7/21/2022 14:15,1.333254111,0.00189
7/21/2022 14:30,1.323300655,0.00187
7/21/2022 14:45,1.295399213,0.00183
7/21/2022 15:00,1.501841838,0.00213
7/21/2022 15:15,1.395314937,0.00198
7/21/2022 15:30,1.502639283,0.00213
7/21/2022 15:45,1.463234078,0.00207
7/21/2022 16:00,1.373603911,0.00194
7/21/2022 16:15,1.515959919,0.00215
7/21/2022 16:30,1.631210305,0.00231
7/21/2022 16:45,1.319594438,0.00187
7/21/2022 17:00,1.469776172,0.00208
7/21/2022 17:15,1.427388269,0.00202
7/21/2022 17:30,1.392954026,0.00197
7/21/2022 17:45,1.284266089,0.00182
7/21/2022 18:00,1.302834257,0.00184
7/21/2022 18:15,1.31101969,0.00186
7/21/2022 18:30,1.460145036,0.00207
7/21/2022 18:45,1.319393197,0.00187
7/21/2022 19:00,1.296144539,0.00183
7/21/2022 19:15,1.578707149,0.00223
7/21/2022 19:30,1.284266089,0.00182
7/21/2022 19:45,1.421212418,0.00201
7/21/2022 20:00,1.469776172,0.00208
7/21/2022 20:15,1.417329089,0.00201
7/21/2022 20:30,1.443437937,0.00204
7/21/2022 20:45,1.310501102,0.00186
7/21/2022 21:00,1.296144539,0.00183
7/21/2022 21:15,1.465730666,0.00207
7/21/2022 21:30,1.192320194,0.00169
7/21/2022 21:45,1.435951664,0.00203
7/21/2022 22:00,1.341025622,0.00190
7/21/2022 22:15,1.182056463,0.00167
7/21/2022 22:30,1.325333178,0.00188
7/21/2022 22:45,1.221833366,0.00173
7/21/2022 23:00,1.182056463,0.00167
7/21/2022 23:15,1.391864509,0.00197
7/21/2022 23:30,1.391864509,0.00197
7/21/2022 23:45,1.333996816,0.00189
7/22/2022 0:00,1.333996816,0.00189
7/22/2022 0:15,1.237669413,0.00175
7/22/2022 0:30,1.333996816,0.00189
7/22/2022 0:45,1.315979634,0.00186
7/22/2022 1:00,1.21109807,0.00171
7/22/2022 1:15,1.601709558,0.00227
7/22/2022 1:30,1.558548109,0.00221
7/22/2022 1:45,1.516187758,0.00215
7/22/2022 2:00,1.453010477,0.00206
7/22/2022 2:15,1.539494108,0.00218
7/22/2022 2:30,1.426514256,0.00202
7/22/2022 2:45,1.507956838,0.00213
7/22/2022 3:00,1.435951664,0.00203
7/22/2022 3:15,1.517596777,0.00215
7/22/2022 3:30,1.337172027,0.00189
7/22/2022 3:45,1.388658542,0.00197
7/22/2022 4:00,1.621520215,0.00230
7/22/2022 4:15,1.426514256,0.00202
7/22/2022 4:30,1.507520632,0.00213
7/22/2022 4:45,1.397970095,0.00198
7/22/2022 5:00,1.434116906,0.00203
7/22/2022 5:15,1.39570382,0.00198
7/22/2022 5:30,1.538842515,0.00218
7/22/2022 5:45,1.359254692,0.00192
7/22/2022 6:00,1.287845252,0.00182
7/22/2022 6:15,1.379596268,0.00195
7/22/2022 6:30,1.284984355,0.00182
7/22/2022 6:45,1.417329089,0.00201
7/22/2022 7:00,1.258314643,0.00178
7/22/2022 7:15,1.410319582,0.00200
7/22/2022 7:30,1.361603487,0.00193
7/22/2022 7:45,1.290325596,0.00183
7/22/2022 8:00,1.298874233,0.00184
7/22/2022 8:15,1.273427041,0.00180
7/22/2022 8:30,1.355355947,0.00192
7/22/2022 8:45,1.346691735,0.00191
7/22/2022 9:00,1.433400682,0.00203
7/22/2022 9:15,1.362235161,0.00193
7/22/2022 9:30,1.364253652,0.00193
7/22/2022 9:45,1.227219158,0.00174
7/22/2022 10:00,1.509172586,0.00214
7/22/2022 10:15,1.364253652,0.00193
7/22/2022 10:30,1.270464475,0.00180
7/22/2022 10:45,1.229645835,0.00174
7/22/2022 11:00,1.289650329,0.00183
7/22/2022 11:15,1.361603487,0.00193
7/22/2022 11:30,1.361603487,0.00193
7/22/2022 11:45,1.368935045,0.00194
7/22/2022 12:00,1.292394262,0.00183
7/22/2022 12:15,1.262335119,0.00179
7/22/2022 12:30,1.270464475,0.00180
7/22/2022 12:45,1.475462843,0.00209
7/22/2022 13:00,1.417329089,0.00201
7/22/2022 13:15,1.353053642,0.00192
7/22/2022 13:30,1.424038605,0.00202
7/22/2022 13:45,1.620292188,0.00229
7/22/2022 14:00,1.979473906,0.00280
7/22/2022 14:15,1.694536851,0.00240
7/22/2022 14:30,1.70576518,0.00241
7/22/2022 14:45,1.881914129,0.00266
7/22/2022 15:00,1.826184054,0.00259
7/22/2022 15:15,1.665621036,0.00236
7/22/2022 15:30,1.789128724,0.00253
7/22/2022 15:45,1.881914129,0.00266
7/22/2022 16:00,2.050718782,0.00290
7/22/2022 16:15,1.835618102,0.00260
7/22/2022 16:30,2.036775957,0.00288
7/22/2022 16:45,1.701116858,0.00241
7/22/2022 17:00,1.947604835,0.00276
7/22/2022 17:15,1.972395239,0.00279
7/22/2022 17:30,1.801145311,0.00255
7/22/2022 17:45,1.843490697,0.00261
7/22/2022 18:00,1.622498049,0.00230
7/22/2022 18:15,1.743588761,0.00247
7/22/2022 18:30,1.66662756,0.00236
7/22/2022 18:45,1.79417896,0.00254
7/22/2022 19:00,1.714683498,0.00243
7/22/2022 19:15,1.588175015,0.00225
7/22/2022 19:30,1.539494108,0.00218
7/22/2022 19:45,1.435951664,0.00203
7/22/2022 20:00,1.576904474,0.00223
7/22/2022 20:15,1.549555563,0.00219
7/22/2022 20:30,1.549555563,0.00219
7/22/2022 20:45,1.421212418,0.00201
7/22/2022 21:00,1.311220292,0.00186
7/22/2022 21:15,1.581246206,0.00224
7/22/2022 21:30,1.253640459,0.00177
7/22/2022 21:45,1.379596268,0.00195
7/22/2022 22:00,1.292570365,0.00183
7/22/2022 22:15,1.417329089,0.00201
7/22/2022 22:30,1.465992531,0.00208
7/22/2022 22:45,1.472526435,0.00208
7/22/2022 23:00,1.509172586,0.00214
7/22/2022 23:15,1.301906274,0.00184
7/22/2022 23:30,1.398723963,0.00198
7/22/2022 23:45,1.424038605,0.00202
7/23/2022 0:00,1.229645835,0.00174
7/23/2022 0:15,1.316898158,0.00186
7/23/2022 0:30,1.410319582,0.00200
7/23/2022 0:45,1.558548109,0.00221
7/23/2022 1:00,1.37038468,0.00194
7/23/2022 1:15,1.439438146,0.00204
7/23/2022 1:30,1.359865707,0.00193
7/23/2022 1:45,1.315979634,0.00186
7/23/2022 2:00,1.379596268,0.00195
7/23/2022 2:15,1.576904474,0.00223
7/23/2022 2:30,1.465730666,0.00207
7/23/2022 2:45,1.328432965,0.00188
7/23/2022 3:00,1.379596268,0.00195
7/23/2022 3:15,1.426514256,0.00202
7/23/2022 3:30,1.534574191,0.00217
7/23/2022 3:45,1.439438146,0.00204
7/23/2022 4:00,1.435951664,0.00203
7/23/2022 4:15,1.258314643,0.00178
7/23/2022 4:30,1.417329089,0.00201
7/23/2022 4:45,1.426514256,0.00202
7/23/2022 5:00,1.534574191,0.00217
7/23/2022 5:15,1.544740195,0.00219
7/23/2022 5:30,1.426514256,0.00202
7/23/2022 5:45,1.587209506,0.00225
7/23/2022 6:00,1.189562025,0.00168
7/23/2022 6:15,1.258314643,0.00178
7/23/2022 6:30,1.558548109,0.00221
7/23/2022 6:45,1.290325596,0.00183
7/23/2022 7:00,1.290325596,0.00183
7/23/2022 7:15,1.475462843,0.00209
7/23/2022 7:30,1.325333178,0.00188
7/23/2022 7:45,1.424038605,0.00202
7/23/2022 8:00,1.278820744,0.00181
7/23/2022 8:15,1.282002902,0.00181
7/23/2022 8:30,1.485190097,0.00210
7/23/2022 8:45,1.221833366,0.00173
7/23/2022 9:00,1.361603487,0.00193
7/23/2022 9:15,1.305543585,0.00185
7/23/2022 9:30,1.130758407,0.00160
7/23/2022 9:45,1.322218809,0.00187
7/23/2022 10:00,1.251486901,0.00177
7/23/2022 10:15,1.131466951,0.00160
7/23/2022 10:30,1.401911875,0.00198
7/23/2022 10:45,1.292570365,0.00183
7/23/2022 11:00,1.516187758,0.00215
7/23/2022 11:15,1.431704253,0.00203
7/23/2022 11:30,1.227195073,0.00174
7/23/2022 11:45,1.343160013,0.00190
7/23/2022 12:00,1.334378016,0.00189
7/23/2022 12:15,1.26523529,0.00179
7/23/2022 12:30,1.370081023,0.00194
7/23/2022 12:45,1.30007407,0.00184
7/23/2022 13:00,1.165875829,0.00165
7/23/2022 13:15,1.135687836,0.00161
7/23/2022 13:30,1.172633674,0.00166
7/23/2022 13:45,1.088641017,0.00154
7/23/2022 14:00,1.10050671,0.00156
7/23/2022 14:15,1.167353625,0.00165
7/23/2022 14:30,1.246383713,0.00176
7/23/2022 14:45,1.191058233,0.00169
7/23/2022 15:00,1.152636211,0.00163
7/23/2022 15:15,1.10050671,0.00156
7/23/2022 15:30,1.045952453,0.00148
7/23/2022 15:45,1.037805206,0.00147
7/23/2022 16:00,1.049570588,0.00149
7/23/2022 16:15,1.074627738,0.00152
7/23/2022 16:30,1.061099821,0.00150
7/23/2022 16:45,1.018490677,0.00144
7/23/2022 17:00,0.979850791,0.00139
7/23/2022 17:15,1.091848342,0.00155
7/23/2022 17:30,1.118405482,0.00158
7/23/2022 17:45,1.130205236,0.00160
7/23/2022 18:00,1.037295708,0.00147
7/23/2022 18:15,1.073714099,0.00152
7/23/2022 18:30,1.119834997,0.00159
7/23/2022 18:45,1.183526762,0.00168
7/23/2022 19:00,1.16073449,0.00164
7/23/2022 19:15,1.186044756,0.00168
7/23/2022 19:30,1.09737962,0.00155
7/23/2022 19:45,1.185501961,0.00168
7/23/2022 20:00,1.10451467,0.00156
7/23/2022 20:15,1.09737962,0.00155
7/23/2022 20:30,1.066866729,0.00151
7/23/2022 20:45,1.32875647,0.00188
7/23/2022 21:00,1.095546858,0.00155
7/23/2022 21:15,1.201758584,0.00170
7/23/2022 21:30,1.168238422,0.00165
7/23/2022 21:45,1.135819141,0.00161
7/23/2022 22:00,1.141339572,0.00162
7/23/2022 22:15,1.158410569,0.00164
7/23/2022 22:30,1.367258574,0.00194
7/23/2022 22:45,1.30200001,0.00184
7/23/2022 23:00,1.200095999,0.00170
7/23/2022 23:15,1.224629588,0.00173
7/23/2022 23:30,1.262550157,0.00179
7/23/2022 23:45,1.138899393,0.00161
7/24/2022 0:00,1.15687856,0.00164
7/24/2022 0:15,1.138690746,0.00161
7/24/2022 0:30,1.102417016,0.00156
7/24/2022 0:45,1.333996816,0.00189
7/24/2022 1:00,1.221833366,0.00173
7/24/2022 1:15,1.392664255,0.00197
7/24/2022 1:30,1.353320606,0.00192
7/24/2022 1:45,1.545278676,0.00219
7/24/2022 2:00,1.620292188,0.00229
7/24/2022 2:15,1.545278676,0.00219
7/24/2022 2:30,1.763446155,0.00250
7/24/2022 2:45,1.505085536,0.00213
7/24/2022 3:00,1.401989363,0.00198
7/24/2022 3:15,1.630596374,0.00231
7/24/2022 3:30,1.497590697,0.00212
7/24/2022 3:45,1.426514256,0.00202
7/24/2022 4:00,1.558548109,0.00221
7/24/2022 4:15,1.574190947,0.00223
7/24/2022 4:30,1.42681711,0.00202
7/24/2022 4:45,1.574190947,0.00223
7/24/2022 5:00,1.584416945,0.00224
7/24/2022 5:15,1.545883251,0.00219
7/24/2022 5:30,1.584416945,0.00224
7/24/2022 5:45,1.433254977,0.00203
7/24/2022 6:00,1.475692894,0.00209
7/24/2022 6:15,1.475692894,0.00209
7/24/2022 6:30,1.475692894,0.00209
7/24/2022 6:45,1.630853552,0.00231
7/24/2022 7:00,1.370594062,0.00194
7/24/2022 7:15,1.586907315,0.00225
7/24/2022 7:30,1.475692894,0.00209
7/24/2022 7:45,1.516422114,0.00215
7/24/2022 8:00,1.433254977,0.00203
7/24/2022 8:15,1.499677403,0.00212
7/24/2022 8:30,1.392182225,0.00197
7/24/2022 8:45,1.404859694,0.00199
7/24/2022 9:00,1.267070655,0.00179
7/24/2022 9:15,1.402442128,0.00199
7/24/2022 9:30,1.519068681,0.00215
7/24/2022 9:45,1.393518275,0.00197
7/24/2022 10:00,1.519068681,0.00215
7/24/2022 10:15,1.449772993,0.00205
7/24/2022 10:30,1.571442588,0.00222
7/24/2022 10:45,1.519068681,0.00215
7/24/2022 11:00,1.335098803,0.00189
7/24/2022 11:15,1.275462129,0.00181
7/24/2022 11:30,1.322717802,0.00187
7/24/2022 11:45,1.533021825,0.00217
7/24/2022 12:00,1.298194408,0.00184
7/24/2022 12:15,1.55052563,0.00220
7/24/2022 12:30,1.447231599,0.00205
7/24/2022 12:45,1.560415825,0.00221
7/24/2022 13:00,1.163163109,0.00165
7/24/2022 13:15,1.323062635,0.00187
7/24/2022 13:30,1.425662538,0.00202
7/24/2022 13:45,1.431704253,0.00203
7/24/2022 14:00,1.229645835,0.00174
7/24/2022 14:15,1.229645835,0.00174
7/24/2022 14:30,1.317536947,0.00187
7/24/2022 14:45,1.091346281,0.00154
7/24/2022 15:00,1.351235977,0.00191
7/24/2022 15:15,1.392469025,0.00197
7/24/2022 15:30,1.469776172,0.00208
7/24/2022 15:45,1.195697161,0.00169
7/24/2022 16:00,1.316793921,0.00186
7/24/2022 16:15,1.316793921,0.00186
7/24/2022 16:30,1.360709306,0.00193
7/24/2022 16:45,1.23062635,0.00174
7/24/2022 17:00,1.167353625,0.00165
7/24/2022 17:15,1.246383713,0.00176
7/24/2022 17:30,1.320266183,0.00187
7/24/2022 17:45,1.191115748,0.00169
7/24/2022 18:00,1.211429794,0.00171
7/24/2022 18:15,1.366388469,0.00193
7/24/2022 18:30,1.326129951,0.00188
7/24/2022 18:45,1.219252385,0.00173
7/24/2022 19:00,1.018490677,0.00144
7/24/2022 19:15,1.191153045,0.00169
7/24/2022 19:30,0.968455884,0.00137
7/24/2022 19:45,0.986998911,0.00140
7/24/2022 20:00,0.888473123,0.00126
7/24/2022 20:15,1.01195782,0.00143
7/24/2022 20:30,0.980719713,0.00139
7/24/2022 20:45,1.083261259,0.00153
7/24/2022 21:00,1.135819141,0.00161
7/24/2022 21:15,0.996078368,0.00141
7/24/2022 21:30,1.000447966,0.00142
7/24/2022 21:45,1.04792098,0.00148
7/24/2022 22:00,0.995621587,0.00141
7/24/2022 22:15,1.243348771,0.00176
7/24/2022 22:30,1.593882291,0.00226
7/24/2022 22:45,1.340123206,0.00190
7/24/2022 23:00,1.648737235,0.00233
7/24/2022 23:15,1.659842459,0.00235
7/24/2022 23:30,1.325333178,0.00188
7/24/2022 23:45,1.194875393,0.00169
7/25/2022 0:00,1.262335119,0.00179
7/25/2022 0:15,1.197270798,0.00169
7/25/2022 0:30,1.278871448,0.00181
7/25/2022 0:45,1.262335119,0.00179
7/25/2022 1:00,1.189562025,0.00168
7/25/2022 1:15,1.197270798,0.00169
7/25/2022 1:30,1.290325596,0.00183
7/25/2022 1:45,1.37038468,0.00194
7/25/2022 2:00,1.398231579,0.00198
7/25/2022 2:15,1.325333178,0.00188
7/25/2022 2:30,1.258314643,0.00178
7/25/2022 2:45,1.258314643,0.00178
7/25/2022 3:00,1.251486901,0.00177
7/25/2022 3:15,1.292570365,0.00183
7/25/2022 3:30,1.219483762,0.00173
7/25/2022 3:45,1.224629588,0.00173
7/25/2022 4:00,1.328432965,0.00188
7/25/2022 4:15,1.364746405,0.00193
7/25/2022 4:30,1.257250906,0.00178
7/25/2022 4:45,1.146333247,0.00162
7/25/2022 5:00,1.220246256,0.00173
7/25/2022 5:15,1.339918363,0.00190
7/25/2022 5:30,1.232509873,0.00174
7/25/2022 5:45,1.215090933,0.00172
7/25/2022 6:00,1.287118513,0.00182
7/25/2022 6:15,1.019809064,0.00144
7/25/2022 6:30,1.134044083,0.00161
7/25/2022 6:45,1.26523529,0.00179
7/25/2022 7:00,1.224629588,0.00173
7/25/2022 7:15,1.254375293,0.00178
7/25/2022 7:30,1.254375293,0.00178
7/25/2022 7:45,1.160846677,0.00164
7/25/2022 8:00,1.109755045,0.00157
7/25/2022 8:15,1.333254111,0.00189
7/25/2022 8:30,1.170574521,0.00166
7/25/2022 8:45,1.147050779,0.00162
7/25/2022 9:00,1.065695607,0.00151
7/25/2022 9:15,1.04792098,0.00148
7/25/2022 9:30,1.246425303,0.00176
7/25/2022 9:45,1.065695607,0.00151
7/25/2022 10:00,1.396182238,0.00198
7/25/2022 10:15,1.287118513,0.00182
7/25/2022 10:30,1.126948987,0.00160
7/25/2022 10:45,1.153489008,0.00163
7/25/2022 11:00,1.175905172,0.00166
7/25/2022 11:15,1.134044083,0.00161
7/25/2022 11:30,1.257250906,0.00178
7/25/2022 11:45,1.04792098,0.00148
7/25/2022 12:00,1.134044083,0.00161
7/25/2022 12:15,1.153489008,0.00163
7/25/2022 12:30,1.065695607,0.00151
7/25/2022 12:45,1.222267003,0.00173
7/25/2022 13:00,1.165029743,0.00165
7/25/2022 13:15,1.063483943,0.00151
7/25/2022 13:30,1.065540426,0.00151
7/25/2022 13:45,1.246383713,0.00176
7/25/2022 14:00,0.92207293,0.00131
7/25/2022 14:15,1.311998912,0.00186
7/25/2022 14:30,1.135788415,0.00161
7/25/2022 14:45,0.929271671,0.00132
7/25/2022 15:00,1.007225753,0.00143
7/25/2022 15:15,1.04485696,0.00148
7/25/2022 15:30,0.978726237,0.00139
7/25/2022 15:45,0.924081631,0.00131
7/25/2022 16:00,1.034778165,0.00146
7/25/2022 16:15,0.886361226,0.00125
7/25/2022 16:30,0.946315998,0.00134
7/25/2022 16:45,1.053001969,0.00149
7/25/2022 17:00,1.008203391,0.00143
7/25/2022 17:15,0.924982454,0.00131
7/25/2022 17:30,0.951775255,0.00135
7/25/2022 17:45,1.047881296,0.00148
7/25/2022 18:00,0.840595576,0.00119
7/25/2022 18:15,0.830570941,0.00118
7/25/2022 18:30,1.061180212,0.00150
7/25/2022 18:45,1.030916133,0.00146
7/25/2022 19:00,0.954361891,0.00135
7/25/2022 19:15,0.9130891,0.00129
7/25/2022 19:30,0.923519864,0.00131
7/25/2022 19:45,1.007225753,0.00143
7/25/2022 20:00,1.09737962,0.00155
7/25/2022 20:15,1.007225753,0.00143
7/25/2022 20:30,1.153328118,0.00163
7/25/2022 20:45,1.091351667,0.00154
7/25/2022 21:00,1.220246256,0.00173
7/25/2022 21:15,1.529659359,0.00217
7/25/2022 21:30,1.653182161,0.00234
7/25/2022 21:45,2.094974845,0.00297
7/25/2022 22:00,2.46494678,0.00349
7/25/2022 22:15,2.220337687,0.00314
7/25/2022 22:30,2.422056028,0.00343
7/25/2022 22:45,2.611444735,0.00370
7/25/2022 23:00,2.32222565,0.00329
7/25/2022 23:15,2.386343232,0.00338
7/25/2022 23:30,2.753782281,0.00390
7/25/2022 23:45,2.820392465,0.00399
7/26/2022 0:00,3.015136215,0.00427
7/26/2022 0:15,3.278393779,0.00464
7/26/2022 0:30,3.597070275,0.00509
7/26/2022 0:45,3.230760682,0.00457
7/26/2022 1:00,2.767217617,0.00392
7/26/2022 1:15,2.692716499,0.00381
7/26/2022 1:30,3.597070275,0.00509
7/26/2022 1:45,2.696141299,0.00382
7/26/2022 2:00,2.577138743,0.00365
7/26/2022 2:15,2.355370841,0.00333
7/26/2022 2:30,2.371976078,0.00336
7/26/2022 2:45,2.434525911,0.00345
7/26/2022 3:00,2.693518276,0.00381
7/26/2022 3:15,2.451782898,0.00347
7/26/2022 3:30,2.214473288,0.00313
7/26/2022 3:45,2.051380751,0.00290
7/26/2022 4:00,1.899483073,0.00269
7/26/2022 4:15,2.089641589,0.00296
7/26/2022 4:30,1.951153128,0.00276
7/26/2022 4:45,1.929569312,0.00273
7/26/2022 5:00,1.964570624,0.00278
7/26/2022 5:15,1.576549448,0.00223
7/26/2022 5:30,1.798161264,0.00255
7/26/2022 5:45,1.669011384,0.00236
7/26/2022 6:00,1.654745295,0.00234
7/26/2022 6:15,1.701080088,0.00241
7/26/2022 6:30,1.732753735,0.00245
7/26/2022 6:45,1.701080088,0.00241
7/26/2022 7:00,1.552628952,0.00220
7/26/2022 7:15,1.539494108,0.00218
7/26/2022 7:30,1.434116906,0.00203
7/26/2022 7:45,1.379596268,0.00195
7/26/2022 8:00,1.315979634,0.00186
7/26/2022 8:15,1.62076318,0.00229
7/26/2022 8:30,1.587209506,0.00225
7/26/2022 8:45,1.558548109,0.00221
7/26/2022 9:00,1.408276291,0.00199
7/26/2022 9:15,1.426514256,0.00202
7/26/2022 9:30,1.315979634,0.00186
7/26/2022 9:45,1.465730666,0.00207
7/26/2022 10:00,1.211810248,0.00172
7/26/2022 10:15,1.34953744,0.00191
7/26/2022 10:30,1.351235977,0.00191
7/26/2022 10:45,1.456419897,0.00206
7/26/2022 11:00,1.465730666,0.00207
7/26/2022 11:15,1.535471162,0.00217
7/26/2022 11:30,1.342835953,0.00190
7/26/2022 11:45,1.342835953,0.00190
7/26/2022 12:00,1.251002906,0.00177
7/26/2022 12:15,1.243230704,0.00176
7/26/2022 12:30,1.351235977,0.00191
7/26/2022 12:45,1.153489008,0.00163
7/26/2022 13:00,1.088824333,0.00154
7/26/2022 13:15,1.212567567,0.00172
7/26/2022 13:30,1.086582803,0.00154
7/26/2022 13:45,1.173159512,0.00166
7/26/2022 14:00,1.246565073,0.00176
7/26/2022 14:15,1.129228236,0.00160
7/26/2022 14:30,1.058712069,0.00150
7/26/2022 14:45,1.135819141,0.00161
7/26/2022 15:00,1.005599598,0.00142
7/26/2022 15:15,1.130757367,0.00160
7/26/2022 15:30,1.183569321,0.00168
7/26/2022 15:45,1.066866729,0.00151
7/26/2022 16:00,1.323176494,0.00187
7/26/2022 16:15,1.468224027,0.00208
7/26/2022 16:30,1.211429794,0.00171
7/26/2022 16:45,1.125435343,0.00159
7/26/2022 17:00,1.219252385,0.00173
7/26/2022 17:15,1.01195782,0.00143
7/26/2022 17:30,1.181057175,0.00167
7/26/2022 17:45,0.986514219,0.00140
7/26/2022 18:00,1.155771741,0.00164
7/26/2022 18:15,1.161820373,0.00164
7/26/2022 18:30,1.161820373,0.00164
7/26/2022 18:45,1.119875769,0.00159
7/26/2022 19:00,1.084903168,0.00154
7/26/2022 19:15,0.986998911,0.00140
7/26/2022 19:30,0.980719713,0.00139
7/26/2022 19:45,1.168238422,0.00165
7/26/2022 20:00,0.952952233,0.00135
7/26/2022 20:15,1.100417374,0.00156
7/26/2022 20:30,1.165029743,0.00165
7/26/2022 20:45,1.054657384,0.00149
7/26/2022 21:00,1.026400835,0.00145
7/26/2022 21:15,1.07021516,0.00152
7/26/2022 21:30,0.967207439,0.00137
7/26/2022 21:45,0.95911159,0.00136
7/26/2022 22:00,1.059269664,0.00150
7/26/2022 22:15,0.89379785,0.00127
7/26/2022 22:30,1.072488811,0.00152
7/26/2022 22:45,1.079478124,0.00153
7/26/2022 23:00,1.000166159,0.00142
7/26/2022 23:15,0.943304663,0.00134
7/26/2022 23:30,1.076417848,0.00152
7/26/2022 23:45,0.94537038,0.00134
7/27/2022 0:00,1.070020636,0.00151
7/27/2022 0:15,1.056307035,0.00150
7/27/2022 0:30,0.963207428,0.00136
7/27/2022 0:45,1.01094313,0.00143
7/27/2022 1:00,0.98409393,0.00139
7/27/2022 1:15,1.054657384,0.00149
7/27/2022 1:30,1.170574521,0.00166
7/27/2022 1:45,1.054657384,0.00149
7/27/2022 2:00,1.054657384,0.00149
7/27/2022 2:15,1.072488811,0.00152
7/27/2022 2:30,1.043751067,0.00148
7/27/2022 2:45,0.947393398,0.00134
7/27/2022 3:00,0.920227945,0.00130
7/27/2022 3:15,0.929679125,0.00132
7/27/2022 3:30,0.963234403,0.00136
7/27/2022 3:45,1.07021516,0.00152
7/27/2022 4:00,1.107623238,0.00157
7/27/2022 4:15,0.939698702,0.00133
7/27/2022 4:30,1.228141964,0.00174
7/27/2022 4:45,1.050589769,0.00149
7/27/2022 5:00,0.985041004,0.00139
7/27/2022 5:15,1.100417374,0.00156
7/27/2022 5:30,0.933636018,0.00132
7/27/2022 5:45,1.009974762,0.00143
7/27/2022 6:00,0.933636018,0.00132
7/27/2022 6:15,0.943304663,0.00134
7/27/2022 6:30,0.953089794,0.00135
7/27/2022 6:45,1.043564041,0.00148
7/27/2022 7:00,1.208552128,0.00171
7/27/2022 7:15,1.081622055,0.00153
7/27/2022 7:30,0.89379785,0.00127
7/27/2022 7:45,1.070020636,0.00151
7/27/2022 8:00,0.897090107,0.00127
7/27/2022 8:15,0.891328678,0.00126
7/27/2022 8:30,0.897090107,0.00127
7/27/2022 8:45,0.914374968,0.00129
7/27/2022 9:00,0.997389401,0.00141
7/27/2022 9:15,1.087385827,0.00154
7/27/2022 9:30,1.003894535,0.00142
7/27/2022 9:45,1.134364322,0.00161
7/27/2022 10:00,0.920210286,0.00130
7/27/2022 10:15,0.957655709,0.00136
7/27/2022 10:30,0.983021129,0.00139
7/27/2022 10:45,1.003894535,0.00142
7/27/2022 11:00,0.951095205,0.00135
7/27/2022 11:15,1.064377321,0.00151
7/27/2022 11:30,0.871833138,0.00123
7/27/2022 11:45,1.058005827,0.00150
7/27/2022 12:00,0.968732239,0.00137
7/27/2022 12:15,1.172621923,0.00166
7/27/2022 12:30,1.050324562,0.00149
7/27/2022 12:45,1.165123043,0.00165
7/27/2022 13:00,1.044976355,0.00148
7/27/2022 13:15,0.969361468,0.00137
7/27/2022 13:30,1.049177251,0.00149
7/27/2022 13:45,1.078555622,0.00153
7/27/2022 14:00,0.963214487,0.00136
7/27/2022 14:15,1.078555622,0.00153
7/27/2022 14:30,0.963214487,0.00136
7/27/2022 14:45,1.130911905,0.00160
7/27/2022 15:00,0.908341152,0.00129
7/27/2022 15:15,1.105385166,0.00156
7/27/2022 15:30,0.990221175,0.00140
7/27/2022 15:45,0.981790973,0.00139
7/27/2022 16:00,1.206387981,0.00171
7/27/2022 16:15,1.167353625,0.00165
7/27/2022 16:30,1.077139875,0.00152
7/27/2022 16:45,1.235099622,0.00175
7/27/2022 17:00,1.394935237,0.00197
7/27/2022 17:15,1.652127399,0.00234
7/27/2022 17:30,1.437837369,0.00204
7/27/2022 17:45,1.586662847,0.00225
7/27/2022 18:00,1.553617233,0.00220
7/27/2022 18:15,1.37038468,0.00194
7/27/2022 18:30,1.605709314,0.00227
7/27/2022 18:45,1.472723912,0.00208
7/27/2022 19:00,1.59492058,0.00226
7/27/2022 19:15,1.671698526,0.00237
7/27/2022 19:30,1.834320253,0.00260
7/27/2022 19:45,1.785149013,0.00253
7/27/2022 20:00,1.834320253,0.00260
7/27/2022 20:15,1.785149013,0.00253
7/27/2022 20:30,1.698622743,0.00240
7/27/2022 20:45,1.618026407,0.00229
7/27/2022 21:00,1.840813547,0.00261
7/27/2022 21:15,1.857452067,0.00263
7/27/2022 21:30,1.7501513,0.00248
7/27/2022 21:45,1.854436909,0.00263
7/27/2022 22:00,1.641475668,0.00232
7/27/2022 22:15,1.593882291,0.00226
7/27/2022 22:30,1.361812196,0.00193
7/27/2022 22:45,1.660978911,0.00235
7/27/2022 23:00,1.424038605,0.00202
7/27/2022 23:15,1.593882291,0.00226
7/27/2022 23:30,1.499444029,0.00212
7/27/2022 23:45,1.287207529,0.00182
7/28/2022 0:00,1.333996816,0.00189
7/28/2022 0:15,1.37038468,0.00194
7/28/2022 0:30,1.229645835,0.00174
7/28/2022 0:45,1.229645835,0.00174
7/28/2022 1:00,1.237669413,0.00175
7/28/2022 1:15,1.359865707,0.00193
7/28/2022 1:30,1.273445409,0.00180
7/28/2022 1:45,1.104962328,0.00156
7/28/2022 2:00,1.259815809,0.00178
7/28/2022 2:15,1.201758584,0.00170
7/28/2022 2:30,1.228141964,0.00174
7/28/2022 2:45,1.334079932,0.00189
7/28/2022 3:00,1.220246256,0.00173
7/28/2022 3:15,1.401414601,0.00198
7/28/2022 3:30,1.399136003,0.00198
7/28/2022 3:45,1.228141964,0.00174
7/28/2022 4:00,1.053740137,0.00149
7/28/2022 4:15,1.220246256,0.00173
7/28/2022 4:30,1.128521988,0.00160
7/28/2022 4:45,1.100417374,0.00156
7/28/2022 5:00,1.095707014,0.00155
7/28/2022 5:15,1.190604027,0.00169
7/28/2022 5:30,1.183152502,0.00167
7/28/2022 5:45,1.039287802,0.00147
7/28/2022 6:00,1.039287802,0.00147
7/28/2022 6:15,1.021974862,0.00145
7/28/2022 6:30,1.123751792,0.00159
7/28/2022 6:45,1.009974762,0.00143
7/28/2022 7:00,1.021974862,0.00145
7/28/2022 7:15,1.170574521,0.00166
7/28/2022 7:30,1.04792098,0.00148
7/28/2022 7:45,1.039287802,0.00147
7/28/2022 8:00,1.093791421,0.00155
7/28/2022 8:15,1.170574521,0.00166
7/28/2022 8:30,1.170574521,0.00166
7/28/2022 8:45,1.141339572,0.00162
7/28/2022 9:00,1.11088449,0.00157
7/28/2022 9:15,1.165665089,0.00165
7/28/2022 9:30,1.026234149,0.00145
7/28/2022 9:45,1.14611597,0.00162
7/28/2022 10:00,1.036918224,0.00147
7/28/2022 10:15,1.063290971,0.00151
7/28/2022 10:30,1.158176705,0.00164
7/28/2022 10:45,1.221840245,0.00173
7/28/2022 11:00,1.168279076,0.00165
7/28/2022 11:15,1.10784045,0.00157
7/28/2022 11:30,1.073485528,0.00152
7/28/2022 11:45,1.098571362,0.00156
7/28/2022 12:00,1.073485528,0.00152
7/28/2022 12:15,1.127169101,0.00160
7/28/2022 12:30,1.105177427,0.00156
7/28/2022 12:45,1.130246691,0.00160
7/28/2022 13:00,1.105385166,0.00156
7/28/2022 13:15,1.098370101,0.00155
7/28/2022 13:30,0.957096145,0.00135
7/28/2022 13:45,1.098370101,0.00155
7/28/2022 14:00,0.982052391,0.00139
7/28/2022 14:15,0.878857491,0.00124
7/28/2022 14:30,0.983946144,0.00139
7/28/2022 14:45,0.958973596,0.00136
7/28/2022 15:00,1.065540426,0.00151
7/28/2022 15:15,1.167353625,0.00165
7/28/2022 15:30,0.958207633,0.00136
7/28/2022 15:45,0.958973596,0.00136
7/28/2022 16:00,1.222079672,0.00173
7/28/2022 16:15,1.081622055,0.00153
7/28/2022 16:30,0.96116024,0.00136
7/28/2022 16:45,1.089549669,0.00154
7/28/2022 17:00,1.10050671,0.00156
7/28/2022 17:15,0.965168613,0.00137
7/28/2022 17:30,1.198083964,0.00170
7/28/2022 17:45,0.87520903,0.00124
7/28/2022 18:00,0.982052391,0.00139
7/28/2022 18:15,1.211810248,0.00172
7/28/2022 18:30,1.324496217,0.00188
7/28/2022 18:45,1.465730666,0.00207
7/28/2022 19:00,1.328432965,0.00188
7/28/2022 19:15,1.170574521,0.00166
7/28/2022 19:30,1.273445409,0.00180
7/28/2022 19:45,1.392469025,0.00197
7/28/2022 20:00,1.232509873,0.00174
7/28/2022 20:15,1.273445409,0.00180
7/28/2022 20:30,1.232509873,0.00174
7/28/2022 20:45,1.188032053,0.00168
7/28/2022 21:00,1.351235977,0.00191
7/28/2022 21:15,1.219483762,0.00173
7/28/2022 21:30,1.129019852,0.00160
7/28/2022 21:45,1.292394262,0.00183
7/28/2022 22:00,1.262335119,0.00179
7/28/2022 22:15,1.262335119,0.00179
7/28/2022 22:30,1.131466951,0.00160
7/28/2022 22:45,1.026214128,0.00145
7/28/2022 23:00,1.109547623,0.00157
7/28/2022 23:15,1.168279076,0.00165
7/28/2022 23:30,1.130758407,0.00160
7/28/2022 23:45,1.294724543,0.00183
7/29/2022 0:00,1.499444029,0.00212
7/29/2022 0:15,1.235170917,0.00175
7/29/2022 0:30,1.367657076,0.00194
7/29/2022 0:45,1.227219158,0.00174
7/29/2022 1:00,1.235170917,0.00175
7/29/2022 1:15,1.046588904,0.00148
7/29/2022 1:30,1.102417016,0.00156
7/29/2022 1:45,1.229645835,0.00174
7/29/2022 2:00,1.138074998,0.00161
7/29/2022 2:15,1.046588904,0.00148
7/29/2022 2:30,1.330896146,0.00188
7/29/2022 2:45,1.292394262,0.00183
7/29/2022 3:00,1.197270798,0.00169
7/29/2022 3:15,1.129019852,0.00160
7/29/2022 3:30,1.141339572,0.00162
7/29/2022 3:45,1.141339572,0.00162
7/29/2022 4:00,1.219483762,0.00173
7/29/2022 4:15,1.257250906,0.00178
7/29/2022 4:30,1.224629588,0.00173
7/29/2022 4:45,1.021974862,0.00145
7/29/2022 5:00,1.109755045,0.00157
7/29/2022 5:15,1.296144539,0.00183
7/29/2022 5:30,1.227374148,0.00174
7/29/2022 5:45,1.337172027,0.00189
7/29/2022 6:00,1.232509873,0.00174
7/29/2022 6:15,1.273445409,0.00180
7/29/2022 6:30,1.002646298,0.00142
7/29/2022 6:45,1.141339572,0.00162
7/29/2022 7:00,1.141339572,0.00162
7/29/2022 7:15,1.138690746,0.00161
7/29/2022 7:30,1.165665089,0.00165
7/29/2022 7:45,1.136413528,0.00161
7/29/2022 8:00,1.14611597,0.00162
7/29/2022 8:15,1.278820744,0.00181
7/29/2022 8:30,0.972924258,0.00138
7/29/2022 8:45,1.303329264,0.00185
7/29/2022 9:00,1.087385827,0.00154
7/29/2022 9:15,1.080341412,0.00153
7/29/2022 9:30,1.053358493,0.00149
7/29/2022 9:45,1.175902701,0.00166
7/29/2022 10:00,1.080341412,0.00153
7/29/2022 10:15,0.966676807,0.00137
7/29/2022 10:30,1.234826317,0.00175
7/29/2022 10:45,1.043564041,0.00148
7/29/2022 11:00,1.087385827,0.00154
7/29/2022 11:15,1.158176705,0.00164
7/29/2022 11:30,1.195477948,0.00169
7/29/2022 11:45,1.22682496,0.00174
7/29/2022 12:00,1.195477948,0.00169
7/29/2022 12:15,1.165665089,0.00165
7/29/2022 12:30,1.249678956,0.00177
7/29/2022 12:45,1.130246691,0.00160
7/29/2022 13:00,1.112595943,0.00158
7/29/2022 13:15,1.203500879,0.00170
7/29/2022 13:30,1.112595943,0.00158
7/29/2022 13:45,1.001239957,0.00142
7/29/2022 14:00,0.994660966,0.00141
7/29/2022 14:15,1.120019115,0.00159
7/29/2022 14:30,0.91809206,0.00130
7/29/2022 14:45,0.922353116,0.00131
7/29/2022 15:00,0.928417803,0.00131
7/29/2022 15:15,0.945644816,0.00134
7/29/2022 15:30,0.965168613,0.00137
7/29/2022 15:45,0.922353116,0.00131
7/29/2022 16:00,0.928417803,0.00131
7/29/2022 16:15,1.077139875,0.00152
7/29/2022 16:30,0.890122684,0.00126
7/29/2022 16:45,1.077139875,0.00152
7/29/2022 17:00,1.24103215,0.00176
7/29/2022 17:15,1.916743919,0.00271
7/29/2022 17:30,2.408894583,0.00341
7/29/2022 17:45,3.22183603,0.00456
7/29/2022 18:00,3.10590948,0.00440
7/29/2022 18:15,2.717158601,0.00385
7/29/2022 18:30,2.755497,0.00390
7/29/2022 18:45,2.529971015,0.00358
7/29/2022 19:00,3.113982247,0.00441
7/29/2022 19:15,3.015136215,0.00427
7/29/2022 19:30,3.899985818,0.00552
7/29/2022 19:45,4.961795899,0.00702
7/29/2022 20:00,5.717193079,0.00809
7/29/2022 20:15,4.694841069,0.00665
7/29/2022 20:30,3.779230944,0.00535
7/29/2022 20:45,3.674645926,0.00520
7/29/2022 21:00,3.309276311,0.00468
7/29/2022 21:15,3.309276311,0.00468
7/29/2022 21:30,2.972335992,0.00421
7/29/2022 21:45,3.213831347,0.00455
7/29/2022 22:00,3.061229175,0.00433
7/29/2022 22:15,2.96345795,0.00420
7/29/2022 22:30,2.599295422,0.00368
7/29/2022 22:45,2.611765739,0.00370
7/29/2022 23:00,2.545465937,0.00360
7/29/2022 23:15,2.485254105,0.00352
7/29/2022 23:30,2.421027563,0.00343
7/29/2022 23:45,2.440362537,0.00345
7/30/2022 0:00,2.348414818,0.00332
7/30/2022 0:15,2.270886975,0.00321
7/30/2022 0:30,1.835885074,0.00260
7/30/2022 0:45,2.054188666,0.00291
7/30/2022 1:00,1.993241997,0.00282
7/30/2022 1:15,2.20951204,0.00313
7/30/2022 1:30,1.993241997,0.00282
7/30/2022 1:45,1.724520274,0.00244
7/30/2022 2:00,1.832723359,0.00259
7/30/2022 2:15,1.953684002,0.00277
7/30/2022 2:30,1.648737235,0.00233
7/30/2022 2:45,1.77126071,0.00251
7/30/2022 3:00,1.783211711,0.00252
7/30/2022 3:15,1.725927734,0.00244
7/30/2022 3:30,1.442766741,0.00204
7/30/2022 3:45,1.615504709,0.00229
7/30/2022 4:00,1.695418755,0.00240
7/30/2022 4:15,1.57437717,0.00223
7/30/2022 4:30,1.595169812,0.00226
7/30/2022 4:45,1.485420905,0.00210
7/30/2022 5:00,1.769728158,0.00251
7/30/2022 5:15,1.559660779,0.00221
7/30/2022 5:30,1.533021825,0.00217
7/30/2022 5:45,1.492068774,0.00211
7/30/2022 6:00,1.382712684,0.00196
7/30/2022 6:15,1.478731999,0.00209
7/30/2022 6:30,1.373614635,0.00194
7/30/2022 6:45,1.349193138,0.00191
7/30/2022 7:00,1.492068774,0.00211
7/30/2022 7:15,1.482167415,0.00210
7/30/2022 7:30,1.309536653,0.00185
7/30/2022 7:45,1.309536653,0.00185
7/30/2022 8:00,1.275462129,0.00181
7/30/2022 8:15,1.459328014,0.00207
7/30/2022 8:30,1.387417611,0.00196
7/30/2022 8:45,1.571442588,0.00222
7/30/2022 9:00,1.421039312,0.00201
7/30/2022 9:15,1.373994186,0.00195
7/30/2022 9:30,1.421039312,0.00201
7/30/2022 9:45,1.395674071,0.00198
7/30/2022 10:00,1.244569791,0.00176
7/30/2022 10:15,1.426606065,0.00202
7/30/2022 10:30,1.395674071,0.00198
7/30/2022 10:45,1.490692651,0.00211
7/30/2022 11:00,1.319211018,0.00187
7/30/2022 11:15,1.459328014,0.00207
7/30/2022 11:30,1.41701313,0.00201
7/30/2022 11:45,1.529220741,0.00216
7/30/2022 12:00,1.546935696,0.00219
7/30/2022 12:15,1.449772993,0.00205
7/30/2022 12:30,1.421039312,0.00201
7/30/2022 12:45,1.383296554,0.00196
7/30/2022 13:00,1.459328014,0.00207
7/30/2022 13:15,1.469145849,0.00208
7/30/2022 13:30,1.447443092,0.00205
7/30/2022 13:45,1.41410758,0.00200
7/30/2022 14:00,1.533021825,0.00217
7/30/2022 14:15,1.571067311,0.00222
7/30/2022 14:30,1.41410758,0.00200
7/30/2022 14:45,1.41410758,0.00200
7/30/2022 15:00,1.277745148,0.00181
7/30/2022 15:15,1.461926977,0.00207
7/30/2022 15:30,1.452288318,0.00206
7/30/2022 15:45,1.49058624,0.00211
7/30/2022 16:00,1.370594062,0.00194
7/30/2022 16:15,1.243348771,0.00176
7/30/2022 16:30,1.437837369,0.00204
7/30/2022 16:45,1.522985279,0.00216
7/30/2022 17:00,1.364253652,0.00193
7/30/2022 17:15,1.550289857,0.00219
7/30/2022 17:30,1.340123206,0.00190
7/30/2022 17:45,1.272234729,0.00180
7/30/2022 18:00,1.459328014,0.00207
7/30/2022 18:15,1.309536653,0.00185
7/30/2022 18:30,1.309536653,0.00185
7/30/2022 18:45,1.204420682,0.00171
7/30/2022 19:00,1.459328014,0.00207
7/30/2022 19:15,1.402116719,0.00198
7/30/2022 19:30,1.143754393,0.00162
7/30/2022 19:45,1.143754393,0.00162
7/30/2022 20:00,1.309536653,0.00185
7/30/2022 20:15,1.18593883,0.00168
7/30/2022 20:30,1.058615055,0.00150
7/30/2022 20:45,1.217437801,0.00172
7/30/2022 21:00,1.178181264,0.00167
7/30/2022 21:15,1.267070655,0.00179
7/30/2022 21:30,1.204352496,0.00170
7/30/2022 21:45,1.342835353,0.00190
7/30/2022 22:00,1.214808752,0.00172
7/30/2022 22:15,1.180729624,0.00167
7/30/2022 22:30,1.201008547,0.00170
7/30/2022 22:45,1.08799321,0.00154
7/30/2022 23:00,1.054439344,0.00149
7/30/2022 23:15,1.07864592,0.00153
7/30/2022 23:30,1.232524004,0.00174
7/30/2022 23:45,1.203645611,0.00170
7/31/2022 0:00,1.07864592,0.00153
7/31/2022 0:15,0.99477524,0.00141
7/31/2022 0:30,1.085719904,0.00154
7/31/2022 0:45,1.169681184,0.00166
7/31/2022 1:00,1.232524004,0.00174
7/31/2022 1:15,1.088573671,0.00154
7/31/2022 1:30,1.107328902,0.00157
7/31/2022 1:45,1.107328902,0.00157
7/31/2022 2:00,0.997533168,0.00141
7/31/2022 2:15,0.991173008,0.00140
7/31/2022 2:30,1.071894045,0.00152
7/31/2022 2:45,1.022642167,0.00145
7/31/2022 3:00,0.999681544,0.00142
7/31/2022 3:15,0.993262725,0.00141
7/31/2022 3:30,1.074658216,0.00152
7/31/2022 3:45,1.230646657,0.00174
7/31/2022 4:00,0.987014915,0.00140
7/31/2022 4:15,1.222936318,0.00173
7/31/2022 4:30,1.123860032,0.00159
7/31/2022 4:45,0.987014915,0.00140
7/31/2022 5:00,0.873542686,0.00124
7/31/2022 5:15,1.102642195,0.00156
7/31/2022 5:30,1.168452242,0.00165
7/31/2022 5:45,1.090909062,0.00154
7/31/2022 6:00,1.085674774,0.00154
7/31/2022 6:15,1.110979285,0.00157
7/31/2022 6:30,0.97660482,0.00138
7/31/2022 6:45,1.309536653,0.00185
7/31/2022 7:00,1.166486037,0.00165
7/31/2022 7:15,1.128479002,0.00160
7/31/2022 7:30,1.079285132,0.00153
7/31/2022 7:45,1.107328902,0.00157
7/31/2022 8:00,0.897889888,0.00127
7/31/2022 8:15,1.214808752,0.00172
7/31/2022 8:30,1.10667113,0.00157
7/31/2022 8:45,1.10667113,0.00157
7/31/2022 9:00,1.00250119,0.00142
7/31/2022 9:15,1.134865539,0.00161
7/31/2022 9:30,1.03276283,0.00146
7/31/2022 9:45,1.022027835,0.00145
7/31/2022 10:00,1.026396194,0.00145
7/31/2022 10:15,1.135626516,0.00161
7/31/2022 10:30,1.176894549,0.00167
7/31/2022 10:45,1.118699486,0.00158
7/31/2022 11:00,0.851536178,0.00121
7/31/2022 11:15,1.055154278,0.00149
7/31/2022 11:30,0.969108863,0.00137
7/31/2022 11:45,0.949279963,0.00134
7/31/2022 12:00,0.976250413,0.00138
7/31/2022 12:15,1.065690954,0.00151
7/31/2022 12:30,0.888498268,0.00126
7/31/2022 12:45,1.001250093,0.00142
7/31/2022 13:00,0.983828233,0.00139
7/31/2022 13:15,1.029267139,0.00146
7/31/2022 13:30,0.943713804,0.00134
7/31/2022 13:45,1.004076435,0.00142
7/31/2022 14:00,0.847935299,0.00120
7/31/2022 14:15,1.016202332,0.00144
7/31/2022 14:30,1.046809088,0.00148
7/31/2022 14:45,0.785403396,0.00111
7/31/2022 15:00,0.945721205,0.00134
7/31/2022 15:15,0.922195221,0.00131
7/31/2022 15:30,0.844523098,0.00120
7/31/2022 15:45,0.895292449,0.00127
7/31/2022 16:00,0.901164236,0.00128
7/31/2022 16:15,0.939149427,0.00133
7/31/2022 16:30,0.824797148,0.00117
7/31/2022 16:45,0.851350685,0.00121
7/31/2022 17:00,0.82044729,0.00116
7/31/2022 17:15,0.790528451,0.00112
7/31/2022 17:30,1.078202396,0.00153
7/31/2022 17:45,0.838697693,0.00119
7/31/2022 18:00,0.866305642,0.00123
7/31/2022 18:15,0.939149427,0.00133
7/31/2022 18:30,0.945146721,0.00134
7/31/2022 18:45,0.945146721,0.00134
7/31/2022 19:00,0.997389401,0.00141
7/31/2022 19:15,0.951311936,0.00135
7/31/2022 19:30,0.976593753,0.00138
7/31/2022 19:45,0.924343951,0.00131
7/31/2022 20:00,0.866838761,0.00123
7/31/2022 20:15,0.848154582,0.00120
7/31/2022 20:30,0.872369248,0.00123
7/31/2022 20:45,0.951889708,0.00135
7/31/2022 21:00,0.896028308,0.00127
7/31/2022 21:15,0.896028308,0.00127
7/31/2022 21:30,0.785403396,0.00111
7/31/2022 21:45,1.022642167,0.00145
7/31/2022 22:00,0.847935299,0.00120
7/31/2022 22:15,0.926247399,0.00131
7/31/2022 22:30,0.973406596,0.00138
7/31/2022 22:45,0.949824689,0.00134
7/31/2022 23:00,1.029267139,0.00146
7/31/2022 23:15,0.969250147,0.00137
7/31/2022 23:30,0.865847357,0.00123
7/31/2022 23:45,0.860444173,0.00122
8/1/2022 0:00,1.165252649,0.00165
8/1/2022 0:15,0.914342392,0.00129
8/1/2022 0:30,1.055789869,0.00149
8/1/2022 0:45,1.022642167,0.00145
8/1/2022 1:00,0.997533168,0.00141
8/1/2022 1:15,1.029267139,0.00146
8/1/2022 1:30,1.067997315,0.00151
8/1/2022 1:45,1.004076435,0.00142
8/1/2022 2:00,1.024817399,0.00145
8/1/2022 2:15,0.977646924,0.00138
8/1/2022 2:30,0.961412286,0.00136
8/1/2022 2:45,1.031504178,0.00146
8/1/2022 3:00,0.999681544,0.00142
8/1/2022 3:15,1.031504178,0.00146
8/1/2022 3:30,0.899847972,0.00127
8/1/2022 3:45,1.088753664,0.00154
8/1/2022 4:00,0.926247399,0.00131
8/1/2022 4:15,0.895292449,0.00127
8/1/2022 4:30,0.873570199,0.00124
8/1/2022 4:45,0.848154582,0.00120
8/1/2022 5:00,0.903850806,0.00128
8/1/2022 5:15,0.827288283,0.00117
8/1/2022 5:30,0.999681544,0.00142
8/1/2022 5:45,0.913236914,0.00129
8/1/2022 6:00,1.014576723,0.00144
8/1/2022 6:15,0.955130148,0.00135
8/1/2022 6:30,0.94901867,0.00134
8/1/2022 6:45,0.920212959,0.00130
8/1/2022 7:00,1.029267139,0.00146
8/1/2022 7:15,1.004076435,0.00142
8/1/2022 7:30,1.029267139,0.00146
8/1/2022 7:45,1.029267139,0.00146
8/1/2022 8:00,0.975526223,0.00138
8/1/2022 8:15,0.769560996,0.00109
8/1/2022 8:30,0.959309276,0.00136
8/1/2022 8:45,0.777239528,0.00110
8/1/2022 9:00,0.920212959,0.00130
8/1/2022 9:15,0.959309276,0.00136
8/1/2022 9:30,0.871403575,0.00123
8/1/2022 9:45,0.920212959,0.00130
8/1/2022 10:00,0.842746571,0.00119
8/1/2022 10:15,0.782295319,0.00111
8/1/2022 10:30,0.877122565,0.00124
8/1/2022 10:45,0.848154582,0.00120
8/1/2022 11:00,0.937768627,0.00133
8/1/2022 11:15,0.818871465,0.00116
8/1/2022 11:30,0.851536178,0.00121
8/1/2022 11:45,0.871403575,0.00123
8/1/2022 12:00,0.821947318,0.00116
8/1/2022 12:15,0.842746571,0.00119
8/1/2022 12:30,0.847935299,0.00120
8/1/2022 12:45,0.851747547,0.00121
8/1/2022 13:00,1.103956208,0.00156
8/1/2022 13:15,0.997533168,0.00141
8/1/2022 13:30,1.180171361,0.00167
8/1/2022 13:45,1.031504178,0.00146
8/1/2022 14:00,0.922195221,0.00131
8/1/2022 14:15,1.001864809,0.00142
8/1/2022 14:30,0.895292449,0.00127
8/1/2022 14:45,1.024201917,0.00145
8/1/2022 15:00,1.024201917,0.00145
8/1/2022 15:15,0.972924258,0.00138
8/1/2022 15:30,0.897090107,0.00127
8/1/2022 15:45,1.114973811,0.00158
8/1/2022 16:00,0.897090107,0.00127
8/1/2022 16:15,0.966676807,0.00137
8/1/2022 16:30,1.057429602,0.00150
8/1/2022 16:45,1.076943743,0.00152
8/1/2022 17:00,0.821285904,0.00116
8/1/2022 17:15,0.997389401,0.00141
8/1/2022 17:30,0.89379785,0.00127
8/1/2022 17:45,0.87208994,0.00123
8/1/2022 18:00,0.816124313,0.00116
8/1/2022 18:15,0.991063763,0.00140
8/1/2022 18:30,0.916884533,0.00130
8/1/2022 18:45,0.993773797,0.00141
8/1/2022 19:00,1.056307035,0.00150
8/1/2022 19:15,0.993773797,0.00141
8/1/2022 19:30,0.975657751,0.00138
8/1/2022 19:45,0.9411388,0.00133
8/1/2022 20:00,0.906556602,0.00128
8/1/2022 20:15,1.014583407,0.00144
8/1/2022 20:30,0.939309971,0.00133
8/1/2022 20:45,0.888136155,0.00126
8/1/2022 21:00,0.969344321,0.00137
8/1/2022 21:15,0.888136155,0.00126
8/1/2022 21:30,0.966676807,0.00137
8/1/2022 21:45,0.991063763,0.00140
8/1/2022 22:00,0.972924258,0.00138
8/1/2022 22:15,1.034754432,0.00146
8/1/2022 22:30,0.960732835,0.00136
8/1/2022 22:45,0.972004152,0.00138
8/1/2022 23:00,0.88958069,0.00126
8/1/2022 23:15,0.81795655,0.00116
8/1/2022 23:30,0.878780031,0.00124
8/1/2022 23:45,0.96477975,0.00137
8/2/2022 0:00,0.980793223,0.00139
8/2/2022 0:15,0.89519028,0.00127
8/2/2022 0:30,1.143802202,0.00162
8/2/2022 0:45,0.950820213,0.00135
8/2/2022 1:00,0.942744894,0.00133
8/2/2022 1:15,0.966676807,0.00137
8/2/2022 1:30,0.966676807,0.00137
8/2/2022 1:45,0.942744894,0.00133
8/2/2022 2:00,0.935222751,0.00132
8/2/2022 2:15,0.918088263,0.00130
8/2/2022 2:30,0.969344321,0.00137
8/2/2022 2:45,0.888136155,0.00126
8/2/2022 3:00,0.914329672,0.00129
8/2/2022 3:15,0.796884214,0.00113
8/2/2022 3:30,0.842876059,0.00119
8/2/2022 3:45,1.01549964,0.00144
8/2/2022 4:00,0.937332773,0.00133
8/2/2022 4:15,0.937332773,0.00133
8/2/2022 4:30,0.812134987,0.00115
8/2/2022 4:45,0.837588337,0.00119
8/2/2022 5:00,0.897191806,0.00127
8/2/2022 5:15,1.021974862,0.00145
8/2/2022 5:30,1.021974862,0.00145
8/2/2022 5:45,0.813287169,0.00115
8/2/2022 6:00,0.969344321,0.00137
8/2/2022 6:15,1.030452337,0.00146
8/2/2022 6:30,0.953322784,0.00135
8/2/2022 6:45,0.9411388,0.00133
8/2/2022 7:00,1.013212223,0.00143
8/2/2022 7:15,0.888136155,0.00126
8/2/2022 7:30,0.873572887,0.00124
8/2/2022 7:45,0.888136155,0.00126
8/2/2022 8:00,0.882632398,0.00125
8/2/2022 8:15,0.846913561,0.00120
8/2/2022 8:30,0.963207428,0.00136
8/2/2022 8:45,1.091346281,0.00154
8/2/2022 9:00,0.900906257,0.00128
8/2/2022 9:15,0.984907,0.00139
8/2/2022 9:30,0.885726064,0.00125
8/2/2022 9:45,1.045540881,0.00148
8/2/2022 10:00,0.950958177,0.00135
8/2/2022 10:15,0.945153767,0.00134
8/2/2022 10:30,1.221833366,0.00173
8/2/2022 10:45,0.975826814,0.00138
8/2/2022 11:00,0.981869726,0.00139
8/2/2022 11:15,1.008630527,0.00143
8/2/2022 11:30,0.830570941,0.00118
8/2/2022 11:45,1.031157104,0.00146
8/2/2022 12:00,1.008630527,0.00143
8/2/2022 12:15,0.931799173,0.00132
8/2/2022 12:30,0.953338516,0.00135
8/2/2022 12:45,1.031825123,0.00146
8/2/2022 13:00,0.85578993,0.00121
8/2/2022 13:15,0.961407623,0.00136
8/2/2022 13:30,0.86337652,0.00122
8/2/2022 13:45,1.034000778,0.00146
8/2/2022 14:00,0.912060276,0.00129
8/2/2022 14:15,0.885356622,0.00125
8/2/2022 14:30,0.856645851,0.00121
8/2/2022 14:45,0.806466429,0.00114
8/2/2022 15:00,0.745025508,0.00105
8/2/2022 15:15,0.890039896,0.00126
8/2/2022 15:30,0.96319641,0.00136
8/2/2022 15:45,0.7439139,0.00105
8/2/2022 16:00,0.720473443,0.00102
8/2/2022 16:15,0.781976399,0.00111
8/2/2022 16:30,0.832973606,0.00118
8/2/2022 16:45,0.926973672,0.00131
8/2/2022 17:00,0.687068801,0.00097
8/2/2022 17:15,0.725276488,0.00103
8/2/2022 17:30,0.750007659,0.00106
8/2/2022 17:45,0.716161527,0.00101
8/2/2022 18:00,0.76071046,0.00108
8/2/2022 18:15,0.655620794,0.00093
8/2/2022 18:30,0.703119041,0.00100
8/2/2022 18:45,0.721019662,0.00102
8/2/2022 19:00,0.731021472,0.00103
8/2/2022 19:15,0.703119041,0.00100
8/2/2022 19:30,0.678498228,0.00096
8/2/2022 19:45,0.733927662,0.00104
8/2/2022 20:00,0.641776209,0.00091
8/2/2022 20:15,0.731021472,0.00103
8/2/2022 20:30,0.781976399,0.00111
8/2/2022 20:45,0.694613218,0.00098
8/2/2022 21:00,0.759348502,0.00107
8/2/2022 21:15,0.702205479,0.00099
8/2/2022 21:30,0.696032286,0.00099
8/2/2022 21:45,0.645258281,0.00091
8/2/2022 22:00,0.701755084,0.00099
8/2/2022 22:15,0.641358766,0.00091
8/2/2022 22:30,0.682459129,0.00097
8/2/2022 22:45,0.753822664,0.00107
8/2/2022 23:00,0.619318976,0.00088
8/2/2022 23:15,0.742090983,0.00105
8/2/2022 23:30,0.763556687,0.00108
8/2/2022 23:45,0.746711699,0.00106
8/3/2022 0:00,0.737601037,0.00104
8/3/2022 0:15,0.801543345,0.00113
8/3/2022 0:30,0.742090983,0.00105
8/3/2022 0:45,0.828952496,0.00117
8/3/2022 1:00,0.717722291,0.00102
8/3/2022 1:15,0.679382203,0.00096
8/3/2022 1:30,0.745139198,0.00105
8/3/2022 1:45,0.802045246,0.00114
8/3/2022 2:00,0.733927662,0.00104
8/3/2022 2:15,0.778853669,0.00110
8/3/2022 2:30,0.671967297,0.00095
8/3/2022 2:45,0.825381844,0.00117
8/3/2022 3:00,0.722261377,0.00102
8/3/2022 3:15,0.78036978,0.00110
8/3/2022 3:30,0.737718917,0.00104
8/3/2022 3:45,0.620112384,0.00088
8/3/2022 4:00,0.78036978,0.00110
8/3/2022 4:15,0.701032546,0.00099
8/3/2022 4:30,0.779896768,0.00110
8/3/2022 4:45,0.717582333,0.00102
8/3/2022 5:00,0.759330059,0.00107
8/3/2022 5:15,0.69382061,0.00098
8/3/2022 5:30,0.870223477,0.00123
8/3/2022 5:45,0.801667196,0.00113
8/3/2022 6:00,0.758852343,0.00107
8/3/2022 6:15,0.754296908,0.00107
8/3/2022 6:30,0.651668922,0.00092
8/3/2022 6:45,0.713414638,0.00101
8/3/2022 7:00,0.655516924,0.00093
8/3/2022 7:15,0.733234047,0.00104
8/3/2022 7:30,0.67420171,0.00095
8/3/2022 7:45,0.670242972,0.00095
8/3/2022 8:00,0.689366656,0.00098
8/3/2022 8:15,0.795245103,0.00113
8/3/2022 8:30,0.73181218,0.00104
8/3/2022 8:45,0.712012128,0.00101
8/3/2022 9:00,0.73181218,0.00104
8/3/2022 9:15,0.822391942,0.00116
8/3/2022 9:30,0.654229077,0.00093
8/3/2022 9:45,0.653547768,0.00093
8/3/2022 10:00,0.672876844,0.00095
8/3/2022 10:15,0.806578765,0.00114
8/3/2022 10:30,0.640089829,0.00091
8/3/2022 10:45,0.779965806,0.00110
8/3/2022 11:00,0.677412655,0.00096
8/3/2022 11:15,0.659853716,0.00093
8/3/2022 11:30,0.656040292,0.00093
8/3/2022 11:45,0.735012092,0.00104
8/3/2022 12:00,0.731619233,0.00104
8/3/2022 12:15,0.762034827,0.00108
8/3/2022 12:30,0.777316633,0.00110
8/3/2022 12:45,0.71824162,0.00102
8/3/2022 13:00,0.71824162,0.00102
8/3/2022 13:15,0.740652219,0.00105
8/3/2022 13:30,0.620005648,0.00088
8/3/2022 13:45,0.623692666,0.00088
8/3/2022 14:00,0.639431674,0.00091
8/3/2022 14:15,0.690508241,0.00098
8/3/2022 14:30,0.653136772,0.00092
8/3/2022 14:45,0.74316587,0.00105
8/3/2022 15:00,1.885233355,0.00267
8/3/2022 15:15,23.47261849,0.03323
8/3/2022 15:30,21.7678091,0.03082
8/3/2022 15:45,17.24948671,0.02442
8/3/2022 16:00,13.16030011,0.01863
8/3/2022 16:15,21.18692743,0.02999
8/3/2022 16:30,18.5728537,0.02629
8/3/2022 16:45,17.97088474,0.02544
8/3/2022 17:00,16.24122306,0.02299
8/3/2022 17:15,15.12303999,0.02141
8/3/2022 17:30,15.22881617,0.02156
8/3/2022 17:45,13.34341331,0.01889
8/3/2022 18:00,9.971094703,0.01412
8/3/2022 18:15,9.234184578,0.01307
8/3/2022 18:30,9.170391229,0.01298
8/3/2022 18:45,6.417950713,0.00909
8/3/2022 19:00,5.128729339,0.00726
8/3/2022 19:15,5.183377751,0.00734
8/3/2022 19:30,3.72801209,0.00528
8/3/2022 19:45,3.40088877,0.00481
8/3/2022 20:00,3.487410933,0.00494
8/3/2022 20:15,3.424850817,0.00485
8/3/2022 20:30,2.951801859,0.00418
8/3/2022 20:45,2.78052309,0.00394
8/3/2022 21:00,2.521952505,0.00357
8/3/2022 21:15,2.767217617,0.00392
8/3/2022 21:30,2.601255859,0.00368
8/3/2022 21:45,2.347784264,0.00332
8/3/2022 22:00,2.230501348,0.00316
8/3/2022 22:15,2.546615492,0.00361
8/3/2022 22:30,2.481131636,0.00351
8/3/2022 22:45,2.398289257,0.00340
8/3/2022 23:00,2.567390752,0.00363
8/3/2022 23:15,2.442684041,0.00346
8/3/2022 23:30,2.054422543,0.00291
8/3/2022 23:45,2.258438519,0.00320
8/4/2022 0:00,2.188927534,0.00310
8/4/2022 0:15,2.222999221,0.00315
8/4/2022 0:30,1.990307084,0.00282
8/4/2022 0:45,2.092946961,0.00296
8/4/2022 1:00,1.915147881,0.00271
8/4/2022 1:15,1.714981928,0.00243
8/4/2022 1:30,1.814187964,0.00257
8/4/2022 1:45,2.019352093,0.00286
8/4/2022 2:00,2.040129891,0.00289
8/4/2022 2:15,1.99329103,0.00282
8/4/2022 2:30,1.893156378,0.00268
8/4/2022 2:45,2.097707894,0.00297
8/4/2022 3:00,2.329273032,0.00330
8/4/2022 3:15,2.211663574,0.00313
8/4/2022 3:30,2.141762754,0.00303
8/4/2022 3:45,2.295843264,0.00325
8/4/2022 4:00,1.789826616,0.00253
8/4/2022 4:15,2.090291593,0.00296
8/4/2022 4:30,2.721543109,0.00385
8/4/2022 4:45,2.061018007,0.00292
8/4/2022 5:00,2.209966105,0.00313
8/4/2022 5:15,2.075433106,0.00294
8/4/2022 5:30,2.126708698,0.00301
8/4/2022 5:45,1.943472682,0.00275
8/4/2022 6:00,1.934447695,0.00274
8/4/2022 6:15,2.127010485,0.00301
8/4/2022 6:30,2.090291593,0.00296
8/4/2022 6:45,2.181412623,0.00309
8/4/2022 7:00,2.173789685,0.00308
8/4/2022 7:15,2.188927534,0.00310
8/4/2022 7:30,1.944258069,0.00275
8/4/2022 7:45,2.078815047,0.00294
8/4/2022 8:00,2.107423121,0.00298
8/4/2022 8:15,1.909579783,0.00270
8/4/2022 8:30,1.909579783,0.00270
8/4/2022 8:45,1.76796227,0.00250
8/4/2022 9:00,1.75137185,0.00248
8/4/2022 9:15,1.689696637,0.00239
8/4/2022 9:30,1.498592641,0.00212
8/4/2022 9:45,1.508325446,0.00214
8/4/2022 10:00,1.392712353,0.00197
8/4/2022 10:15,1.383921248,0.00196
8/4/2022 10:30,1.643192936,0.00233
8/4/2022 10:45,1.505863228,0.00213
8/4/2022 11:00,0.955956401,0.00135
8/4/2022 11:15,1.363317219,0.00193
8/4/2022 11:30,1.363317219,0.00193
8/4/2022 11:45,1.363317219,0.00193
8/4/2022 12:00,1.189135184,0.00168
8/4/2022 12:15,1.109325401,0.00157
8/4/2022 12:30,1.297722807,0.00184
8/4/2022 12:45,1.297722807,0.00184
8/4/2022 13:00,1.112770675,0.00158
8/4/2022 13:15,1.238302941,0.00175
8/4/2022 13:30,1.24173639,0.00176
8/4/2022 13:45,1.208892786,0.00171
8/4/2022 14:00,1.303734394,0.00185
8/4/2022 14:15,1.246620911,0.00176
8/4/2022 14:30,1.217111552,0.00172
8/4/2022 14:45,1.430022546,0.00202
8/4/2022 15:00,1.445219268,0.00205
8/4/2022 15:15,2.412233064,0.00341
8/4/2022 15:30,1.470802455,0.00208
8/4/2022 15:45,1.244534981,0.00176
8/4/2022 16:00,1.332459027,0.00189
8/4/2022 16:15,1.399839049,0.00198
8/4/2022 16:30,1.41918339,0.00201
8/4/2022 16:45,1.364461538,0.00193
8/4/2022 17:00,1.321036925,0.00187
8/4/2022 17:15,1.132281358,0.00160
8/4/2022 17:30,1.203145137,0.00170
8/4/2022 17:45,1.376384783,0.00195
8/4/2022 18:00,1.165967835,0.00165
8/4/2022 18:15,1.200630989,0.00170
8/4/2022 18:30,1.311643732,0.00186
8/4/2022 18:45,1.262896348,0.00179
8/4/2022 19:00,1.259464513,0.00178
8/4/2022 19:15,1.399839049,0.00198
8/4/2022 19:30,1.399839049,0.00198
8/4/2022 19:45,1.323482435,0.00187
8/4/2022 20:00,1.255783056,0.00178
8/4/2022 20:15,1.197936822,0.00170
8/4/2022 20:30,1.260006479,0.00178
8/4/2022 20:45,1.445219268,0.00205
8/4/2022 21:00,1.332459027,0.00189
8/4/2022 21:15,1.111291817,0.00157
8/4/2022 21:30,1.208892786,0.00171
8/4/2022 21:45,1.088238907,0.00154
8/4/2022 22:00,1.338469475,0.00189
8/4/2022 22:15,1.338469475,0.00189
8/4/2022 22:30,1.256731942,0.00178
8/4/2022 22:45,1.076284559,0.00152
8/4/2022 23:00,1.288855165,0.00182
8/4/2022 23:15,1.195287376,0.00169
8/4/2022 23:30,1.288855165,0.00182
8/4/2022 23:45,1.256731942,0.00178
8/5/2022 0:00,1.256731942,0.00178
8/5/2022 0:15,1.226142695,0.00174
8/5/2022 0:30,1.166982903,0.00165
8/5/2022 0:45,1.363317219,0.00193
8/5/2022 1:00,1.341682917,0.00190
8/5/2022 1:15,1.226142695,0.00174
8/5/2022 1:30,1.166982903,0.00165
8/5/2022 1:45,1.412647913,0.00200
8/5/2022 2:00,1.228357709,0.00174
8/5/2022 2:15,1.323482435,0.00187
8/5/2022 2:30,1.291791787,0.00183
8/5/2022 2:45,1.151545945,0.00163
8/5/2022 3:00,1.2006816,0.00170
8/5/2022 3:15,1.318744607,0.00187
8/5/2022 3:30,1.380400297,0.00195
8/5/2022 3:45,1.291791787,0.00183
8/5/2022 4:00,1.270643681,0.00180
8/5/2022 4:15,1.291791787,0.00183
8/5/2022 4:30,1.401749337,0.00198
8/5/2022 4:45,1.241537774,0.00176
8/5/2022 5:00,1.255783056,0.00178
8/5/2022 5:15,1.197936822,0.00170
8/5/2022 5:30,1.230618667,0.00174
8/5/2022 5:45,1.230618667,0.00174
8/5/2022 6:00,1.300660439,0.00184
8/5/2022 6:15,1.41157386,0.00200
8/5/2022 6:30,1.228357709,0.00174
8/5/2022 6:45,1.327692098,0.00188
8/5/2022 7:00,1.451875931,0.00206
8/5/2022 7:15,1.297722807,0.00184
8/5/2022 7:30,1.477532347,0.00209
8/5/2022 7:45,1.329485682,0.00188
8/5/2022 8:00,1.329485682,0.00188
8/5/2022 8:15,1.234421396,0.00175
8/5/2022 8:30,1.109325401,0.00157
8/5/2022 8:45,1.363317219,0.00193
8/5/2022 9:00,1.265113101,0.00179
8/5/2022 9:15,1.197321675,0.00170
8/5/2022 9:30,1.101952824,0.00156
8/5/2022 9:45,1.23344388,0.00175
8/5/2022 10:00,1.351809301,0.00191
8/5/2022 10:15,1.351809301,0.00191
8/5/2022 10:30,1.267358755,0.00179
8/5/2022 10:45,1.342758439,0.00190
8/5/2022 11:00,1.351809301,0.00191
8/5/2022 11:15,1.439769817,0.00204
8/5/2022 11:30,1.167643904,0.00165
8/5/2022 11:45,1.466472497,0.00208
8/5/2022 12:00,1.401989363,0.00198
8/5/2022 12:15,1.401989363,0.00198
8/5/2022 12:30,1.396049317,0.00198
8/5/2022 12:45,1.27661127,0.00181
8/5/2022 13:00,1.362235161,0.00193
8/5/2022 13:15,1.146205891,0.00162
8/5/2022 13:30,1.268136333,0.00180
8/5/2022 13:45,1.128891333,0.00160
8/5/2022 14:00,1.110210586,0.00157
8/5/2022 14:15,1.225805624,0.00174
8/5/2022 14:30,1.290325596,0.00183
8/5/2022 14:45,1.225805624,0.00174
8/5/2022 15:00,1.109547623,0.00157
8/5/2022 15:15,1.136401271,0.00161
8/5/2022 15:30,1.15687856,0.00164
8/5/2022 15:45,1.205188219,0.00171
8/5/2022 16:00,1.06679119,0.00151
8/5/2022 16:15,1.069242771,0.00151
8/5/2022 16:30,1.041514386,0.00147
8/5/2022 16:45,1.137285766,0.00161
8/5/2022 17:00,1.015277356,0.00144
8/5/2022 17:15,1.075911673,0.00152
8/5/2022 17:30,1.168799437,0.00165
8/5/2022 17:45,1.1315648,0.00160
8/5/2022 18:00,0.953700092,0.00135
8/5/2022 18:15,1.442244576,0.00204
8/5/2022 18:30,1.176690985,0.00167
8/5/2022 18:45,1.120211017,0.00159
8/5/2022 19:00,1.203145137,0.00170
8/5/2022 19:15,1.112698896,0.00158
8/5/2022 19:30,1.148791056,0.00163
8/5/2022 19:45,1.085800454,0.00154
8/5/2022 20:00,1.266642845,0.00179
8/5/2022 20:15,1.080094397,0.00153
8/5/2022 20:30,1.165967835,0.00165
8/5/2022 20:45,1.01953454,0.00144
8/5/2022 21:00,1.090699545,0.00154
8/5/2022 21:15,1.117658231,0.00158
8/5/2022 21:30,1.055053687,0.00149
8/5/2022 21:45,0.970062584,0.00137
8/5/2022 22:00,1.163647428,0.00165
8/5/2022 22:15,1.127756591,0.00160
8/5/2022 22:30,1.134054082,0.00161
8/5/2022 22:45,1.028880795,0.00146
8/5/2022 23:00,1.110210586,0.00157
8/5/2022 23:15,1.110210586,0.00157
8/5/2022 23:30,1.08334242,0.00153
8/5/2022 23:45,1.047876705,0.00148
8/6/2022 0:00,1.076180332,0.00152
8/6/2022 0:15,1.185233418,0.00168
8/6/2022 0:30,1.10606345,0.00157
8/6/2022 0:45,1.098712815,0.00156
8/6/2022 1:00,1.028880795,0.00146
8/6/2022 1:15,1.08334242,0.00153
8/6/2022 1:30,1.08334242,0.00153
8/6/2022 1:45,1.08334242,0.00153
8/6/2022 2:00,1.065302964,0.00151
8/6/2022 2:15,0.978900523,0.00139
8/6/2022 2:30,1.055562515,0.00149
8/6/2022 2:45,1.139909013,0.00161
8/6/2022 3:00,1.08334242,0.00153
8/6/2022 3:15,1.055562515,0.00149
8/6/2022 3:30,1.062725069,0.00150
8/6/2022 3:45,1.117658231,0.00158
8/6/2022 4:00,0.972358482,0.00138
8/6/2022 4:15,1.01953454,0.00144
8/6/2022 4:30,1.147649387,0.00162
8/6/2022 4:45,1.175572066,0.00166
8/6/2022 5:00,0.982449017,0.00139
8/6/2022 5:15,1.08334242,0.00153
8/6/2022 5:30,1.090699545,0.00154
8/6/2022 5:45,1.076180332,0.00152
8/6/2022 6:00,1.08334242,0.00153
8/6/2022 6:15,1.002870774,0.00142
8/6/2022 6:30,0.943556154,0.00134
8/6/2022 6:45,1.205982462,0.00171
8/6/2022 7:00,0.996248986,0.00141
8/6/2022 7:15,1.076180332,0.00152
8/6/2022 7:30,1.098712815,0.00156
8/6/2022 7:45,1.013003803,0.00143
8/6/2022 8:00,1.098712815,0.00156
8/6/2022 8:15,1.08334242,0.00153
8/6/2022 8:30,1.032714872,0.00146
8/6/2022 8:45,1.146205891,0.00162
8/6/2022 9:00,1.175381302,0.00166
8/6/2022 9:15,1.13117586,0.00160
8/6/2022 9:30,1.138643919,0.00161
8/6/2022 9:45,1.111291817,0.00157
8/6/2022 10:00,1.208892786,0.00171
8/6/2022 10:15,1.054757636,0.00149
8/6/2022 10:30,1.037297406,0.00147
8/6/2022 10:45,1.052918729,0.00149
8/6/2022 11:00,1.173301169,0.00166
8/6/2022 11:15,1.017558377,0.00144
8/6/2022 11:30,1.112770675,0.00158
8/6/2022 11:45,1.299929448,0.00184
8/6/2022 12:00,1.061824472,0.00150
8/6/2022 12:15,1.022084933,0.00145
8/6/2022 12:30,1.138663572,0.00161
8/6/2022 12:45,1.115222244,0.00158
8/6/2022 13:00,1.198306846,0.00170
8/6/2022 13:15,1.110210586,0.00157
8/6/2022 13:30,1.117658231,0.00158
8/6/2022 13:45,1.126610864,0.00159
8/6/2022 14:00,1.021545787,0.00145
8/6/2022 14:15,1.110210586,0.00157
8/6/2022 14:30,1.028880795,0.00146
8/6/2022 14:45,1.021545787,0.00145
8/6/2022 15:00,1.09313683,0.00155
8/6/2022 15:15,1.078578657,0.00153
8/6/2022 15:30,0.889352774,0.00126
8/6/2022 15:45,0.983392451,0.00139
8/6/2022 16:00,1.021545787,0.00145
8/6/2022 16:15,1.197936822,0.00170
8/6/2022 16:30,1.095751262,0.00155
8/6/2022 16:45,1.021545787,0.00145
8/6/2022 17:00,0.921579782,0.00130
8/6/2022 17:15,1.015017617,0.00144
8/6/2022 17:30,0.989802283,0.00140
8/6/2022 17:45,1.215895781,0.00172
8/6/2022 18:00,1.228021497,0.00174
8/6/2022 18:15,1.332459027,0.00189
8/6/2022 18:30,1.197936822,0.00170
8/6/2022 18:45,1.197936822,0.00170
8/6/2022 19:00,1.215178553,0.00172
8/6/2022 19:15,1.250591945,0.00177
8/6/2022 19:30,1.354832437,0.00192
8/6/2022 19:45,1.314502728,0.00186
8/6/2022 20:00,1.282920425,0.00182
8/6/2022 20:15,1.262800303,0.00179
8/6/2022 20:30,1.42203738,0.00201
8/6/2022 20:45,1.398496358,0.00198
8/6/2022 21:00,1.288855165,0.00182
8/6/2022 21:15,1.354023606,0.00192
8/6/2022 21:30,1.42203738,0.00201
8/6/2022 21:45,1.497287387,0.00212
8/6/2022 22:00,1.267435935,0.00179
8/6/2022 22:15,1.321240083,0.00187
8/6/2022 22:30,1.326348576,0.00188
8/6/2022 22:45,1.347859388,0.00191
8/6/2022 23:00,1.347859388,0.00191
8/6/2022 23:15,1.363317219,0.00193
8/6/2022 23:30,1.468092356,0.00208
8/6/2022 23:45,1.139394486,0.00161
8/7/2022 0:00,1.084776977,0.00154
8/7/2022 0:15,1.206856844,0.00171
8/7/2022 0:30,1.341682917,0.00190
8/7/2022 0:45,1.301444767,0.00184
8/7/2022 1:00,1.321804649,0.00187
8/7/2022 1:15,1.288855165,0.00182
8/7/2022 1:30,1.250203286,0.00177
8/7/2022 1:45,1.250203286,0.00177
8/7/2022 2:00,1.262800303,0.00179
8/7/2022 2:15,1.161697322,0.00164
8/7/2022 2:30,1.324283924,0.00187
8/7/2022 2:45,1.282920425,0.00182
8/7/2022 3:00,1.189938007,0.00168
8/7/2022 3:15,1.076180332,0.00152
8/7/2022 3:30,1.189938007,0.00168
8/7/2022 3:45,1.169600809,0.00166
8/7/2022 4:00,1.291791787,0.00183
8/7/2022 4:15,1.169600809,0.00166
8/7/2022 4:30,1.076180332,0.00152
8/7/2022 4:45,1.332459027,0.00189
8/7/2022 5:00,1.076180332,0.00152
8/7/2022 5:15,0.972358482,0.00138
8/7/2022 5:30,1.189938007,0.00168
8/7/2022 5:45,1.161697322,0.00164
8/7/2022 6:00,1.228357709,0.00174
8/7/2022 6:15,1.288855165,0.00182
8/7/2022 6:30,1.13117586,0.00160
8/7/2022 6:45,1.320509989,0.00187
8/7/2022 7:00,1.101952824,0.00156
8/7/2022 7:15,1.101952824,0.00156
8/7/2022 7:30,1.094574765,0.00155
8/7/2022 7:45,1.226142695,0.00174
8/7/2022 8:00,1.129192896,0.00160
8/7/2022 8:15,1.226142695,0.00174
8/7/2022 8:30,1.084776977,0.00154
8/7/2022 8:45,1.225614015,0.00174
8/7/2022 9:00,1.050884394,0.00149
8/7/2022 9:15,1.149643628,0.00163
8/7/2022 9:30,1.055460606,0.00149
8/7/2022 9:45,1.10792254,0.00157
8/7/2022 10:00,1.225614015,0.00174
8/7/2022 10:15,1.057786497,0.00150
8/7/2022 10:30,1.128702458,0.00160
8/7/2022 10:45,1.019876594,0.00144
8/7/2022 11:00,1.101470751,0.00156
8/7/2022 11:15,1.120117194,0.00159
8/7/2022 11:30,1.110356746,0.00157
8/7/2022 11:45,1.234413725,0.00175
8/7/2022 12:00,1.113453557,0.00158
8/7/2022 12:15,1.175445241,0.00166
8/7/2022 12:30,1.256731942,0.00178
8/7/2022 12:45,1.068421522,0.00151
8/7/2022 13:00,1.147061285,0.00162
8/7/2022 13:15,1.1109564,0.00157
8/7/2022 13:30,1.326348576,0.00188
8/7/2022 13:45,1.294732633,0.00183
8/7/2022 14:00,1.256194076,0.00178
8/7/2022 14:15,1.256194076,0.00178
8/7/2022 14:30,1.357609461,0.00192
8/7/2022 14:45,1.234421396,0.00175
8/7/2022 15:00,1.329485682,0.00188
8/7/2022 15:15,1.467470269,0.00208
8/7/2022 15:30,1.430728385,0.00203
8/7/2022 15:45,1.689731788,0.00239
8/7/2022 16:00,1.823929432,0.00258
8/7/2022 16:15,1.559508693,0.00221
8/7/2022 16:30,1.650121216,0.00234
8/7/2022 16:45,1.772720954,0.00251
8/7/2022 17:00,1.854317541,0.00263
8/7/2022 17:15,1.388664501,0.00197
8/7/2022 17:30,1.607002865,0.00227
8/7/2022 17:45,1.772720954,0.00251
8/7/2022 18:00,1.610785588,0.00228
8/7/2022 18:15,1.649338204,0.00233
8/7/2022 18:30,1.544672217,0.00219
8/7/2022 18:45,1.497243038,0.00212
8/7/2022 19:00,1.425334287,0.00202
8/7/2022 19:15,1.545051657,0.00219
8/7/2022 19:30,1.504358359,0.00213
8/7/2022 19:45,1.42203738,0.00201
8/7/2022 20:00,1.357168053,0.00192
8/7/2022 20:15,1.388664501,0.00197
8/7/2022 20:30,1.507708731,0.00213
8/7/2022 20:45,1.312618258,0.00186
8/7/2022 21:00,1.335574059,0.00189
8/7/2022 21:15,1.290843993,0.00183
8/7/2022 21:30,1.364912517,0.00193
8/7/2022 21:45,1.398323768,0.00198
8/7/2022 22:00,1.388697282,0.00197
8/7/2022 22:15,1.228315488,0.00174
8/7/2022 22:30,1.340260332,0.00190
8/7/2022 22:45,1.365492645,0.00193
8/7/2022 23:00,1.398286708,0.00198
8/7/2022 23:15,1.668816218,0.00236
8/7/2022 23:30,1.719246704,0.00243
8/7/2022 23:45,1.480347842,0.00210
8/8/2022 0:00,1.333383689,0.00189
8/8/2022 0:15,1.554945126,0.00220
8/8/2022 0:30,1.469819471,0.00208
8/8/2022 0:45,1.236816496,0.00175
8/8/2022 1:00,1.374444071,0.00195
8/8/2022 1:15,1.411695484,0.00200
8/8/2022 1:30,1.30358111,0.00185
8/8/2022 1:45,1.421781538,0.00201
8/8/2022 2:00,1.434269684,0.00203
8/8/2022 2:15,1.49865445,0.00212
8/8/2022 2:30,1.262449175,0.00179
8/8/2022 2:45,1.380706209,0.00195
8/8/2022 3:00,1.280458248,0.00181
8/8/2022 3:15,1.380706209,0.00195
8/8/2022 3:30,1.411695484,0.00200
8/8/2022 3:45,1.423250343,0.00201
8/8/2022 4:00,1.196801822,0.00169
8/8/2022 4:15,1.321240083,0.00187
8/8/2022 4:30,1.280458248,0.00181
8/8/2022 4:45,1.454678033,0.00206
8/8/2022 5:00,1.290843993,0.00183
8/8/2022 5:15,1.330417241,0.00188
8/8/2022 5:30,1.330417241,0.00188
8/8/2022 5:45,1.196801822,0.00169
8/8/2022 6:00,1.342804704,0.00190
8/8/2022 6:15,1.374444071,0.00195
8/8/2022 6:30,1.236816496,0.00175
8/8/2022 6:45,1.298452731,0.00184
8/8/2022 7:00,1.275316816,0.00181
8/8/2022 7:15,1.216997955,0.00172
8/8/2022 7:30,1.235683343,0.00175
8/8/2022 7:45,1.285400344,0.00182
8/8/2022 8:00,1.294075921,0.00183
8/8/2022 8:15,1.359658185,0.00192
8/8/2022 8:30,1.270225889,0.00180
8/8/2022 8:45,1.33655022,0.00189
8/8/2022 9:00,1.119675199,0.00159
8/8/2022 9:15,1.200193634,0.00170
8/8/2022 9:30,1.142992303,0.00162
8/8/2022 9:45,1.142992303,0.00162
8/8/2022 10:00,1.135350243,0.00161
8/8/2022 10:15,1.117657571,0.00158
8/8/2022 10:30,1.262896348,0.00179
8/8/2022 10:45,1.194089302,0.00169
8/8/2022 11:00,1.231146892,0.00174
8/8/2022 11:15,1.174769325,0.00166
8/8/2022 11:30,1.182571416,0.00167
8/8/2022 11:45,1.320736142,0.00187
8/8/2022 12:00,1.266716517,0.00179
8/8/2022 12:15,1.108838959,0.00157
8/8/2022 12:30,1.174769325,0.00166
8/8/2022 12:45,1.340926734,0.00190
8/8/2022 13:00,1.323983784,0.00187
8/8/2022 13:15,1.857983832,0.00263
8/8/2022 13:30,2.479517491,0.00351
8/8/2022 13:45,2.121977274,0.00300
8/8/2022 14:00,4.408519,0.00624
8/8/2022 14:15,9.706245749,0.01374
8/8/2022 14:30,17.31903243,0.02452
8/8/2022 14:45,24.84782413,0.03518
8/8/2022 15:00,31.39088137,0.04444
8/8/2022 15:15,32.62411927,0.04619
8/8/2022 15:30,30.61782376,0.04334
8/8/2022 15:45,31.03614051,0.04394
8/8/2022 16:00,30.54466095,0.04324
8/8/2022 16:15,26.51713061,0.03754
8/8/2022 16:30,24.99596304,0.03539
8/8/2022 16:45,21.95333268,0.03108
8/8/2022 17:00,19.33154449,0.02737
8/8/2022 17:15,17.15140763,0.02428
8/8/2022 17:30,17.42151232,0.02466
8/8/2022 17:45,15.3432855,0.02172
8/8/2022 18:00,13.45367996,0.01905
8/8/2022 18:15,16.98250751,0.02404
8/8/2022 18:30,10.55530442,0.01494
8/8/2022 18:45,10.87176207,0.01539
8/8/2022 19:00,10.60471739,0.01501
8/8/2022 19:15,8.225461183,0.01164
8/8/2022 19:30,10.91315065,0.01545
8/8/2022 19:45,9.25803973,0.01311
8/8/2022 20:00,6.951637064,0.00984
8/8/2022 20:15,7.112755392,0.01007
8/8/2022 20:30,7.697291836,0.01090
8/8/2022 20:45,4.98930225,0.00706
8/8/2022 21:00,4.908814516,0.00695
8/8/2022 21:15,7.818841875,0.01107
8/8/2022 21:30,4.98930225,0.00706
8/8/2022 21:45,5.533291788,0.00783
8/8/2022 22:00,5.441618704,0.00770
8/8/2022 22:15,4.97363134,0.00704
8/8/2022 22:30,4.284792394,0.00607
8/8/2022 22:45,3.402915676,0.00482
8/8/2022 23:00,3.578610117,0.00507
8/8/2022 23:15,3.471546844,0.00491
8/8/2022 23:30,3.175809857,0.00450
8/8/2022 23:45,3.334184409,0.00472
8/9/2022 0:00,3.325287384,0.00471
8/9/2022 0:15,3.411384625,0.00483
8/9/2022 0:30,3.357542025,0.00475
8/9/2022 0:45,3.396682702,0.00481
8/9/2022 1:00,3.338035827,0.00473
8/9/2022 1:15,3.259412381,0.00461
8/9/2022 1:30,2.979264586,0.00422
8/9/2022 1:45,3.506507999,0.00496
8/9/2022 2:00,3.27492697,0.00464
8/9/2022 2:15,2.979264586,0.00422
8/9/2022 2:30,3.05032788,0.00432
8/9/2022 2:45,3.799053768,0.00538
8/9/2022 3:00,3.015189765,0.00427
8/9/2022 3:15,3.259412381,0.00461
8/9/2022 3:30,3.217751635,0.00456
8/9/2022 3:45,3.240152782,0.00459
8/9/2022 4:00,3.297874502,0.00467
8/9/2022 4:15,3.029093117,0.00429
8/9/2022 4:30,2.74685149,0.00389
8/9/2022 4:45,3.029093117,0.00429
8/9/2022 5:00,3.2217731,0.00456
8/9/2022 5:15,3.015189765,0.00427
8/9/2022 5:30,3.232664567,0.00458
8/9/2022 5:45,3.036074332,0.00430
8/9/2022 6:00,3.18884494,0.00451
8/9/2022 6:15,3.18884494,0.00451
8/9/2022 6:30,2.913111226,0.00412
8/9/2022 6:45,3.236680048,0.00458
8/9/2022 7:00,3.069621333,0.00435
8/9/2022 7:15,3.320108155,0.00470
8/9/2022 7:30,3.175809857,0.00450
8/9/2022 7:45,3.02703346,0.00429
8/9/2022 8:00,2.702756693,0.00383
8/9/2022 8:15,3.250031277,0.00460
8/9/2022 8:30,2.845139343,0.00403
8/9/2022 8:45,3.250031277,0.00460
8/9/2022 9:00,3.273117936,0.00463
8/9/2022 9:15,3.273117936,0.00463
8/9/2022 9:30,3.0415373,0.00431
8/9/2022 9:45,3.116533443,0.00441
8/9/2022 10:00,3.411504174,0.00483
8/9/2022 10:15,3.22747881,0.00457
8/9/2022 10:30,2.659891676,0.00377
8/9/2022 10:45,3.256938894,0.00461
8/9/2022 11:00,3.227297933,0.00457
8/9/2022 11:15,3.116533443,0.00441
8/9/2022 11:30,3.191151209,0.00452
8/9/2022 11:45,3.296852411,0.00467
8/9/2022 12:00,3.054828612,0.00432
8/9/2022 12:15,3.401800427,0.00482
8/9/2022 12:30,3.37141273,0.00477
8/9/2022 12:45,3.139004413,0.00444
8/9/2022 13:00,3.068814974,0.00434
8/9/2022 13:15,2.891458745,0.00409
8/9/2022 13:30,3.260391143,0.00462
8/9/2022 13:45,3.159798609,0.00447
8/9/2022 14:00,3.171263373,0.00449
8/9/2022 14:15,3.149744385,0.00446
8/9/2022 14:30,3.758532538,0.00532
8/9/2022 14:45,2.86528625,0.00406
8/9/2022 15:00,2.858639071,0.00405
8/9/2022 15:15,2.712504674,0.00384
8/9/2022 15:30,2.835537935,0.00401
8/9/2022 15:45,2.384866922,0.00338
8/9/2022 16:00,2.602985515,0.00368
8/9/2022 16:15,2.47837302,0.00351
8/9/2022 16:30,2.693773052,0.00381
8/9/2022 16:45,2.534660919,0.00359
8/9/2022 17:00,2.693773052,0.00381
8/9/2022 17:15,2.740902799,0.00388
8/9/2022 17:30,2.693773052,0.00381
8/9/2022 17:45,2.563298821,0.00363
8/9/2022 18:00,2.665080983,0.00377
8/9/2022 18:15,3.084237793,0.00437
8/9/2022 18:30,2.592675029,0.00367
8/9/2022 18:45,2.823998487,0.00400
8/9/2022 19:00,2.683067757,0.00380
8/9/2022 19:15,2.610416199,0.00370
8/9/2022 19:30,2.815925956,0.00399
8/9/2022 19:45,2.534660919,0.00359
8/9/2022 20:00,2.816036715,0.00399
8/9/2022 20:15,2.562822854,0.00363
8/9/2022 20:30,3.096876035,0.00438
8/9/2022 20:45,2.803396718,0.00397
8/9/2022 21:00,3.043509927,0.00431
8/9/2022 21:15,2.963725002,0.00420
8/9/2022 21:30,2.911833162,0.00412
8/9/2022 21:45,2.686926574,0.00380
8/9/2022 22:00,2.891458745,0.00409
8/9/2022 22:15,2.484643694,0.00352
8/9/2022 22:30,2.747866544,0.00389
8/9/2022 22:45,2.519132605,0.00357
8/9/2022 23:00,2.817276025,0.00399
8/9/2022 23:15,2.587221466,0.00366
8/9/2022 23:30,2.859255114,0.00405
8/9/2022 23:45,2.543159627,0.00360
8/10/2022 0:00,2.687002784,0.00380
8/10/2022 0:15,2.687002784,0.00380
8/10/2022 0:30,3.049496755,0.00432
8/10/2022 0:45,2.968959505,0.00420
8/10/2022 1:00,2.600880983,0.00368
8/10/2022 1:15,2.810195501,0.00398
8/10/2022 1:30,2.543159627,0.00360
8/10/2022 1:45,2.668442478,0.00378
8/10/2022 2:00,2.369145129,0.00335
8/10/2022 2:15,2.494545333,0.00353
8/10/2022 2:30,2.543159627,0.00360
8/10/2022 2:45,2.810195501,0.00398
8/10/2022 3:00,2.605287827,0.00369
8/10/2022 3:15,2.956738078,0.00419
8/10/2022 3:30,2.627827608,0.00372
8/10/2022 3:45,2.859255114,0.00405
8/10/2022 4:00,2.810195501,0.00398
8/10/2022 4:15,3.054835537,0.00432
8/10/2022 4:30,2.859255114,0.00405
8/10/2022 4:45,2.884265737,0.00408
8/10/2022 5:00,2.65779772,0.00376
8/10/2022 5:15,2.94092294,0.00416
8/10/2022 5:30,3.054835537,0.00432
8/10/2022 5:45,2.627827608,0.00372
8/10/2022 6:00,2.612264421,0.00370
8/10/2022 6:15,2.810195501,0.00398
8/10/2022 6:30,2.873094882,0.00407
8/10/2022 6:45,2.477666576,0.00351
8/10/2022 7:00,2.314443843,0.00328
8/10/2022 7:15,2.490042385,0.00353
8/10/2022 7:30,2.507172282,0.00355
8/10/2022 7:45,2.722171841,0.00385
8/10/2022 8:00,2.759346949,0.00391
8/10/2022 8:15,2.583363276,0.00366
8/10/2022 8:30,2.802690079,0.00397
8/10/2022 8:45,2.683597991,0.00380
8/10/2022 9:00,2.948741203,0.00417
8/10/2022 9:15,2.897954245,0.00410
8/10/2022 9:30,2.759346949,0.00391
8/10/2022 9:45,2.866982369,0.00406
8/10/2022 10:00,2.802690079,0.00397
8/10/2022 10:15,2.683597991,0.00380
8/10/2022 10:30,2.802690079,0.00397
8/10/2022 10:45,2.866982369,0.00406
8/10/2022 11:00,2.943111572,0.00417
8/10/2022 11:15,2.827805838,0.00400
8/10/2022 11:30,2.773245721,0.00393
8/10/2022 11:45,2.866982369,0.00406
8/10/2022 12:00,2.897470664,0.00410
8/10/2022 12:15,2.902128501,0.00411
8/10/2022 12:30,2.331478467,0.00330
8/10/2022 12:45,2.551588032,0.00361
8/10/2022 13:00,2.641044175,0.00374
8/10/2022 13:15,2.641044175,0.00374
8/10/2022 13:30,2.700480585,0.00382
8/10/2022 13:45,2.623051083,0.00371
8/10/2022 14:00,2.302006914,0.00326
8/10/2022 14:15,2.735578596,0.00387
8/10/2022 14:30,2.48150467,0.00351
8/10/2022 14:45,2.477473202,0.00351
8/10/2022 15:00,2.392541928,0.00339
8/10/2022 15:15,2.461956638,0.00349
8/10/2022 15:30,2.534798518,0.00359
8/10/2022 15:45,2.465944107,0.00349
8/10/2022 16:00,2.578132845,0.00365
8/10/2022 16:15,2.424702539,0.00343
8/10/2022 16:30,2.578132845,0.00365
8/10/2022 16:45,2.465944107,0.00349
8/10/2022 17:00,2.356170961,0.00334
8/10/2022 17:15,2.465944107,0.00349
8/10/2022 17:30,2.294483588,0.00325
8/10/2022 17:45,2.23768889,0.00317
8/10/2022 18:00,2.031221828,0.00288
8/10/2022 18:15,2.291334787,0.00324
8/10/2022 18:30,2.187900176,0.00310
8/10/2022 18:45,2.356170961,0.00334
8/10/2022 19:00,2.591909872,0.00367
8/10/2022 19:15,2.668115627,0.00378
8/10/2022 19:30,2.327948106,0.00330
8/10/2022 19:45,2.461956638,0.00349
8/10/2022 20:00,2.32690476,0.00329
8/10/2022 20:15,2.753934889,0.00390
8/10/2022 20:30,2.560670973,0.00363
8/10/2022 20:45,2.570742783,0.00364
8/10/2022 21:00,2.404036144,0.00340
8/10/2022 21:15,2.660830777,0.00377
8/10/2022 21:30,2.447834694,0.00347
8/10/2022 21:45,2.387626944,0.00338
8/10/2022 22:00,2.702553968,0.00383
8/10/2022 22:15,2.450252095,0.00347
8/10/2022 22:30,2.570837112,0.00364
8/10/2022 22:45,2.170677736,0.00307
8/10/2022 23:00,2.3383052,0.00331
8/10/2022 23:15,2.51832101,0.00357
8/10/2022 23:30,2.261452762,0.00320
8/10/2022 23:45,2.570837112,0.00364
8/11/2022 0:00,2.570837112,0.00364
8/11/2022 0:15,2.33322187,0.00330
8/11/2022 0:30,2.179751891,0.00309
8/11/2022 0:45,2.565293599,0.00363
8/11/2022 1:00,2.842488899,0.00402
8/11/2022 1:15,2.570742783,0.00364
8/11/2022 1:30,2.82422418,0.00400
8/11/2022 1:45,2.698996569,0.00382
8/11/2022 2:00,2.485673058,0.00352
8/11/2022 2:15,2.747628702,0.00389
8/11/2022 2:30,2.980700033,0.00422
8/11/2022 2:45,2.570742783,0.00364
8/11/2022 3:00,2.747628702,0.00389
8/11/2022 3:15,2.518225697,0.00356
8/11/2022 3:30,2.70425453,0.00383
8/11/2022 3:45,2.513404869,0.00356
8/11/2022 4:00,2.70425453,0.00383
8/11/2022 4:15,2.753934889,0.00390
8/11/2022 4:30,2.490068687,0.00353
8/11/2022 4:45,2.285451076,0.00324
8/11/2022 5:00,2.679747731,0.00379
8/11/2022 5:15,2.69208755,0.00381
8/11/2022 5:30,2.750125707,0.00389
8/11/2022 5:45,2.658047415,0.00376
8/11/2022 6:00,2.419109922,0.00342
8/11/2022 6:15,2.69208755,0.00381
8/11/2022 6:30,2.752042543,0.00390
8/11/2022 6:45,2.48961413,0.00352
8/11/2022 7:00,2.528625485,0.00358
8/11/2022 7:15,2.658047415,0.00376
8/11/2022 7:30,2.658047415,0.00376
8/11/2022 7:45,2.615765218,0.00370
8/11/2022 8:00,2.615765218,0.00370
8/11/2022 8:15,2.445481859,0.00346
8/11/2022 8:30,2.429772449,0.00344
8/11/2022 8:45,2.366057318,0.00335
8/11/2022 9:00,2.429772449,0.00344
8/11/2022 9:15,2.513404869,0.00356
8/11/2022 9:30,2.46156253,0.00348
8/11/2022 9:45,2.490068687,0.00353
8/11/2022 10:00,2.70425453,0.00383
8/11/2022 10:15,2.350181935,0.00333
8/11/2022 10:30,2.650716236,0.00375
8/11/2022 10:45,2.529706966,0.00358
8/11/2022 11:00,2.529706966,0.00358
8/11/2022 11:15,2.669142008,0.00378
8/11/2022 11:30,2.477473202,0.00351
8/11/2022 11:45,2.40956768,0.00341
8/11/2022 12:00,2.618446086,0.00371
8/11/2022 12:15,2.42328409,0.00343
8/11/2022 12:30,2.618446086,0.00371
8/11/2022 12:45,2.203578456,0.00312
8/11/2022 13:00,2.611142811,0.00370
8/11/2022 13:15,2.537216113,0.00359
8/11/2022 13:30,2.372636053,0.00336
8/11/2022 13:45,2.528463649,0.00358
8/11/2022 14:00,2.259153894,0.00320
8/11/2022 14:15,2.448040535,0.00347
8/11/2022 14:30,2.634572061,0.00373
8/11/2022 14:45,2.362813012,0.00334
8/11/2022 15:00,2.496015284,0.00353
8/11/2022 15:15,2.333385273,0.00330
8/11/2022 15:30,2.44763743,0.00347
8/11/2022 15:45,2.480195647,0.00351
8/11/2022 16:00,2.028950299,0.00287
8/11/2022 16:15,2.559818968,0.00362
8/11/2022 16:30,2.131038982,0.00302
8/11/2022 16:45,2.950143307,0.00418
8/11/2022 17:00,3.067402077,0.00434
8/11/2022 17:15,2.822587765,0.00400
8/11/2022 17:30,3.054828612,0.00432
8/11/2022 17:45,2.627001217,0.00372
8/11/2022 18:00,2.743730333,0.00388
8/11/2022 18:15,2.995959666,0.00424
8/11/2022 18:30,2.866254915,0.00406
8/11/2022 18:45,2.683205264,0.00380
8/11/2022 19:00,2.729213271,0.00386
8/11/2022 19:15,2.87192984,0.00407
8/11/2022 19:30,3.00075409,0.00425
8/11/2022 19:45,3.325867918,0.00471
8/11/2022 20:00,3.363797727,0.00476
8/11/2022 20:15,2.759834834,0.00391
8/11/2022 20:30,2.87192984,0.00407
8/11/2022 20:45,3.326383046,0.00471
8/11/2022 21:00,2.820851518,0.00399
8/11/2022 21:15,3.51550144,0.00498
8/11/2022 21:30,3.128298127,0.00443
8/11/2022 21:45,3.006105759,0.00426
8/11/2022 22:00,3.41274293,0.00483
8/11/2022 22:15,2.845331349,0.00403
8/11/2022 22:30,3.059894573,0.00433
8/11/2022 22:45,2.908446519,0.00412
8/11/2022 23:00,3.352713572,0.00475
8/11/2022 23:15,2.982760059,0.00422
8/11/2022 23:30,2.92812531,0.00415
8/11/2022 23:45,3.210301456,0.00454
8/12/2022 0:00,2.994258118,0.00424
8/12/2022 0:15,3.52271265,0.00499
8/12/2022 0:30,2.92812531,0.00415
8/12/2022 0:45,3.151481096,0.00446
8/12/2022 1:00,2.772015763,0.00392
8/12/2022 1:15,2.916471685,0.00413
8/12/2022 1:30,3.093288614,0.00438
8/12/2022 1:45,2.801788636,0.00397
8/12/2022 2:00,3.025939929,0.00428
8/12/2022 2:15,2.778515671,0.00393
8/12/2022 2:30,2.580875942,0.00365
8/12/2022 2:45,2.778515671,0.00393
8/12/2022 3:00,2.759834834,0.00391
8/12/2022 3:15,2.759834834,0.00391
8/12/2022 3:30,2.833262346,0.00401
8/12/2022 3:45,2.598299877,0.00368
8/12/2022 4:00,2.778515671,0.00393
8/12/2022 4:15,3.260878017,0.00462
8/12/2022 4:30,2.651184065,0.00375
8/12/2022 4:45,2.846628467,0.00403
8/12/2022 5:00,2.797664851,0.00396
8/12/2022 5:15,2.407138329,0.00341
8/12/2022 5:30,2.598299877,0.00368
8/12/2022 5:45,2.852189645,0.00404
8/12/2022 6:00,2.709060856,0.00384
8/12/2022 6:15,2.435749005,0.00345
8/12/2022 6:30,2.612264421,0.00370
8/12/2022 6:45,2.729352438,0.00386
8/12/2022 7:00,2.897067105,0.00410
8/12/2022 7:15,2.621179564,0.00371
8/12/2022 7:30,2.771766007,0.00392
8/12/2022 7:45,2.916471685,0.00413
8/12/2022 8:00,2.569602503,0.00364
8/12/2022 8:15,2.63860574,0.00374
8/12/2022 8:30,2.34343791,0.00332
8/12/2022 8:45,2.362935066,0.00335
8/12/2022 9:00,2.316718497,0.00328
8/12/2022 9:15,2.294626713,0.00325
8/12/2022 9:30,2.385262846,0.00338
8/12/2022 9:45,2.276593552,0.00322
8/12/2022 10:00,2.63860574,0.00374
8/12/2022 10:15,2.228360991,0.00315
8/12/2022 10:30,2.40128003,0.00340
8/12/2022 10:45,2.371484243,0.00336
8/12/2022 11:00,2.537216113,0.00359
8/12/2022 11:15,2.668843339,0.00378
8/12/2022 11:30,2.584465185,0.00366
8/12/2022 11:45,2.201810927,0.00312
8/12/2022 12:00,2.526670903,0.00358
8/12/2022 12:15,2.617304722,0.00371
8/12/2022 12:30,2.473233337,0.00350
8/12/2022 12:45,2.14402307,0.00304
8/12/2022 13:00,2.22980939,0.00316
8/12/2022 13:15,2.572984854,0.00364
8/12/2022 13:30,2.04760686,0.00290
8/12/2022 13:45,2.311354821,0.00327
8/12/2022 14:00,2.221708806,0.00315
8/12/2022 14:15,2.342996685,0.00332
8/12/2022 14:30,2.258730046,0.00320
8/12/2022 14:45,2.434590039,0.00345
8/12/2022 15:00,2.109320107,0.00299
8/12/2022 15:15,2.212042953,0.00313
8/12/2022 15:30,2.212077305,0.00313
8/12/2022 15:45,2.150387481,0.00304
8/12/2022 16:00,2.006763773,0.00284
8/12/2022 16:15,2.317621375,0.00328
8/12/2022 16:30,2.333387711,0.00330
8/12/2022 16:45,1.99548943,0.00282
8/12/2022 17:00,2.241781288,0.00317
8/12/2022 17:15,2.252905367,0.00319
8/12/2022 17:30,1.906206625,0.00270
8/12/2022 17:45,2.115711022,0.00300
8/12/2022 18:00,2.056914261,0.00291
8/12/2022 18:15,2.115711022,0.00300
8/12/2022 18:30,2.115711022,0.00300
8/12/2022 18:45,2.101737342,0.00298
8/12/2022 19:00,1.960691484,0.00278
8/12/2022 19:15,2.178857808,0.00308
8/12/2022 19:30,2.164699094,0.00306
8/12/2022 19:45,2.051094511,0.00290
8/12/2022 20:00,2.355593826,0.00333
8/12/2022 20:15,2.332246707,0.00330
8/12/2022 20:30,2.123496584,0.00301
8/12/2022 20:45,2.172359932,0.00308
8/12/2022 21:00,2.26380456,0.00320
8/12/2022 21:15,2.159075081,0.00306
8/12/2022 21:30,1.959092248,0.00277
8/12/2022 21:45,1.910330474,0.00270
8/12/2022 22:00,2.402336467,0.00340
8/12/2022 22:15,2.23473083,0.00316
8/12/2022 22:30,2.23473083,0.00316
8/12/2022 22:45,2.167852072,0.00307
8/12/2022 23:00,2.172704695,0.00308
8/12/2022 23:15,2.311724767,0.00327
8/12/2022 23:30,2.362813012,0.00334
8/12/2022 23:45,2.099641037,0.00297
8/13/2022 0:00,2.296470345,0.00325
8/13/2022 0:15,2.209738555,0.00313
8/13/2022 0:30,2.618599349,0.00371
8/13/2022 0:45,2.321919123,0.00329
8/13/2022 1:00,2.269231034,0.00321
8/13/2022 1:15,2.560294391,0.00362
8/13/2022 1:30,2.254117697,0.00319
8/13/2022 1:45,2.23369913,0.00316
8/13/2022 2:00,2.362813012,0.00334
8/13/2022 2:15,2.360297829,0.00334
8/13/2022 2:30,2.473233337,0.00350
8/13/2022 2:45,2.736667601,0.00387
8/13/2022 3:00,2.296470345,0.00325
8/13/2022 3:15,2.360297829,0.00334
8/13/2022 3:30,2.613209953,0.00370
8/13/2022 3:45,2.375728424,0.00336
8/13/2022 4:00,2.417725983,0.00342
8/13/2022 4:15,2.580875942,0.00365
8/13/2022 4:30,2.627001217,0.00372
8/13/2022 4:45,2.281224487,0.00323
8/13/2022 5:00,2.296101621,0.00325
8/13/2022 5:15,2.281224487,0.00323
8/13/2022 5:30,2.627001217,0.00372
8/13/2022 5:45,2.445743284,0.00346
8/13/2022 6:00,2.456474366,0.00348
8/13/2022 6:15,2.428612572,0.00344
8/13/2022 6:30,2.321017178,0.00329
8/13/2022 6:45,2.375728424,0.00336
8/13/2022 7:00,2.321017178,0.00329
8/13/2022 7:15,2.31062809,0.00327
8/13/2022 7:30,2.473233337,0.00350
8/13/2022 7:45,2.473233337,0.00350
8/13/2022 8:00,2.195237762,0.00311
8/13/2022 8:15,2.296470345,0.00325
8/13/2022 8:30,2.281592015,0.00323
8/13/2022 8:45,2.428612572,0.00344
8/13/2022 9:00,2.034075087,0.00288
8/13/2022 9:15,2.543272609,0.00360
8/13/2022 9:30,2.239377426,0.00317
8/13/2022 9:45,2.140240518,0.00303
8/13/2022 10:00,2.526670903,0.00358
8/13/2022 10:15,2.281592015,0.00323
8/13/2022 10:30,2.432342066,0.00344
8/13/2022 10:45,2.543272609,0.00360
8/13/2022 11:00,2.362813012,0.00334
8/13/2022 11:15,2.285665905,0.00324
8/13/2022 11:30,1.90760061,0.00270
8/13/2022 11:45,2.248242493,0.00318
8/13/2022 12:00,2.059293664,0.00292
8/13/2022 12:15,1.919705528,0.00272
8/13/2022 12:30,2.22980939,0.00316
8/13/2022 12:45,1.910098922,0.00270
8/13/2022 13:00,2.173616917,0.00308
8/13/2022 13:15,2.048689936,0.00290
8/13/2022 13:30,2.023766254,0.00286
8/13/2022 13:45,1.841099638,0.00261
8/13/2022 14:00,1.781233055,0.00252
8/13/2022 14:15,1.914265058,0.00271
8/13/2022 14:30,1.869607812,0.00265
8/13/2022 14:45,1.731798164,0.00245
8/13/2022 15:00,2.109788473,0.00299
8/13/2022 15:15,1.982230635,0.00281
8/13/2022 15:30,1.982230635,0.00281
8/13/2022 15:45,1.830833399,0.00259
8/13/2022 16:00,1.976976468,0.00280
8/13/2022 16:15,2.010193268,0.00285
8/13/2022 16:30,2.191114502,0.00310
8/13/2022 16:45,2.205598689,0.00312
8/13/2022 17:00,1.933395492,0.00274
8/13/2022 17:15,1.908837941,0.00270
8/13/2022 17:30,2.041967962,0.00289
8/13/2022 17:45,1.777628062,0.00252
8/13/2022 18:00,2.010813734,0.00285
8/13/2022 18:15,1.861534257,0.00264
8/13/2022 18:30,1.977590501,0.00280
8/13/2022 18:45,2.056619998,0.00291
8/13/2022 19:00,2.222264152,0.00315
8/13/2022 19:15,2.083111992,0.00295
8/13/2022 19:30,1.861534257,0.00264
8/13/2022 19:45,1.820787613,0.00258
8/13/2022 20:00,2.156030986,0.00305
8/13/2022 20:15,1.764912776,0.00250
8/13/2022 20:30,1.984366147,0.00281
8/13/2022 20:45,1.893714181,0.00268
8/13/2022 21:00,1.857863563,0.00263
8/13/2022 21:15,1.969068099,0.00279
8/13/2022 21:30,1.956207513,0.00277
8/13/2022 21:45,1.905139234,0.00270
8/13/2022 22:00,1.993457453,0.00282
8/13/2022 22:15,2.006439707,0.00284
8/13/2022 22:30,1.914220988,0.00271
8/13/2022 22:45,2.273956995,0.00322
8/13/2022 23:00,2.006439707,0.00284
8/13/2022 23:15,2.053134683,0.00291
8/13/2022 23:30,2.383097539,0.00337
8/13/2022 23:45,1.937564472,0.00274
8/14/2022 0:00,2.258730046,0.00320
8/14/2022 0:15,2.259874556,0.00320
8/14/2022 0:30,2.095496755,0.00297
8/14/2022 0:45,2.1495466,0.00304
8/14/2022 1:00,2.163857391,0.00306
8/14/2022 1:15,1.745177083,0.00247
8/14/2022 1:30,2.1495466,0.00304
8/14/2022 1:45,2.286118068,0.00324
8/14/2022 2:00,1.925083325,0.00273
8/14/2022 2:15,1.937564472,0.00274
8/14/2022 2:30,2.301115624,0.00326
8/14/2022 2:45,2.19788646,0.00311
8/14/2022 3:00,1.925083325,0.00273
8/14/2022 3:15,2.076153686,0.00294
8/14/2022 3:30,2.234362969,0.00316
8/14/2022 3:45,1.984369633,0.00281
8/14/2022 4:00,2.187265725,0.00310
8/14/2022 4:15,2.04308522,0.00289
8/14/2022 4:30,2.086849156,0.00295
8/14/2022 4:45,2.126871461,0.00301
8/14/2022 5:00,1.953071153,0.00276
8/14/2022 5:15,2.250247332,0.00319
8/14/2022 5:30,1.850452993,0.00262
8/14/2022 5:45,2.341644056,0.00331
8/14/2022 6:00,2.149069465,0.00304
8/14/2022 6:15,2.259085673,0.00320
8/14/2022 6:30,2.208561296,0.00313
8/14/2022 6:45,2.198606191,0.00311
8/14/2022 7:00,2.249189781,0.00318
8/14/2022 7:15,1.901887112,0.00269
8/14/2022 7:30,1.893659118,0.00268
8/14/2022 7:45,2.052157669,0.00291
8/14/2022 8:00,2.187265725,0.00310
8/14/2022 8:15,1.960507936,0.00278
8/14/2022 8:30,2.100569282,0.00297
8/14/2022 8:45,2.015467874,0.00285
8/14/2022 9:00,2.100569282,0.00297
8/14/2022 9:15,1.892653054,0.00268
8/14/2022 9:30,2.234362969,0.00316
8/14/2022 9:45,2.147466524,0.00304
8/14/2022 10:00,2.234362969,0.00316
8/14/2022 10:15,1.892653054,0.00268
8/14/2022 10:30,2.547798971,0.00361
8/14/2022 10:45,2.639883786,0.00374
8/14/2022 11:00,2.202266042,0.00312
8/14/2022 11:15,2.014605661,0.00285
8/14/2022 11:30,2.016877776,0.00286
8/14/2022 11:45,1.993780469,0.00282
8/14/2022 12:00,1.998121973,0.00283
8/14/2022 12:15,1.727606368,0.00245
8/14/2022 12:30,2.050526926,0.00290
8/14/2022 12:45,2.0636934,0.00292
8/14/2022 13:00,2.176660323,0.00308
8/14/2022 13:15,2.217452225,0.00314
8/14/2022 13:30,2.278871313,0.00323
8/14/2022 13:45,2.152452919,0.00305
8/14/2022 14:00,2.056619998,0.00291
8/14/2022 14:15,1.806092231,0.00256
8/14/2022 14:30,2.001454621,0.00283
8/14/2022 14:45,1.862408491,0.00264
8/14/2022 15:00,1.858486477,0.00263
8/14/2022 15:15,2.12545076,0.00301
8/14/2022 15:30,1.619160668,0.00229
8/14/2022 15:45,1.522301257,0.00216
8/14/2022 16:00,1.866338883,0.00264
8/14/2022 16:15,1.860825756,0.00263
8/14/2022 16:30,1.878216413,0.00266
8/14/2022 16:45,1.821508237,0.00258
8/14/2022 17:00,1.722893805,0.00244
8/14/2022 17:15,1.681217989,0.00238
8/14/2022 17:30,1.946358198,0.00276
8/14/2022 17:45,1.901640796,0.00269
8/14/2022 18:00,1.633695554,0.00231
8/14/2022 18:15,1.871020773,0.00265
8/14/2022 18:30,1.871020773,0.00265
8/14/2022 18:45,1.878768431,0.00266
8/14/2022 19:00,1.560792711,0.00221
8/14/2022 19:15,1.688125622,0.00239
8/14/2022 19:30,1.856716469,0.00263
8/14/2022 19:45,1.509393192,0.00214
8/14/2022 20:00,1.637071107,0.00232
8/14/2022 20:15,1.770000292,0.00251
8/14/2022 20:30,1.810071014,0.00256
8/14/2022 20:45,1.871290388,0.00265
8/14/2022 21:00,2.056296886,0.00291
8/14/2022 21:15,1.833614024,0.00260
8/14/2022 21:30,1.866338883,0.00264
8/14/2022 21:45,2.138680843,0.00303
8/14/2022 22:00,1.737370313,0.00246
8/14/2022 22:15,1.873446445,0.00265
8/14/2022 22:30,1.976793687,0.00280
8/14/2022 22:45,1.962363899,0.00278
8/14/2022 23:00,1.909138482,0.00270
8/14/2022 23:15,2.10616059,0.00298
8/14/2022 23:30,2.066761092,0.00293
8/14/2022 23:45,2.10616059,0.00298
8/15/2022 0:00,2.000123482,0.00283
8/15/2022 0:15,1.949721985,0.00276
8/15/2022 0:30,1.962363899,0.00278
8/15/2022 0:45,1.962363899,0.00278
8/15/2022 1:00,1.909138482,0.00270
8/15/2022 1:15,2.032048577,0.00288
8/15/2022 1:30,2.194693862,0.00311
8/15/2022 1:45,2.124740218,0.00301
8/15/2022 2:00,2.144468351,0.00304
8/15/2022 2:15,2.34205635,0.00332
8/15/2022 2:30,2.07134112,0.00293
8/15/2022 2:45,2.261026168,0.00320
8/15/2022 3:00,1.962804329,0.00278
8/15/2022 3:15,1.872814299,0.00265
8/15/2022 3:30,2.291678482,0.00324
8/15/2022 3:45,2.018633823,0.00286
8/15/2022 4:00,1.992035077,0.00282
8/15/2022 4:15,1.870770946,0.00265
8/15/2022 4:30,2.099641037,0.00297
8/15/2022 4:45,2.210452448,0.00313
8/15/2022 5:00,2.159426519,0.00306
8/15/2022 5:15,2.005769966,0.00284
8/15/2022 5:30,2.210452448,0.00313
8/15/2022 5:45,2.134081538,0.00302
8/15/2022 6:00,2.085651897,0.00295
8/15/2022 6:15,2.186433522,0.00310
8/15/2022 6:30,2.195201922,0.00311
8/15/2022 6:45,1.97942497,0.00280
8/15/2022 7:00,2.049833469,0.00290
8/15/2022 7:15,2.120078884,0.00300
8/15/2022 7:30,2.048188031,0.00290
8/15/2022 7:45,1.97900743,0.00280
8/15/2022 8:00,1.97900743,0.00280
8/15/2022 8:15,1.836024343,0.00260
8/15/2022 8:30,1.929091112,0.00273
8/15/2022 8:45,1.888419823,0.00267
8/15/2022 9:00,2.096928659,0.00297
8/15/2022 9:15,2.083390603,0.00295
8/15/2022 9:30,1.87632197,0.00266
8/15/2022 9:45,2.203578456,0.00312
8/15/2022 10:00,1.853288484,0.00262
8/15/2022 10:15,2.34205635,0.00332
8/15/2022 10:30,2.102926275,0.00298
8/15/2022 10:45,2.500243985,0.00354
8/15/2022 11:00,2.057616014,0.00291
8/15/2022 11:15,2.191185765,0.00310
8/15/2022 11:30,2.311432626,0.00327
8/15/2022 11:45,2.205262091,0.00312
8/15/2022 12:00,2.055774605,0.00291
8/15/2022 12:15,2.042718263,0.00289
8/15/2022 12:30,2.326566924,0.00329
8/15/2022 12:45,2.083390603,0.00295
8/15/2022 13:00,1.905933216,0.00270
8/15/2022 13:15,1.9539108,0.00277
8/15/2022 13:30,1.810071014,0.00256
8/15/2022 13:45,1.958976042,0.00277
8/15/2022 14:00,2.301481634,0.00326
8/15/2022 14:15,1.893330947,0.00268
8/15/2022 14:30,1.995591748,0.00283
8/15/2022 14:45,2.130966453,0.00302
8/15/2022 15:00,1.942342926,0.00275
8/15/2022 15:15,2.25294097,0.00319
8/15/2022 15:30,2.09715488,0.00297
8/15/2022 15:45,2.11065509,0.00299
8/15/2022 16:00,1.848650259,0.00262
8/15/2022 16:15,1.750203895,0.00248
8/15/2022 16:30,1.776617409,0.00252
8/15/2022 16:45,1.769295198,0.00250
8/15/2022 17:00,1.776617409,0.00252
8/15/2022 17:15,1.924197928,0.00272
8/15/2022 17:30,1.673656691,0.00237
8/15/2022 17:45,1.801178567,0.00255
8/15/2022 18:00,1.946067005,0.00275
8/15/2022 18:15,1.749876579,0.00248
8/15/2022 18:30,1.7303641,0.00245
8/15/2022 18:45,1.976038971,0.00280
8/15/2022 19:00,2.04280745,0.00289
8/15/2022 19:15,1.903866169,0.00270
8/15/2022 19:30,1.974649922,0.00280
8/15/2022 19:45,1.82654628,0.00259
8/15/2022 20:00,2.029708169,0.00287
8/15/2022 20:15,1.586374635,0.00225
8/15/2022 20:30,1.743665157,0.00247
8/15/2022 20:45,1.750459226,0.00248
8/15/2022 21:00,1.934092617,0.00274
8/15/2022 21:15,2.149032922,0.00304
8/15/2022 21:30,1.999536536,0.00283
8/15/2022 21:45,1.999536536,0.00283
8/15/2022 22:00,1.941357631,0.00275
8/15/2022 22:15,1.941357631,0.00275
8/15/2022 22:30,2.170221866,0.00307
8/15/2022 22:45,1.994448472,0.00282
8/15/2022 23:00,1.794097845,0.00254
8/15/2022 23:15,1.900800934,0.00269
8/15/2022 23:30,1.833614024,0.00260
8/15/2022 23:45,2.062332119,0.00292
8/16/2022 0:00,1.9539108,0.00277
8/16/2022 0:15,1.900800934,0.00269
8/16/2022 0:30,1.923680054,0.00272
8/16/2022 0:45,1.719778412,0.00243
8/16/2022 1:00,1.858440904,0.00263
8/16/2022 1:15,1.853288484,0.00262
8/16/2022 1:30,2.044205669,0.00289
8/16/2022 1:45,2.809528523,0.00398
8/16/2022 2:00,2.730028084,0.00386
8/16/2022 2:15,2.875225141,0.00407
8/16/2022 2:30,2.975250752,0.00421
8/16/2022 2:45,2.284938086,0.00323
8/16/2022 3:00,2.223232959,0.00315
8/16/2022 3:15,2.748585495,0.00389
8/16/2022 3:30,2.656459302,0.00376
8/16/2022 3:45,2.897067105,0.00410
8/16/2022 4:00,2.950957258,0.00418
8/16/2022 4:15,2.871158288,0.00406
8/16/2022 4:30,3.117017348,0.00441
8/16/2022 4:45,2.807855275,0.00397
8/16/2022 5:00,2.752519533,0.00390
8/16/2022 5:15,2.627470599,0.00372
8/16/2022 5:30,2.31060645,0.00327
8/16/2022 5:45,2.385262846,0.00338
8/16/2022 6:00,2.556672726,0.00362
8/16/2022 6:15,2.513602716,0.00356
8/16/2022 6:30,2.451041289,0.00347
8/16/2022 6:45,2.537216113,0.00359
8/16/2022 7:00,2.306170461,0.00326
8/16/2022 7:15,2.291042599,0.00324
8/16/2022 7:30,2.294626713,0.00325
8/16/2022 7:45,2.343067706,0.00332
8/16/2022 8:00,2.115510671,0.00299
8/16/2022 8:15,2.192890238,0.00310
8/16/2022 8:30,2.114772161,0.00299
8/16/2022 8:45,2.246106915,0.00318
8/16/2022 9:00,1.986902125,0.00281
8/16/2022 9:15,2.387715386,0.00338
8/16/2022 9:30,2.358549846,0.00334
8/16/2022 9:45,2.128638145,0.00301
8/16/2022 10:00,2.175106806,0.00308
8/16/2022 10:15,2.189168877,0.00310
8/16/2022 10:30,2.254820502,0.00319
8/16/2022 10:45,2.092251145,0.00296
8/16/2022 11:00,2.674227451,0.00379
8/16/2022 11:15,2.387866427,0.00338
8/16/2022 11:30,1.994173645,0.00282
8/16/2022 11:45,2.253011763,0.00319
8/16/2022 12:00,2.011935528,0.00285
8/16/2022 12:15,1.778582332,0.00252
8/16/2022 12:30,2.142444166,0.00303
8/16/2022 12:45,2.078984267,0.00294
8/16/2022 13:00,2.042718263,0.00289
8/16/2022 13:15,2.005985847,0.00284
8/16/2022 13:30,2.165533733,0.00307
8/16/2022 13:45,2.130447428,0.00302
8/16/2022 14:00,1.580345345,0.00224
8/16/2022 14:15,2.110784043,0.00299
8/16/2022 14:30,2.007171856,0.00284
8/16/2022 14:45,1.911176582,0.00271
8/16/2022 15:00,1.821885536,0.00258
8/16/2022 15:15,1.858440904,0.00263
8/16/2022 15:30,1.946358198,0.00276
8/16/2022 15:45,1.817722631,0.00257
8/16/2022 16:00,2.008076022,0.00284
8/16/2022 16:15,1.626872668,0.00230
8/16/2022 16:30,1.711265138,0.00242
8/16/2022 16:45,1.887754253,0.00267
8/16/2022 17:00,1.9219251,0.00272
8/16/2022 17:15,1.697845646,0.00240
8/16/2022 17:30,1.626179683,0.00230
8/16/2022 17:45,1.626179683,0.00230
8/16/2022 18:00,1.652335155,0.00234
8/16/2022 18:15,1.832874683,0.00259
8/16/2022 18:30,1.697845646,0.00240
8/16/2022 18:45,1.522422406,0.00216
8/16/2022 19:00,1.650448621,0.00234
8/16/2022 19:15,1.703846207,0.00241
8/16/2022 19:30,1.501852383,0.00213
8/16/2022 19:45,1.699445982,0.00241
8/16/2022 20:00,1.735755672,0.00246
8/16/2022 20:15,1.797774513,0.00255
8/16/2022 20:30,1.939418233,0.00275
8/16/2022 20:45,1.757037184,0.00249
8/16/2022 21:00,1.981841884,0.00281
8/16/2022 21:15,1.838113585,0.00260
8/16/2022 21:30,1.935666434,0.00274
8/16/2022 21:45,2.139683011,0.00303
8/16/2022 22:00,2.113468688,0.00299
8/16/2022 22:15,2.226082184,0.00315
8/16/2022 22:30,1.873616408,0.00265
8/16/2022 22:45,2.066173122,0.00293
8/16/2022 23:00,2.061830058,0.00292
8/16/2022 23:15,2.066173122,0.00293
8/16/2022 23:30,2.086849156,0.00295
8/16/2022 23:45,2.212006383,0.00313
8/17/2022 0:00,2.323016908,0.00329
8/17/2022 0:15,2.323016908,0.00329
8/17/2022 0:30,2.170677736,0.00307
8/17/2022 0:45,2.073573286,0.00294
8/17/2022 1:00,2.522483392,0.00357
8/17/2022 1:15,2.392847172,0.00339
8/17/2022 1:30,2.533006927,0.00359
8/17/2022 1:45,2.150755186,0.00304
8/17/2022 2:00,2.221298744,0.00314
8/17/2022 2:15,2.061830058,0.00292
8/17/2022 2:30,2.074808133,0.00294
8/17/2022 2:45,1.881532853,0.00266
8/17/2022 3:00,2.016586528,0.00285
8/17/2022 3:15,2.235593097,0.00316
8/17/2022 3:30,2.016586528,0.00285
8/17/2022 3:45,2.003792126,0.00284
8/17/2022 4:00,1.817582404,0.00257
8/17/2022 4:15,2.066173122,0.00293
8/17/2022 4:30,2.016586528,0.00285
8/17/2022 4:45,2.066173122,0.00293
8/17/2022 5:00,1.809970516,0.00256
8/17/2022 5:15,2.00807366,0.00284
8/17/2022 5:30,2.00807366,0.00284
8/17/2022 5:45,1.809970516,0.00256
8/17/2022 6:00,1.743346369,0.00247
8/17/2022 6:15,1.935515632,0.00274
8/17/2022 6:30,1.754378831,0.00248
8/17/2022 6:45,1.743346369,0.00247
8/17/2022 7:00,1.617209115,0.00229
8/17/2022 7:15,1.72314026,0.00244
8/17/2022 7:30,1.912902586,0.00271
8/17/2022 7:45,1.925083325,0.00273
8/17/2022 8:00,1.745177083,0.00247
8/17/2022 8:15,2.109320107,0.00299
8/17/2022 8:30,1.795116597,0.00254
8/17/2022 8:45,1.615174383,0.00229
8/17/2022 9:00,1.615174383,0.00229
8/17/2022 9:15,1.761550884,0.00249
8/17/2022 9:30,1.783805414,0.00253
8/17/2022 9:45,1.772765703,0.00251
8/17/2022 10:00,1.658957671,0.00235
8/17/2022 10:15,1.867902694,0.00264
8/17/2022 10:30,1.623122334,0.00230
8/17/2022 10:45,1.854726572,0.00263
8/17/2022 11:00,1.854726572,0.00263
8/17/2022 11:15,1.669363661,0.00236
8/17/2022 11:30,1.680020938,0.00238
8/17/2022 11:45,1.552872253,0.00220
8/17/2022 12:00,1.669363661,0.00236
8/17/2022 12:15,1.933308508,0.00274
8/17/2022 12:30,1.680020938,0.00238
8/17/2022 12:45,1.745177083,0.00247
8/17/2022 13:00,1.795116597,0.00254
8/17/2022 13:15,1.617209115,0.00229
8/17/2022 13:30,1.881485311,0.00266
8/17/2022 13:45,1.608714082,0.00228
8/17/2022 14:00,1.674769985,0.00237
8/17/2022 14:15,1.799284022,0.00255
8/17/2022 14:30,1.745457321,0.00247
8/17/2022 14:45,1.846101618,0.00261
8/17/2022 15:00,1.636379243,0.00232
8/17/2022 15:15,1.814074383,0.00257
8/17/2022 15:30,1.753597249,0.00248
8/17/2022 15:45,1.555486853,0.00220
8/17/2022 16:00,1.674448191,0.00237
8/17/2022 16:15,1.827723435,0.00259
8/17/2022 16:30,1.594383158,0.00226
8/17/2022 16:45,1.625784505,0.00230
8/17/2022 17:00,1.552258354,0.00220
8/17/2022 17:15,1.59572547,0.00226
8/17/2022 17:30,1.514319577,0.00214
8/17/2022 17:45,1.64427512,0.00233
8/17/2022 18:00,1.753597249,0.00248
8/17/2022 18:15,1.917344103,0.00271
8/17/2022 18:30,1.838377296,0.00260
8/17/2022 18:45,1.995081458,0.00282
8/17/2022 19:00,2.007677705,0.00284
8/17/2022 19:15,2.097970211,0.00297
8/17/2022 19:30,2.056072645,0.00291
8/17/2022 19:45,2.418262087,0.00342
8/17/2022 20:00,2.730519078,0.00387
8/17/2022 20:15,2.296203623,0.00325
8/17/2022 20:30,2.495036363,0.00353
8/17/2022 20:45,2.74217956,0.00388
8/17/2022 21:00,2.624401733,0.00372
8/17/2022 21:15,2.746782234,0.00389
8/17/2022 21:30,2.474074176,0.00350
8/17/2022 21:45,2.688495881,0.00381
8/17/2022 22:00,2.688495881,0.00381
8/17/2022 22:15,2.700163745,0.00382
8/17/2022 22:30,2.430020384,0.00344
8/17/2022 22:45,2.209059919,0.00313
8/17/2022 23:00,2.266694324,0.00321
8/17/2022 23:15,2.281224487,0.00323
8/17/2022 23:30,2.243871484,0.00318
8/17/2022 23:45,2.36242299,0.00334
8/18/2022 0:00,1.868954155,0.00265
8/18/2022 0:15,2.143680591,0.00303
8/18/2022 0:30,2.258730046,0.00320
8/18/2022 0:45,2.417352887,0.00342
8/18/2022 1:00,2.288167155,0.00324
8/18/2022 1:15,2.109320107,0.00299
8/18/2022 1:30,2.121973304,0.00300
8/18/2022 1:45,2.038204806,0.00289
8/18/2022 2:00,2.086950726,0.00295
8/18/2022 2:15,1.880477847,0.00266
8/18/2022 2:30,1.946926424,0.00276
8/18/2022 2:45,1.754378831,0.00248
8/18/2022 3:00,1.889521596,0.00267
8/18/2022 3:15,2.100459058,0.00297
8/18/2022 3:30,2.135941364,0.00302
8/18/2022 3:45,1.881532853,0.00266
8/18/2022 4:00,1.893714181,0.00268
8/18/2022 4:15,1.694211763,0.00240
8/18/2022 4:30,1.935666434,0.00274
8/18/2022 4:45,1.935666434,0.00274
8/18/2022 5:00,1.869638604,0.00265
8/18/2022 5:15,1.947791306,0.00276
8/18/2022 5:30,1.754315023,0.00248
8/18/2022 5:45,2.128169379,0.00301
8/18/2022 6:00,2.148665309,0.00304
8/18/2022 6:15,1.881532853,0.00266
8/18/2022 6:30,2.074808133,0.00294
8/18/2022 6:45,1.939800484,0.00275
8/18/2022 7:00,1.838469059,0.00260
8/18/2022 7:15,1.929572535,0.00273
8/18/2022 7:30,1.972890293,0.00279
8/18/2022 7:45,1.664186224,0.00236
8/18/2022 8:00,1.972890293,0.00279
8/18/2022 8:15,1.917283646,0.00271
8/18/2022 8:30,1.754378831,0.00248
8/18/2022 8:45,1.664186224,0.00236
8/18/2022 9:00,1.608714082,0.00228
8/18/2022 9:15,1.754378831,0.00248
8/18/2022 9:30,1.917283646,0.00271
8/18/2022 9:45,1.761834977,0.00249
8/18/2022 10:00,1.754378831,0.00248
8/18/2022 10:15,1.946926424,0.00276
8/18/2022 10:30,1.960507936,0.00278
8/18/2022 10:45,1.816040646,0.00257
8/18/2022 11:00,1.960507936,0.00278
8/18/2022 11:15,1.765677394,0.00250
8/18/2022 11:30,1.738035948,0.00246
8/18/2022 11:45,2.050526926,0.00290
8/18/2022 12:00,2.101737342,0.00298
8/18/2022 12:15,1.804517107,0.00255
8/18/2022 12:30,1.861534257,0.00264
8/18/2022 12:45,1.814074383,0.00257
8/18/2022 13:00,1.815974328,0.00257
8/18/2022 13:15,1.849676801,0.00262
8/18/2022 13:30,1.806092231,0.00256
8/18/2022 13:45,1.838913591,0.00260
8/18/2022 14:00,1.867000064,0.00264
8/18/2022 14:15,2.006802868,0.00284
8/18/2022 14:30,2.006802868,0.00284
8/18/2022 14:45,1.997506877,0.00283
8/18/2022 15:00,1.723325925,0.00244
8/18/2022 15:15,1.997506877,0.00283
8/18/2022 15:30,2.152010141,0.00305
8/18/2022 15:45,1.993361998,0.00282
8/18/2022 16:00,1.958935173,0.00277
8/18/2022 16:15,1.712739879,0.00242
8/18/2022 16:30,1.798887845,0.00255
8/18/2022 16:45,1.671590673,0.00237
8/18/2022 17:00,1.900032091,0.00269
8/18/2022 17:15,1.816900269,0.00257
8/18/2022 17:30,2.018924455,0.00286
8/18/2022 17:45,1.600160589,0.00227
8/18/2022 18:00,1.853288484,0.00262
8/18/2022 18:15,1.900800934,0.00269
8/18/2022 18:30,1.622199612,0.00230
8/18/2022 18:45,1.888419823,0.00267
8/18/2022 19:00,1.812463296,0.00257
8/18/2022 19:15,1.67903101,0.00238
8/18/2022 19:30,1.974009677,0.00279
8/18/2022 19:45,1.611647268,0.00228
8/18/2022 20:00,1.89675713,0.00269
8/18/2022 20:15,1.909339118,0.00270
8/18/2022 20:30,1.942726875,0.00275
8/18/2022 20:45,1.706811183,0.00242
8/18/2022 21:00,1.790089107,0.00253
8/18/2022 21:15,1.708485752,0.00242
8/18/2022 21:30,1.697517148,0.00240
8/18/2022 21:45,1.697517148,0.00240
8/18/2022 22:00,1.873243691,0.00265
8/18/2022 22:15,1.798929111,0.00255
8/18/2022 22:30,1.677139899,0.00237
8/18/2022 22:45,1.527228942,0.00216
8/18/2022 23:00,1.697517148,0.00240
8/18/2022 23:15,1.757037184,0.00249
8/18/2022 23:30,1.719728556,0.00243
8/18/2022 23:45,1.537015994,0.00218
8/19/2022 0:00,1.537015994,0.00218
8/19/2022 0:15,1.708485752,0.00242
8/19/2022 0:30,1.729810549,0.00245
8/19/2022 0:45,1.932563008,0.00274
8/19/2022 1:00,1.780004761,0.00252
8/19/2022 1:15,1.634668974,0.00231
8/19/2022 1:30,1.629395661,0.00231
8/19/2022 1:45,1.884482334,0.00267
8/19/2022 2:00,1.696830822,0.00240
8/19/2022 2:15,1.919848366,0.00272
8/19/2022 2:30,1.668079645,0.00236
8/19/2022 2:45,1.668079645,0.00236
8/19/2022 3:00,1.923732488,0.00272
8/19/2022 3:15,1.668079645,0.00236
8/19/2022 3:30,1.712521746,0.00242
8/19/2022 3:45,1.79504698,0.00254
8/19/2022 4:00,1.710499663,0.00242
8/19/2022 4:15,1.642013693,0.00232
8/19/2022 4:30,1.732817543,0.00245
8/19/2022 4:45,1.42365547,0.00202
8/19/2022 5:00,1.783422084,0.00252
8/19/2022 5:15,1.453860767,0.00206
8/19/2022 5:30,1.494726133,0.00212
8/19/2022 5:45,1.572638722,0.00223
8/19/2022 6:00,1.504355825,0.00213
8/19/2022 6:15,1.661899706,0.00235
8/19/2022 6:30,1.616089478,0.00229
8/19/2022 6:45,1.760998654,0.00249
8/19/2022 7:00,1.54061716,0.00218
8/19/2022 7:15,1.680866737,0.00238
8/19/2022 7:30,1.42365547,0.00202
8/19/2022 7:45,1.528201875,0.00216
8/19/2022 8:00,1.397735651,0.00198
8/19/2022 8:15,1.622199612,0.00230
8/19/2022 8:30,1.500224626,0.00212
8/19/2022 8:45,1.632999567,0.00231
8/19/2022 9:00,1.445749669,0.00205
8/19/2022 9:15,1.726185941,0.00244
8/19/2022 9:30,1.472021525,0.00208
8/19/2022 9:45,1.632999567,0.00231
8/19/2022 10:00,1.554908317,0.00220
8/19/2022 10:15,1.710499663,0.00242
8/19/2022 10:30,1.611647268,0.00228
8/19/2022 10:45,1.710499663,0.00242
8/19/2022 11:00,1.611647268,0.00228
8/19/2022 11:15,1.67903101,0.00238
8/19/2022 11:30,1.692088384,0.00240
8/19/2022 11:45,1.672695391,0.00237
8/19/2022 12:00,1.672695391,0.00237
8/19/2022 12:15,1.858440904,0.00263
8/19/2022 12:30,1.753072661,0.00248
8/19/2022 12:45,1.597791416,0.00226
8/19/2022 13:00,1.598291589,0.00226
8/19/2022 13:15,1.857396287,0.00263
8/19/2022 13:30,1.905005062,0.00270
8/19/2022 13:45,1.541408268,0.00218
8/19/2022 14:00,1.431511729,0.00203
8/19/2022 14:15,1.579509023,0.00224
8/19/2022 14:30,1.50443996,0.00213
8/19/2022 14:45,1.498020903,0.00212
8/19/2022 15:00,1.400262652,0.00198
8/19/2022 15:15,1.62111376,0.00229
8/19/2022 15:30,1.39037629,0.00197
8/19/2022 15:45,1.396112499,0.00198
8/19/2022 16:00,1.471148774,0.00208
8/19/2022 16:15,1.39037629,0.00197
8/19/2022 16:30,1.233588803,0.00175
8/19/2022 16:45,1.399030332,0.00198
8/19/2022 17:00,1.502757991,0.00213
8/19/2022 17:15,1.374816655,0.00195
8/19/2022 17:30,1.511746761,0.00214
8/19/2022 17:45,1.493411214,0.00211
8/19/2022 18:00,1.399030332,0.00198
8/19/2022 18:15,1.201214859,0.00170
8/19/2022 18:30,1.498020903,0.00212
8/19/2022 18:45,1.255129887,0.00178
8/19/2022 19:00,1.320762385,0.00187
8/19/2022 19:15,1.24743122,0.00177
8/19/2022 19:30,1.255129887,0.00178
8/19/2022 19:45,1.39037629,0.00197
8/19/2022 20:00,1.364979715,0.00193
8/19/2022 20:15,1.359635776,0.00192
8/19/2022 20:30,1.26022822,0.00178
8/19/2022 20:45,1.362515259,0.00193
8/19/2022 21:00,1.568686271,0.00222
8/19/2022 21:15,1.30659897,0.00185
8/19/2022 21:30,1.371469505,0.00194
8/19/2022 21:45,1.30659897,0.00185
8/19/2022 22:00,1.472444849,0.00208
8/19/2022 22:15,1.50443996,0.00213
8/19/2022 22:30,1.628214912,0.00231
8/19/2022 22:45,1.438054587,0.00204
8/19/2022 23:00,1.51403308,0.00214
8/19/2022 23:15,1.516570908,0.00215
8/19/2022 23:30,1.49483998,0.00212
8/19/2022 23:45,1.359684596,0.00192
8/20/2022 0:00,1.463869101,0.00207
8/20/2022 0:15,1.554994849,0.00220
8/20/2022 0:30,1.50443996,0.00213
8/20/2022 0:45,1.447052412,0.00205
8/20/2022 1:00,1.535543027,0.00217
8/20/2022 1:15,1.708606116,0.00242
8/20/2022 1:30,1.577010658,0.00223
8/20/2022 1:45,1.548746273,0.00219
8/20/2022 2:00,1.548746273,0.00219
8/20/2022 2:15,1.662950658,0.00235
8/20/2022 2:30,1.353975076,0.00192
8/20/2022 2:45,1.852648221,0.00262
8/20/2022 3:00,1.498020903,0.00212
8/20/2022 3:15,1.631735277,0.00231
8/20/2022 3:30,1.457537281,0.00206
8/20/2022 3:45,1.78532146,0.00253
8/20/2022 4:00,1.345424285,0.00190
8/20/2022 4:15,1.723137932,0.00244
8/20/2022 4:30,1.430913079,0.00203
8/20/2022 4:45,1.362515259,0.00193
8/20/2022 5:00,1.480431681,0.00210
8/20/2022 5:15,1.677287422,0.00237
8/20/2022 5:30,1.673718231,0.00237
8/20/2022 5:45,1.400262652,0.00198
8/20/2022 6:00,1.431511729,0.00203
8/20/2022 6:15,1.513309836,0.00214
8/20/2022 6:30,1.844679698,0.00261
8/20/2022 6:45,2.085651897,0.00295
8/20/2022 7:00,1.783422084,0.00252
8/20/2022 7:15,1.79504698,0.00254
8/20/2022 7:30,1.992431056,0.00282
8/20/2022 7:45,2.284938086,0.00323
8/20/2022 8:00,2.407138329,0.00341
8/20/2022 8:15,1.925170487,0.00273
8/20/2022 8:30,2.061669849,0.00292
8/20/2022 8:45,2.048188031,0.00290
8/20/2022 9:00,2.106407113,0.00298
8/20/2022 9:15,2.249754973,0.00318
8/20/2022 9:30,2.451041289,0.00347
8/20/2022 9:45,2.669574264,0.00378
8/20/2022 10:00,2.369628693,0.00335
8/20/2022 10:15,2.369628693,0.00335
8/20/2022 10:30,2.323353241,0.00329
8/20/2022 10:45,2.53517777,0.00359
8/20/2022 11:00,2.716749696,0.00385
8/20/2022 11:15,2.993851236,0.00424
8/20/2022 11:30,2.802768188,0.00397
8/20/2022 11:45,2.359377764,0.00334
8/20/2022 12:00,3.093288614,0.00438
8/20/2022 12:15,2.728864828,0.00386
8/20/2022 12:30,3.239793763,0.00459
8/20/2022 12:45,3.013935601,0.00427
8/20/2022 13:00,3.117017348,0.00441
8/20/2022 13:15,2.621179564,0.00371
8/20/2022 13:30,2.916604521,0.00413
8/20/2022 13:45,2.784475671,0.00394
8/20/2022 14:00,3.096176561,0.00438
8/20/2022 14:15,3.096176561,0.00438
8/20/2022 14:30,2.897067105,0.00410
8/20/2022 14:45,3.046254631,0.00431
8/20/2022 15:00,3.101866021,0.00439
8/20/2022 15:15,2.733888805,0.00387
8/20/2022 15:30,3.08136642,0.00436
8/20/2022 15:45,2.999328324,0.00425
8/20/2022 16:00,3.101866021,0.00439
8/20/2022 16:15,2.954369874,0.00418
8/20/2022 16:30,3.26136959,0.00462
8/20/2022 16:45,2.974633124,0.00421
8/20/2022 17:00,3.127009613,0.00443
8/20/2022 17:15,2.518766083,0.00357
8/20/2022 17:30,2.879974196,0.00408
8/20/2022 17:45,2.591863871,0.00367
8/20/2022 18:00,2.634361774,0.00373
8/20/2022 18:15,2.646176062,0.00375
8/20/2022 18:30,2.72147918,0.00385
8/20/2022 18:45,2.474834485,0.00350
8/20/2022 19:00,2.234029862,0.00316
8/20/2022 19:15,2.72147918,0.00385
8/20/2022 19:30,2.458420052,0.00348
8/20/2022 19:45,2.234029862,0.00316
8/20/2022 20:00,2.519221457,0.00357
8/20/2022 20:15,2.324996452,0.00329
8/20/2022 20:30,2.408683258,0.00341
8/20/2022 20:45,2.355413537,0.00333
8/20/2022 21:00,2.355413537,0.00333
8/20/2022 21:15,2.1724498,0.00308
8/20/2022 21:30,2.18100891,0.00309
8/20/2022 21:45,2.023759569,0.00286
8/20/2022 22:00,2.120571569,0.00300
8/20/2022 22:15,2.1958851,0.00311
8/20/2022 22:30,2.048188031,0.00290
8/20/2022 22:45,1.974009677,0.00279
8/20/2022 23:00,1.974009677,0.00279
8/20/2022 23:15,1.801110433,0.00255
8/20/2022 23:30,1.772071401,0.00251
8/20/2022 23:45,2.011935528,0.00285
8/21/2022 0:00,1.836024343,0.00260
8/21/2022 0:15,1.966304141,0.00278
8/21/2022 0:30,1.836024343,0.00260
8/21/2022 0:45,1.888419823,0.00267
8/21/2022 1:00,1.708831599,0.00242
8/21/2022 1:15,2.036641054,0.00288
8/21/2022 1:30,1.911176582,0.00271
8/21/2022 1:45,1.846349952,0.00261
8/21/2022 2:00,2.049833469,0.00290
8/21/2022 2:15,1.933984096,0.00274
8/21/2022 2:30,2.1724498,0.00308
8/21/2022 2:45,2.235448885,0.00316
8/21/2022 3:00,1.813816953,0.00257
8/21/2022 3:15,1.83907457,0.00260
8/21/2022 3:30,1.825149206,0.00258
8/21/2022 3:45,1.970554663,0.00279
8/21/2022 4:00,1.958048435,0.00277
8/21/2022 4:15,1.870840995,0.00265
8/21/2022 4:30,1.836754968,0.00260
8/21/2022 4:45,1.660957153,0.00235
8/21/2022 5:00,1.660957153,0.00235
8/21/2022 5:15,1.711455742,0.00242
8/21/2022 5:30,1.581067302,0.00224
8/21/2022 5:45,1.538913437,0.00218
8/21/2022 6:00,1.596910962,0.00226
8/21/2022 6:15,1.661899706,0.00235
8/21/2022 6:30,1.898915005,0.00269
8/21/2022 6:45,1.578724426,0.00223
8/21/2022 7:00,1.898915005,0.00269
8/21/2022 7:15,1.690133433,0.00239
8/21/2022 7:30,1.699445982,0.00241
8/21/2022 7:45,1.782206261,0.00252
8/21/2022 8:00,1.532469591,0.00217
8/21/2022 8:15,1.668079645,0.00236
8/21/2022 8:30,1.841303873,0.00261
8/21/2022 8:45,1.89675713,0.00269
8/21/2022 9:00,1.717943149,0.00243
8/21/2022 9:15,1.754172933,0.00248
8/21/2022 9:30,1.896669471,0.00269
8/21/2022 9:45,1.828619635,0.00259
8/21/2022 10:00,1.589847707,0.00225
8/21/2022 10:15,1.699445982,0.00241
8/21/2022 10:30,1.746706134,0.00247
8/21/2022 10:45,1.754172933,0.00248
8/21/2022 11:00,1.644177357,0.00233
8/21/2022 11:15,1.699445982,0.00241
8/21/2022 11:30,1.626797949,0.00230
8/21/2022 11:45,1.962363899,0.00278
8/21/2022 12:00,1.654623757,0.00234
8/21/2022 12:15,1.698895756,0.00241
8/21/2022 12:30,1.997974204,0.00283
8/21/2022 12:45,1.889966073,0.00268
8/21/2022 13:00,1.823900725,0.00258
8/21/2022 13:15,1.76919873,0.00250
8/21/2022 13:30,1.76919873,0.00250
8/21/2022 13:45,1.5839871,0.00224
8/21/2022 14:00,1.705478063,0.00241
8/21/2022 14:15,1.837761308,0.00260
8/21/2022 14:30,1.889291779,0.00267
8/21/2022 14:45,1.900991793,0.00269
8/21/2022 15:00,1.713730638,0.00243
8/21/2022 15:15,1.595508955,0.00226
8/21/2022 15:30,1.900991793,0.00269
8/21/2022 15:45,1.645739887,0.00233
8/21/2022 16:00,1.822238144,0.00258
8/21/2022 16:15,1.728460993,0.00245
8/21/2022 16:30,1.628752673,0.00231
8/21/2022 16:45,1.587618778,0.00225
8/21/2022 17:00,1.913844077,0.00271
8/21/2022 17:15,1.590130322,0.00225
8/21/2022 17:30,1.71726409,0.00243
8/21/2022 17:45,1.635954415,0.00232
8/21/2022 18:00,1.856219853,0.00263
8/21/2022 18:15,1.543394965,0.00218
8/21/2022 18:30,1.79406145,0.00254
8/21/2022 18:45,1.556963263,0.00220
8/21/2022 19:00,1.543394965,0.00218
8/21/2022 19:15,1.515545291,0.00215
8/21/2022 19:30,1.405369532,0.00199
8/21/2022 19:45,1.645739887,0.00233
8/21/2022 20:00,1.854746164,0.00263
8/21/2022 20:15,2.055774605,0.00291
8/21/2022 20:30,1.766407838,0.00250
8/21/2022 20:45,1.606966002,0.00227
8/21/2022 21:00,2.06987057,0.00293
8/21/2022 21:15,2.815681743,0.00399
8/21/2022 21:30,2.453387935,0.00347
8/21/2022 21:45,2.292757138,0.00325
8/21/2022 22:00,2.541804528,0.00360
8/21/2022 22:15,2.541804528,0.00360
8/21/2022 22:30,2.125988052,0.00301
8/21/2022 22:45,2.521970518,0.00357
8/21/2022 23:00,2.783438754,0.00394
8/21/2022 23:15,3.095982743,0.00438
8/21/2022 23:30,3.396934068,0.00481
8/21/2022 23:45,3.076290656,0.00436
8/22/2022 0:00,2.925586766,0.00414
8/22/2022 0:15,3.283012768,0.00465
8/22/2022 0:30,3.166928629,0.00448
8/22/2022 0:45,2.87084125,0.00406
8/22/2022 1:00,3.153935188,0.00446
8/22/2022 1:15,2.603113762,0.00369
8/22/2022 1:30,2.797209569,0.00396
8/22/2022 1:45,2.768023407,0.00392
8/22/2022 2:00,3.16145716,0.00448
8/22/2022 2:15,2.578082366,0.00365
8/22/2022 2:30,2.593925079,0.00367
8/22/2022 2:45,2.676908277,0.00379
8/22/2022 3:00,2.587450194,0.00366
8/22/2022 3:15,2.189963381,0.00310
8/22/2022 3:30,2.687649516,0.00380
8/22/2022 3:45,2.57189651,0.00364
8/22/2022 4:00,2.644972954,0.00374
8/22/2022 4:15,2.399222331,0.00340
8/22/2022 4:30,2.413690865,0.00342
8/22/2022 4:45,2.228595212,0.00315
8/22/2022 5:00,2.155261725,0.00305
8/22/2022 5:15,2.338296491,0.00331
8/22/2022 5:30,2.362483565,0.00334
8/22/2022 5:45,2.484276123,0.00352
8/22/2022 6:00,2.188104774,0.00310
8/22/2022 6:15,2.188104774,0.00310
8/22/2022 6:30,2.307276512,0.00327
8/22/2022 6:45,2.018301159,0.00286
8/22/2022 7:00,2.428502886,0.00344
8/22/2022 7:15,2.263107408,0.00320
8/22/2022 7:30,2.362483565,0.00334
8/22/2022 7:45,2.030813551,0.00287
8/22/2022 8:00,2.086735125,0.00295
8/22/2022 8:15,2.133491968,0.00302
8/22/2022 8:30,2.146286127,0.00304
8/22/2022 8:45,1.889000988,0.00267
8/22/2022 9:00,1.866202756,0.00264
8/22/2022 9:15,2.303567361,0.00326
8/22/2022 9:30,2.030813551,0.00287
8/22/2022 9:45,2.197263678,0.00311
8/22/2022 10:00,2.086735125,0.00295
8/22/2022 10:15,2.146286127,0.00304
8/22/2022 10:30,2.210247359,0.00313
8/22/2022 10:45,2.289796036,0.00324
8/22/2022 11:00,1.987734732,0.00281
8/22/2022 11:15,2.061812436,0.00292
8/22/2022 11:30,1.827533346,0.00259
8/22/2022 11:45,1.94068729,0.00275
8/22/2022 12:00,2.456651834,0.00348
8/22/2022 12:15,2.93242557,0.00415
8/22/2022 12:30,2.969095296,0.00420
8/22/2022 12:45,2.763490205,0.00391
8/22/2022 13:00,2.722953608,0.00385
8/22/2022 13:15,2.47139864,0.00350
8/22/2022 13:30,2.587450194,0.00366
8/22/2022 13:45,2.587450194,0.00366
8/22/2022 14:00,2.576389079,0.00365
8/22/2022 14:15,2.444223729,0.00346
8/22/2022 14:30,2.428876325,0.00344
8/22/2022 14:45,2.968777345,0.00420
8/22/2022 15:00,3.24432927,0.00459
8/22/2022 15:15,2.759858176,0.00391
8/22/2022 15:30,2.811921827,0.00398
8/22/2022 15:45,2.742926502,0.00388
8/22/2022 16:00,2.759408956,0.00391
8/22/2022 16:15,2.997712161,0.00424
8/22/2022 16:30,2.26820176,0.00321
8/22/2022 16:45,2.166171118,0.00307
8/22/2022 17:00,2.625393329,0.00372
8/22/2022 17:15,2.377004658,0.00337
8/22/2022 17:30,2.322185631,0.00329
8/22/2022 17:45,2.560656078,0.00363
8/22/2022 18:00,2.387826823,0.00338
8/22/2022 18:15,2.42021094,0.00343
8/22/2022 18:30,2.213474519,0.00313
8/22/2022 18:45,2.214872804,0.00314
8/22/2022 19:00,2.174857132,0.00308
8/22/2022 19:15,2.050843507,0.00290
8/22/2022 19:30,2.278719722,0.00323
8/22/2022 19:45,1.810302595,0.00256
8/22/2022 20:00,1.884423003,0.00267
8/22/2022 20:15,2.188104774,0.00310
8/22/2022 20:30,1.933681625,0.00274
8/22/2022 20:45,2.024603096,0.00287
8/22/2022 21:00,1.84683639,0.00261
8/22/2022 21:15,1.930634953,0.00273
8/22/2022 21:30,2.074119976,0.00294
8/22/2022 21:45,2.074119976,0.00294
8/22/2022 22:00,2.225027772,0.00315
8/22/2022 22:15,1.877442896,0.00266
8/22/2022 22:30,1.788284239,0.00253
8/22/2022 22:45,2.074119976,0.00294
8/22/2022 23:00,1.83269174,0.00259
8/22/2022 23:15,1.977124254,0.00280
8/22/2022 23:30,1.900402032,0.00269
8/22/2022 23:45,2.006228086,0.00284
8/23/2022 0:00,1.930634953,0.00273
8/23/2022 0:15,2.061812436,0.00292
8/23/2022 0:30,1.735182761,0.00246
8/23/2022 0:45,2.018368842,0.00286
8/23/2022 1:00,1.687762855,0.00239
8/23/2022 1:15,1.797821602,0.00255
8/23/2022 1:30,1.855547112,0.00263
8/23/2022 1:45,1.866622875,0.00264
8/23/2022 2:00,1.680311078,0.00238
8/23/2022 2:15,1.697335139,0.00240
8/23/2022 2:30,1.567027095,0.00222
8/23/2022 2:45,1.736313659,0.00246
8/23/2022 3:00,1.738667257,0.00246
8/23/2022 3:15,1.681076263,0.00238
8/23/2022 3:30,1.691199432,0.00239
8/23/2022 3:45,1.866319632,0.00264
8/23/2022 4:00,1.640580239,0.00232
8/23/2022 4:15,1.765879157,0.00250
8/23/2022 4:30,1.718846846,0.00243
8/23/2022 4:45,2.167127335,0.00307
8/23/2022 5:00,1.877789415,0.00266
8/23/2022 5:15,1.81463488,0.00257
8/23/2022 5:30,1.81463488,0.00257
8/23/2022 5:45,1.81463488,0.00257
8/23/2022 6:00,1.81463488,0.00257
8/23/2022 6:15,1.755475543,0.00249
8/23/2022 6:30,1.755475543,0.00249
8/23/2022 6:45,1.748653174,0.00248
8/23/2022 7:00,1.904430524,0.00270
8/23/2022 7:15,1.887411077,0.00267
8/23/2022 7:30,1.911797635,0.00271
8/23/2022 7:45,1.47788135,0.00209
8/23/2022 8:00,1.813819888,0.00257
8/23/2022 8:15,1.865998446,0.00264
8/23/2022 8:30,1.630200459,0.00231
8/23/2022 8:45,1.734460317,0.00246
8/23/2022 9:00,2.024603096,0.00287
8/23/2022 9:15,1.726043828,0.00244
8/23/2022 9:30,1.810302595,0.00256
8/23/2022 9:45,1.772175137,0.00251
8/23/2022 10:00,1.667136764,0.00236
8/23/2022 10:15,2.005748203,0.00284
8/23/2022 10:30,1.561500098,0.00221
8/23/2022 10:45,1.718382692,0.00243
8/23/2022 11:00,1.821013287,0.00258
8/23/2022 11:15,1.728402793,0.00245
8/23/2022 11:30,1.856129228,0.00263
8/23/2022 11:45,1.738667257,0.00246
8/23/2022 12:00,1.866319632,0.00264
8/23/2022 12:15,1.69726032,0.00240
8/23/2022 12:30,1.877789415,0.00266
8/23/2022 12:45,2.561695577,0.00363
8/23/2022 13:00,2.791017306,0.00395
8/23/2022 13:15,2.707358832,0.00383
8/23/2022 13:30,2.759408956,0.00391
8/23/2022 13:45,2.742926502,0.00388
8/23/2022 14:00,2.950163039,0.00418
8/23/2022 14:15,3.180089809,0.00450
8/23/2022 14:30,2.950163039,0.00418
8/23/2022 14:45,2.542672211,0.00360
8/23/2022 15:00,2.561151367,0.00363
8/23/2022 15:15,2.343653911,0.00332
8/23/2022 15:30,2.745567916,0.00389
8/23/2022 15:45,2.625942948,0.00372
8/23/2022 16:00,2.700082867,0.00382
8/23/2022 16:15,2.320318306,0.00328
8/23/2022 16:30,2.418949029,0.00342
8/23/2022 16:45,2.769180157,0.00392
8/23/2022 17:00,2.610069354,0.00369
8/23/2022 17:15,3.17010979,0.00449
8/23/2022 17:30,2.710070826,0.00384
8/23/2022 17:45,2.912527731,0.00412
8/23/2022 18:00,2.713934613,0.00384
8/23/2022 18:15,2.894447396,0.00410
8/23/2022 18:30,3.048799466,0.00432
8/23/2022 18:45,3.358194746,0.00475
8/23/2022 19:00,3.389514382,0.00480
8/23/2022 19:15,3.177648109,0.00450
8/23/2022 19:30,3.250402882,0.00460
8/23/2022 19:45,3.314418821,0.00469
8/23/2022 20:00,2.738171706,0.00388
8/23/2022 20:15,3.177345461,0.00450
8/23/2022 20:30,2.897807732,0.00410
8/23/2022 20:45,2.621844688,0.00371
8/23/2022 21:00,2.835928823,0.00401
8/23/2022 21:15,2.574952922,0.00365
8/23/2022 21:30,2.636860913,0.00373
8/23/2022 21:45,2.56239755,0.00363
8/23/2022 22:00,2.636860913,0.00373
8/23/2022 22:15,2.216794819,0.00314
8/23/2022 22:30,2.454373013,0.00347
8/23/2022 22:45,2.27949509,0.00323
8/23/2022 23:00,2.328235012,0.00330
8/23/2022 23:15,2.030344438,0.00287
8/23/2022 23:30,2.301697544,0.00326
8/23/2022 23:45,2.164048073,0.00306
8/24/2022 0:00,2.31481858,0.00328
8/24/2022 0:15,2.31481858,0.00328
8/24/2022 0:30,2.460342552,0.00348
8/24/2022 0:45,2.030344438,0.00287
8/24/2022 1:00,2.398088754,0.00339
8/24/2022 1:15,2.101487499,0.00298
8/24/2022 1:30,1.895552729,0.00268
8/24/2022 1:45,2.503605226,0.00354
8/24/2022 2:00,2.151227137,0.00305
8/24/2022 2:15,1.932720879,0.00274
8/24/2022 2:30,2.08148703,0.00295
8/24/2022 2:45,1.835367443,0.00260
8/24/2022 3:00,2.339515547,0.00331
8/24/2022 3:15,2.091228986,0.00296
8/24/2022 3:30,2.309214286,0.00327
8/24/2022 3:45,2.023215901,0.00286
8/24/2022 4:00,2.237666645,0.00317
8/24/2022 4:15,2.194664431,0.00311
8/24/2022 4:30,2.250601529,0.00319
8/24/2022 4:45,2.237666645,0.00317
8/24/2022 5:00,2.186321111,0.00310
8/24/2022 5:15,2.030277488,0.00287
8/24/2022 5:30,2.463545905,0.00349
8/24/2022 5:45,2.151784851,0.00305
8/24/2022 6:00,1.944206357,0.00275
8/24/2022 6:15,2.091228986,0.00296
8/24/2022 6:30,2.07947642,0.00294
8/24/2022 6:45,2.069527939,0.00293
8/24/2022 7:00,1.940061098,0.00275
8/24/2022 7:15,1.910228203,0.00270
8/24/2022 7:30,2.176525609,0.00308
8/24/2022 7:45,1.863639392,0.00264
8/24/2022 8:00,2.068098058,0.00293
8/24/2022 8:15,2.128144585,0.00301
8/24/2022 8:30,1.87426548,0.00265
8/24/2022 8:45,2.008700724,0.00284
8/24/2022 9:00,2.068098058,0.00293
8/24/2022 9:15,2.125828523,0.00301
8/24/2022 9:30,2.079983319,0.00294
8/24/2022 9:45,1.899519266,0.00269
8/24/2022 10:00,1.697434931,0.00240
8/24/2022 10:15,2.068098058,0.00293
8/24/2022 10:30,2.216107008,0.00314
8/24/2022 10:45,2.056477072,0.00291
8/24/2022 11:00,2.280162461,0.00323
8/24/2022 11:15,2.068098058,0.00293
8/24/2022 11:30,2.351377066,0.00333
8/24/2022 11:45,2.18873553,0.00310
8/24/2022 12:00,2.120209517,0.00300
8/24/2022 12:15,1.856541925,0.00263
8/24/2022 12:30,2.136945335,0.00303
8/24/2022 12:45,2.132491285,0.00302
8/24/2022 13:00,2.346818913,0.00332
8/24/2022 13:15,2.108209714,0.00298
8/24/2022 13:30,1.960432646,0.00278
8/24/2022 13:45,2.047545273,0.00290
8/24/2022 14:00,1.997271407,0.00283
8/24/2022 14:15,2.151227137,0.00305
8/24/2022 14:30,2.055599817,0.00291
8/24/2022 14:45,2.240771978,0.00317
8/24/2022 15:00,2.00103163,0.00283
8/24/2022 15:15,2.461355806,0.00348
8/24/2022 15:30,2.511834106,0.00356
8/24/2022 15:45,2.148355565,0.00304
8/24/2022 16:00,1.994324493,0.00282
8/24/2022 16:15,1.865861363,0.00264
8/24/2022 16:30,2.309139517,0.00327
8/24/2022 16:45,1.932658087,0.00274
8/24/2022 17:00,2.331386625,0.00330
8/24/2022 17:15,2.447263351,0.00346
8/24/2022 17:30,2.206772607,0.00312
8/24/2022 17:45,2.263837594,0.00320
8/24/2022 18:00,2.107302008,0.00298
8/24/2022 18:15,2.176453446,0.00308
8/24/2022 18:30,2.012573524,0.00285
8/24/2022 18:45,1.940061098,0.00275
8/24/2022 19:00,2.138899283,0.00303
8/24/2022 19:15,1.997271407,0.00283
8/24/2022 19:30,1.861416836,0.00264
8/24/2022 19:45,1.802776089,0.00255
8/24/2022 20:00,1.906492371,0.00270
8/24/2022 20:15,2.151227137,0.00305
8/24/2022 20:30,1.87426548,0.00265
8/24/2022 20:45,2.068098058,0.00293
8/24/2022 21:00,1.800290495,0.00255
8/24/2022 21:15,2.098635656,0.00297
8/24/2022 21:30,2.005210794,0.00284
8/24/2022 21:45,2.124550999,0.00301
8/24/2022 22:00,2.222883713,0.00315
8/24/2022 22:15,1.755096025,0.00248
8/24/2022 22:30,1.959513995,0.00277
8/24/2022 22:45,2.112076115,0.00299
8/24/2022 23:00,1.80741062,0.00256
8/24/2022 23:15,1.718408748,0.00243
8/24/2022 23:30,1.907607614,0.00270
8/24/2022 23:45,1.92185265,0.00272
8/25/2022 0:00,2.119707617,0.00300
8/25/2022 0:15,1.914481742,0.00271
8/25/2022 0:30,2.011760506,0.00285
8/25/2022 0:45,2.004025381,0.00284
8/25/2022 1:00,1.807623502,0.00256
8/25/2022 1:15,1.827827619,0.00259
8/25/2022 1:30,2.274520489,0.00322
8/25/2022 1:45,1.77458799,0.00251
8/25/2022 2:00,2.062924016,0.00292
8/25/2022 2:15,1.724890094,0.00244
8/25/2022 2:30,1.768013849,0.00250
8/25/2022 2:45,1.77458799,0.00251
8/25/2022 3:00,1.724890094,0.00244
8/25/2022 3:15,1.96312291,0.00278
8/25/2022 3:30,1.718408748,0.00243
8/25/2022 3:45,1.820920458,0.00258
8/25/2022 4:00,1.925930744,0.00273
8/25/2022 4:15,1.860474839,0.00263
8/25/2022 4:30,1.970480799,0.00279
8/25/2022 4:45,1.914860817,0.00271
8/25/2022 5:00,1.77458799,0.00251
8/25/2022 5:15,1.71522979,0.00243
8/25/2022 5:30,1.959513995,0.00277
8/25/2022 5:45,1.724890094,0.00244
8/25/2022 6:00,2.230220908,0.00316
8/25/2022 6:15,1.946831999,0.00276
8/25/2022 6:30,1.914481742,0.00271
8/25/2022 6:45,1.774246255,0.00251
8/25/2022 7:00,1.596547043,0.00226
8/25/2022 7:15,1.959133846,0.00277
8/25/2022 7:30,1.644368368,0.00233
8/25/2022 7:45,1.816453411,0.00257
8/25/2022 8:00,1.921123818,0.00272
8/25/2022 8:15,1.690705113,0.00239
8/25/2022 8:30,1.82673283,0.00259
8/25/2022 8:45,1.82673283,0.00259
8/25/2022 9:00,1.613558714,0.00228
8/25/2022 9:15,1.791108843,0.00254
8/25/2022 9:30,1.92185265,0.00272
8/25/2022 9:45,1.854485101,0.00263
8/25/2022 10:00,1.770978183,0.00251
8/25/2022 10:15,1.843915022,0.00261
8/25/2022 10:30,1.977575423,0.00280
8/25/2022 10:45,1.843915022,0.00261
8/25/2022 11:00,1.830912309,0.00259
8/25/2022 11:15,1.604466469,0.00227
8/25/2022 11:30,1.816453411,0.00257
8/25/2022 11:45,1.784277129,0.00253
8/25/2022 12:00,1.650152566,0.00234
8/25/2022 12:15,1.981325242,0.00280
8/25/2022 12:30,1.784277129,0.00253
8/25/2022 12:45,1.650152566,0.00234
8/25/2022 13:00,1.784277129,0.00253
8/25/2022 13:15,1.914481742,0.00271
8/25/2022 13:30,,
8/25/2022 13:45,,
8/25/2022 14:00,,
8/25/2022 14:15,,
8/25/2022 14:30,,
8/25/2022 14:45,,
8/25/2022 15:00,,
8/25/2022 15:15,,
8/25/2022 15:30,,
8/25/2022 15:45,,
8/25/2022 16:00,,
8/25/2022 16:15,,
8/25/2022 16:30,,
8/25/2022 16:45,,
8/25/2022 17:00,,
8/25/2022 17:15,,
8/25/2022 17:30,,
8/25/2022 17:45,,
8/25/2022 18:00,,
8/25/2022 18:15,,
8/25/2022 18:30,,
8/25/2022 18:45,,
8/25/2022 19:00,,
8/25/2022 19:15,,
8/25/2022 19:30,,
8/25/2022 19:45,,
8/25/2022 20:00,,
8/25/2022 20:15,,
8/25/2022 20:30,,
8/25/2022 20:45,,
8/25/2022 21:00,,
8/25/2022 21:15,,
8/25/2022 21:30,,
8/25/2022 21:45,,
8/25/2022 22:00,,
8/25/2022 22:15,,
8/25/2022 22:30,,
8/25/2022 22:45,,
8/25/2022 23:00,,
8/25/2022 23:15,,
8/25/2022 23:30,,
8/25/2022 23:45,,
8/26/2022 0:00,,
8/26/2022 0:15,,
8/26/2022 0:30,,
8/26/2022 0:45,,
8/26/2022 1:00,,
8/26/2022 1:15,,
8/26/2022 1:30,,
8/26/2022 1:45,,
8/26/2022 2:00,,
8/26/2022 2:15,,
8/26/2022 2:30,,
8/26/2022 2:45,,
8/26/2022 3:00,,
8/26/2022 3:15,,
8/26/2022 3:30,,
8/26/2022 3:45,,
8/26/2022 4:00,,
8/26/2022 4:15,,
8/26/2022 4:30,,
8/26/2022 4:45,,
8/26/2022 5:00,,
8/26/2022 5:15,,
8/26/2022 5:30,,
8/26/2022 5:45,,
8/26/2022 6:00,,
8/26/2022 6:15,,
8/26/2022 6:30,,
8/26/2022 6:45,,
8/26/2022 7:00,,
8/26/2022 7:15,,
8/26/2022 7:30,,
8/26/2022 7:45,,
8/26/2022 8:00,,
8/26/2022 8:15,,
8/26/2022 8:30,,
8/26/2022 8:45,,
8/26/2022 9:00,,
8/26/2022 9:15,,
8/26/2022 9:30,,
8/26/2022 9:45,,
8/26/2022 10:00,,
8/26/2022 10:15,,
8/26/2022 10:30,,
8/26/2022 10:45,,
8/26/2022 11:00,,
8/26/2022 11:15,,
8/26/2022 11:30,,
8/26/2022 11:45,,
8/26/2022 12:00,,
8/26/2022 12:15,,
8/26/2022 12:30,,
8/26/2022 12:45,,
8/26/2022 13:00,,
8/26/2022 13:15,,
8/26/2022 13:30,,
8/26/2022 13:45,,
8/26/2022 14:00,,
8/26/2022 14:15,,
8/26/2022 14:30,,
8/26/2022 14:45,,
8/26/2022 15:00,,
8/26/2022 15:15,,
8/26/2022 15:30,,
8/26/2022 15:45,,
8/26/2022 16:00,,
8/26/2022 16:15,,
8/26/2022 16:30,,
8/26/2022 16:45,,
8/26/2022 17:00,,
8/26/2022 17:15,,
8/26/2022 17:30,,
8/26/2022 17:45,,
8/26/2022 18:00,,
8/26/2022 18:15,,
8/26/2022 18:30,,
8/26/2022 18:45,,
8/26/2022 19:00,,
8/26/2022 19:15,,
8/26/2022 19:30,,
8/26/2022 19:45,2.203688041,0.00312
8/26/2022 20:00,2.693921299,0.00381
8/26/2022 20:15,2.634896402,0.00373
8/26/2022 20:30,2.438351465,0.00345
8/26/2022 20:45,2.378465229,0.00337
8/26/2022 21:00,2.721416081,0.00385
8/26/2022 21:15,2.795738628,0.00396
8/26/2022 21:30,2.600742097,0.00368
8/26/2022 21:45,2.731212443,0.00387
8/26/2022 22:00,2.474744789,0.00350
8/26/2022 22:15,2.677332063,0.00379
8/26/2022 22:30,2.85457756,0.00404
8/26/2022 22:45,2.600742097,0.00368
8/26/2022 23:00,3.189243213,0.00451
8/26/2022 23:15,2.601856425,0.00368
8/26/2022 23:30,3.078934348,0.00436
8/26/2022 23:45,2.969325244,0.00420
8/27/2022 0:00,2.980771917,0.00422
8/27/2022 0:15,2.767231773,0.00392
8/27/2022 0:30,3.28468148,0.00465
8/27/2022 0:45,3.05176743,0.00432
8/27/2022 1:00,3.004291951,0.00425
8/27/2022 1:15,2.742558863,0.00388
8/27/2022 1:30,3.159472058,0.00447
8/27/2022 1:45,2.599453402,0.00368
8/27/2022 2:00,2.638457674,0.00374
8/27/2022 2:15,2.927609159,0.00414
8/27/2022 2:30,3.274631827,0.00464
8/27/2022 2:45,2.829419425,0.00401
8/27/2022 3:00,2.846146771,0.00403
8/27/2022 3:15,2.649743078,0.00375
8/27/2022 3:30,2.582696534,0.00366
8/27/2022 3:45,2.537942164,0.00359
8/27/2022 4:00,2.712555853,0.00384
8/27/2022 4:15,2.818451182,0.00399
8/27/2022 4:30,2.627114665,0.00372
8/27/2022 4:45,2.914768802,0.00413
8/27/2022 5:00,3.009873808,0.00426
8/27/2022 5:15,2.569473365,0.00364
8/27/2022 5:30,2.663108908,0.00377
8/27/2022 5:45,3.125642754,0.00442
8/27/2022 6:00,2.762887382,0.00391
8/27/2022 6:15,2.851773806,0.00404
8/27/2022 6:30,2.834922036,0.00401
8/27/2022 6:45,2.642631713,0.00374
8/27/2022 7:00,2.881019402,0.00408
8/27/2022 7:15,3.193674544,0.00452
8/27/2022 7:30,2.865249421,0.00406
8/27/2022 7:45,3.194442202,0.00452
8/27/2022 8:00,2.728623697,0.00386
8/27/2022 8:15,2.728623697,0.00386
8/27/2022 8:30,2.712555853,0.00384
8/27/2022 8:45,2.63451053,0.00373
8/27/2022 9:00,2.897520386,0.00410
8/27/2022 9:15,2.897520386,0.00410
8/27/2022 9:30,2.99249982,0.00424
8/27/2022 9:45,2.627114665,0.00372
8/27/2022 10:00,2.803043492,0.00397
8/27/2022 10:15,2.523309061,0.00357
8/27/2022 10:30,2.627114665,0.00372
8/27/2022 10:45,3.174949782,0.00449
8/27/2022 11:00,2.594183177,0.00367
8/27/2022 11:15,2.992460835,0.00424
8/27/2022 11:30,3.125642754,0.00442
8/27/2022 11:45,2.786757685,0.00395
8/27/2022 12:00,2.726703066,0.00386
8/27/2022 12:15,2.701957997,0.00383
8/27/2022 12:30,2.794230063,0.00396
8/27/2022 12:45,2.528125399,0.00358
8/27/2022 13:00,2.51824599,0.00357
8/27/2022 13:15,2.648503842,0.00375
8/27/2022 13:30,2.900158802,0.00411
8/27/2022 13:45,2.601300928,0.00368
8/27/2022 14:00,2.286397401,0.00324
8/27/2022 14:15,3.066519499,0.00434
8/27/2022 14:30,2.543923779,0.00360
8/27/2022 14:45,2.36547053,0.00335
8/27/2022 15:00,2.410735934,0.00341
8/27/2022 15:15,2.478465646,0.00351
8/27/2022 15:30,2.648572927,0.00375
8/27/2022 15:45,2.56002795,0.00362
8/27/2022 16:00,2.26117685,0.00320
8/27/2022 16:15,2.410655,0.00341
8/27/2022 16:30,2.996744353,0.00424
8/27/2022 16:45,2.648484808,0.00375
8/27/2022 17:00,2.478383583,0.00351
8/27/2022 17:15,2.425937823,0.00343
8/27/2022 17:30,2.478383583,0.00351
8/27/2022 17:45,2.464184248,0.00349
8/27/2022 18:00,2.240405713,0.00317
8/27/2022 18:15,2.310845668,0.00327
8/27/2022 18:30,2.708240647,0.00383
8/27/2022 18:45,2.723695262,0.00386
8/27/2022 19:00,2.387548797,0.00338
8/27/2022 19:15,2.830235257,0.00401
8/27/2022 19:30,2.924594857,0.00414
8/27/2022 19:45,2.664169987,0.00377
8/27/2022 20:00,2.648572927,0.00375
8/27/2022 20:15,2.464264482,0.00349
8/27/2022 20:30,2.783539016,0.00394
8/27/2022 20:45,2.5050058,0.00355
8/27/2022 21:00,2.223984081,0.00315
8/27/2022 21:15,2.273455698,0.00322
8/27/2022 21:30,2.873931661,0.00407
8/27/2022 21:45,2.203663283,0.00312
8/27/2022 22:00,2.701535708,0.00382
8/27/2022 22:15,2.884009019,0.00408
8/27/2022 22:30,2.541858148,0.00360
8/27/2022 22:45,2.629865696,0.00372
8/27/2022 23:00,2.475681151,0.00350
8/27/2022 23:15,2.38117477,0.00337
8/27/2022 23:30,2.512016135,0.00356
8/27/2022 23:45,2.431640042,0.00344
8/28/2022 0:00,2.393286614,0.00339
8/28/2022 0:15,2.326916692,0.00329
8/28/2022 0:30,2.445558734,0.00346
8/28/2022 0:45,2.70173294,0.00382
8/28/2022 1:00,2.203663283,0.00312
8/28/2022 1:15,2.475681151,0.00350
8/28/2022 1:30,2.556445298,0.00362
8/28/2022 1:45,2.795238467,0.00396
8/28/2022 2:00,2.855598251,0.00404
8/28/2022 2:15,2.643347612,0.00374
8/28/2022 2:30,2.266311371,0.00321
8/28/2022 2:45,2.517933377,0.00356
8/28/2022 3:00,2.340293521,0.00331
8/28/2022 3:15,2.570948166,0.00364
8/28/2022 3:30,2.763032653,0.00391
8/28/2022 3:45,2.838231652,0.00402
8/28/2022 4:00,2.318064442,0.00328
8/28/2022 4:15,2.643347612,0.00374
8/28/2022 4:30,2.822123299,0.00400
8/28/2022 4:45,2.661225893,0.00377
8/28/2022 5:00,2.585726223,0.00366
8/28/2022 5:15,2.439660484,0.00345
8/28/2022 5:30,2.763032653,0.00391
8/28/2022 5:45,2.67653609,0.00379
8/28/2022 6:00,2.69218776,0.00381
8/28/2022 6:15,2.67653609,0.00379
8/28/2022 6:30,2.876845728,0.00407
8/28/2022 6:45,2.448219475,0.00347
8/28/2022 7:00,2.685855433,0.00380
8/28/2022 7:15,2.512016135,0.00356
8/28/2022 7:30,2.638208677,0.00373
8/28/2022 7:45,2.584628351,0.00366
8/28/2022 8:00,2.436218795,0.00345
8/28/2022 8:15,2.885078331,0.00408
8/28/2022 8:30,2.458782931,0.00348
8/28/2022 8:45,2.436218795,0.00345
8/28/2022 9:00,2.407097897,0.00341
8/28/2022 9:15,2.574458669,0.00364
8/28/2022 9:30,2.296197914,0.00325
8/28/2022 9:45,2.700929092,0.00382
8/28/2022 10:00,2.404792716,0.00340
8/28/2022 10:15,2.223912642,0.00315
8/28/2022 10:30,2.762458132,0.00391
8/28/2022 10:45,2.587099096,0.00366
8/28/2022 11:00,2.262497832,0.00320
8/28/2022 11:15,2.125248099,0.00301
8/28/2022 11:30,2.364485507,0.00335
8/28/2022 11:45,2.432304004,0.00344
8/28/2022 12:00,2.601300928,0.00368
8/28/2022 12:15,2.577065568,0.00365
8/28/2022 12:30,2.591478301,0.00367
8/28/2022 12:45,2.190942499,0.00310
8/28/2022 13:00,2.351793797,0.00333
8/28/2022 13:15,2.678494021,0.00379
8/28/2022 13:30,2.261567619,0.00320
8/28/2022 13:45,2.127749651,0.00301
8/28/2022 14:00,2.693676008,0.00381
8/28/2022 14:15,2.128158988,0.00301
8/28/2022 14:30,2.321334913,0.00329
8/28/2022 14:45,2.191377261,0.00310
8/28/2022 15:00,2.370200922,0.00336
8/28/2022 15:15,2.241989598,0.00317
8/28/2022 15:30,2.370122705,0.00336
8/28/2022 15:45,2.070964007,0.00293
8/28/2022 16:00,2.269480297,0.00321
8/28/2022 16:15,2.203608066,0.00312
8/28/2022 16:30,2.269480297,0.00321
8/28/2022 16:45,1.839931056,0.00260
8/28/2022 17:00,2.191307717,0.00310
8/28/2022 17:15,2.240405713,0.00317
8/28/2022 17:30,2.626226727,0.00372
8/28/2022 17:45,1.989684577,0.00282
8/28/2022 18:00,2.142794252,0.00303
8/28/2022 18:15,2.191307717,0.00310
8/28/2022 18:30,2.191307717,0.00310
8/28/2022 18:45,2.133210725,0.00302
8/28/2022 19:00,2.133210725,0.00302
8/28/2022 19:15,2.165720082,0.00307
8/28/2022 19:30,2.303681587,0.00326
8/28/2022 19:45,2.153444608,0.00305
8/28/2022 20:00,2.07784743,0.00294
8/28/2022 20:15,2.467140771,0.00349
8/28/2022 20:30,2.352045976,0.00333
8/28/2022 20:45,2.186807969,0.00310
8/28/2022 21:00,2.077781026,0.00294
8/28/2022 21:15,2.198098558,0.00311
8/28/2022 21:30,1.973986168,0.00279
8/28/2022 21:45,2.275159183,0.00322
8/28/2022 22:00,2.479456613,0.00351
8/28/2022 22:15,2.198098558,0.00311
8/28/2022 22:30,2.364485507,0.00335
8/28/2022 22:45,2.479456613,0.00351
8/28/2022 23:00,2.351068205,0.00333
8/28/2022 23:15,1.973986168,0.00279
8/28/2022 23:30,2.185895309,0.00309
8/28/2022 23:45,2.570143911,0.00364
8/29/2022 0:00,2.080002063,0.00294
8/29/2022 0:15,2.58444099,0.00366
8/29/2022 0:30,2.125248099,0.00301
8/29/2022 0:45,2.125248099,0.00301
8/29/2022 1:00,2.068131621,0.00293
8/29/2022 1:15,2.185895309,0.00309
8/29/2022 1:30,2.325105437,0.00329
8/29/2022 1:45,2.125248099,0.00301
8/29/2022 2:00,2.432018301,0.00344
8/29/2022 2:15,2.295055222,0.00325
8/29/2022 2:30,2.600031509,0.00368
8/29/2022 2:45,2.019263163,0.00286
8/29/2022 3:00,2.295055222,0.00325
8/29/2022 3:15,2.075011163,0.00294
8/29/2022 3:30,2.274435674,0.00322
8/29/2022 3:45,2.209283072,0.00313
8/29/2022 4:00,2.27020694,0.00321
8/29/2022 4:15,2.375185306,0.00336
8/29/2022 4:30,2.149627363,0.00304
8/29/2022 4:45,2.554660603,0.00362
8/29/2022 5:00,2.052723676,0.00291
8/29/2022 5:15,2.27020694,0.00321
8/29/2022 5:30,2.366217503,0.00335
8/29/2022 5:45,2.131268288,0.00302
8/29/2022 6:00,2.131268288,0.00302
8/29/2022 6:15,2.391002193,0.00338
8/29/2022 6:30,2.443445402,0.00346
8/29/2022 6:45,2.959040971,0.00419
8/29/2022 7:00,2.357089703,0.00334
8/29/2022 7:15,2.357089703,0.00334
8/29/2022 7:30,2.240434074,0.00317
8/29/2022 7:45,2.192866617,0.00310
8/29/2022 8:00,2.330411912,0.00330
8/29/2022 8:15,2.4053572,0.00341
8/29/2022 8:30,2.325247009,0.00329
8/29/2022 8:45,2.303839529,0.00326
8/29/2022 9:00,2.035992549,0.00288
8/29/2022 9:15,2.303839529,0.00326
8/29/2022 9:30,1.83818785,0.00260
8/29/2022 9:45,1.933776312,0.00274
8/29/2022 10:00,2.043683914,0.00289
8/29/2022 10:15,2.153012799,0.00305
8/29/2022 10:30,2.419189648,0.00342
8/29/2022 10:45,2.290774745,0.00324
8/29/2022 11:00,2.215686904,0.00314
8/29/2022 11:15,1.962387798,0.00278
8/29/2022 11:30,2.316888604,0.00328
8/29/2022 11:45,2.290774745,0.00324
8/29/2022 12:00,2.153444608,0.00305
8/29/2022 12:15,1.867388453,0.00264
8/29/2022 12:30,1.821458023,0.00258
8/29/2022 12:45,2.153444608,0.00305
8/29/2022 13:00,2.312402664,0.00327
8/29/2022 13:15,2.235802716,0.00317
8/29/2022 13:30,2.030277488,0.00287
8/29/2022 13:45,2.161548019,0.00306
8/29/2022 14:00,2.22924929,0.00316
8/29/2022 14:15,2.018694523,0.00286
8/29/2022 14:30,1.884738649,0.00267
8/29/2022 14:45,2.089403089,0.00296
8/29/2022 15:00,2.130820453,0.00302
8/29/2022 15:15,2.229177277,0.00316
8/29/2022 15:30,2.000593372,0.00283
8/29/2022 15:45,2.011743831,0.00285
8/29/2022 16:00,1.934545652,0.00274
8/29/2022 16:15,2.179109432,0.00308
8/29/2022 16:30,2.362908432,0.00335
8/29/2022 16:45,2.116661527,0.00300
8/29/2022 17:00,2.328914876,0.00330
8/29/2022 17:15,2.000593372,0.00283
8/29/2022 17:30,2.081584304,0.00295
8/29/2022 17:45,2.06617114,0.00293
8/29/2022 18:00,1.884738649,0.00267
8/29/2022 18:15,1.921801142,0.00272
8/29/2022 18:30,1.782796943,0.00252
8/29/2022 18:45,2.130820453,0.00302
8/29/2022 19:00,2.011166672,0.00285
8/29/2022 19:15,1.911242461,0.00271
8/29/2022 19:30,1.910515534,0.00270
8/29/2022 19:45,2.119020792,0.00300
8/29/2022 20:00,1.919522128,0.00272
8/29/2022 20:15,2.054206425,0.00291
8/29/2022 20:30,2.115965276,0.00300
8/29/2022 20:45,2.075033978,0.00294
8/29/2022 21:00,1.91513628,0.00271
8/29/2022 21:15,2.28746482,0.00324
8/29/2022 21:30,2.134209509,0.00302
8/29/2022 21:45,2.281822823,0.00323
8/29/2022 22:00,2.121017989,0.00300
8/29/2022 22:15,2.061068801,0.00292
8/29/2022 22:30,1.932720468,0.00274
8/29/2022 22:45,2.342980852,0.00332
8/29/2022 23:00,1.947993847,0.00276
8/29/2022 23:15,2.116944879,0.00300
8/29/2022 23:30,2.128805874,0.00301
8/29/2022 23:45,2.128805874,0.00301
8/30/2022 0:00,2.265645497,0.00321
8/30/2022 0:15,2.253173052,0.00319
8/30/2022 0:30,2.003313656,0.00284
8/30/2022 0:45,2.047542932,0.00290
8/30/2022 1:00,2.105026947,0.00298
8/30/2022 1:15,2.252685915,0.00319
8/30/2022 1:30,2.028408494,0.00287
8/30/2022 1:45,1.911293653,0.00271
8/30/2022 2:00,2.286760251,0.00324
8/30/2022 2:15,2.105026947,0.00298
8/30/2022 2:30,2.320915226,0.00329
8/30/2022 2:45,2.058751589,0.00291
8/30/2022 3:00,1.893524104,0.00268
8/30/2022 3:15,2.058751589,0.00291
8/30/2022 3:30,1.911548729,0.00271
8/30/2022 3:45,2.058751589,0.00291
8/30/2022 4:00,2.278070126,0.00322
8/30/2022 4:15,2.047319553,0.00290
8/30/2022 4:30,2.216580379,0.00314
8/30/2022 4:45,2.278070126,0.00322
8/30/2022 5:00,2.056516677,0.00291
8/30/2022 5:15,2.212385585,0.00313
8/30/2022 5:30,1.98865661,0.00282
8/30/2022 5:45,1.899588709,0.00269
8/30/2022 6:00,1.817611414,0.00257
8/30/2022 6:15,2.313082767,0.00327
8/30/2022 6:30,2.035443679,0.00288
8/30/2022 6:45,2.022988423,0.00286
8/30/2022 7:00,2.122142017,0.00300
8/30/2022 7:15,2.224068593,0.00315
8/30/2022 7:30,2.020115155,0.00286
8/30/2022 7:45,2.101688224,0.00298
8/30/2022 8:00,1.951750805,0.00276
8/30/2022 8:15,1.99665162,0.00283
8/30/2022 8:30,2.324798842,0.00329
8/30/2022 8:45,1.942587429,0.00275
8/30/2022 9:00,2.149628426,0.00304
8/30/2022 9:15,1.812569055,0.00257
8/30/2022 9:30,2.286450907,0.00324
8/30/2022 9:45,1.874333307,0.00265
8/30/2022 10:00,2.283061302,0.00323
8/30/2022 10:15,1.905656426,0.00270
8/30/2022 10:30,2.173131333,0.00308
8/30/2022 10:45,2.224033979,0.00315
8/30/2022 11:00,2.126034228,0.00301
8/30/2022 11:15,1.928931089,0.00273
8/30/2022 11:30,2.224033979,0.00315
8/30/2022 11:45,2.076702,0.00294
8/30/2022 12:00,2.076702,0.00294
8/30/2022 12:15,2.149598556,0.00304
8/30/2022 12:30,2.030316207,0.00287
8/30/2022 12:45,1.892387003,0.00268
8/30/2022 13:00,2.132796089,0.00302
8/30/2022 13:15,1.951594632,0.00276
8/30/2022 13:30,2.186321111,0.00310
8/30/2022 13:45,1.843142482,0.00261
8/30/2022 14:00,1.96423453,0.00278
8/30/2022 14:15,1.96423453,0.00278
8/30/2022 14:30,1.769844418,0.00251
8/30/2022 14:45,1.691195934,0.00239
8/30/2022 15:00,1.814621998,0.00257
8/30/2022 15:15,1.772384902,0.00251
8/30/2022 15:30,1.910464598,0.00270
8/30/2022 15:45,2.102254528,0.00298
8/30/2022 16:00,1.641301001,0.00232
8/30/2022 16:15,1.690232096,0.00239
8/30/2022 16:30,1.632662522,0.00231
8/30/2022 16:45,1.932747639,0.00274
8/30/2022 17:00,1.889659569,0.00268
8/30/2022 17:15,1.900143551,0.00269
8/30/2022 17:30,1.803607244,0.00255
8/30/2022 17:45,1.773388717,0.00251
8/30/2022 18:00,1.800533496,0.00255
8/30/2022 18:15,1.936996808,0.00274
8/30/2022 18:30,1.806402124,0.00256
8/30/2022 18:45,1.956213598,0.00277
8/30/2022 19:00,1.899741555,0.00269
8/30/2022 19:15,1.843142482,0.00261
8/30/2022 19:30,1.899741555,0.00269
8/30/2022 19:45,2.103069032,0.00298
8/30/2022 20:00,2.12820768,0.00301
8/30/2022 20:15,1.933580338,0.00274
8/30/2022 20:30,2.008826139,0.00284
8/30/2022 20:45,2.037879778,0.00288
8/30/2022 21:00,1.83185945,0.00259
8/30/2022 21:15,2.076702,0.00294
8/30/2022 21:30,1.902970563,0.00269
8/30/2022 21:45,1.884844177,0.00267
8/30/2022 22:00,2.049732399,0.00290
8/30/2022 22:15,1.982636498,0.00281
8/30/2022 22:30,1.937112094,0.00274
8/30/2022 22:45,1.984840795,0.00281
8/30/2022 23:00,1.850186546,0.00262
8/30/2022 23:15,2.333993885,0.00330
8/30/2022 23:30,2.074011867,0.00294
8/30/2022 23:45,1.936711319,0.00274
8/31/2022 0:00,2.016373248,0.00285
8/31/2022 0:15,1.893852546,0.00268
8/31/2022 0:30,1.882379308,0.00266
8/31/2022 0:45,1.883174747,0.00267
8/31/2022 1:00,1.994107977,0.00282
8/31/2022 1:15,1.982636498,0.00281
8/31/2022 1:30,1.971414297,0.00279
8/31/2022 1:45,2.076702,0.00294
8/31/2022 2:00,1.812569055,0.00257
8/31/2022 2:15,1.982636498,0.00281
8/31/2022 2:30,2.234931695,0.00316
8/31/2022 2:45,2.00772016,0.00284
8/31/2022 3:00,2.113577075,0.00299
8/31/2022 3:15,1.821827448,0.00258
8/31/2022 3:30,2.031324516,0.00288
8/31/2022 3:45,1.909194362,0.00270
8/31/2022 4:00,2.113577075,0.00299
8/31/2022 4:15,2.011166672,0.00285
8/31/2022 4:30,1.972191226,0.00279
8/31/2022 4:45,1.823721164,0.00258
8/31/2022 5:00,1.849489518,0.00262
8/31/2022 5:15,2.255207342,0.00319
8/31/2022 5:30,1.899588709,0.00269
8/31/2022 5:45,1.93854601,0.00274
8/31/2022 6:00,1.734162996,0.00246
8/31/2022 6:15,2.114732644,0.00299
8/31/2022 6:30,1.782089994,0.00252
8/31/2022 6:45,2.186664771,0.00310
8/31/2022 7:00,1.931211059,0.00273
8/31/2022 7:15,2.008826139,0.00284
8/31/2022 7:30,2.220472649,0.00314
8/31/2022 7:45,2.161120628,0.00306
8/31/2022 8:00,2.261190395,0.00320
8/31/2022 8:15,2.109536821,0.00299
8/31/2022 8:30,2.181276919,0.00309
8/31/2022 8:45,1.663227411,0.00235
8/31/2022 9:00,2.02015673,0.00286
8/31/2022 9:15,1.910246445,0.00270
8/31/2022 9:30,2.161120628,0.00306
8/31/2022 9:45,2.199017862,0.00311
8/31/2022 10:00,1.899588709,0.00269
8/31/2022 10:15,2.10283788,0.00298
8/31/2022 10:30,2.173131333,0.00308
8/31/2022 10:45,1.955136955,0.00277
8/31/2022 11:00,2.031441547,0.00288
8/31/2022 11:15,2.02022698,0.00286
8/31/2022 11:30,2.339051751,0.00331
8/31/2022 11:45,2.230768423,0.00316
8/31/2022 12:00,1.924034404,0.00272
8/31/2022 12:15,1.825450072,0.00258
8/31/2022 12:30,1.977473445,0.00280
8/31/2022 12:45,1.796583193,0.00254
8/31/2022 13:00,1.956213598,0.00277
8/31/2022 13:15,1.996356836,0.00283
8/31/2022 13:30,1.900143551,0.00269
8/31/2022 13:45,1.845583838,0.00261
8/31/2022 14:00,1.889659569,0.00268
8/31/2022 14:15,2.016462474,0.00285
8/31/2022 14:30,1.672740795,0.00237
8/31/2022 14:45,1.82846982,0.00259
8/31/2022 15:00,1.940695795,0.00275
8/31/2022 15:15,1.768013849,0.00250
8/31/2022 15:30,1.832181852,0.00259
8/31/2022 15:45,2.210184665,0.00313
8/31/2022 16:00,2.134209509,0.00302
8/31/2022 16:15,1.85016254,0.00262
8/31/2022 16:30,1.678228484,0.00238
8/31/2022 16:45,1.863639392,0.00264
8/31/2022 17:00,1.975119036,0.00280
8/31/2022 17:15,1.790287121,0.00253
8/31/2022 17:30,1.98606111,0.00281
8/31/2022 17:45,1.863639392,0.00264
8/31/2022 18:00,1.997248072,0.00283
8/31/2022 18:15,1.659880709,0.00235
8/31/2022 18:30,1.756205164,0.00249
8/31/2022 18:45,1.843099703,0.00261
8/31/2022 19:00,1.98606111,0.00281
8/31/2022 19:15,1.685569689,0.00239
8/31/2022 19:30,1.850005585,0.00262
8/31/2022 19:45,1.850005585,0.00262
8/31/2022 20:00,2.000186577,0.00283
8/31/2022 20:15,2.991055246,0.00423
8/31/2022 20:30,8.924964089,0.01263
8/31/2022 20:45,17.19317085,0.02434
8/31/2022 21:00,12.19418033,0.01726
8/31/2022 21:15,14.47639454,0.02049
8/31/2022 21:30,15.68411189,0.02220
8/31/2022 21:45,32.53898022,0.04606
8/31/2022 22:00,46.3989035,0.06569
8/31/2022 22:15,51.11226999,0.07236
8/31/2022 22:30,45.75919355,0.06478
8/31/2022 22:45,41.63859099,0.05895
8/31/2022 23:00,39.66446081,0.05615
8/31/2022 23:15,34.84738475,0.04933
8/31/2022 23:30,32.45800294,0.04595
8/31/2022 23:45,30.18734345,0.04274
9/1/2022 0:00,27.05290029,0.03830
9/1/2022 0:15,21.70227502,0.03072
9/1/2022 0:30,21.70227502,0.03072
9/1/2022 0:45,14.14977468,0.02003
9/1/2022 1:00,16.55499075,0.02344
9/1/2022 1:15,15.27582587,0.02163
9/1/2022 1:30,17.11817548,0.02423
9/1/2022 1:45,14.58980782,0.02065
9/1/2022 2:00,13.8803074,0.01965
9/1/2022 2:15,14.03136331,0.01986
9/1/2022 2:30,9.337299492,0.01322
9/1/2022 2:45,12.71597858,0.01800
9/1/2022 3:00,10.58411779,0.01498
9/1/2022 3:15,10.73555117,0.01520
9/1/2022 3:30,12.1504339,0.01720
9/1/2022 3:45,11.71795207,0.01659
9/1/2022 4:00,7.720832754,0.01093
9/1/2022 4:15,5.543042683,0.00785
9/1/2022 4:30,8.981641764,0.01272
9/1/2022 4:45,8.981641764,0.01272
9/1/2022 5:00,5.510264407,0.00780
9/1/2022 5:15,7.492616617,0.01061
9/1/2022 5:30,5.543042683,0.00785
9/1/2022 5:45,6.943511424,0.00983
9/1/2022 6:00,4.452413562,0.00630
9/1/2022 6:15,8.386868377,0.01187
9/1/2022 6:30,5.899688898,0.00835
9/1/2022 6:45,6.901463182,0.00977
9/1/2022 7:00,5.55405548,0.00786
9/1/2022 7:15,6.860354908,0.00971
9/1/2022 7:30,3.196801528,0.00453
9/1/2022 7:45,3.369989138,0.00477
9/1/2022 8:00,2.954938403,0.00418
9/1/2022 8:15,3.12047942,0.00442
9/1/2022 8:30,2.919897971,0.00413
9/1/2022 8:45,2.717795463,0.00385
9/1/2022 9:00,2.519886468,0.00357
9/1/2022 9:15,2.474715555,0.00350
9/1/2022 9:30,2.405978692,0.00341
9/1/2022 9:45,2.674696064,0.00379
9/1/2022 10:00,2.511766468,0.00356
9/1/2022 10:15,2.007796181,0.00284
9/1/2022 10:30,2.078410339,0.00294
9/1/2022 10:45,2.081679932,0.00295
9/1/2022 11:00,1.999792543,0.00283
9/1/2022 11:15,2.647066504,0.00375
9/1/2022 11:30,2.46878185,0.00349
9/1/2022 11:45,2.515905224,0.00356
9/1/2022 12:00,2.83234759,0.00401
9/1/2022 12:15,2.716257342,0.00385
9/1/2022 12:30,2.980556715,0.00422
9/1/2022 12:45,3.095326251,0.00438
9/1/2022 13:00,2.819347687,0.00399
9/1/2022 13:15,2.597288235,0.00368
9/1/2022 13:30,2.541518498,0.00360
9/1/2022 13:45,2.871028313,0.00406
9/1/2022 14:00,3.049695269,0.00432
9/1/2022 14:15,3.252548445,0.00460
9/1/2022 14:30,2.922731069,0.00414
9/1/2022 14:45,2.934168107,0.00415
9/1/2022 15:00,2.779160878,0.00393
9/1/2022 15:15,2.687739424,0.00380
9/1/2022 15:30,2.85457756,0.00404
9/1/2022 15:45,2.932013243,0.00415
9/1/2022 16:00,2.604833469,0.00369
9/1/2022 16:15,2.677044804,0.00379
9/1/2022 16:30,2.661627214,0.00377
9/1/2022 16:45,2.677044804,0.00379
9/1/2022 17:00,2.436434627,0.00345
9/1/2022 17:15,2.491200197,0.00353
9/1/2022 17:30,2.589625541,0.00367
9/1/2022 17:45,2.550222916,0.00361
9/1/2022 18:00,2.677044804,0.00379
9/1/2022 18:15,2.4139833,0.00342
9/1/2022 18:30,2.203037918,0.00312
9/1/2022 18:45,2.619487598,0.00371
9/1/2022 19:00,2.604429411,0.00369
9/1/2022 19:15,2.76019509,0.00391
9/1/2022 19:30,2.384449235,0.00338
9/1/2022 19:45,2.738171706,0.00388
9/1/2022 20:00,2.477160354,0.00351
9/1/2022 20:15,2.422275391,0.00343
9/1/2022 20:30,2.612979782,0.00370
9/1/2022 20:45,2.86839091,0.00406
9/1/2022 21:00,2.871378403,0.00406
9/1/2022 21:15,2.585640838,0.00366
9/1/2022 21:30,2.38117477,0.00337
9/1/2022 21:45,2.369962403,0.00336
9/1/2022 22:00,2.477682165,0.00351
9/1/2022 22:15,2.762596166,0.00391
9/1/2022 22:30,2.500406536,0.00354
9/1/2022 22:45,2.433246785,0.00344
9/1/2022 23:00,2.200996108,0.00312
9/1/2022 23:15,2.459559966,0.00348
9/1/2022 23:30,2.687829896,0.00381
9/1/2022 23:45,2.658810932,0.00376
9/2/2022 0:00,2.525289737,0.00357
9/2/2022 0:15,2.472942889,0.00350
9/2/2022 0:30,2.444957272,0.00346
9/2/2022 0:45,2.716345963,0.00385
9/2/2022 1:00,2.271555591,0.00322
9/2/2022 1:15,2.4306875,0.00344
9/2/2022 1:30,2.882896511,0.00408
9/2/2022 1:45,2.312506913,0.00327
9/2/2022 2:00,2.588638263,0.00366
9/2/2022 2:15,2.812802785,0.00398
9/2/2022 2:30,2.617385244,0.00371
9/2/2022 2:45,2.531152612,0.00358
9/2/2022 3:00,2.6283025,0.00372
9/2/2022 3:15,2.882896511,0.00408
9/2/2022 3:30,2.443201622,0.00346
9/2/2022 3:45,2.379770415,0.00337
9/2/2022 4:00,2.882896511,0.00408
9/2/2022 4:15,2.683016041,0.00380
9/2/2022 4:30,2.597288235,0.00368
9/2/2022 4:45,2.4873507,0.00352
9/2/2022 5:00,2.792312555,0.00395
9/2/2022 5:15,2.546284693,0.00360
9/2/2022 5:30,2.994392734,0.00424
9/2/2022 5:45,2.683016041,0.00380
9/2/2022 6:00,2.865851414,0.00406
9/2/2022 6:15,2.612616439,0.00370
9/2/2022 6:30,2.698911722,0.00382
9/2/2022 6:45,2.722873992,0.00385
9/2/2022 7:00,2.434705719,0.00345
9/2/2022 7:15,2.434705719,0.00345
9/2/2022 7:30,2.261356049,0.00320
9/2/2022 7:45,2.511453938,0.00356
9/2/2022 8:00,2.684702797,0.00380
9/2/2022 8:15,2.567433307,0.00363
9/2/2022 8:30,2.695290011,0.00382
9/2/2022 8:45,2.313760326,0.00328
9/2/2022 9:00,2.758243328,0.00390
9/2/2022 9:15,2.192567985,0.00310
9/2/2022 9:30,2.222320388,0.00315
9/2/2022 9:45,2.344223907,0.00332
9/2/2022 10:00,2.334954361,0.00331
9/2/2022 10:15,2.215514978,0.00314
9/2/2022 10:30,2.414427982,0.00342
9/2/2022 10:45,2.334954361,0.00331
9/2/2022 11:00,2.231581572,0.00316
9/2/2022 11:15,2.581115549,0.00365
9/2/2022 11:30,2.330419009,0.00330
9/2/2022 11:45,2.395718956,0.00339
9/2/2022 12:00,2.28746482,0.00324
9/2/2022 12:15,2.296291401,0.00325
9/2/2022 12:30,1.993844061,0.00282
9/2/2022 12:45,2.245721312,0.00318
9/2/2022 13:00,2.245721312,0.00318
9/2/2022 13:15,2.027596983,0.00287
9/2/2022 13:30,1.971710318,0.00279
9/2/2022 13:45,2.183335754,0.00309
9/2/2022 14:00,2.311709085,0.00327
9/2/2022 14:15,2.485392793,0.00352
9/2/2022 14:30,2.191363322,0.00310
9/2/2022 14:45,2.245721312,0.00318
9/2/2022 15:00,2.447233544,0.00346
9/2/2022 15:15,2.533739741,0.00359
9/2/2022 15:30,2.27610498,0.00322
9/2/2022 15:45,2.27610498,0.00322
9/2/2022 16:00,2.245721312,0.00318
9/2/2022 16:15,2.122259338,0.00300
9/2/2022 16:30,2.341332099,0.00331
9/2/2022 16:45,2.540690308,0.00360
9/2/2022 17:00,2.197779686,0.00311
9/2/2022 17:15,2.210184665,0.00313
9/2/2022 17:30,2.245721312,0.00318
9/2/2022 17:45,2.134209509,0.00302
9/2/2022 18:00,2.066142731,0.00292
9/2/2022 18:15,2.232891135,0.00316
9/2/2022 18:30,2.134209509,0.00302
9/2/2022 18:45,1.925834413,0.00273
9/2/2022 19:00,2.35008715,0.00333
9/2/2022 19:15,2.283146019,0.00323
9/2/2022 19:30,2.455709303,0.00348
9/2/2022 19:45,2.132960632,0.00302
9/2/2022 20:00,2.132960632,0.00302
9/2/2022 20:15,1.924699468,0.00272
9/2/2022 20:30,2.182200492,0.00309
9/2/2022 20:45,2.140929782,0.00303
9/2/2022 21:00,2.345262794,0.00332
9/2/2022 21:15,2.767936289,0.00392
9/2/2022 21:30,2.52881999,0.00358
9/2/2022 21:45,2.365603392,0.00335
9/2/2022 22:00,2.279100734,0.00323
9/2/2022 22:15,2.591974408,0.00367
9/2/2022 22:30,2.460164583,0.00348
9/2/2022 22:45,2.366768799,0.00335
9/2/2022 23:00,2.338514119,0.00331
9/2/2022 23:15,2.338514119,0.00331
9/2/2022 23:30,2.433165513,0.00344
9/2/2022 23:45,2.50032415,0.00354
9/3/2022 0:00,2.514904487,0.00356
9/3/2022 0:15,2.571713157,0.00364
9/3/2022 0:30,2.469397268,0.00350
9/3/2022 0:45,2.594547984,0.00367
9/3/2022 1:00,2.413545184,0.00342
9/3/2022 1:15,2.510023617,0.00355
9/3/2022 1:30,2.360773721,0.00334
9/3/2022 1:45,2.193790939,0.00311
9/3/2022 2:00,2.413545184,0.00342
9/3/2022 2:15,2.324798842,0.00329
9/3/2022 2:30,1.981059546,0.00280
9/3/2022 2:45,2.193790939,0.00311
9/3/2022 3:00,2.427500265,0.00344
9/3/2022 3:15,2.594547984,0.00367
9/3/2022 3:30,2.347012052,0.00332
9/3/2022 3:45,2.788436356,0.00395
9/3/2022 4:00,2.30964085,0.00327
9/3/2022 4:15,2.404679393,0.00340
9/3/2022 4:30,2.351619546,0.00333
9/3/2022 4:45,2.113577075,0.00299
9/3/2022 5:00,2.584569474,0.00366
9/3/2022 5:15,2.896843695,0.00410
9/3/2022 5:30,2.377557159,0.00337
9/3/2022 5:45,2.333993885,0.00330
9/3/2022 6:00,2.525289737,0.00357
9/3/2022 6:15,2.427974029,0.00344
9/3/2022 6:30,2.347458795,0.00332
9/3/2022 6:45,2.756401836,0.00390
9/3/2022 7:00,2.480913812,0.00351
9/3/2022 7:15,2.496032886,0.00353
9/3/2022 7:30,2.522838839,0.00357
9/3/2022 7:45,2.387548797,0.00338
9/3/2022 8:00,2.190979559,0.00310
9/3/2022 8:15,2.605913321,0.00369
9/3/2022 8:30,2.483235266,0.00352
9/3/2022 8:45,2.4139833,0.00342
9/3/2022 9:00,2.46893576,0.00350
9/3/2022 9:15,2.44590144,0.00346
9/3/2022 9:30,2.347034567,0.00332
9/3/2022 9:45,2.605913321,0.00369
9/3/2022 10:00,2.358422292,0.00334
9/3/2022 10:15,2.383697466,0.00337
9/3/2022 10:30,2.316888604,0.00328
9/3/2022 10:45,2.477041258,0.00351
9/3/2022 11:00,2.206018218,0.00312
9/3/2022 11:15,3.006582446,0.00426
9/3/2022 11:30,2.09355362,0.00296
9/3/2022 11:45,2.165720082,0.00307
9/3/2022 12:00,2.377483106,0.00337
9/3/2022 12:15,2.304916267,0.00326
9/3/2022 12:30,2.641255128,0.00374
9/3/2022 12:45,2.331455998,0.00330
9/3/2022 13:00,2.444360496,0.00346
9/3/2022 13:15,2.646286122,0.00375
9/3/2022 13:30,2.377483106,0.00337
9/3/2022 13:45,2.333993885,0.00330
9/3/2022 14:00,2.484576041,0.00352
9/3/2022 14:15,2.31481858,0.00328
9/3/2022 14:30,2.169454182,0.00307
9/3/2022 14:45,2.377483106,0.00337
9/3/2022 15:00,2.049732399,0.00290
9/3/2022 15:15,2.380618801,0.00337
9/3/2022 15:30,2.720812509,0.00385
9/3/2022 15:45,2.427500265,0.00344
9/3/2022 16:00,2.337468877,0.00331
9/3/2022 16:15,2.474352197,0.00350
9/3/2022 16:30,2.347012052,0.00332
9/3/2022 16:45,2.44178435,0.00346
9/3/2022 17:00,2.100458155,0.00297
9/3/2022 17:15,2.418217496,0.00342
9/3/2022 17:30,2.571796711,0.00364
9/3/2022 17:45,2.474433673,0.00350
9/3/2022 18:00,2.194309237,0.00311
9/3/2022 18:15,2.169454182,0.00307
9/3/2022 18:30,2.134355519,0.00302
9/3/2022 18:45,2.414016011,0.00342
9/3/2022 19:00,2.158912548,0.00306
9/3/2022 19:15,2.354075066,0.00333
9/3/2022 19:30,2.390993153,0.00338
9/3/2022 19:45,2.244757597,0.00318
9/3/2022 20:00,2.46893576,0.00350
9/3/2022 20:15,2.46893576,0.00350
9/3/2022 20:30,2.377483106,0.00337
9/3/2022 20:45,2.383697466,0.00337
9/3/2022 21:00,2.231931069,0.00316
9/3/2022 21:15,2.600672486,0.00368
9/3/2022 21:30,2.296245843,0.00325
9/3/2022 21:45,2.081713359,0.00295
9/3/2022 22:00,2.227740913,0.00315
9/3/2022 22:15,2.396730435,0.00339
9/3/2022 22:30,2.035705272,0.00288
9/3/2022 22:45,2.410735934,0.00341
9/3/2022 23:00,2.304916267,0.00326
9/3/2022 23:15,2.723784623,0.00386
9/3/2022 23:30,2.576132896,0.00365
9/3/2022 23:45,2.253898499,0.00319
9/4/2022 0:00,2.423283606,0.00343
9/4/2022 0:15,2.190979559,0.00310
9/4/2022 0:30,2.374754979,0.00336
9/4/2022 0:45,2.46893576,0.00350
9/4/2022 1:00,2.423283606,0.00343
9/4/2022 1:15,2.231931069,0.00316
9/4/2022 1:30,2.483235266,0.00352
9/4/2022 1:45,2.171291911,0.00307
9/4/2022 2:00,2.284839436,0.00323
9/4/2022 2:15,2.244757597,0.00318
9/4/2022 2:30,2.284839436,0.00323
9/4/2022 2:45,2.653982937,0.00376
9/4/2022 3:00,2.347458795,0.00332
9/4/2022 3:15,2.400361278,0.00340
9/4/2022 3:30,2.56538632,0.00363
9/4/2022 3:45,2.77249435,0.00392
9/4/2022 4:00,2.194309237,0.00311
9/4/2022 4:15,2.348339576,0.00332
9/4/2022 4:30,2.287353797,0.00324
9/4/2022 4:45,2.348339576,0.00332
9/4/2022 5:00,2.076036068,0.00294
9/4/2022 5:15,1.964676479,0.00278
9/4/2022 5:30,2.296197914,0.00325
9/4/2022 5:45,2.296197914,0.00325
9/4/2022 6:00,2.296197914,0.00325
9/4/2022 6:15,2.296197914,0.00325
9/4/2022 6:30,2.088093187,0.00296
9/4/2022 6:45,2.480829061,0.00351
9/4/2022 7:00,2.244923935,0.00318
9/4/2022 7:15,2.247848302,0.00318
9/4/2022 7:30,1.982636498,0.00281
9/4/2022 7:45,2.194309237,0.00311
9/4/2022 8:00,1.94941391,0.00276
9/4/2022 8:15,2.258383423,0.00320
9/4/2022 8:30,1.982636498,0.00281
9/4/2022 8:45,2.194309237,0.00311
9/4/2022 9:00,1.833074943,0.00260
9/4/2022 9:15,2.148708707,0.00304
9/4/2022 9:30,2.174271654,0.00308
9/4/2022 9:45,2.283061302,0.00323
9/4/2022 10:00,1.920094358,0.00272
9/4/2022 10:15,2.18546678,0.00309
9/4/2022 10:30,2.295142585,0.00325
9/4/2022 10:45,2.420374566,0.00343
9/4/2022 11:00,2.070015345,0.00293
9/4/2022 11:15,2.338514119,0.00331
9/4/2022 11:30,2.250013202,0.00319
9/4/2022 11:45,1.985168441,0.00281
9/4/2022 12:00,2.190904897,0.00310
9/4/2022 12:15,2.343425967,0.00332
9/4/2022 12:30,2.149541729,0.00304
9/4/2022 12:45,2.203608066,0.00312
9/4/2022 13:00,1.951711017,0.00276
9/4/2022 13:15,2.190544748,0.00310
9/4/2022 13:30,2.205602644,0.00312
9/4/2022 13:45,2.304802621,0.00326
9/4/2022 14:00,2.153338983,0.00305
9/4/2022 14:15,1.955196702,0.00277
9/4/2022 14:30,2.308399621,0.00327
9/4/2022 14:45,2.145177442,0.00304
9/4/2022 15:00,2.195797373,0.00311
9/4/2022 15:15,2.232047892,0.00316
9/4/2022 15:30,2.086103936,0.00295
9/4/2022 15:45,2.232891135,0.00316
9/4/2022 16:00,1.993844061,0.00282
9/4/2022 16:15,1.787317609,0.00253
9/4/2022 16:30,2.289070052,0.00324
9/4/2022 16:45,2.039358706,0.00289
9/4/2022 17:00,1.839968671,0.00260
9/4/2022 17:15,1.959027778,0.00277
9/4/2022 17:30,2.110851234,0.00299
9/4/2022 17:45,1.915166482,0.00271
9/4/2022 18:00,2.244757597,0.00318
9/4/2022 18:15,2.289070052,0.00324
9/4/2022 18:30,2.089826189,0.00296
9/4/2022 18:45,2.065809213,0.00292
9/4/2022 19:00,2.173648811,0.00308
9/4/2022 19:15,2.288877574,0.00324
9/4/2022 19:30,1.96301482,0.00278
9/4/2022 19:45,2.392816038,0.00339
9/4/2022 20:00,2.134355519,0.00302
9/4/2022 20:15,2.231931069,0.00316
9/4/2022 20:30,2.097602214,0.00297
9/4/2022 20:45,2.232879763,0.00316
9/4/2022 21:00,2.016093685,0.00285
9/4/2022 21:15,2.039358706,0.00289
9/4/2022 21:30,2.245721312,0.00318
9/4/2022 21:45,2.086703976,0.00295
9/4/2022 22:00,1.882379308,0.00266
9/4/2022 22:15,2.099816601,0.00297
9/4/2022 22:30,2.298679967,0.00325
9/4/2022 22:45,2.158303151,0.00306
9/4/2022 23:00,2.027596983,0.00287
9/4/2022 23:15,1.893061765,0.00268
9/4/2022 23:30,2.099816601,0.00297
9/4/2022 23:45,2.333993885,0.00330
9/5/2022 0:00,1.960366887,0.00278
9/5/2022 0:15,2.401701025,0.00340
9/5/2022 0:30,2.099816601,0.00297
9/5/2022 0:45,2.263436752,0.00320
9/5/2022 1:00,2.25734698,0.00320
9/5/2022 1:15,2.112019009,0.00299
9/5/2022 1:30,2.224284794,0.00315
9/5/2022 1:45,2.283613464,0.00323
9/5/2022 2:00,2.312478413,0.00327
9/5/2022 2:15,2.173648811,0.00308
9/5/2022 2:30,2.32590979,0.00329
9/5/2022 2:45,2.173648811,0.00308
9/5/2022 3:00,2.223240696,0.00315
9/5/2022 3:15,2.312506913,0.00327
9/5/2022 3:30,2.16119105,0.00306
9/5/2022 3:45,2.16119105,0.00306
9/5/2022 4:00,2.173648811,0.00308
9/5/2022 4:15,2.16119105,0.00306
9/5/2022 4:30,2.16119105,0.00306
9/5/2022 4:45,2.200996108,0.00312
9/5/2022 5:00,2.200996108,0.00312
9/5/2022 5:15,1.797218295,0.00254
9/5/2022 5:30,2.274349361,0.00322
9/5/2022 5:45,1.899434747,0.00269
9/5/2022 6:00,2.274349361,0.00322
9/5/2022 6:15,2.274349361,0.00322
9/5/2022 6:30,2.043683914,0.00289
9/5/2022 6:45,2.05541568,0.00291
9/5/2022 7:00,2.16119105,0.00306
9/5/2022 7:15,2.090663755,0.00296
9/5/2022 7:30,2.212717243,0.00313
9/5/2022 7:45,2.114972831,0.00299
9/5/2022 8:00,1.877342263,0.00266
9/5/2022 8:15,2.114972831,0.00299
9/5/2022 8:30,1.899434747,0.00269
9/5/2022 8:45,2.32590979,0.00329
9/5/2022 9:00,2.114972831,0.00299
9/5/2022 9:15,2.065848304,0.00292
9/5/2022 9:30,1.730207815,0.00245
9/5/2022 9:45,1.96301482,0.00278
9/5/2022 10:00,2.134355519,0.00302
9/5/2022 10:15,2.16119105,0.00306
9/5/2022 10:30,2.248808105,0.00318
9/5/2022 10:45,2.077718828,0.00294
9/5/2022 11:00,2.042189937,0.00289
9/5/2022 11:15,2.030344438,0.00287
9/5/2022 11:30,1.758475177,0.00249
9/5/2022 11:45,1.874282418,0.00265
9/5/2022 12:00,1.895552729,0.00268
9/5/2022 12:15,1.884799428,0.00267
9/5/2022 12:30,2.077718828,0.00294
9/5/2022 12:45,1.765068075,0.00250
9/5/2022 13:00,1.809588028,0.00256
9/5/2022 13:15,2.174016744,0.00308
9/5/2022 13:30,1.821458023,0.00258
9/5/2022 13:45,2.020178183,0.00286
9/5/2022 14:00,1.895490543,0.00268
9/5/2022 14:15,1.592275705,0.00225
9/5/2022 14:30,1.824503324,0.00258
9/5/2022 14:45,1.509481045,0.00214
9/5/2022 15:00,1.701729586,0.00241
9/5/2022 15:15,1.63412787,0.00231
9/5/2022 15:30,1.678457097,0.00238
9/5/2022 15:45,1.783118933,0.00252
9/5/2022 16:00,1.955283396,0.00277
9/5/2022 16:15,1.573387747,0.00223
9/5/2022 16:30,1.563184891,0.00221
9/5/2022 16:45,1.463300459,0.00207
9/5/2022 17:00,1.63235471,0.00231
9/5/2022 17:15,1.672933715,0.00237
9/5/2022 17:30,1.612598646,0.00228
9/5/2022 17:45,1.997248072,0.00283
9/5/2022 18:00,2.030926824,0.00288
9/5/2022 18:15,2.089403089,0.00296
9/5/2022 18:30,2.304826971,0.00326
9/5/2022 18:45,1.831824797,0.00259
9/5/2022 19:00,1.884738649,0.00267
9/5/2022 19:15,1.831824797,0.00259
9/5/2022 19:30,1.962950287,0.00278
9/5/2022 19:45,2.030277488,0.00287
9/5/2022 20:00,2.475031936,0.00350
9/5/2022 20:15,2.248808105,0.00318
9/5/2022 20:30,2.199439691,0.00311
9/5/2022 20:45,2.415820384,0.00342
9/5/2022 21:00,2.350223527,0.00333
9/5/2022 21:15,2.245721312,0.00318
9/5/2022 21:30,2.540690308,0.00360
9/5/2022 21:45,2.219928756,0.00314
9/5/2022 22:00,2.190683695,0.00310
9/5/2022 22:15,2.02793624,0.00287
9/5/2022 22:30,1.935635998,0.00274
9/5/2022 22:45,1.87087713,0.00265
9/5/2022 23:00,1.820035359,0.00258
9/5/2022 23:15,1.914904672,0.00271
9/5/2022 23:30,1.820035359,0.00258
9/5/2022 23:45,1.747202254,0.00247
9/6/2022 0:00,1.86033655,0.00263
9/6/2022 0:15,2.061068801,0.00292
9/6/2022 0:30,1.690321541,0.00239
9/6/2022 0:45,1.757217253,0.00249
9/6/2022 1:00,1.96257142,0.00278
9/6/2022 1:15,1.823610912,0.00258
9/6/2022 1:30,1.709857288,0.00242
9/6/2022 1:45,1.970381369,0.00279
9/6/2022 2:00,2.016058449,0.00285
9/6/2022 2:15,1.834258648,0.00260
9/6/2022 2:30,1.80267668,0.00255
9/6/2022 2:45,1.823610912,0.00258
9/6/2022 3:00,1.709857288,0.00242
9/6/2022 3:15,1.935635998,0.00274
9/6/2022 3:30,1.834258648,0.00260
9/6/2022 3:45,1.883973994,0.00267
9/6/2022 4:00,1.719971242,0.00243
9/6/2022 4:15,1.96257142,0.00278
9/6/2022 4:30,1.787693523,0.00253
9/6/2022 4:45,1.820035359,0.00258
9/6/2022 5:00,1.627221799,0.00230
9/6/2022 5:15,1.928595526,0.00273
9/6/2022 5:30,1.741712558,0.00247
9/6/2022 5:45,1.716272046,0.00243
9/6/2022 6:00,1.890974378,0.00268
9/6/2022 6:15,1.642546118,0.00233
9/6/2022 6:30,1.962838994,0.00278
9/6/2022 6:45,1.734248559,0.00246
9/6/2022 7:00,1.780408301,0.00252
9/6/2022 7:15,1.696696295,0.00240
9/6/2022 7:30,1.84154876,0.00261
9/6/2022 7:45,1.924052205,0.00272
9/6/2022 8:00,1.706249796,0.00242
9/6/2022 8:15,1.932300229,0.00274
9/6/2022 8:30,1.689056184,0.00239
9/6/2022 8:45,1.802555726,0.00255
9/6/2022 9:00,1.713581472,0.00243
9/6/2022 9:15,1.688716086,0.00239
9/6/2022 9:30,1.759758404,0.00249
9/6/2022 9:45,1.850920478,0.00262
9/6/2022 10:00,1.669426048,0.00236
9/6/2022 10:15,1.621254743,0.00230
9/6/2022 10:30,1.592445803,0.00225
9/6/2022 10:45,1.787772983,0.00253
9/6/2022 11:00,2.053494595,0.00291
9/6/2022 11:15,1.660658541,0.00235
9/6/2022 11:30,1.442421883,0.00204
9/6/2022 11:45,1.67896368,0.00238
9/6/2022 12:00,1.725412825,0.00244
9/6/2022 12:15,1.786409047,0.00253
9/6/2022 12:30,1.892387003,0.00268
9/6/2022 12:45,2.054631572,0.00291
9/6/2022 13:00,1.594082748,0.00226
9/6/2022 13:15,1.985879192,0.00281
9/6/2022 13:30,1.728990496,0.00245
9/6/2022 13:45,1.649774975,0.00234
9/6/2022 14:00,1.56599667,0.00222
9/6/2022 14:15,1.864381387,0.00264
9/6/2022 14:30,1.657576394,0.00235
9/6/2022 14:45,1.65925514,0.00235
9/6/2022 15:00,1.643563317,0.00233
9/6/2022 15:15,1.643563317,0.00233
9/6/2022 15:30,1.50174083,0.00213
9/6/2022 15:45,1.426954511,0.00202
9/6/2022 16:00,1.707112982,0.00242
9/6/2022 16:15,1.722401788,0.00244
9/6/2022 16:30,1.675851623,0.00237
9/6/2022 16:45,1.659975061,0.00235
9/6/2022 17:00,1.731577586,0.00245
9/6/2022 17:15,1.457356215,0.00206
9/6/2022 17:30,1.419022656,0.00201
9/6/2022 17:45,1.581717587,0.00224
9/6/2022 18:00,1.69802483,0.00240
9/6/2022 18:15,1.772816062,0.00251
9/6/2022 18:30,1.510059987,0.00214
9/6/2022 18:45,1.895976412,0.00268
9/6/2022 19:00,1.535791114,0.00217
9/6/2022 19:15,1.527210854,0.00216
9/6/2022 19:30,1.6032093,0.00227
9/6/2022 19:45,1.564197564,0.00221
9/6/2022 20:00,1.52022293,0.00215
9/6/2022 20:15,1.534711508,0.00217
9/6/2022 20:30,1.480974345,0.00210
9/6/2022 20:45,1.775200004,0.00251
9/6/2022 21:00,1.737720249,0.00246
9/6/2022 21:15,1.626006162,0.00230
9/6/2022 21:30,1.589406539,0.00225
9/6/2022 21:45,1.66307982,0.00235
9/6/2022 22:00,1.685569689,0.00239
9/6/2022 22:15,1.773522589,0.00251
9/6/2022 22:30,1.824562337,0.00258
9/6/2022 22:45,1.741659493,0.00247
9/6/2022 23:00,1.72522125,0.00244
9/6/2022 23:15,1.577267328,0.00223
9/6/2022 23:30,1.682865208,0.00238
9/6/2022 23:45,1.692433201,0.00240
9/7/2022 0:00,1.533176215,0.00217
9/7/2022 0:15,1.607767199,0.00228
9/7/2022 0:30,1.686008469,0.00239
9/7/2022 0:45,1.725254962,0.00244
9/7/2022 1:00,1.741659493,0.00247
9/7/2022 1:15,1.682865208,0.00238
9/7/2022 1:30,1.692433201,0.00240
9/7/2022 1:45,1.5625769,0.00221
9/7/2022 2:00,1.741659493,0.00247
9/7/2022 2:15,1.334924428,0.00189
9/7/2022 2:30,1.686008469,0.00239
9/7/2022 2:45,1.686008469,0.00239
9/7/2022 3:00,1.5625769,0.00221
9/7/2022 3:15,1.589580515,0.00225
9/7/2022 3:30,1.686008469,0.00239
9/7/2022 3:45,1.644193631,0.00233
9/7/2022 4:00,1.763461166,0.00250
9/7/2022 4:15,1.439718066,0.00204
9/7/2022 4:30,1.763461166,0.00250
9/7/2022 4:45,1.598574093,0.00226
9/7/2022 5:00,1.644193631,0.00233
9/7/2022 5:15,1.619729507,0.00229
9/7/2022 5:30,1.447939078,0.00205
9/7/2022 5:45,1.524431645,0.00216
9/7/2022 6:00,1.33694107,0.00189
9/7/2022 6:15,1.388065801,0.00197
9/7/2022 6:30,1.549475542,0.00219
9/7/2022 6:45,1.747202254,0.00247
9/7/2022 7:00,1.621123028,0.00229
9/7/2022 7:15,1.551878267,0.00220
9/7/2022 7:30,1.516502365,0.00215
9/7/2022 7:45,1.36500635,0.00193
9/7/2022 8:00,1.560360839,0.00221
9/7/2022 8:15,1.411878954,0.00200
9/7/2022 8:30,1.234449297,0.00175
9/7/2022 8:45,1.307685238,0.00185
9/7/2022 9:00,1.448728792,0.00205
9/7/2022 9:15,1.516502365,0.00215
9/7/2022 9:30,1.606240872,0.00227
9/7/2022 9:45,1.856504281,0.00263
9/7/2022 10:00,1.497194489,0.00212
9/7/2022 10:15,1.347776486,0.00191
9/7/2022 10:30,1.419795945,0.00201
9/7/2022 10:45,1.357014353,0.00192
9/7/2022 11:00,1.411878954,0.00200
9/7/2022 11:15,1.305689691,0.00185
9/7/2022 11:30,1.49366759,0.00211
9/7/2022 11:45,1.390819041,0.00197
9/7/2022 12:00,1.459990958,0.00207
9/7/2022 12:15,1.459990958,0.00207
9/7/2022 12:30,1.178651625,0.00167
9/7/2022 12:45,1.531865831,0.00217
9/7/2022 13:00,1.393558609,0.00197
9/7/2022 13:15,1.470975509,0.00208
9/7/2022 13:30,1.313590248,0.00186
9/7/2022 13:45,1.294900168,0.00183
9/7/2022 14:00,1.294900168,0.00183
9/7/2022 14:15,1.318294593,0.00187
9/7/2022 14:30,1.333038337,0.00189
9/7/2022 14:45,1.290041297,0.00183
9/7/2022 15:00,1.333038337,0.00189
9/7/2022 15:15,1.250583588,0.00177
9/7/2022 15:30,1.138371805,0.00161
9/7/2022 15:45,1.335873254,0.00189
9/7/2022 16:00,1.283846535,0.00182
9/7/2022 16:15,1.189131028,0.00168
9/7/2022 16:30,1.281467823,0.00181
9/7/2022 16:45,1.253341561,0.00177
9/7/2022 17:00,1.281467823,0.00181
9/7/2022 17:15,1.311497267,0.00186
9/7/2022 17:30,1.219731858,0.00173
9/7/2022 17:45,1.26902736,0.00180
9/7/2022 18:00,1.059296754,0.00150
9/7/2022 18:15,1.275981684,0.00181
9/7/2022 18:30,1.283095364,0.00182
9/7/2022 18:45,1.29037766,0.00183
9/7/2022 19:00,1.151212476,0.00163
9/7/2022 19:15,1.412997466,0.00200
9/7/2022 19:30,1.21932869,0.00173
9/7/2022 19:45,1.3711712,0.00194
9/7/2022 20:00,1.38246823,0.00196
9/7/2022 20:15,1.367240743,0.00194
9/7/2022 20:30,1.420807511,0.00201
9/7/2022 20:45,1.48462656,0.00210
9/7/2022 21:00,1.462506813,0.00207
9/7/2022 21:15,1.417270501,0.00201
9/7/2022 21:30,1.430428858,0.00203
9/7/2022 21:45,1.292461306,0.00183
9/7/2022 22:00,1.535791114,0.00217
9/7/2022 22:15,1.313793439,0.00186
9/7/2022 22:30,1.335080444,0.00189
9/7/2022 22:45,1.48462656,0.00210
9/7/2022 23:00,1.373045209,0.00194
9/7/2022 23:15,1.383039359,0.00196
9/7/2022 23:30,1.278141169,0.00181
9/7/2022 23:45,1.494414685,0.00212
9/8/2022 0:00,1.383039359,0.00196
9/8/2022 0:15,1.328031566,0.00188
9/8/2022 0:30,1.35227108,0.00191
9/8/2022 0:45,1.243003277,0.00176
9/8/2022 1:00,1.422657788,0.00201
9/8/2022 1:15,1.53003263,0.00217
9/8/2022 1:30,1.335080444,0.00189
9/8/2022 1:45,1.535791114,0.00217
9/8/2022 2:00,1.559393579,0.00221
9/8/2022 2:15,1.403264816,0.00199
9/8/2022 2:30,1.428761313,0.00202
9/8/2022 2:45,1.427313683,0.00202
9/8/2022 3:00,1.586348025,0.00225
9/8/2022 3:15,1.595576043,0.00226
9/8/2022 3:30,1.435546561,0.00203
9/8/2022 3:45,1.51588842,0.00215
9/8/2022 4:00,1.508499446,0.00214
9/8/2022 4:15,1.510994651,0.00214
9/8/2022 4:30,1.554191267,0.00220
9/8/2022 4:45,1.46671378,0.00208
9/8/2022 5:00,1.634997473,0.00231
9/8/2022 5:15,1.458607953,0.00206
9/8/2022 5:30,1.332276903,0.00189
9/8/2022 5:45,1.500292776,0.00212
9/8/2022 6:00,1.500292776,0.00212
9/8/2022 6:15,1.475011399,0.00209
9/8/2022 6:30,1.57332411,0.00223
9/8/2022 6:45,1.517390723,0.00215
9/8/2022 7:00,1.200028558,0.00170
9/8/2022 7:15,1.475011399,0.00209
9/8/2022 7:30,1.685569689,0.00239
9/8/2022 7:45,1.517390723,0.00215
9/8/2022 8:00,1.483497319,0.00210
9/8/2022 8:15,1.365038045,0.00193
9/8/2022 8:30,1.37271449,0.00194
9/8/2022 8:45,1.319971455,0.00187
9/8/2022 9:00,1.235909797,0.00175
9/8/2022 9:15,1.290903316,0.00183
9/8/2022 9:30,1.335036626,0.00189
9/8/2022 9:45,1.275668416,0.00181
9/8/2022 10:00,1.109981327,0.00157
9/8/2022 10:15,1.512175499,0.00214
9/8/2022 10:30,1.334309902,0.00189
9/8/2022 10:45,1.583364978,0.00224
9/8/2022 11:00,1.490275969,0.00211
9/8/2022 11:15,1.331755638,0.00189
9/8/2022 11:30,1.228995088,0.00174
9/8/2022 11:45,1.414207806,0.00200
9/8/2022 12:00,1.238634755,0.00175
9/8/2022 12:15,1.518691673,0.00215
9/8/2022 12:30,1.416717222,0.00201
9/8/2022 12:45,1.341858905,0.00190
9/8/2022 13:00,1.297400634,0.00184
9/8/2022 13:15,1.10626983,0.00157
9/8/2022 13:30,1.240212913,0.00176
9/8/2022 13:45,1.074871064,0.00152
9/8/2022 14:00,1.235221273,0.00175
9/8/2022 14:15,1.196417969,0.00169
9/8/2022 14:30,1.356707956,0.00192
9/8/2022 14:45,1.335593104,0.00189
9/8/2022 15:00,1.299921036,0.00184
9/8/2022 15:15,1.23292128,0.00175
9/8/2022 15:30,1.502091511,0.00213
9/8/2022 15:45,1.366391617,0.00193
9/8/2022 16:00,1.337528054,0.00189
9/8/2022 16:15,1.324561915,0.00188
9/8/2022 16:30,1.26276664,0.00179
9/8/2022 16:45,1.289820525,0.00183
9/8/2022 17:00,1.26276664,0.00179
9/8/2022 17:15,1.36398718,0.00193
9/8/2022 17:30,1.163601916,0.00165
9/8/2022 17:45,1.271820128,0.00180
9/8/2022 18:00,1.396325333,0.00198
9/8/2022 18:15,1.16052272,0.00164
9/8/2022 18:30,1.287096089,0.00182
9/8/2022 18:45,1.359263567,0.00192
9/8/2022 19:00,1.294338506,0.00183
9/8/2022 19:15,1.220465108,0.00173
9/8/2022 19:30,1.388477618,0.00197
9/8/2022 19:45,1.285698609,0.00182
9/8/2022 20:00,1.253453637,0.00177
9/8/2022 20:15,1.396325333,0.00198
9/8/2022 20:30,1.434126072,0.00203
9/8/2022 20:45,1.297025725,0.00184
9/8/2022 21:00,1.397982831,0.00198
9/8/2022 21:15,1.401884039,0.00198
9/8/2022 21:30,1.359753672,0.00192
9/8/2022 21:45,1.356888802,0.00192
9/8/2022 22:00,1.371765474,0.00194
9/8/2022 22:15,1.444442104,0.00204
9/8/2022 22:30,1.297025725,0.00184
9/8/2022 22:45,1.217909927,0.00172
9/8/2022 23:00,1.371765474,0.00194
9/8/2022 23:15,1.468161835,0.00208
9/8/2022 23:30,1.550921888,0.00220
9/8/2022 23:45,1.257625027,0.00178
9/9/2022 0:00,1.327065288,0.00188
9/9/2022 0:15,1.246468733,0.00176
9/9/2022 0:30,1.351520849,0.00191
9/9/2022 0:45,1.129414814,0.00160
9/9/2022 1:00,1.388477618,0.00197
9/9/2022 1:15,1.427860008,0.00202
9/9/2022 1:30,1.3595146,0.00192
9/9/2022 1:45,1.278860252,0.00181
9/9/2022 2:00,1.318739397,0.00187
9/9/2022 2:15,1.401638098,0.00198
9/9/2022 2:30,1.419979003,0.00201
9/9/2022 2:45,1.428134611,0.00202
9/9/2022 3:00,1.380575189,0.00195
9/9/2022 3:15,1.391314548,0.00197
9/9/2022 3:30,1.220172727,0.00173
9/9/2022 3:45,1.282855858,0.00182
9/9/2022 4:00,1.442421883,0.00204
9/9/2022 4:15,1.367564127,0.00194
9/9/2022 4:30,1.278297774,0.00181
9/9/2022 4:45,1.254739071,0.00178
9/9/2022 5:00,1.476364366,0.00209
9/9/2022 5:15,1.306542061,0.00185
9/9/2022 5:30,1.313793439,0.00186
9/9/2022 5:45,1.48462656,0.00210
9/9/2022 6:00,1.388518289,0.00197
9/9/2022 6:15,1.640516642,0.00232
9/9/2022 6:30,1.535791114,0.00217
9/9/2022 6:45,1.414628518,0.00200
9/9/2022 7:00,1.443069069,0.00204
9/9/2022 7:15,1.422657788,0.00201
9/9/2022 7:30,1.290041297,0.00183
9/9/2022 7:45,1.502470602,0.00213
9/9/2022 8:00,1.358935104,0.00192
9/9/2022 8:15,1.435841073,0.00203
9/9/2022 8:30,1.282855858,0.00182
9/9/2022 8:45,1.572994899,0.00223
9/9/2022 9:00,1.313793439,0.00186
9/9/2022 9:15,1.210964409,0.00171
9/9/2022 9:30,1.278297774,0.00181
9/9/2022 9:45,1.388258181,0.00197
9/9/2022 10:00,1.313793439,0.00186
9/9/2022 10:15,1.462506813,0.00207
9/9/2022 10:30,1.349387213,0.00191
9/9/2022 10:45,1.248993779,0.00177
9/9/2022 11:00,1.429055191,0.00202
9/9/2022 11:15,1.342038128,0.00190
9/9/2022 11:30,1.591220859,0.00225
9/9/2022 11:45,1.285623585,0.00182
9/9/2022 12:00,1.381168312,0.00196
9/9/2022 12:15,1.198652449,0.00170
9/9/2022 12:30,1.190263839,0.00169
9/9/2022 12:45,1.351656889,0.00191
9/9/2022 13:00,1.457943553,0.00206
9/9/2022 13:15,1.356707956,0.00192
9/9/2022 13:30,1.22451233,0.00173
9/9/2022 13:45,1.231531945,0.00174
9/9/2022 14:00,1.393919828,0.00197
9/9/2022 14:15,1.430881686,0.00203
9/9/2022 14:30,1.22451233,0.00173
9/9/2022 14:45,1.388518289,0.00197
9/9/2022 15:00,1.293119771,0.00183
9/9/2022 15:15,1.321016356,0.00187
9/9/2022 15:30,1.217477807,0.00172
9/9/2022 15:45,1.285420798,0.00182
9/9/2022 16:00,1.285420798,0.00182
9/9/2022 16:15,1.527155581,0.00216
9/9/2022 16:30,1.462278688,0.00207
9/9/2022 16:45,1.413988036,0.00200
9/9/2022 17:00,1.435078703,0.00203
9/9/2022 17:15,1.456816827,0.00206
9/9/2022 17:30,1.417043937,0.00201
9/9/2022 17:45,1.292461306,0.00183
9/9/2022 18:00,1.419022656,0.00201
9/9/2022 18:15,1.301581745,0.00184
9/9/2022 18:30,1.344251599,0.00190
9/9/2022 18:45,1.444102932,0.00204
9/9/2022 19:00,1.561022452,0.00221
9/9/2022 19:15,2.249473989,0.00318
9/9/2022 19:30,2.316888604,0.00328
9/9/2022 19:45,2.035705272,0.00288
9/9/2022 20:00,2.094714872,0.00297
9/9/2022 20:15,1.839708724,0.00260
9/9/2022 20:30,1.99573845,0.00283
9/9/2022 20:45,2.435925965,0.00345
9/9/2022 21:00,2.27169879,0.00322
9/9/2022 21:15,2.422634722,0.00343
9/9/2022 21:30,2.880741204,0.00408
9/9/2022 21:45,2.433322483,0.00344
9/9/2022 22:00,2.851773806,0.00404
9/9/2022 22:15,2.647851597,0.00375
9/9/2022 22:30,2.587757696,0.00366
9/9/2022 22:45,2.202270805,0.00312
9/9/2022 23:00,2.600118645,0.00368
9/9/2022 23:15,2.430986629,0.00344
9/9/2022 23:30,2.615963628,0.00370
9/9/2022 23:45,2.568226437,0.00364
9/10/2022 0:00,2.162183475,0.00306
9/10/2022 0:15,2.337445223,0.00331
9/10/2022 0:30,2.149587599,0.00304
9/10/2022 0:45,2.137281107,0.00303
9/10/2022 1:00,2.041002364,0.00289
9/10/2022 1:15,1.942288988,0.00275
9/10/2022 1:30,1.953580071,0.00277
9/10/2022 1:45,1.930448511,0.00273
9/10/2022 2:00,1.763191685,0.00250
9/10/2022 2:15,1.942288988,0.00275
9/10/2022 2:30,1.633976871,0.00231
9/10/2022 2:45,1.8122552,0.00257
9/10/2022 3:00,1.652935647,0.00234
9/10/2022 3:15,1.822732364,0.00258
9/10/2022 3:30,1.742485231,0.00247
9/10/2022 3:45,1.682223005,0.00238
9/10/2022 4:00,1.538989895,0.00218
9/10/2022 4:15,1.739598514,0.00246
9/10/2022 4:30,1.662020782,0.00235
9/10/2022 4:45,1.7230045,0.00244
9/10/2022 5:00,1.77979873,0.00252
9/10/2022 5:15,1.889989098,0.00268
9/10/2022 5:30,1.698011505,0.00240
9/10/2022 5:45,1.651297997,0.00234
9/10/2022 6:00,1.706778287,0.00242
9/10/2022 6:15,1.830670799,0.00259
9/10/2022 6:30,1.450086007,0.00205
9/10/2022 6:45,1.419086223,0.00201
9/10/2022 7:00,1.521944802,0.00215
9/10/2022 7:15,1.57244593,0.00223
9/10/2022 7:30,1.734248559,0.00246
9/10/2022 7:45,1.625782811,0.00230
9/10/2022 8:00,1.616462636,0.00229
9/10/2022 8:15,1.673956861,0.00237
9/10/2022 8:30,1.553746813,0.00220
9/10/2022 8:45,1.365320715,0.00193
9/10/2022 9:00,1.357342319,0.00192
9/10/2022 9:15,1.530996258,0.00217
9/10/2022 9:30,1.643801457,0.00233
9/10/2022 9:45,1.480991319,0.00210
9/10/2022 10:00,1.607780933,0.00228
9/10/2022 10:15,1.642078118,0.00232
9/10/2022 10:30,1.5161289,0.00215
9/10/2022 10:45,1.386127087,0.00196
9/10/2022 11:00,1.511656408,0.00214
9/10/2022 11:15,1.396098754,0.00198
9/10/2022 11:30,1.551347344,0.00220
9/10/2022 11:45,1.508781815,0.00214
9/10/2022 12:00,1.262576749,0.00179
9/10/2022 12:15,1.340101421,0.00190
9/10/2022 12:30,1.436195299,0.00203
9/10/2022 12:45,1.66307982,0.00235
9/10/2022 13:00,1.557388199,0.00220
9/10/2022 13:15,1.566596363,0.00222
9/10/2022 13:30,1.254378374,0.00178
9/10/2022 13:45,1.549368866,0.00219
9/10/2022 14:00,1.213240042,0.00172
9/10/2022 14:15,1.433545245,0.00203
9/10/2022 14:30,1.411664734,0.00200
9/10/2022 14:45,1.411664734,0.00200
9/10/2022 15:00,1.493169534,0.00211
9/10/2022 15:15,1.611704602,0.00228
9/10/2022 15:30,1.514739301,0.00214
9/10/2022 15:45,1.474394662,0.00209
9/10/2022 16:00,1.514739301,0.00214
9/10/2022 16:15,1.305858249,0.00185
9/10/2022 16:30,1.409704613,0.00200
9/10/2022 16:45,1.452755544,0.00206
9/10/2022 17:00,1.269956624,0.00180
9/10/2022 17:15,1.350338713,0.00191
9/10/2022 17:30,1.451409951,0.00205
9/10/2022 17:45,1.305858249,0.00185
9/10/2022 18:00,1.404191995,0.00199
9/10/2022 18:15,1.358116838,0.00192
9/10/2022 18:30,1.430405065,0.00202
9/10/2022 18:45,1.328123182,0.00188
9/10/2022 19:00,1.358116838,0.00192
9/10/2022 19:15,1.508781815,0.00214
9/10/2022 19:30,1.459942799,0.00207
9/10/2022 19:45,1.362610021,0.00193
9/10/2022 20:00,1.267001597,0.00179
9/10/2022 20:15,1.608469037,0.00228
9/10/2022 20:30,1.337144576,0.00189
9/10/2022 20:45,1.220278791,0.00173
9/10/2022 21:00,1.483497319,0.00210
9/10/2022 21:15,1.185291688,0.00168
9/10/2022 21:30,1.248009219,0.00177
9/10/2022 21:45,1.211640055,0.00172
9/10/2022 22:00,1.339968929,0.00190
9/10/2022 22:15,1.493495005,0.00211
9/10/2022 22:30,1.396613272,0.00198
9/10/2022 22:45,1.359131469,0.00192
9/10/2022 23:00,1.279196174,0.00181
9/10/2022 23:15,1.248532807,0.00177
9/10/2022 23:30,1.271839612,0.00180
9/10/2022 23:45,1.242117959,0.00176
9/11/2022 0:00,1.284214581,0.00182
9/11/2022 0:15,1.41069811,0.00200
9/11/2022 0:30,1.22731729,0.00174
9/11/2022 0:45,1.393880171,0.00197
9/11/2022 1:00,1.161111355,0.00164
9/11/2022 1:15,1.327854015,0.00188
9/11/2022 1:30,1.393880171,0.00197
9/11/2022 1:45,1.351064535,0.00191
9/11/2022 2:00,1.253385668,0.00177
9/11/2022 2:15,1.427603991,0.00202
9/11/2022 2:30,1.355602015,0.00192
9/11/2022 2:45,1.419220026,0.00201
9/11/2022 3:00,1.526105519,0.00216
9/11/2022 3:15,1.440188537,0.00204
9/11/2022 3:30,1.454484722,0.00206
9/11/2022 3:45,1.483676939,0.00210
9/11/2022 4:00,1.533772845,0.00217
9/11/2022 4:15,1.380404258,0.00195
9/11/2022 4:30,1.741328727,0.00247
9/11/2022 4:45,1.241361849,0.00176
9/11/2022 5:00,1.319781833,0.00187
9/11/2022 5:15,1.380404258,0.00195
9/11/2022 5:30,1.741328727,0.00247
9/11/2022 5:45,1.524726483,0.00216
9/11/2022 6:00,1.741328727,0.00247
9/11/2022 6:15,1.411034989,0.00200
9/11/2022 6:30,1.364445592,0.00193
9/11/2022 6:45,1.283635311,0.00182
9/11/2022 7:00,1.418619558,0.00201
9/11/2022 7:15,1.283635311,0.00182
9/11/2022 7:30,1.273727911,0.00180
9/11/2022 7:45,1.513242671,0.00214
9/11/2022 8:00,1.522013811,0.00215
9/11/2022 8:15,1.487408736,0.00211
9/11/2022 8:30,1.305463935,0.00185
9/11/2022 8:45,1.50174083,0.00213
9/11/2022 9:00,1.350338713,0.00191
9/11/2022 9:15,1.459942799,0.00207
9/11/2022 9:30,1.631910284,0.00231
9/11/2022 9:45,1.229846483,0.00174
9/11/2022 10:00,1.472151059,0.00208
9/11/2022 10:15,1.436052535,0.00203
9/11/2022 10:30,1.476471426,0.00209
9/11/2022 10:45,1.362956519,0.00193
9/11/2022 11:00,1.467831845,0.00208
9/11/2022 11:15,1.630955619,0.00231
9/11/2022 11:30,1.630955619,0.00231
9/11/2022 11:45,1.50174083,0.00213
9/11/2022 12:00,1.320106343,0.00187
9/11/2022 12:15,1.325234904,0.00188
9/11/2022 12:30,1.416717222,0.00201
9/11/2022 12:45,1.416717222,0.00201
9/11/2022 13:00,1.233402357,0.00175
9/11/2022 13:15,1.503795383,0.00213
9/11/2022 13:30,1.256044152,0.00178
9/11/2022 13:45,1.256044152,0.00178
9/11/2022 14:00,1.319781833,0.00187
9/11/2022 14:15,1.311690296,0.00186
9/11/2022 14:30,1.457351482,0.00206
9/11/2022 14:45,1.414584689,0.00200
9/11/2022 15:00,1.460777864,0.00207
9/11/2022 15:15,1.420080144,0.00201
9/11/2022 15:30,1.428469603,0.00202
9/11/2022 15:45,1.433698251,0.00203
9/11/2022 16:00,1.41227348,0.00200
9/11/2022 16:15,1.540814326,0.00218
9/11/2022 16:30,1.37794964,0.00195
9/11/2022 16:45,1.288132527,0.00182
9/11/2022 17:00,1.260312384,0.00178
9/11/2022 17:15,1.38592926,0.00196
9/11/2022 17:30,1.186049576,0.00168
9/11/2022 17:45,1.276737514,0.00181
9/11/2022 18:00,1.315500732,0.00186
9/11/2022 18:15,1.380442137,0.00195
9/11/2022 18:30,1.339968929,0.00190
9/11/2022 18:45,1.351775781,0.00191
9/11/2022 19:00,1.422838799,0.00201
9/11/2022 19:15,1.682868531,0.00238
9/11/2022 19:30,1.381174191,0.00196
9/11/2022 19:45,1.73024798,0.00245
9/11/2022 20:00,1.819292554,0.00258
9/11/2022 20:15,1.883644721,0.00267
9/11/2022 20:30,1.77979873,0.00252
9/11/2022 20:45,1.801837146,0.00255
9/11/2022 21:00,1.556466438,0.00220
9/11/2022 21:15,1.812427748,0.00257
9/11/2022 21:30,1.750498152,0.00248
9/11/2022 21:45,1.73895477,0.00246
9/11/2022 22:00,1.680582054,0.00238
9/11/2022 22:15,1.794896834,0.00254
9/11/2022 22:30,1.801837146,0.00255
9/11/2022 22:45,1.791492462,0.00254
9/11/2022 23:00,1.982709109,0.00281
9/11/2022 23:15,2.083810165,0.00295
9/11/2022 23:30,1.767343661,0.00250
9/11/2022 23:45,1.75681593,0.00249
9/12/2022 0:00,1.978733762,0.00280
9/12/2022 0:15,1.556571947,0.00220
9/12/2022 0:30,1.758031513,0.00249
9/12/2022 0:45,1.396970216,0.00198
9/12/2022 1:00,1.59940492,0.00226
9/12/2022 1:15,1.629228039,0.00231
9/12/2022 1:30,1.514725187,0.00214
9/12/2022 1:45,1.409298908,0.00200
9/12/2022 2:00,1.591430882,0.00225
9/12/2022 2:15,1.492187487,0.00211
9/12/2022 2:30,1.405228921,0.00199
9/12/2022 2:45,1.483497319,0.00210
9/12/2022 3:00,1.679727445,0.00238
9/12/2022 3:15,1.443257046,0.00204
9/12/2022 3:30,1.541662101,0.00218
9/12/2022 3:45,1.257614057,0.00178
9/12/2022 4:00,1.466268736,0.00208
9/12/2022 4:15,1.523348533,0.00216
9/12/2022 4:30,1.532578697,0.00217
9/12/2022 4:45,1.409139285,0.00199
9/12/2022 5:00,1.434887176,0.00203
9/12/2022 5:15,1.305554904,0.00185
9/12/2022 5:30,1.523348533,0.00216
9/12/2022 5:45,1.409139285,0.00199
9/12/2022 6:00,1.426847071,0.00202
9/12/2022 6:15,1.456263513,0.00206
9/12/2022 6:30,1.514331461,0.00214
9/12/2022 6:45,1.320826138,0.00187
9/12/2022 7:00,1.514331461,0.00214
9/12/2022 7:15,1.328593964,0.00188
9/12/2022 7:30,1.306556697,0.00185
9/12/2022 7:45,1.451828715,0.00206
9/12/2022 8:00,1.55605453,0.00220
9/12/2022 8:15,1.295603569,0.00183
9/12/2022 8:30,1.505515792,0.00213
9/12/2022 8:45,1.206935529,0.00171
9/12/2022 9:00,1.114340948,0.00158
9/12/2022 9:15,1.247972446,0.00177
9/12/2022 9:30,1.271262244,0.00180
9/12/2022 9:45,1.240807901,0.00176
9/12/2022 10:00,1.417490192,0.00201
9/12/2022 10:15,1.247972446,0.00177
9/12/2022 10:30,1.158667406,0.00164
9/12/2022 10:45,1.347760047,0.00191
9/12/2022 11:00,1.160716113,0.00164
9/12/2022 11:15,1.327416667,0.00188
9/12/2022 11:30,1.185720901,0.00168
9/12/2022 11:45,1.19803399,0.00170
9/12/2022 12:00,1.301211426,0.00184
9/12/2022 12:15,1.517811498,0.00215
9/12/2022 12:30,1.143236295,0.00162
9/12/2022 12:45,1.346988188,0.00191
9/12/2022 13:00,1.414207806,0.00200
9/12/2022 13:15,1.250305282,0.00177
9/12/2022 13:30,1.238634755,0.00175
9/12/2022 13:45,1.141048298,0.00162
9/12/2022 14:00,1.145912533,0.00162
9/12/2022 14:15,1.27712326,0.00181
9/12/2022 14:30,1.204971959,0.00171
9/12/2022 14:45,1.189924938,0.00168
9/12/2022 15:00,1.233960625,0.00175
9/12/2022 15:15,1.274280504,0.00180
9/12/2022 15:30,1.016502098,0.00144
9/12/2022 15:45,1.184838358,0.00168
9/12/2022 16:00,1.125113916,0.00159
9/12/2022 16:15,1.008255611,0.00143
9/12/2022 16:30,1.122965362,0.00159
9/12/2022 16:45,1.144859536,0.00162
9/12/2022 17:00,1.241106317,0.00176
9/12/2022 17:15,1.078921432,0.00153
9/12/2022 17:30,1.249487879,0.00177
9/12/2022 17:45,1.113637413,0.00158
9/12/2022 18:00,1.113099357,0.00158
9/12/2022 18:15,1.035258988,0.00147
9/12/2022 18:30,1.163015317,0.00165
9/12/2022 18:45,1.083767596,0.00153
9/12/2022 19:00,1.270017138,0.00180
9/12/2022 19:15,1.014895,0.00144
9/12/2022 19:30,1.080990103,0.00153
9/12/2022 19:45,1.18442763,0.00168
9/12/2022 20:00,1.177642047,0.00167
9/12/2022 20:15,1.171010818,0.00166
9/12/2022 20:30,1.146015684,0.00162
9/12/2022 20:45,1.077709738,0.00153
9/12/2022 21:00,1.029468693,0.00146
9/12/2022 21:15,1.164706578,0.00165
9/12/2022 21:30,1.171407637,0.00166
9/12/2022 21:45,1.083767596,0.00153
9/12/2022 22:00,1.060015303,0.00150
9/12/2022 22:15,1.160311133,0.00164
9/12/2022 22:30,1.290041297,0.00183
9/12/2022 22:45,1.290041297,0.00183
9/12/2022 23:00,1.201179326,0.00170
9/12/2022 23:15,1.113099357,0.00158
9/12/2022 23:30,1.164706578,0.00165
9/12/2022 23:45,1.143613168,0.00162
9/13/2022 0:00,1.108183884,0.00157
9/13/2022 0:15,1.29987815,0.00184
9/13/2022 0:30,1.207246072,0.00171
9/13/2022 0:45,1.083093108,0.00153
9/13/2022 1:00,1.027888191,0.00146
9/13/2022 1:15,1.177422353,0.00167
9/13/2022 1:30,1.292461306,0.00183
9/13/2022 1:45,1.276152715,0.00181
9/13/2022 2:00,1.145797804,0.00162
9/13/2022 2:15,1.074871064,0.00152
9/13/2022 2:30,1.079701802,0.00153
9/13/2022 2:45,1.249984472,0.00177
9/13/2022 3:00,1.068925313,0.00151
9/13/2022 3:15,1.022074019,0.00145
9/13/2022 3:30,1.143613168,0.00162
9/13/2022 3:45,1.261997159,0.00179
9/13/2022 4:00,1.04151337,0.00147
9/13/2022 4:15,1.171010818,0.00166
9/13/2022 4:30,1.139474231,0.00161
9/13/2022 4:45,1.133087799,0.00160
9/13/2022 5:00,1.332708552,0.00189
9/13/2022 5:15,1.227050841,0.00174
9/13/2022 5:30,1.122544387,0.00159
9/13/2022 5:45,1.102096102,0.00156
9/13/2022 6:00,1.139474231,0.00161
9/13/2022 6:15,1.197537717,0.00170
9/13/2022 6:30,1.046691154,0.00148
9/13/2022 6:45,1.040823277,0.00147
9/13/2022 7:00,1.193213858,0.00169
9/13/2022 7:15,1.146015684,0.00162
9/13/2022 7:30,0.967353681,0.00137
9/13/2022 7:45,1.046691154,0.00148
9/13/2022 8:00,1.028081886,0.00146
9/13/2022 8:15,1.046691154,0.00148
9/13/2022 8:30,1.02226648,0.00145
9/13/2022 8:45,0.963003305,0.00136
9/13/2022 9:00,1.216250792,0.00172
9/13/2022 9:15,0.971433074,0.00138
9/13/2022 9:30,1.234127233,0.00175
9/13/2022 9:45,1.074905443,0.00152
9/13/2022 10:00,1.089966,0.00154
9/13/2022 10:15,1.028081886,0.00146
9/13/2022 10:30,1.152709663,0.00163
9/13/2022 10:45,1.18442763,0.00168
9/13/2022 11:00,1.11938096,0.00158
9/13/2022 11:15,1.176013947,0.00166
9/13/2022 11:30,1.152709663,0.00163
9/13/2022 11:45,1.166949423,0.00165
9/13/2022 12:00,1.085166328,0.00154
9/13/2022 12:15,1.080990103,0.00153
9/13/2022 12:30,0.999288227,0.00141
9/13/2022 12:45,1.037732572,0.00147
9/13/2022 13:00,1.068206156,0.00151
9/13/2022 13:15,0.876731181,0.00124
9/13/2022 13:30,1.059405362,0.00150
9/13/2022 13:45,1.087236681,0.00154
9/13/2022 14:00,1.092373508,0.00155
9/13/2022 14:15,1.186492032,0.00168
9/13/2022 14:30,1.208132155,0.00171
9/13/2022 14:45,1.027636988,0.00145
9/13/2022 15:00,1.147040307,0.00162
9/13/2022 15:15,0.977065732,0.00138
9/13/2022 15:30,1.146768749,0.00162
9/13/2022 15:45,1.137037796,0.00161
9/13/2022 16:00,1.055371337,0.00149
9/13/2022 16:15,1.117491079,0.00158
9/13/2022 16:30,1.034158742,0.00146
9/13/2022 16:45,0.950495251,0.00135
9/13/2022 17:00,1.177434188,0.00167
9/13/2022 17:15,1.055371337,0.00149
9/13/2022 17:30,1.040357596,0.00147
9/13/2022 17:45,1.045488756,0.00148
9/13/2022 18:00,1.387815721,0.00196
9/13/2022 18:15,1.786884054,0.00253
9/13/2022 18:30,1.712191184,0.00242
9/13/2022 18:45,1.551238629,0.00220
9/13/2022 19:00,1.255252752,0.00178
9/13/2022 19:15,1.471256823,0.00208
9/13/2022 19:30,1.290517843,0.00183
9/13/2022 19:45,1.503076931,0.00213
9/13/2022 20:00,1.32780945,0.00188
9/13/2022 20:15,1.322680332,0.00187
9/13/2022 20:30,1.393257063,0.00197
9/13/2022 20:45,1.291813965,0.00183
9/13/2022 21:00,1.475672747,0.00209
9/13/2022 21:15,1.585855456,0.00225
9/13/2022 21:30,1.449485637,0.00205
9/13/2022 21:45,1.440924486,0.00204
9/13/2022 22:00,1.458390135,0.00206
9/13/2022 22:15,1.585033892,0.00224
9/13/2022 22:30,1.652935647,0.00234
9/13/2022 22:45,1.404619584,0.00199
9/13/2022 23:00,1.550502018,0.00220
9/13/2022 23:15,1.608808153,0.00228
9/13/2022 23:30,1.742485231,0.00247
9/13/2022 23:45,1.752973591,0.00248
9/14/2022 0:00,1.784107485,0.00253
9/14/2022 0:15,1.784107485,0.00253
9/14/2022 0:30,1.652935647,0.00234
9/14/2022 0:45,1.462224625,0.00207
9/14/2022 1:00,1.470589674,0.00208
9/14/2022 1:15,1.426882911,0.00202
9/14/2022 1:30,1.570640461,0.00222
9/14/2022 1:45,1.219451871,0.00173
9/14/2022 2:00,1.212320447,0.00172
9/14/2022 2:15,1.462031834,0.00207
9/14/2022 2:30,1.281018802,0.00181
9/14/2022 2:45,1.101369508,0.00156
9/14/2022 3:00,1.305525347,0.00185
9/14/2022 3:15,1.462031834,0.00207
9/14/2022 3:30,1.362610021,0.00193
9/14/2022 3:45,1.138072706,0.00161
9/14/2022 4:00,1.284968122,0.00182
9/14/2022 4:15,1.24796805,0.00177
9/14/2022 4:30,1.192253845,0.00169
9/14/2022 4:45,1.056257733,0.00150
9/14/2022 5:00,1.290517843,0.00183
9/14/2022 5:15,1.228622755,0.00174
9/14/2022 5:30,1.262576749,0.00179
9/14/2022 5:45,1.221506952,0.00173
9/14/2022 6:00,1.214558277,0.00172
9/14/2022 6:15,1.318223869,0.00187
9/14/2022 6:30,1.192253845,0.00169
9/14/2022 6:45,1.193425208,0.00169
9/14/2022 7:00,1.218443852,0.00172
9/14/2022 7:15,1.107798276,0.00157
9/14/2022 7:30,1.101369508,0.00156
9/14/2022 7:45,1.01997604,0.00144
9/14/2022 8:00,1.128978512,0.00160
9/14/2022 8:15,1.029842198,0.00146
9/14/2022 8:30,0.996332859,0.00141
9/14/2022 8:45,1.057981149,0.00150
9/14/2022 9:00,1.088970708,0.00154
9/14/2022 9:15,0.97113301,0.00137
9/14/2022 9:30,1.057981149,0.00150
9/14/2022 9:45,0.998989922,0.00141
9/14/2022 10:00,1.023985894,0.00145
9/14/2022 10:15,1.087322934,0.00154
9/14/2022 10:30,1.141445521,0.00162
9/14/2022 10:45,1.048663178,0.00148
9/14/2022 11:00,1.110341632,0.00157
9/14/2022 11:15,1.141445521,0.00162
9/14/2022 11:30,1.029876081,0.00146
9/14/2022 11:45,1.148033916,0.00163
9/14/2022 12:00,1.16916787,0.00166
9/14/2022 12:15,1.103272801,0.00156
9/14/2022 12:30,1.13793448,0.00161
9/14/2022 12:45,1.029842198,0.00146
9/14/2022 13:00,1.203285863,0.00170
9/14/2022 13:15,1.125771956,0.00159
9/14/2022 13:30,1.095451259,0.00155
9/14/2022 13:45,1.146230874,0.00162
9/14/2022 14:00,1.124101882,0.00159
9/14/2022 14:15,0.981097454,0.00139
9/14/2022 14:30,0.995756242,0.00141
9/14/2022 14:45,1.139601602,0.00161
9/14/2022 15:00,1.207803373,0.00171
9/14/2022 15:15,1.302414042,0.00184
9/14/2022 15:30,1.103272801,0.00156
9/14/2022 15:45,1.290322297,0.00183
9/14/2022 16:00,1.159264423,0.00164
9/14/2022 16:15,1.166000909,0.00165
9/14/2022 16:30,1.298084057,0.00184
9/14/2022 16:45,1.298084057,0.00184
9/14/2022 17:00,1.075434021,0.00152
9/14/2022 17:15,1.19863264,0.00170
9/14/2022 17:30,1.238678194,0.00175
9/14/2022 17:45,1.444046169,0.00204
9/14/2022 18:00,1.298084057,0.00184
9/14/2022 18:15,1.299777944,0.00184
9/14/2022 18:30,1.387815721,0.00196
9/14/2022 18:45,1.327065288,0.00188
9/14/2022 19:00,1.19863264,0.00170
9/14/2022 19:15,1.395988592,0.00198
9/14/2022 19:30,1.203285863,0.00170
9/14/2022 19:45,1.303238961,0.00184
9/14/2022 20:00,1.200198703,0.00170
9/14/2022 20:15,1.412001952,0.00200
9/14/2022 20:30,1.229186788,0.00174
9/14/2022 20:45,1.373611605,0.00194
9/14/2022 21:00,1.365612625,0.00193
9/14/2022 21:15,1.233966705,0.00175
9/14/2022 21:30,1.107524886,0.00157
9/14/2022 21:45,1.135412156,0.00161
9/14/2022 22:00,1.200239346,0.00170
9/14/2022 22:15,1.311564057,0.00186
9/14/2022 22:30,1.476521409,0.00209
9/14/2022 22:45,1.27639754,0.00181
9/14/2022 23:00,1.114846469,0.00158
9/14/2022 23:15,1.178704141,0.00167
9/14/2022 23:30,1.311564057,0.00186
9/14/2022 23:45,1.291813965,0.00183
9/15/2022 0:00,1.595402977,0.00226
9/15/2022 0:15,1.152709663,0.00163
9/15/2022 0:30,1.178704141,0.00167
9/15/2022 0:45,1.31957287,0.00187
9/15/2022 1:00,1.178704141,0.00167
9/15/2022 1:15,1.284215248,0.00182
9/15/2022 1:30,1.233966705,0.00175
9/15/2022 1:45,1.178704141,0.00167
9/15/2022 2:00,1.207939487,0.00171
9/15/2022 2:15,1.193213858,0.00169
9/15/2022 2:30,1.303748094,0.00185
9/15/2022 2:45,1.24879401,0.00177
9/15/2022 3:00,1.303748094,0.00185
9/15/2022 3:15,1.335741797,0.00189
9/15/2022 3:30,1.168041831,0.00165
9/15/2022 3:45,1.178704141,0.00167
9/15/2022 4:00,1.24879401,0.00177
9/15/2022 4:15,1.171742059,0.00166
9/15/2022 4:30,1.178704141,0.00167
9/15/2022 4:45,1.178704141,0.00167
9/15/2022 5:00,1.101187846,0.00156
9/15/2022 5:15,1.303748094,0.00185
9/15/2022 5:30,1.140779124,0.00161
9/15/2022 5:45,1.261458993,0.00179
9/15/2022 6:00,1.200789284,0.00170
9/15/2022 6:15,1.000370827,0.00142
9/15/2022 6:30,1.146015684,0.00162
9/15/2022 6:45,1.114846469,0.00158
9/15/2022 7:00,1.129467704,0.00160
9/15/2022 7:15,1.340749715,0.00190
9/15/2022 7:30,1.150253357,0.00163
9/15/2022 7:45,1.33540693,0.00189
9/15/2022 8:00,1.142517761,0.00162
9/15/2022 8:15,1.00149448,0.00142
9/15/2022 8:30,1.174493293,0.00166
9/15/2022 8:45,1.095633855,0.00155
9/15/2022 9:00,1.022457011,0.00145
9/15/2022 9:15,1.013306365,0.00143
9/15/2022 9:30,1.040698376,0.00147
9/15/2022 9:45,1.10326835,0.00156
9/15/2022 10:00,0.93471568,0.00132
9/15/2022 10:15,1.022457011,0.00145
9/15/2022 10:30,1.016502098,0.00144
9/15/2022 10:45,0.926708449,0.00131
9/15/2022 11:00,0.940070332,0.00133
9/15/2022 11:15,1.040698376,0.00147
9/15/2022 11:30,1.043713281,0.00148
9/15/2022 11:45,1.127151879,0.00160
9/15/2022 12:00,0.937504522,0.00133
9/15/2022 12:15,1.089287334,0.00154
9/15/2022 12:30,1.125113916,0.00159
9/15/2022 12:45,1.118682456,0.00158
9/15/2022 13:00,1.018092752,0.00144
9/15/2022 13:15,1.091436413,0.00155
9/15/2022 13:30,1.120050406,0.00159
9/15/2022 13:45,0.883333956,0.00125
9/15/2022 14:00,1.096316803,0.00155
9/15/2022 14:15,1.014741204,0.00144
9/15/2022 14:30,0.94286264,0.00133
9/15/2022 14:45,1.032188235,0.00146
9/15/2022 15:00,1.128871712,0.00160
9/15/2022 15:15,0.985409141,0.00140
9/15/2022 15:30,1.010908712,0.00143
9/15/2022 15:45,1.042558778,0.00148
9/15/2022 16:00,1.014887182,0.00144
9/15/2022 16:15,0.839244461,0.00119
9/15/2022 16:30,1.042558778,0.00148
9/15/2022 16:45,0.942262354,0.00133
9/15/2022 17:00,0.885192247,0.00125
9/15/2022 17:15,1.046595258,0.00148
9/15/2022 17:30,1.046595258,0.00148
9/15/2022 17:45,0.967096088,0.00137
9/15/2022 18:00,0.984691608,0.00139
9/15/2022 18:15,1.010908712,0.00143
9/15/2022 18:30,0.980938208,0.00139
9/15/2022 18:45,0.989337162,0.00140
9/15/2022 19:00,1.042558778,0.00148
9/15/2022 19:15,0.947906326,0.00134
9/15/2022 19:30,0.938590787,0.00133
9/15/2022 19:45,0.918682521,0.00130
9/15/2022 20:00,0.974505001,0.00138
9/15/2022 20:15,1.093606461,0.00155
9/15/2022 20:30,1.152050125,0.00163
9/15/2022 20:45,0.913815987,0.00129
9/15/2022 21:00,0.968105331,0.00137
9/15/2022 21:15,1.018092752,0.00144
9/15/2022 21:30,0.962434261,0.00136
9/15/2022 21:45,1.029717666,0.00146
9/15/2022 22:00,1.037897462,0.00147
9/15/2022 22:15,0.970979216,0.00137
9/15/2022 22:30,0.991780648,0.00140
9/15/2022 22:45,1.063004561,0.00150
9/15/2022 23:00,0.991780648,0.00140
9/15/2022 23:15,1.226214103,0.00174
9/15/2022 23:30,1.012147889,0.00143
9/15/2022 23:45,1.157057105,0.00164
9/16/2022 0:00,1.016163848,0.00144
9/16/2022 0:15,0.897690537,0.00127
9/16/2022 0:30,1.003107242,0.00142
9/16/2022 0:45,1.000442988,0.00142
9/16/2022 1:00,1.003107242,0.00142
9/16/2022 1:15,1.083134338,0.00153
9/16/2022 1:30,1.089734505,0.00154
9/16/2022 1:45,0.968183138,0.00137
9/16/2022 2:00,1.102817712,0.00156
9/16/2022 2:15,0.988463159,0.00140
9/16/2022 2:30,1.02073449,0.00145
9/16/2022 2:45,0.994378449,0.00141
9/16/2022 3:00,0.913815987,0.00129
9/16/2022 3:15,0.9939362,0.00141
9/16/2022 3:30,1.046372831,0.00148
9/16/2022 3:45,0.979605234,0.00139
9/16/2022 4:00,0.937670796,0.00133
9/16/2022 4:15,1.052768365,0.00149
9/16/2022 4:30,0.943349304,0.00134
9/16/2022 4:45,0.891667698,0.00126
9/16/2022 5:00,0.972479839,0.00138
9/16/2022 5:15,0.943349304,0.00134
9/16/2022 5:30,0.989820276,0.00140
9/16/2022 5:45,0.966710438,0.00137
9/16/2022 6:00,1.040126911,0.00147
9/16/2022 6:15,1.074734152,0.00152
9/16/2022 6:30,1.173704174,0.00166
9/16/2022 6:45,1.056195897,0.00150
9/16/2022 7:00,1.000370827,0.00142
9/16/2022 7:15,0.965256251,0.00137
9/16/2022 7:30,1.05462279,0.00149
9/16/2022 7:45,1.07039817,0.00152
9/16/2022 8:00,1.150253357,0.00163
9/16/2022 8:15,1.037897462,0.00147
9/16/2022 8:30,1.066145506,0.00151
9/16/2022 8:45,0.965629331,0.00137
9/16/2022 9:00,1.129496482,0.00160
9/16/2022 9:15,0.882913536,0.00125
9/16/2022 9:30,0.859778658,0.00122
9/16/2022 9:45,0.888119312,0.00126
9/16/2022 10:00,1.066339405,0.00151
9/16/2022 10:15,0.916862535,0.00130
9/16/2022 10:30,1.09995868,0.00156
9/16/2022 10:45,0.961507371,0.00136
9/16/2022 11:00,0.901968654,0.00128
9/16/2022 11:15,0.946023161,0.00134
9/16/2022 11:30,0.95682721,0.00135
9/16/2022 11:45,1.069235753,0.00151
9/16/2022 12:00,0.999283437,0.00141
9/16/2022 12:15,1.020452429,0.00144
9/16/2022 12:30,0.919266564,0.00130
9/16/2022 12:45,1.043873351,0.00148
9/16/2022 13:00,0.839297068,0.00119
9/16/2022 13:15,0.964850734,0.00137
9/16/2022 13:30,0.885626329,0.00125
9/16/2022 13:45,0.990461065,0.00140
9/16/2022 14:00,0.874660938,0.00124
9/16/2022 14:15,0.83926908,0.00119
9/16/2022 14:30,1.128833386,0.00160
9/16/2022 14:45,0.939230966,0.00133
9/16/2022 15:00,0.983117748,0.00139
9/16/2022 15:15,0.949789954,0.00134
9/16/2022 15:30,0.941064264,0.00133
9/16/2022 15:45,1.045891194,0.00148
9/16/2022 16:00,0.728732115,0.00103
9/16/2022 16:15,0.777699883,0.00110
9/16/2022 16:30,0.845784896,0.00120
9/16/2022 16:45,0.896468207,0.00127
9/16/2022 17:00,0.863654186,0.00122
9/16/2022 17:15,0.819661317,0.00116
9/16/2022 17:30,0.75315595,0.00107
9/16/2022 17:45,0.835995003,0.00118
9/16/2022 18:00,0.83926908,0.00119
9/16/2022 18:15,0.804022469,0.00114
9/16/2022 18:30,0.863682549,0.00122
9/16/2022 18:45,0.879746683,0.00125
9/16/2022 19:00,0.843497906,0.00119
9/16/2022 19:15,0.863682549,0.00122
9/16/2022 19:30,0.931904508,0.00132
9/16/2022 19:45,0.992513657,0.00141
9/16/2022 20:00,0.766025594,0.00108
9/16/2022 20:15,0.752567792,0.00107
9/16/2022 20:30,0.840242307,0.00119
9/16/2022 20:45,0.831165986,0.00118
9/16/2022 21:00,0.770388559,0.00109
9/16/2022 21:15,0.883049133,0.00125
9/16/2022 21:30,0.773473848,0.00109
9/16/2022 21:45,0.73328244,0.00104
9/16/2022 22:00,0.796604061,0.00113
9/16/2022 22:15,0.863423704,0.00122
9/16/2022 22:30,0.849979505,0.00120
9/16/2022 22:45,0.826452953,0.00117
9/16/2022 23:00,0.882583919,0.00125
9/16/2022 23:15,0.920448615,0.00130
9/16/2022 23:30,0.974740676,0.00138
9/16/2022 23:45,0.840242307,0.00119
9/17/2022 0:00,0.955058026,0.00135
