A,B,MAE,ks,xs,kw
2.9285714285714288e-05,1.0,0.006193020329006685,43.42857142857143,0.7857142857142857,5.7142857142857135
2.9285714285714288e-05,1.0,0.0062325981736559176,57.57142857142857,0.7857142857142857,6.285714285714286
5.05e-05,2.357142857142857,0.006260431454386534,57.57142857142857,0.7857142857142857,4.571428571428571
5.05e-05,2.357142857142857,0.006261277034354057,50.5,0.7857142857142857,4.571428571428571
2.9285714285714288e-05,1.0,0.006263097675943213,64.64285714285714,0.7857142857142857,6.285714285714286
2.9285714285714288e-05,1.0,0.006265144366477654,100.0,0.7857142857142857,6.857142857142857
5.05e-05,2.357142857142857,0.006275732359858713,92.92857142857143,0.7857142857142857,5.142857142857142
2.9285714285714288e-05,1.0,0.006276265955393406,50.5,0.7857142857142857,6.285714285714286
2.9285714285714288e-05,1.0,0.006277661211987526,50.5,0.7857142857142857,5.7142857142857135
2.9285714285714288e-05,1.0,0.006279394024139659,92.92857142857143,0.7857142857142857,6.857142857142857
5.05e-05,2.357142857142857,0.006280628287559953,64.64285714285714,0.7857142857142857,4.571428571428571
4.342857142857143e-05,2.357142857142857,0.006284435949396675,71.71428571428571,0.7857142857142857,4.571428571428571
4.342857142857143e-05,2.357142857142857,0.006285720612334134,64.64285714285714,0.7857142857142857,4.571428571428571
5.05e-05,2.357142857142857,0.006287920939413863,100.0,0.7857142857142857,5.142857142857142
5.05e-05,2.357142857142857,0.006293654500671661,85.85714285714286,0.7857142857142857,5.142857142857142
2.9285714285714288e-05,1.0,0.006297035577418247,85.85714285714286,0.7857142857142857,6.857142857142857
5.05e-05,2.357142857142857,0.006303224426620221,71.71428571428571,0.7857142857142857,4.571428571428571
4.342857142857143e-05,2.357142857142857,0.006313712320391416,78.78571428571428,0.7857142857142857,4.571428571428571
5.05e-05,2.357142857142857,0.006315836888931847,78.78571428571428,0.7857142857142857,5.142857142857142
2.9285714285714288e-05,1.0,0.006316105690351456,71.71428571428571,0.7857142857142857,6.285714285714286
2.9285714285714288e-05,1.0,0.006318449652672897,78.78571428571428,0.7857142857142857,6.857142857142857
2.9285714285714288e-05,1.0,0.0063265173696368,36.357142857142854,0.7857142857142857,5.7142857142857135
5.05e-05,2.357142857142857,0.006334012938709485,78.78571428571428,0.7857142857142857,4.571428571428571
2.9285714285714288e-05,1.0,0.00633986552149717,43.42857142857143,0.7857142857142857,6.285714285714286
4.342857142857143e-05,2.357142857142857,0.006341830871083784,85.85714285714286,0.7857142857142857,4.571428571428571
4.342857142857143e-05,2.357142857142857,0.006344409883943367,57.57142857142857,0.7857142857142857,4.571428571428571
2.9285714285714288e-05,1.0,0.006344516140037226,71.71428571428571,0.7857142857142857,6.857142857142857
5.05e-05,2.357142857142857,0.0063497884705276345,71.71428571428571,0.7857142857142857,5.142857142857142
2.9285714285714288e-05,1.0,0.006350196827868085,57.57142857142857,0.7857142857142857,5.7142857142857135
3.6357142857142854e-05,1.0,0.00635853202938583,36.357142857142854,0.7857142857142857,5.7142857142857135
2.9285714285714288e-05,1.0,0.006361626669395351,78.78571428571428,0.7857142857142857,6.285714285714286
3.6357142857142854e-05,1.0,0.006363350091574699,43.42857142857143,0.7857142857142857,5.7142857142857135
5.05e-05,2.357142857142857,0.006366641234430056,85.85714285714286,0.7857142857142857,4.571428571428571
4.342857142857143e-05,2.357142857142857,0.00636828852750553,92.92857142857143,0.7857142857142857,4.571428571428571
3.6357142857142854e-05,1.0,0.006376575385040414,50.5,0.7857142857142857,6.285714285714286
2.9285714285714288e-05,1.0,0.006378688793487264,64.64285714285714,0.7857142857142857,6.857142857142857
5.05e-05,2.357142857142857,0.006382888882645682,43.42857142857143,0.7857142857142857,4.571428571428571
3.6357142857142854e-05,1.0,0.006384875751572166,29.285714285714285,0.7857142857142857,5.142857142857142
4.342857142857143e-05,2.357142857142857,0.006392922700850146,100.0,0.7857142857142857,4.571428571428571
5.05e-05,2.357142857142857,0.006396034448278182,92.92857142857143,0.7857142857142857,4.571428571428571
2.9285714285714288e-05,1.0,0.006400335155985762,85.85714285714286,0.7857142857142857,6.285714285714286
5.05e-05,2.357142857142857,0.006404487968677691,64.64285714285714,0.7857142857142857,5.142857142857142
2.9285714285714288e-05,1.0,0.006412501366538858,64.64285714285714,0.7857142857142857,5.7142857142857135
5.757142857142857e-05,2.357142857142857,0.00642081594400006,43.42857142857143,0.7857142857142857,4.571428571428571
5.05e-05,2.357142857142857,0.006422588114583627,100.0,0.7857142857142857,4.571428571428571
2.9285714285714288e-05,1.0,0.006423368898400744,57.57142857142857,0.7857142857142857,6.857142857142857
4.342857142857143e-05,2.357142857142857,0.006427817094595928,50.5,0.7857142857142857,4.571428571428571
2.9285714285714288e-05,1.0,0.0064328822770639395,29.285714285714285,0.7857142857142857,5.142857142857142
3.6357142857142854e-05,1.0,0.006432899745732279,43.42857142857143,0.7857142857142857,6.285714285714286
2.9285714285714288e-05,1.0,0.006434094985917261,92.92857142857143,0.7857142857142857,6.285714285714286
2.9285714285714288e-05,1.0,0.006438272912351731,36.357142857142854,0.7857142857142857,5.142857142857142
3.6357142857142854e-05,1.0,0.006441200668433833,50.5,0.7857142857142857,5.7142857142857135
3.6357142857142854e-05,1.0,0.006441984446433693,78.78571428571428,0.7857142857142857,6.857142857142857
3.6357142857142854e-05,1.0,0.006442406125929509,57.57142857142857,0.7857142857142857,6.285714285714286
3.6357142857142854e-05,1.0,0.006463067070274803,71.71428571428571,0.7857142857142857,6.857142857142857
3.6357142857142854e-05,2.357142857142857,0.0064631485751143105,92.92857142857143,0.7857142857142857,4.571428571428571
2.9285714285714288e-05,1.0,0.00646379541682143,100.0,0.7857142857142857,6.285714285714286
2.9285714285714288e-05,1.0,0.006466226164058416,71.71428571428571,0.7857142857142857,5.7142857142857135
4.342857142857143e-05,2.357142857142857,0.0064698067563708165,36.357142857142854,0.7857142857142857,4.0
4.342857142857143e-05,1.0,0.00647045460121021,100.0,0.8571428571428571,4.0
3.6357142857142854e-05,2.357142857142857,0.0064723819779025525,85.85714285714286,0.7857142857142857,4.571428571428571
5.05e-05,2.357142857142857,0.0064794928015820905,57.57142857142857,0.7857142857142857,5.142857142857142
3.6357142857142854e-05,1.0,0.006479684630298577,85.85714285714286,0.7857142857142857,6.857142857142857
5.05e-05,1.0,0.00647976265528471,100.0,0.8571428571428571,4.0
2.9285714285714288e-05,1.0,0.006481977934388569,50.5,0.7857142857142857,6.857142857142857
5.757142857142857e-05,2.357142857142857,0.006482059932987891,50.5,0.7857142857142857,4.571428571428571
4.342857142857143e-05,2.357142857142857,0.006482963642202999,43.42857142857143,0.7857142857142857,4.0
3.6357142857142854e-05,1.0,0.006488746737742532,29.285714285714285,0.7857142857142857,5.7142857142857135
3.6357142857142854e-05,2.357142857142857,0.006488789757155186,100.0,0.7857142857142857,4.571428571428571
5.05e-05,1.0,0.006488935757126638,92.92857142857143,0.8571428571428571,4.0
3.6357142857142854e-05,1.0,0.006489138619215515,64.64285714285714,0.7857142857142857,6.857142857142857
2.9285714285714288e-05,1.0,0.006491542998303681,43.42857142857143,0.7857142857142857,5.142857142857142
5.757142857142857e-05,2.357142857142857,0.006492055233220615,36.357142857142854,0.7857142857142857,4.571428571428571
3.6357142857142854e-05,1.0,0.006495292666710406,36.357142857142854,0.7857142857142857,5.142857142857142
2.9285714285714288e-05,1.0,0.006497729557499857,36.357142857142854,0.7857142857142857,6.285714285714286
3.6357142857142854e-05,2.357142857142857,0.00649868730840156,78.78571428571428,0.7857142857142857,4.571428571428571
3.6357142857142854e-05,1.0,0.006505020885596402,64.64285714285714,0.7857142857142857,6.285714285714286
4.342857142857143e-05,1.0,0.006505850552681758,92.92857142857143,0.8571428571428571,4.0
4.342857142857143e-05,2.357142857142857,0.006508227188793575,50.5,0.7857142857142857,4.0
3.6357142857142854e-05,1.0,0.0065124295577379,57.57142857142857,0.7857142857142857,5.7142857142857135
2.9285714285714288e-05,1.0,0.006512698955928087,78.78571428571428,0.7857142857142857,5.7142857142857135
3.6357142857142854e-05,1.0,0.006517255022268275,92.92857142857143,0.7857142857142857,6.857142857142857
5.757142857142857e-05,2.357142857142857,0.006518082032700406,57.57142857142857,0.7857142857142857,5.142857142857142
2.2214285714285717e-05,1.0,0.006519429926256606,92.92857142857143,0.7857142857142857,6.857142857142857
2.2214285714285717e-05,1.0,0.006521111493462084,85.85714285714286,0.7857142857142857,6.857142857142857
4.342857142857143e-05,2.357142857142857,0.006522355555479478,100.0,0.7857142857142857,5.142857142857142
3.6357142857142854e-05,1.0,0.0065238613384456775,57.57142857142857,0.7857142857142857,6.857142857142857
3.6357142857142854e-05,1.0,0.006524168904091082,36.357142857142854,0.7857142857142857,6.285714285714286
5.05e-05,2.357142857142857,0.0065257598986774995,36.357142857142854,0.7857142857142857,4.0
5.05e-05,2.357142857142857,0.0065263953223953786,43.42857142857143,0.7857142857142857,4.0
5.05e-05,1.0,0.0065282649461972046,85.85714285714286,0.8571428571428571,4.0
3.6357142857142854e-05,2.357142857142857,0.006532466846695994,71.71428571428571,0.7857142857142857,4.571428571428571
5.757142857142857e-05,2.357142857142857,0.006536719638279995,57.57142857142857,0.7857142857142857,4.571428571428571
5.757142857142857e-05,2.357142857142857,0.006538668148648799,64.64285714285714,0.7857142857142857,5.142857142857142
4.342857142857143e-05,2.357142857142857,0.00653884587720184,57.57142857142857,0.7857142857142857,4.0
4.342857142857143e-05,2.357142857142857,0.006541272950209046,92.92857142857143,0.7857142857142857,5.142857142857142
5.05e-05,2.357142857142857,0.006542615608819288,50.5,0.7857142857142857,4.0
2.2214285714285717e-05,1.0,0.006546415472710182,57.57142857142857,0.7857142857142857,6.285714285714286
4.342857142857143e-05,1.0,0.006546879016118107,85.85714285714286,0.8571428571428571,4.0
2.2214285714285717e-05,1.0,0.00654776503623263,100.0,0.7857142857142857,6.857142857142857
4.342857142857143e-05,2.357142857142857,0.006547937153537078,43.42857142857143,0.7857142857142857,4.571428571428571
2.2214285714285717e-05,1.0,0.006549346837251097,78.78571428571428,0.7857142857142857,6.857142857142857
3.6357142857142854e-05,1.0,0.006549554369931538,100.0,0.7857142857142857,6.857142857142857
2.2214285714285717e-05,1.0,0.00655040119976282,64.64285714285714,0.7857142857142857,6.285714285714286
5.05e-05,2.357142857142857,0.006550887126416413,29.285714285714285,0.7857142857142857,4.0
2.9285714285714288e-05,1.0,0.006552486770399777,85.85714285714286,0.7857142857142857,5.7142857142857135
5.757142857142857e-05,1.0,0.006556077596642981,100.0,0.8571428571428571,4.0
3.6357142857142854e-05,1.0,0.006558313414154052,71.71428571428571,0.7857142857142857,6.285714285714286
5.05e-05,2.357142857142857,0.006561149417894966,36.357142857142854,0.7857142857142857,4.571428571428571
2.9285714285714288e-05,1.0,0.006564921727108555,43.42857142857143,0.7857142857142857,6.857142857142857
4.342857142857143e-05,2.357142857142857,0.006564975151724569,85.85714285714286,0.7857142857142857,5.142857142857142
5.05e-05,2.357142857142857,0.0065659126778909085,57.57142857142857,0.7857142857142857,4.0
5.757142857142857e-05,1.0,0.006567736847213487,92.92857142857143,0.8571428571428571,4.0
3.6357142857142854e-05,1.0,0.006568944117374104,100.0,0.8571428571428571,4.0
3.6357142857142854e-05,1.0,0.006570119004451228,22.214285714285715,0.7857142857142857,5.142857142857142
4.342857142857143e-05,2.357142857142857,0.00657091224738286,64.64285714285714,0.7857142857142857,4.0
5.757142857142857e-05,2.357142857142857,0.006571246136214603,50.5,0.7857142857142857,5.142857142857142
3.6357142857142854e-05,1.0,0.006572746868164159,50.5,0.7857142857142857,6.857142857142857
3.6357142857142854e-05,2.357142857142857,0.006572790468258557,43.42857142857143,0.7857142857142857,4.0
3.6357142857142854e-05,1.0,0.006574531661824992,64.64285714285714,0.7857142857142857,5.7142857142857135
3.6357142857142854e-05,2.357142857142857,0.006575791963268174,64.64285714285714,0.7857142857142857,4.571428571428571
2.9285714285714288e-05,1.0,0.006577956831264209,29.285714285714285,0.7857142857142857,5.7142857142857135
5.05e-05,1.0,0.006579472039969359,78.78571428571428,0.8571428571428571,4.0
5.05e-05,2.357142857142857,0.006580928513389201,50.5,0.7857142857142857,5.142857142857142
5.757142857142857e-05,1.0,0.0065823809087099255,85.85714285714286,0.8571428571428571,4.0
5.757142857142857e-05,2.357142857142857,0.0065827250006831595,71.71428571428571,0.7857142857142857,5.142857142857142
2.2214285714285717e-05,1.0,0.006584499260574114,71.71428571428571,0.7857142857142857,6.285714285714286
5.757142857142857e-05,2.357142857142857,0.006585375526691614,64.64285714285714,0.7857142857142857,4.571428571428571
2.9285714285714288e-05,1.0,0.00658563189736783,50.5,0.7857142857142857,5.142857142857142
2.2214285714285717e-05,1.0,0.006585919643383065,71.71428571428571,0.7857142857142857,6.857142857142857
2.9285714285714288e-05,1.0,0.0065873534300528004,92.92857142857143,0.7857142857142857,5.7142857142857135
5.05e-05,2.357142857142857,0.00659286613304827,64.64285714285714,0.7857142857142857,4.0
4.342857142857143e-05,2.357142857142857,0.006595143317073027,78.78571428571428,0.7857142857142857,5.142857142857142
4.342857142857143e-05,1.0,0.006595180770447384,78.78571428571428,0.8571428571428571,4.0
3.6357142857142854e-05,1.0,0.0065985993506317816,43.42857142857143,0.7857142857142857,5.142857142857142
4.342857142857143e-05,1.0,0.006600175654138824,36.357142857142854,0.7857142857142857,5.7142857142857135
3.6357142857142854e-05,1.0,0.00660121209886719,92.92857142857143,0.8571428571428571,4.0
5.757142857142857e-05,1.0,0.006602231940529965,78.78571428571428,0.8571428571428571,4.0
4.342857142857143e-05,2.357142857142857,0.006603068599905432,71.71428571428571,0.7857142857142857,4.0
3.6357142857142854e-05,1.0,0.006604688457842592,78.78571428571428,0.7857142857142857,6.285714285714286
3.6357142857142854e-05,2.357142857142857,0.006611337245289367,50.5,0.7857142857142857,4.0
2.2214285714285717e-05,1.0,0.0066168101547411096,78.78571428571428,0.7857142857142857,6.285714285714286
2.9285714285714288e-05,1.0,0.006618107044314062,100.0,0.7857142857142857,5.7142857142857135
2.2214285714285717e-05,1.0,0.006619097458318799,50.5,0.7857142857142857,6.285714285714286
5.05e-05,2.357142857142857,0.006621434708852505,71.71428571428571,0.7857142857142857,4.0
5.757142857142857e-05,2.357142857142857,0.006621636034127976,78.78571428571428,0.7857142857142857,5.142857142857142
5.757142857142857e-05,3.7142857142857144,0.006627696825255658,57.57142857142857,0.7857142857142857,3.4285714285714284
5.757142857142857e-05,2.357142857142857,0.006628469173183845,71.71428571428571,0.7857142857142857,4.571428571428571
3.6357142857142854e-05,1.0,0.006629565882903299,71.71428571428571,0.7857142857142857,5.7142857142857135
3.6357142857142854e-05,2.357142857142857,0.006633069092950222,57.57142857142857,0.7857142857142857,4.571428571428571
2.2214285714285717e-05,1.0,0.006633494618281638,64.64285714285714,0.7857142857142857,6.857142857142857
4.342857142857143e-05,2.357142857142857,0.006633915553650091,78.78571428571428,0.7857142857142857,4.0
4.342857142857143e-05,2.357142857142857,0.006634354543610874,71.71428571428571,0.7857142857142857,5.142857142857142
4.342857142857143e-05,2.357142857142857,0.0066380030533867125,29.285714285714285,0.7857142857142857,4.0
3.6357142857142854e-05,1.0,0.006638974506423523,85.85714285714286,0.8571428571428571,4.0
5.05e-05,1.0,0.006639752717405032,71.71428571428571,0.8571428571428571,4.0
3.6357142857142854e-05,1.0,0.0066448381327730895,85.85714285714286,0.7857142857142857,6.285714285714286
3.6357142857142854e-05,2.357142857142857,0.006644943130909836,36.357142857142854,0.7857142857142857,4.0
5.757142857142857e-05,2.357142857142857,0.006645393058759916,43.42857142857143,0.7857142857142857,5.142857142857142
3.6357142857142854e-05,1.0,0.0066464898714672285,43.42857142857143,0.7857142857142857,6.857142857142857
2.2214285714285717e-05,1.0,0.006646621336050601,85.85714285714286,0.7857142857142857,6.285714285714286
2.2214285714285717e-05,1.0,0.006649528859449807,43.42857142857143,0.7857142857142857,5.7142857142857135
4.342857142857143e-05,1.0,0.006649844218533346,22.214285714285715,0.7857142857142857,5.142857142857142
3.6357142857142854e-05,2.357142857142857,0.006649880028893227,57.57142857142857,0.7857142857142857,4.0
4.342857142857143e-05,1.0,0.006652118697945564,29.285714285714285,0.7857142857142857,5.7142857142857135
4.342857142857143e-05,1.0,0.006652860493760046,71.71428571428571,0.8571428571428571,4.0
5.757142857142857e-05,2.357142857142857,0.006656020778297725,85.85714285714286,0.7857142857142857,5.142857142857142
5.05e-05,2.357142857142857,0.006657327593838844,78.78571428571428,0.7857142857142857,4.0
3.6357142857142854e-05,1.0,0.006660081330948103,22.214285714285715,0.7857142857142857,4.571428571428571
4.342857142857143e-05,1.0,0.006661617628015912,43.42857142857143,0.7857142857142857,6.285714285714286
5.757142857142857e-05,3.7142857142857144,0.006661940735480459,64.64285714285714,0.7857142857142857,3.4285714285714284
4.342857142857143e-05,2.357142857142857,0.006662779853552739,85.85714285714286,0.7857142857142857,4.0
5.757142857142857e-05,3.7142857142857144,0.006665434920167282,50.5,0.7857142857142857,3.4285714285714284
2.9285714285714288e-05,1.0,0.006665686669282034,57.57142857142857,0.7857142857142857,5.142857142857142
5.757142857142857e-05,1.0,0.006665749944231439,71.71428571428571,0.8571428571428571,4.0
5.757142857142857e-05,2.357142857142857,0.006666709955432212,78.78571428571428,0.7857142857142857,4.571428571428571
4.342857142857143e-05,1.0,0.00666924854318422,29.285714285714285,0.7857142857142857,5.142857142857142
2.2214285714285717e-05,1.0,0.0066743446687655365,92.92857142857143,0.7857142857142857,6.285714285714286
3.6357142857142854e-05,1.0,0.00667474867069971,29.285714285714285,0.7857142857142857,6.285714285714286
5.757142857142857e-05,2.357142857142857,0.006676762401281322,36.357142857142854,0.7857142857142857,4.0
3.6357142857142854e-05,1.0,0.006677773282204216,78.78571428571428,0.7857142857142857,5.7142857142857135
5.05e-05,1.0,0.006678233786279053,100.0,0.8571428571428571,4.571428571428571
6.464285714285715e-05,1.0,0.006679609887155632,100.0,0.8571428571428571,4.0
3.6357142857142854e-05,1.0,0.006680632287648697,92.92857142857143,0.7857142857142857,6.285714285714286
3.6357142857142854e-05,1.0,0.006683661060729806,78.78571428571428,0.8571428571428571,4.0
4.342857142857143e-05,1.0,0.006684148976505791,100.0,0.8571428571428571,4.571428571428571
5.757142857142857e-05,2.357142857142857,0.006686171853801296,92.92857142857143,0.7857142857142857,5.142857142857142
3.6357142857142854e-05,2.357142857142857,0.006686457257005502,64.64285714285714,0.7857142857142857,4.0
4.342857142857143e-05,1.0,0.006686873473460889,43.42857142857143,0.7857142857142857,5.7142857142857135
4.342857142857143e-05,2.357142857142857,0.0066875802812312365,64.64285714285714,0.7857142857142857,5.142857142857142
2.9285714285714288e-05,1.0,0.006689094280599323,100.0,0.7857142857142857,7.428571428571428
4.342857142857143e-05,2.357142857142857,0.006689154961097898,92.92857142857143,0.7857142857142857,4.0
6.464285714285715e-05,2.357142857142857,0.006689808522591417,100.0,0.8571428571428571,3.4285714285714284
3.6357142857142854e-05,1.0,0.006690714308438914,50.5,0.7857142857142857,5.142857142857142
6.464285714285715e-05,1.0,0.00669099339176891,92.92857142857143,0.8571428571428571,4.0
2.2214285714285717e-05,1.0,0.006693417854551745,50.5,0.7857142857142857,5.7142857142857135
5.05e-05,2.357142857142857,0.006694549276059414,85.85714285714286,0.7857142857142857,4.0
5.757142857142857e-05,3.7142857142857144,0.006694602764271337,71.71428571428571,0.7857142857142857,3.4285714285714284
2.2214285714285717e-05,1.0,0.0066965346050712445,57.57142857142857,0.7857142857142857,6.857142857142857
5.757142857142857e-05,2.357142857142857,0.006697157247240862,100.0,0.8571428571428571,3.4285714285714284
4.342857142857143e-05,1.0,0.006697503251280876,36.357142857142854,0.7857142857142857,6.285714285714286
2.2214285714285717e-05,1.0,0.00669987731022412,100.0,0.7857142857142857,6.285714285714286
5.757142857142857e-05,2.357142857142857,0.006700243135226452,85.85714285714286,0.7857142857142857,4.571428571428571
6.464285714285715e-05,1.0,0.006704331639567076,85.85714285714286,0.8571428571428571,4.0
2.9285714285714288e-05,1.0,0.006704977623662109,92.92857142857143,0.7857142857142857,7.428571428571428
2.2214285714285717e-05,1.0,0.006705043068023203,100.0,0.7857142857142857,7.428571428571428
5.05e-05,3.7142857142857144,0.006705607157703528,85.85714285714286,0.7857142857142857,3.4285714285714284
5.757142857142857e-05,2.357142857142857,0.006708343260697561,100.0,0.7857142857142857,5.7142857142857135
5.757142857142857e-05,2.357142857142857,0.006708932565495732,43.42857142857143,0.7857142857142857,4.0
5.757142857142857e-05,1.0,0.006711169367347167,100.0,0.8571428571428571,4.571428571428571
3.6357142857142854e-05,2.357142857142857,0.00671124471115662,50.5,0.7857142857142857,4.571428571428571
3.6357142857142854e-05,1.0,0.0067118530698015485,100.0,0.7857142857142857,6.285714285714286
5.05e-05,1.0,0.0067120228236816955,64.64285714285714,0.8571428571428571,4.0
5.757142857142857e-05,2.357142857142857,0.006712732069438718,100.0,0.7857142857142857,5.142857142857142
4.342857142857143e-05,2.357142857142857,0.0067131904417498086,100.0,0.7857142857142857,4.0
5.757142857142857e-05,2.357142857142857,0.0067148467723333275,29.285714285714285,0.7857142857142857,4.0
5.05e-05,1.0,0.006717342489425121,92.92857142857143,0.8571428571428571,4.571428571428571
5.05e-05,3.7142857142857144,0.0067175619753097994,78.78571428571428,0.7857142857142857,3.4285714285714284
6.464285714285715e-05,3.7142857142857144,0.006719721929891939,43.42857142857143,0.7857142857142857,3.4285714285714284
3.6357142857142854e-05,1.0,0.006719778563882903,85.85714285714286,0.7857142857142857,5.7142857142857135
4.342857142857143e-05,1.0,0.0067203720024672595,92.92857142857143,0.8571428571428571,4.571428571428571
3.6357142857142854e-05,2.357142857142857,0.006721011467103186,71.71428571428571,0.7857142857142857,4.0
5.05e-05,2.357142857142857,0.006721597064963819,43.42857142857143,0.7857142857142857,5.142857142857142
4.342857142857143e-05,2.357142857142857,0.00672189748922723,36.357142857142854,0.7857142857142857,4.571428571428571
6.464285714285715e-05,1.0,0.006722056075407326,78.78571428571428,0.8571428571428571,4.0
4.342857142857143e-05,1.0,0.006722283811299179,64.64285714285714,0.8571428571428571,4.0
2.9285714285714288e-05,1.0,0.006724275733139137,85.85714285714286,0.7857142857142857,7.428571428571428
2.2214285714285717e-05,1.0,0.006724336183479976,43.42857142857143,0.7857142857142857,6.285714285714286
5.757142857142857e-05,2.357142857142857,0.006724955465329935,92.92857142857143,0.7857142857142857,5.7142857142857135
5.757142857142857e-05,3.7142857142857144,0.006725693315328093,78.78571428571428,0.7857142857142857,3.4285714285714284
2.2214285714285717e-05,1.0,0.006725960184234672,92.92857142857143,0.7857142857142857,7.428571428571428
6.464285714285715e-05,2.357142857142857,0.006726777616444396,92.92857142857143,0.8571428571428571,3.4285714285714284
5.05e-05,2.357142857142857,0.00672760991590447,92.92857142857143,0.7857142857142857,4.0
2.2214285714285717e-05,1.0,0.0067291094265218235,36.357142857142854,0.7857142857142857,5.7142857142857135
5.757142857142857e-05,2.357142857142857,0.006730139904600213,92.92857142857143,0.7857142857142857,4.571428571428571
5.05e-05,3.7142857142857144,0.006732115530949276,92.92857142857143,0.7857142857142857,3.4285714285714284
5.757142857142857e-05,2.357142857142857,0.006732386506986954,92.92857142857143,0.8571428571428571,3.4285714285714284
3.6357142857142854e-05,1.0,0.006733612367471406,29.285714285714285,0.7857142857142857,4.571428571428571
2.9285714285714288e-05,1.0,0.0067343371837812,64.64285714285714,0.7857142857142857,5.142857142857142
2.2214285714285717e-05,1.0,0.006735382189752806,57.57142857142857,0.7857142857142857,5.7142857142857135
4.342857142857143e-05,1.0,0.00673676963094052,50.5,0.7857142857142857,6.857142857142857
4.342857142857143e-05,1.0,0.0067372850816305365,50.5,0.7857142857142857,6.285714285714286
3.6357142857142854e-05,1.0,0.006737347765409391,71.71428571428571,0.8571428571428571,4.0
5.05e-05,3.7142857142857144,0.006739343110041115,71.71428571428571,0.7857142857142857,3.4285714285714284
4.342857142857143e-05,1.0,0.006740464495346657,57.57142857142857,0.7857142857142857,6.857142857142857
5.757142857142857e-05,1.0,0.006740782509601614,64.64285714285714,0.8571428571428571,4.0
6.464285714285715e-05,3.7142857142857144,0.006744490058162652,50.5,0.7857142857142857,3.4285714285714284
5.757142857142857e-05,2.357142857142857,0.006744796596910949,85.85714285714286,0.7857142857142857,5.7142857142857135
6.464285714285715e-05,1.0,0.006745193053804127,71.71428571428571,0.8571428571428571,4.0
7.171428571428571e-05,3.7142857142857144,0.006747057799496562,71.71428571428571,0.7857142857142857,4.0
6.464285714285715e-05,2.357142857142857,0.0067473665177582905,36.357142857142854,0.7857142857142857,4.571428571428571
6.464285714285715e-05,2.357142857142857,0.006747687409033812,29.285714285714285,0.7857142857142857,4.571428571428571
2.9285714285714288e-05,1.0,0.006748434188023461,78.78571428571428,0.7857142857142857,7.428571428571428
2.9285714285714288e-05,1.0,0.006751066721302814,22.214285714285715,0.7857142857142857,5.142857142857142
7.171428571428571e-05,3.7142857142857144,0.006751857737079947,78.78571428571428,0.7857142857142857,4.0
2.9285714285714288e-05,1.0,0.006751909155908342,36.357142857142854,0.7857142857142857,6.857142857142857
2.2214285714285717e-05,1.0,0.006751920141404124,85.85714285714286,0.7857142857142857,7.428571428571428
5.757142857142857e-05,1.0,0.006751929185738826,92.92857142857143,0.8571428571428571,4.571428571428571
3.6357142857142854e-05,2.357142857142857,0.006753241866862244,78.78571428571428,0.7857142857142857,4.0
5.757142857142857e-05,3.7142857142857144,0.006754599393715194,85.85714285714286,0.7857142857142857,3.4285714285714284
5.757142857142857e-05,3.7142857142857144,0.006755605961111644,43.42857142857143,0.7857142857142857,3.4285714285714284
5.05e-05,3.7142857142857144,0.006756241171237881,100.0,0.7857142857142857,3.4285714285714284
3.6357142857142854e-05,1.0,0.006756343582509048,92.92857142857143,0.7857142857142857,5.7142857142857135
5.757142857142857e-05,2.357142857142857,0.0067566677194350385,100.0,0.7857142857142857,4.571428571428571
5.05e-05,2.357142857142857,0.006757174124921378,100.0,0.7857142857142857,4.0
3.6357142857142854e-05,1.0,0.006758037797611527,100.0,0.8571428571428571,4.571428571428571
5.05e-05,2.357142857142857,0.006758095579390102,100.0,0.8571428571428571,3.4285714285714284
4.342857142857143e-05,2.357142857142857,0.006760669539603093,57.57142857142857,0.7857142857142857,5.142857142857142
5.757142857142857e-05,2.357142857142857,0.006761088387494474,29.285714285714285,0.7857142857142857,4.571428571428571
5.05e-05,1.0,0.006762440681017903,85.85714285714286,0.8571428571428571,4.571428571428571
4.342857142857143e-05,1.0,0.006762444327982434,85.85714285714286,0.8571428571428571,4.571428571428571
3.6357142857142854e-05,1.0,0.0067625631124151545,36.357142857142854,0.7857142857142857,6.857142857142857
3.6357142857142854e-05,1.0,0.006763713638689084,22.214285714285715,0.7857142857142857,5.7142857142857135
6.464285714285715e-05,3.7142857142857144,0.006766658177634735,100.0,0.7857142857142857,4.0
4.342857142857143e-05,1.0,0.006767716474624078,50.5,0.7857142857142857,5.7142857142857135
5.05e-05,3.7142857142857144,0.0067682441560520164,64.64285714285714,0.7857142857142857,3.4285714285714284
5.757142857142857e-05,2.357142857142857,0.006768868375930992,78.78571428571428,0.7857142857142857,5.7142857142857135
6.464285714285715e-05,2.357142857142857,0.006769670304205669,85.85714285714286,0.8571428571428571,3.4285714285714284
3.6357142857142854e-05,1.0,0.00677061049932281,57.57142857142857,0.7857142857142857,5.142857142857142
6.464285714285715e-05,3.7142857142857144,0.006772592571732697,36.357142857142854,0.7857142857142857,3.4285714285714284
5.757142857142857e-05,2.357142857142857,0.0067736020723934,85.85714285714286,0.8571428571428571,3.4285714285714284
7.171428571428571e-05,2.357142857142857,0.006773898402515591,100.0,0.8571428571428571,3.4285714285714284
6.464285714285715e-05,3.7142857142857144,0.006774261468036821,57.57142857142857,0.7857142857142857,3.4285714285714284
2.2214285714285717e-05,1.0,0.00677523749715638,64.64285714285714,0.7857142857142857,5.7142857142857135
3.6357142857142854e-05,1.0,0.006776210829215493,100.0,0.7857142857142857,7.428571428571428
7.171428571428571e-05,3.7142857142857144,0.006777466490926578,85.85714285714286,0.7857142857142857,4.0
2.9285714285714288e-05,1.0,0.0067775858213664384,29.285714285714285,0.7857142857142857,6.285714285714286
4.342857142857143e-05,1.0,0.0067778048753250305,36.357142857142854,0.7857142857142857,5.142857142857142
2.9285714285714288e-05,1.0,0.006778642584783351,71.71428571428571,0.7857142857142857,7.428571428571428
5.757142857142857e-05,2.357142857142857,0.006780433537957814,50.5,0.7857142857142857,4.0
5.757142857142857e-05,3.7142857142857144,0.006781107305977599,92.92857142857143,0.7857142857142857,3.4285714285714284
2.2214285714285717e-05,1.0,0.00678285248001001,50.5,0.7857142857142857,6.857142857142857
3.6357142857142854e-05,2.357142857142857,0.006782868192734373,85.85714285714286,0.7857142857142857,4.0
6.464285714285715e-05,1.0,0.0067833279300972245,100.0,0.8571428571428571,4.571428571428571
7.171428571428571e-05,2.357142857142857,0.006783353959535107,92.92857142857143,0.8571428571428571,3.4285714285714284
2.2214285714285717e-05,1.0,0.006784314373714145,78.78571428571428,0.7857142857142857,7.428571428571428
6.464285714285715e-05,3.7142857142857144,0.006784828107928895,92.92857142857143,0.7857142857142857,4.0
3.6357142857142854e-05,1.0,0.006788410346512411,100.0,0.7857142857142857,5.7142857142857135
3.6357142857142854e-05,1.0,0.006789443634659243,92.92857142857143,0.7857142857142857,7.428571428571428
7.171428571428571e-05,3.7142857142857144,0.006790373502213734,64.64285714285714,0.7857142857142857,4.0
3.6357142857142854e-05,1.0,0.006791211669439423,92.92857142857143,0.8571428571428571,4.571428571428571
5.05e-05,2.357142857142857,0.006791271192676554,92.92857142857143,0.8571428571428571,3.4285714285714284
2.9285714285714288e-05,1.0,0.006792960543279575,71.71428571428571,0.7857142857142857,5.142857142857142
7.171428571428571e-05,2.357142857142857,0.006795418587646143,85.85714285714286,0.8571428571428571,3.4285714285714284
4.342857142857143e-05,1.0,0.006795925361396754,43.42857142857143,0.7857142857142857,6.857142857142857
6.464285714285715e-05,1.0,0.006798897587307587,64.64285714285714,0.8571428571428571,4.0
5.757142857142857e-05,2.357142857142857,0.006799245993292171,71.71428571428571,0.7857142857142857,5.7142857142857135
5.757142857142857e-05,1.0,0.006799746225179435,85.85714285714286,0.8571428571428571,4.571428571428571
5.05e-05,1.0,0.006800166288413331,57.57142857142857,0.8571428571428571,4.0
2.9285714285714288e-05,1.0,0.006800398455656881,100.0,0.8571428571428571,4.0
7.171428571428571e-05,3.7142857142857144,0.006802101066818436,92.92857142857143,0.7857142857142857,4.0
3.6357142857142854e-05,1.0,0.006802611445491177,64.64285714285714,0.8571428571428571,4.0
5.757142857142857e-05,2.357142857142857,0.006803638150915952,36.357142857142854,0.7857142857142857,5.142857142857142
5.757142857142857e-05,2.357142857142857,0.006803879302085175,22.214285714285715,0.7857142857142857,4.0
5.757142857142857e-05,3.7142857142857144,0.006804753514105727,100.0,0.7857142857142857,3.4285714285714284
3.6357142857142854e-05,1.0,0.006804962436373049,85.85714285714286,0.7857142857142857,7.428571428571428
6.464285714285715e-05,3.7142857142857144,0.006805025723536334,64.64285714285714,0.7857142857142857,3.4285714285714284
4.342857142857143e-05,1.0,0.006805067133998624,64.64285714285714,0.7857142857142857,6.857142857142857
4.342857142857143e-05,1.0,0.006805708329420068,57.57142857142857,0.7857142857142857,6.285714285714286
6.464285714285715e-05,3.7142857142857144,0.006806760155211866,85.85714285714286,0.7857142857142857,4.0
4.342857142857143e-05,1.0,0.006806916805835459,57.57142857142857,0.8571428571428571,4.0
2.9285714285714288e-05,1.0,0.006807354869895149,22.214285714285715,0.7857142857142857,4.571428571428571
5.05e-05,3.7142857142857144,0.006807464609937602,57.57142857142857,0.7857142857142857,3.4285714285714284
3.6357142857142854e-05,2.357142857142857,0.0068097336768253415,92.92857142857143,0.7857142857142857,4.0
6.464285714285715e-05,2.357142857142857,0.006809871004675639,43.42857142857143,0.7857142857142857,5.142857142857142
4.342857142857143e-05,1.0,0.006812218864723313,78.78571428571428,0.8571428571428571,4.571428571428571
2.2214285714285717e-05,1.0,0.006812471059824835,71.71428571428571,0.7857142857142857,5.7142857142857135
6.464285714285715e-05,2.357142857142857,0.006812827946107089,43.42857142857143,0.7857142857142857,4.571428571428571
5.05e-05,1.0,0.006815014467921448,78.78571428571428,0.8571428571428571,4.571428571428571
2.9285714285714288e-05,1.0,0.006817192889147411,64.64285714285714,0.7857142857142857,7.428571428571428
6.464285714285715e-05,2.357142857142857,0.006820042354628994,78.78571428571428,0.8571428571428571,3.4285714285714284
3.6357142857142854e-05,2.357142857142857,0.0068220041621267465,43.42857142857143,0.7857142857142857,4.571428571428571
5.757142857142857e-05,2.357142857142857,0.006822159713385065,78.78571428571428,0.8571428571428571,3.4285714285714284
3.6357142857142854e-05,1.0,0.006824371563216414,78.78571428571428,0.7857142857142857,7.428571428571428
6.464285714285715e-05,1.0,0.006824699967509848,92.92857142857143,0.8571428571428571,4.571428571428571
7.171428571428571e-05,1.0,0.006824701127205851,100.0,0.8571428571428571,4.0
7.171428571428571e-05,3.7142857142857144,0.006825098416795075,100.0,0.7857142857142857,4.0
2.2214285714285717e-05,1.0,0.0068265202670752005,71.71428571428571,0.7857142857142857,7.428571428571428
6.464285714285715e-05,2.357142857142857,0.0068273944526067,50.5,0.7857142857142857,5.142857142857142
4.342857142857143e-05,1.0,0.006827808494312429,15.142857142857142,0.7857142857142857,4.571428571428571
2.9285714285714288e-05,1.0,0.0068279869935634115,29.285714285714285,0.7857142857142857,4.571428571428571
5.05e-05,2.357142857142857,0.006828008723048018,29.285714285714285,0.7857142857142857,4.571428571428571
2.9285714285714288e-05,1.0,0.00682901253390249,92.92857142857143,0.8571428571428571,4.0
3.6357142857142854e-05,1.0,0.006830083867979975,85.85714285714286,0.8571428571428571,4.571428571428571
4.342857142857143e-05,1.0,0.006830175139423212,29.285714285714285,0.7857142857142857,6.285714285714286
5.05e-05,2.357142857142857,0.006830180148699022,85.85714285714286,0.8571428571428571,3.4285714285714284
5.757142857142857e-05,1.0,0.006830861640225566,57.57142857142857,0.8571428571428571,4.0
3.6357142857142854e-05,1.0,0.006831958081756878,15.142857142857142,0.7857142857142857,4.571428571428571
4.342857142857143e-05,1.0,0.006832404937317441,100.0,0.7857142857142857,7.428571428571428
3.6357142857142854e-05,2.357142857142857,0.0068339171422610225,100.0,0.7857142857142857,4.0
6.464285714285715e-05,3.7142857142857144,0.00683410195910675,78.78571428571428,0.7857142857142857,4.0
6.464285714285715e-05,3.7142857142857144,0.006835145646995245,71.71428571428571,0.7857142857142857,3.4285714285714284
7.171428571428571e-05,1.0,0.0068365840684666,92.92857142857143,0.8571428571428571,4.0
5.757142857142857e-05,2.357142857142857,0.0068382587525453896,64.64285714285714,0.7857142857142857,5.7142857142857135
4.342857142857143e-05,1.0,0.006839785170462545,57.57142857142857,0.7857142857142857,5.7142857142857135
3.6357142857142854e-05,1.0,0.006841323398739901,64.64285714285714,0.7857142857142857,5.142857142857142
5.757142857142857e-05,2.357142857142857,0.0068434305195417214,57.57142857142857,0.7857142857142857,4.0
4.342857142857143e-05,1.0,0.006843715332379008,92.92857142857143,0.7857142857142857,7.428571428571428
2.9285714285714288e-05,1.0,0.006843963178048598,78.78571428571428,0.7857142857142857,5.142857142857142
7.171428571428571e-05,2.357142857142857,0.006846637340931691,78.78571428571428,0.8571428571428571,3.4285714285714284
2.2214285714285717e-05,1.0,0.006847090351644705,78.78571428571428,0.7857142857142857,5.7142857142857135
3.6357142857142854e-05,2.357142857142857,0.006847975488134886,29.285714285714285,0.7857142857142857,4.0
3.6357142857142854e-05,1.0,0.006849223767944698,71.71428571428571,0.7857142857142857,7.428571428571428
7.171428571428571e-05,1.0,0.006849293515545715,85.85714285714286,0.8571428571428571,4.0
7.171428571428571e-05,3.7142857142857144,0.006850150795395968,57.57142857142857,0.7857142857142857,4.0
2.9285714285714288e-05,1.0,0.006851591496783088,36.357142857142854,0.7857142857142857,4.571428571428571
3.6357142857142854e-05,1.0,0.006854159572814991,36.357142857142854,0.7857142857142857,4.571428571428571
2.2214285714285717e-05,1.0,0.0068548397071873934,29.285714285714285,0.7857142857142857,5.142857142857142
4.342857142857143e-05,1.0,0.006855188223999142,22.214285714285715,0.7857142857142857,5.7142857142857135
5.757142857142857e-05,1.0,0.00685553931282471,78.78571428571428,0.8571428571428571,4.571428571428571
4.342857142857143e-05,1.0,0.006856671739949108,85.85714285714286,0.7857142857142857,7.428571428571428
4.342857142857143e-05,1.0,0.006856791845063245,22.214285714285715,0.7857142857142857,4.571428571428571
5.05e-05,2.357142857142857,0.0068604252953723575,22.214285714285715,0.7857142857142857,4.0
4.342857142857143e-05,1.0,0.006861326617802785,71.71428571428571,0.7857142857142857,6.857142857142857
4.342857142857143e-05,2.357142857142857,0.006862245935675365,50.5,0.7857142857142857,5.142857142857142
5.05e-05,3.7142857142857144,0.006862417505356105,50.5,0.7857142857142857,3.4285714285714284
2.9285714285714288e-05,1.0,0.006862600813028377,85.85714285714286,0.8571428571428571,4.0
6.464285714285715e-05,3.7142857142857144,0.0068637799693728185,78.78571428571428,0.7857142857142857,3.4285714285714284
7.171428571428571e-05,1.0,0.0068666109035883886,78.78571428571428,0.8571428571428571,4.0
4.342857142857143e-05,1.0,0.0068679817994261785,64.64285714285714,0.7857142857142857,6.285714285714286
2.9285714285714288e-05,1.0,0.0068680375986878844,57.57142857142857,0.7857142857142857,7.428571428571428
6.464285714285715e-05,3.7142857142857144,0.00686854665272166,71.71428571428571,0.7857142857142857,4.0
4.342857142857143e-05,1.0,0.006871652239241302,71.71428571428571,0.8571428571428571,4.571428571428571
4.342857142857143e-05,1.0,0.006871870545781378,78.78571428571428,0.7857142857142857,7.428571428571428
6.464285714285715e-05,1.0,0.0068722491455556894,85.85714285714286,0.8571428571428571,4.571428571428571
6.464285714285715e-05,2.357142857142857,0.006873872200988246,50.5,0.7857142857142857,4.571428571428571
5.05e-05,2.357142857142857,0.006876283749207518,78.78571428571428,0.8571428571428571,3.4285714285714284
3.6357142857142854e-05,1.0,0.0068763447388559525,78.78571428571428,0.8571428571428571,4.571428571428571
5.05e-05,2.357142857142857,0.006876767653732893,100.0,0.7857142857142857,5.7142857142857135
5.05e-05,1.0,0.00687700991221572,71.71428571428571,0.8571428571428571,4.571428571428571
2.2214285714285717e-05,1.0,0.006878068527073883,36.357142857142854,0.7857142857142857,6.285714285714286
6.464285714285715e-05,2.357142857142857,0.006878517227620548,57.57142857142857,0.7857142857142857,5.142857142857142
2.2214285714285717e-05,1.0,0.0068787179017907015,85.85714285714286,0.7857142857142857,5.7142857142857135
4.342857142857143e-05,1.0,0.006879216770648053,43.42857142857143,0.7857142857142857,5.142857142857142
6.464285714285715e-05,2.357142857142857,0.006879878839314094,71.71428571428571,0.8571428571428571,3.4285714285714284
5.757142857142857e-05,2.357142857142857,0.006880146496210504,71.71428571428571,0.8571428571428571,3.4285714285714284
2.9285714285714288e-05,2.357142857142857,0.006880574290613878,43.42857142857143,0.7857142857142857,4.0
3.6357142857142854e-05,1.0,0.006881138302514503,64.64285714285714,0.7857142857142857,7.428571428571428
2.9285714285714288e-05,2.357142857142857,0.0068811416223379055,100.0,0.7857142857142857,4.571428571428571
2.2214285714285717e-05,1.0,0.006882198176199112,64.64285714285714,0.7857142857142857,7.428571428571428
3.6357142857142854e-05,1.0,0.006883197720849357,57.57142857142857,0.8571428571428571,4.0
2.9285714285714288e-05,2.357142857142857,0.0068843791456088405,50.5,0.7857142857142857,4.0
4.342857142857143e-05,1.0,0.006886744680420928,36.357142857142854,0.7857142857142857,6.857142857142857
7.878571428571429e-05,3.7142857142857144,0.006887169471290195,57.57142857142857,0.7857142857142857,4.0
5.757142857142857e-05,2.357142857142857,0.00688799344703577,57.57142857142857,0.7857142857142857,5.7142857142857135
2.9285714285714288e-05,1.0,0.006888446832732842,85.85714285714286,0.7857142857142857,5.142857142857142
5.05e-05,2.357142857142857,0.006889125432733895,92.92857142857143,0.7857142857142857,5.7142857142857135
5.757142857142857e-05,3.7142857142857144,0.006889405136953413,36.357142857142854,0.7857142857142857,3.4285714285714284
7.171428571428571e-05,1.0,0.0068896279919098665,71.71428571428571,0.8571428571428571,4.0
6.464285714285715e-05,3.7142857142857144,0.006890252414982695,85.85714285714286,0.7857142857142857,3.4285714285714284
4.342857142857143e-05,1.0,0.0068906184378698335,71.71428571428571,0.7857142857142857,7.428571428571428
6.464285714285715e-05,1.0,0.006891703288793341,57.57142857142857,0.8571428571428571,4.0
4.342857142857143e-05,2.357142857142857,0.00689582626171798,100.0,0.8571428571428571,3.4285714285714284
2.9285714285714288e-05,2.357142857142857,0.006896204149651261,92.92857142857143,0.7857142857142857,4.571428571428571
5.757142857142857e-05,2.357142857142857,0.006898180337672552,64.64285714285714,0.7857142857142857,4.0
7.878571428571429e-05,2.357142857142857,0.006898702684213909,100.0,0.8571428571428571,3.4285714285714284
7.878571428571429e-05,3.7142857142857144,0.006900675087259842,50.5,0.7857142857142857,4.0
7.171428571428571e-05,1.0,0.006901576249814159,100.0,0.8571428571428571,4.571428571428571
3.6357142857142854e-05,1.0,0.006902162526344488,71.71428571428571,0.7857142857142857,5.142857142857142
2.9285714285714288e-05,1.0,0.00690269633394478,78.78571428571428,0.8571428571428571,4.0
4.342857142857143e-05,1.0,0.006903794184239323,64.64285714285714,0.7857142857142857,5.7142857142857135
5.05e-05,2.357142857142857,0.006904687309027063,85.85714285714286,0.7857142857142857,5.7142857142857135
2.2214285714285717e-05,1.0,0.006904932824128662,43.42857142857143,0.7857142857142857,6.857142857142857
7.878571428571429e-05,3.7142857142857144,0.006905418702994581,64.64285714285714,0.7857142857142857,4.0
7.171428571428571e-05,3.7142857142857144,0.006905975797238251,100.0,0.8571428571428571,2.8571428571428568
2.2214285714285717e-05,1.0,0.006907447775474454,92.92857142857143,0.7857142857142857,5.7142857142857135
7.171428571428571e-05,2.357142857142857,0.006908104365287845,71.71428571428571,0.8571428571428571,3.4285714285714284
5.05e-05,1.0,0.0069081978531470856,29.285714285714285,0.7857142857142857,5.7142857142857135
5.05e-05,1.0,0.006908231615083149,50.5,0.8571428571428571,4.0
7.878571428571429e-05,2.357142857142857,0.006908591727958968,92.92857142857143,0.8571428571428571,3.4285714285714284
4.342857142857143e-05,1.0,0.006910800914917007,78.78571428571428,0.7857142857142857,6.857142857142857
6.464285714285715e-05,2.357142857142857,0.006910881480309064,36.357142857142854,0.7857142857142857,5.142857142857142
4.342857142857143e-05,1.0,0.006911090039261281,50.5,0.8571428571428571,4.0
2.2214285714285717e-05,1.0,0.006912231208297109,36.357142857142854,0.7857142857142857,5.142857142857142
6.464285714285715e-05,3.7142857142857144,0.006912947520666934,64.64285714285714,0.7857142857142857,4.0
4.342857142857143e-05,1.0,0.00691438802683513,64.64285714285714,0.7857142857142857,7.428571428571428
2.9285714285714288e-05,2.357142857142857,0.006914406833378267,85.85714285714286,0.7857142857142857,4.571428571428571
7.171428571428571e-05,3.7142857142857144,0.006914610677637961,92.92857142857143,0.8571428571428571,2.8571428571428568
6.464285714285715e-05,3.7142857142857144,0.006914726539168398,92.92857142857143,0.7857142857142857,3.4285714285714284
2.9285714285714288e-05,1.0,0.006915645037287044,43.42857142857143,0.7857142857142857,4.571428571428571
7.171428571428571e-05,1.0,0.006919697926544954,64.64285714285714,0.8571428571428571,4.0
5.757142857142857e-05,1.0,0.00692098828770982,71.71428571428571,0.8571428571428571,4.571428571428571
7.878571428571429e-05,2.357142857142857,0.006921453784456638,85.85714285714286,0.8571428571428571,3.4285714285714284
7.171428571428571e-05,1.0,0.0069230040759000605,92.92857142857143,0.8571428571428571,4.571428571428571
4.342857142857143e-05,1.0,0.006924477215268707,71.71428571428571,0.7857142857142857,6.285714285714286
5.05e-05,2.357142857142857,0.006924573491788796,78.78571428571428,0.7857142857142857,5.7142857142857135
3.6357142857142854e-05,1.0,0.0069246898086379625,57.57142857142857,0.7857142857142857,7.428571428571428
6.464285714285715e-05,2.357142857142857,0.006924756904702895,64.64285714285714,0.7857142857142857,5.142857142857142
4.342857142857143e-05,1.0,0.006924805703149797,43.42857142857143,0.8571428571428571,3.4285714285714284
4.342857142857143e-05,2.357142857142857,0.00692600500952624,92.92857142857143,0.8571428571428571,3.4285714285714284
7.878571428571429e-05,3.7142857142857144,0.006927278043970572,71.71428571428571,0.7857142857142857,4.0
2.9285714285714288e-05,1.0,0.006927557665798914,92.92857142857143,0.7857142857142857,5.142857142857142
5.05e-05,2.357142857142857,0.006928251238754299,36.357142857142854,0.7857142857142857,5.142857142857142
6.464285714285715e-05,1.0,0.006928611595242648,78.78571428571428,0.8571428571428571,4.571428571428571
7.171428571428571e-05,3.7142857142857144,0.006928717493292128,36.357142857142854,0.7857142857142857,3.4285714285714284
6.464285714285715e-05,2.357142857142857,0.006929273636815702,57.57142857142857,0.7857142857142857,4.571428571428571
6.464285714285715e-05,2.357142857142857,0.006930601042785836,29.285714285714285,0.7857142857142857,4.0
5.05e-05,2.357142857142857,0.006931207897705671,71.71428571428571,0.8571428571428571,3.4285714285714284
3.6357142857142854e-05,1.0,0.00693168786503647,71.71428571428571,0.8571428571428571,4.571428571428571
2.2214285714285717e-05,1.0,0.006933285966570402,100.0,0.7857142857142857,5.7142857142857135
7.171428571428571e-05,3.7142857142857144,0.006933631491456418,50.5,0.7857142857142857,4.0
7.171428571428571e-05,3.7142857142857144,0.006935177071673371,43.42857142857143,0.7857142857142857,3.4285714285714284
4.342857142857143e-05,1.0,0.00693576196602525,50.5,0.8571428571428571,3.4285714285714284
2.9285714285714288e-05,2.357142857142857,0.006936169206096248,57.57142857142857,0.7857142857142857,4.0
2.9285714285714288e-05,2.357142857142857,0.00693646769532325,78.78571428571428,0.7857142857142857,4.571428571428571
6.464285714285715e-05,3.7142857142857144,0.006937038369653756,100.0,0.7857142857142857,3.4285714285714284
2.9285714285714288e-05,1.0,0.006937643925890686,50.5,0.7857142857142857,7.428571428571428
7.878571428571429e-05,2.357142857142857,0.006938306994599727,78.78571428571428,0.8571428571428571,3.4285714285714284
2.9285714285714288e-05,1.0,0.006941143363155841,22.214285714285715,0.7857142857142857,5.7142857142857135
2.2214285714285717e-05,1.0,0.006941413747657452,29.285714285714285,0.7857142857142857,5.7142857142857135
5.757142857142857e-05,1.0,0.006941610016890138,50.5,0.8571428571428571,4.0
6.464285714285715e-05,2.357142857142857,0.006942462927319701,64.64285714285714,0.7857142857142857,5.7142857142857135
4.342857142857143e-05,1.0,0.006943322508922203,64.64285714285714,0.8571428571428571,4.571428571428571
5.05e-05,1.0,0.0069439867335242735,43.42857142857143,0.8571428571428571,3.4285714285714284
5.05e-05,3.7142857142857144,0.006944214296696902,43.42857142857143,0.7857142857142857,3.4285714285714284
5.05e-05,1.0,0.00694442470470748,50.5,0.8571428571428571,3.4285714285714284
5.757142857142857e-05,2.357142857142857,0.0069459611988240185,71.71428571428571,0.7857142857142857,4.0
4.342857142857143e-05,1.0,0.0069468545539000835,57.57142857142857,0.8571428571428571,3.4285714285714284
5.05e-05,1.0,0.006947671814128887,57.57142857142857,0.8571428571428571,3.4285714285714284
7.171428571428571e-05,3.7142857142857144,0.006947850499476485,29.285714285714285,0.7857142857142857,3.4285714285714284
4.342857142857143e-05,1.0,0.006947950636325922,57.57142857142857,0.7857142857142857,7.428571428571428
3.6357142857142854e-05,1.0,0.0069492025172546825,29.285714285714285,0.7857142857142857,6.857142857142857
5.757142857142857e-05,2.357142857142857,0.006949930797292897,64.64285714285714,0.8571428571428571,3.4285714285714284
5.05e-05,1.0,0.00695016189700953,36.357142857142854,0.8571428571428571,3.4285714285714284
7.878571428571429e-05,3.7142857142857144,0.0069502532980763474,78.78571428571428,0.7857142857142857,4.0
6.464285714285715e-05,3.7142857142857144,0.00695090073543998,100.0,0.8571428571428571,2.8571428571428568
2.9285714285714288e-05,1.0,0.006951060958676295,71.71428571428571,0.8571428571428571,4.0
5.05e-05,1.0,0.006951514621764615,64.64285714285714,0.8571428571428571,4.571428571428571
5.05e-05,1.0,0.00695200505719914,64.64285714285714,0.8571428571428571,3.4285714285714284
6.464285714285715e-05,2.357142857142857,0.0069520624655581235,64.64285714285714,0.8571428571428571,3.4285714285714284
7.171428571428571e-05,3.7142857142857144,0.006952669997306449,85.85714285714286,0.8571428571428571,2.8571428571428568
5.757142857142857e-05,2.357142857142857,0.006953942180684805,50.5,0.7857142857142857,5.7142857142857135
7.171428571428571e-05,3.7142857142857144,0.006953943963821349,50.5,0.7857142857142857,3.4285714285714284
4.342857142857143e-05,1.0,0.00695416979758553,85.85714285714286,0.7857142857142857,6.857142857142857
3.6357142857142854e-05,1.0,0.006955162859067063,78.78571428571428,0.7857142857142857,5.142857142857142
4.342857142857143e-05,1.0,0.0069559247899823925,100.0,0.8571428571428571,5.142857142857142
5.05e-05,1.0,0.006955940388269769,22.214285714285715,0.7857142857142857,5.142857142857142
2.2214285714285717e-05,1.0,0.006956551829768917,57.57142857142857,0.7857142857142857,7.428571428571428
5.05e-05,1.0,0.006956949047530775,71.71428571428571,0.8571428571428571,3.4285714285714284
5.05e-05,2.357142857142857,0.006957145028862371,71.71428571428571,0.7857142857142857,5.7142857142857135
2.9285714285714288e-05,1.0,0.0069580309277667615,100.0,0.8571428571428571,4.571428571428571
4.342857142857143e-05,1.0,0.006958728432775524,64.64285714285714,0.8571428571428571,3.4285714285714284
7.878571428571429e-05,2.357142857142857,0.006959336452728249,71.71428571428571,0.8571428571428571,3.4285714285714284
3.6357142857142854e-05,1.0,0.0069595993165702365,43.42857142857143,0.7857142857142857,4.571428571428571
4.342857142857143e-05,1.0,0.006960854565807121,71.71428571428571,0.7857142857142857,5.7142857142857135
4.342857142857143e-05,2.357142857142857,0.006961189654894251,85.85714285714286,0.8571428571428571,3.4285714285714284
2.9285714285714288e-05,1.0,0.006961912242095719,100.0,0.7857142857142857,5.142857142857142
5.05e-05,1.0,0.0069623745123131965,78.78571428571428,0.8571428571428571,3.4285714285714284
2.9285714285714288e-05,2.357142857142857,0.006962958378189307,71.71428571428571,0.7857142857142857,4.571428571428571
6.464285714285715e-05,2.357142857142857,0.006966780279135146,71.71428571428571,0.7857142857142857,5.142857142857142
5.05e-05,1.0,0.006966835983869971,85.85714285714286,0.8571428571428571,3.4285714285714284
4.342857142857143e-05,2.357142857142857,0.00696707706375056,22.214285714285715,0.7857142857142857,4.0
2.2214285714285717e-05,1.0,0.006969696608085768,43.42857142857143,0.7857142857142857,5.142857142857142
7.171428571428571e-05,1.0,0.0069697179605093555,57.57142857142857,0.8571428571428571,4.0
4.342857142857143e-05,1.0,0.006969816437341031,71.71428571428571,0.8571428571428571,3.4285714285714284
5.05e-05,1.0,0.006970591647806526,92.92857142857143,0.8571428571428571,3.4285714285714284
5.05e-05,1.0,0.006971004966045099,100.0,0.8571428571428571,5.142857142857142
4.342857142857143e-05,1.0,0.006971557517730589,29.285714285714285,0.7857142857142857,4.571428571428571
4.342857142857143e-05,1.0,0.006971974440953757,50.5,0.7857142857142857,5.142857142857142
6.464285714285715e-05,3.7142857142857144,0.006971997160452217,57.57142857142857,0.7857142857142857,4.0
7.171428571428571e-05,1.0,0.006972165707923745,85.85714285714286,0.8571428571428571,4.571428571428571
7.878571428571429e-05,3.7142857142857144,0.006973356379185197,85.85714285714286,0.7857142857142857,4.0
5.05e-05,1.0,0.006973407429753509,100.0,0.8571428571428571,3.4285714285714284
4.342857142857143e-05,1.0,0.006973695793007756,36.357142857142854,0.8571428571428571,3.4285714285714284
4.342857142857143e-05,1.0,0.0069741702019261494,15.142857142857142,0.7857142857142857,5.142857142857142
4.342857142857143e-05,1.0,0.006974253804808714,78.78571428571428,0.7857142857142857,6.285714285714286
4.342857142857143e-05,3.7142857142857144,0.006974678746599563,100.0,0.7857142857142857,3.4285714285714284
6.464285714285715e-05,2.357142857142857,0.006977951745625782,71.71428571428571,0.7857142857142857,5.7142857142857135
6.464285714285715e-05,2.357142857142857,0.006978869761620163,64.64285714285714,0.7857142857142857,4.571428571428571
7.171428571428571e-05,3.7142857142857144,0.006978973075420153,57.57142857142857,0.7857142857142857,3.4285714285714284
4.342857142857143e-05,1.0,0.006979529306319102,78.78571428571428,0.8571428571428571,3.4285714285714284
4.342857142857143e-05,2.357142857142857,0.006981111434921872,29.285714285714285,0.7857142857142857,4.571428571428571
6.464285714285715e-05,3.7142857142857144,0.006981181721824378,92.92857142857143,0.8571428571428571,2.8571428571428568
7.171428571428571e-05,2.357142857142857,0.006981912639845819,64.64285714285714,0.8571428571428571,3.4285714285714284
3.6357142857142854e-05,1.0,0.006982830483688635,50.5,0.8571428571428571,4.0
2.9285714285714288e-05,2.357142857142857,0.006983445196658572,64.64285714285714,0.7857142857142857,4.0
4.342857142857143e-05,3.7142857142857144,0.0069837900017372025,92.92857142857143,0.7857142857142857,3.4285714285714284
5.05e-05,1.0,0.006983869214970554,36.357142857142854,0.7857142857142857,6.285714285714286
6.464285714285715e-05,2.357142857142857,0.006983969798432998,57.57142857142857,0.7857142857142857,5.7142857142857135
3.6357142857142854e-05,2.357142857142857,0.006985153827038365,36.357142857142854,0.7857142857142857,4.571428571428571
3.6357142857142854e-05,1.0,0.006985488010747115,22.214285714285715,0.7857142857142857,6.285714285714286
3.6357142857142854e-05,1.0,0.0069859713322913495,50.5,0.7857142857142857,7.428571428571428
6.464285714285715e-05,3.7142857142857144,0.0069869681902054726,29.285714285714285,0.7857142857142857,3.4285714285714284
2.9285714285714288e-05,1.0,0.0069875194095427055,92.92857142857143,0.8571428571428571,4.571428571428571
5.757142857142857e-05,2.357142857142857,0.006988129779014293,78.78571428571428,0.7857142857142857,4.0
7.878571428571429e-05,1.0,0.006988267838556286,100.0,0.8571428571428571,4.0
4.342857142857143e-05,1.0,0.0069889331865151255,85.85714285714286,0.8571428571428571,3.4285714285714284
3.6357142857142854e-05,2.357142857142857,0.006991640698739763,100.0,0.7857142857142857,5.142857142857142
4.342857142857143e-05,1.0,0.0069917351050117595,92.92857142857143,0.7857142857142857,6.857142857142857
4.342857142857143e-05,1.0,0.006992130885695847,92.92857142857143,0.8571428571428571,5.142857142857142
2.9285714285714288e-05,2.357142857142857,0.006994026536390677,36.357142857142854,0.7857142857142857,4.0
4.342857142857143e-05,3.7142857142857144,0.006994915879644095,85.85714285714286,0.7857142857142857,3.4285714285714284
7.878571428571429e-05,3.7142857142857144,0.006995740413587179,92.92857142857143,0.7857142857142857,4.0
4.342857142857143e-05,1.0,0.006996234786374572,50.5,0.7857142857142857,7.428571428571428
6.464285714285715e-05,1.0,0.006996347389157401,71.71428571428571,0.8571428571428571,4.571428571428571
2.9285714285714288e-05,2.357142857142857,0.006996519450844507,64.64285714285714,0.7857142857142857,4.571428571428571
4.342857142857143e-05,1.0,0.006997039836212737,92.92857142857143,0.8571428571428571,3.4285714285714284
5.05e-05,2.357142857142857,0.006997403329728644,64.64285714285714,0.8571428571428571,3.4285714285714284
7.171428571428571e-05,3.7142857142857144,0.0069976233730052574,78.78571428571428,0.8571428571428571,2.8571428571428568
3.6357142857142854e-05,1.0,0.006997893390083404,100.0,0.8571428571428571,5.142857142857142
5.05e-05,1.0,0.006998124809871384,36.357142857142854,0.7857142857142857,5.7142857142857135
5.757142857142857e-05,1.0,0.006998406117064976,64.64285714285714,0.8571428571428571,4.571428571428571
3.6357142857142854e-05,1.0,0.006998782850959365,64.64285714285714,0.8571428571428571,4.571428571428571
2.9285714285714288e-05,1.0,0.007000357212010896,15.142857142857142,0.7857142857142857,4.571428571428571
7.878571428571429e-05,1.0,0.007001048535594773,92.92857142857143,0.8571428571428571,4.0
3.6357142857142854e-05,1.0,0.0070016162677887985,85.85714285714286,0.7857142857142857,5.142857142857142
6.464285714285715e-05,2.357142857142857,0.007001971989320071,36.357142857142854,0.7857142857142857,4.0
4.342857142857143e-05,2.357142857142857,0.007002636951019189,78.78571428571428,0.8571428571428571,3.4285714285714284
6.464285714285715e-05,1.0,0.00700363985940958,50.5,0.8571428571428571,4.0
4.342857142857143e-05,1.0,0.0070037918343833746,100.0,0.8571428571428571,3.4285714285714284
6.464285714285715e-05,2.357142857142857,0.00700481147185864,78.78571428571428,0.7857142857142857,5.142857142857142
4.342857142857143e-05,2.357142857142857,0.007006352430772908,43.42857142857143,0.7857142857142857,5.142857142857142
7.171428571428571e-05,3.7142857142857144,0.0070071649251518126,64.64285714285714,0.7857142857142857,3.4285714285714284
3.6357142857142854e-05,2.357142857142857,0.007007778568407938,92.92857142857143,0.7857142857142857,5.142857142857142
4.342857142857143e-05,3.7142857142857144,0.007009245169563713,78.78571428571428,0.7857142857142857,3.4285714285714284
2.9285714285714288e-05,1.0,0.007009725643106352,64.64285714285714,0.8571428571428571,4.0
5.05e-05,1.0,0.007009967151234189,92.92857142857143,0.8571428571428571,5.142857142857142
4.342857142857143e-05,1.0,0.0070109107506448835,78.78571428571428,0.7857142857142857,5.7142857142857135
5.05e-05,2.357142857142857,0.007010954983701995,64.64285714285714,0.7857142857142857,5.7142857142857135
5.757142857142857e-05,1.0,0.007014924329331049,100.0,0.8571428571428571,5.142857142857142
7.878571428571429e-05,1.0,0.007015845704252371,85.85714285714286,0.8571428571428571,4.0
6.464285714285715e-05,3.7142857142857144,0.007016524274490824,85.85714285714286,0.8571428571428571,2.8571428571428568
7.878571428571429e-05,3.7142857142857144,0.007016887919742742,100.0,0.7857142857142857,4.0
6.464285714285715e-05,2.357142857142857,0.0070171035702382145,78.78571428571428,0.7857142857142857,5.7142857142857135
2.9285714285714288e-05,1.0,0.007017265541832523,50.5,0.7857142857142857,4.571428571428571
4.342857142857143e-05,1.0,0.007018367829780145,85.85714285714286,0.7857142857142857,6.285714285714286
7.878571428571429e-05,3.7142857142857144,0.007018944077270481,43.42857142857143,0.7857142857142857,4.0
2.9285714285714288e-05,1.0,0.007022163969750511,85.85714285714286,0.8571428571428571,4.571428571428571
6.464285714285715e-05,2.357142857142857,0.007022777254031667,71.71428571428571,0.7857142857142857,4.571428571428571
2.2214285714285717e-05,1.0,0.0070234292802533686,50.5,0.7857142857142857,5.142857142857142
4.342857142857143e-05,1.0,0.007024827687143337,100.0,0.7857142857142857,6.857142857142857
5.757142857142857e-05,2.357142857142857,0.007025382573044456,85.85714285714286,0.7857142857142857,4.0
2.9285714285714288e-05,2.357142857142857,0.007025642722727177,71.71428571428571,0.7857142857142857,4.0
6.464285714285715e-05,2.357142857142857,0.007026080600244447,22.214285714285715,0.7857142857142857,4.0
4.342857142857143e-05,3.7142857142857144,0.007028154678430501,71.71428571428571,0.7857142857142857,3.4285714285714284
3.6357142857142854e-05,2.357142857142857,0.007028380164083503,85.85714285714286,0.7857142857142857,5.142857142857142
7.171428571428571e-05,1.0,0.007028627467501075,78.78571428571428,0.8571428571428571,4.571428571428571
4.342857142857143e-05,1.0,0.007030656176989752,57.57142857142857,0.8571428571428571,4.571428571428571
3.6357142857142854e-05,1.0,0.007030674321493726,92.92857142857143,0.8571428571428571,5.142857142857142
7.878571428571429e-05,1.0,0.00703306627805392,78.78571428571428,0.8571428571428571,4.0
7.878571428571429e-05,2.357142857142857,0.0070335596179532,64.64285714285714,0.8571428571428571,3.4285714285714284
4.342857142857143e-05,1.0,0.007033896495122549,85.85714285714286,0.8571428571428571,5.142857142857142
5.757142857142857e-05,2.357142857142857,0.00703490702797534,57.57142857142857,0.8571428571428571,3.4285714285714284
2.9285714285714288e-05,1.0,0.007035457308937903,43.42857142857143,0.7857142857142857,7.428571428571428
7.171428571428571e-05,3.7142857142857144,0.007036125767794307,71.71428571428571,0.7857142857142857,3.4285714285714284
7.878571428571429e-05,3.7142857142857144,0.0070380444170554364,100.0,0.8571428571428571,2.8571428571428568
6.464285714285715e-05,2.357142857142857,0.007038688852428743,85.85714285714286,0.7857142857142857,5.142857142857142
4.342857142857143e-05,1.0,0.0070396465333947165,43.42857142857143,0.8571428571428571,4.0
6.464285714285715e-05,2.357142857142857,0.007039722779632804,50.5,0.7857142857142857,5.7142857142857135
6.464285714285715e-05,2.357142857142857,0.00703999473833998,57.57142857142857,0.8571428571428571,3.4285714285714284
3.6357142857142854e-05,1.0,0.007040419526206329,15.142857142857142,0.7857142857142857,5.142857142857142
5.05e-05,1.0,0.0070414017440189715,43.42857142857143,0.8571428571428571,4.0
4.342857142857143e-05,1.0,0.007041494289402273,29.285714285714285,0.7857142857142857,6.857142857142857
2.9285714285714288e-05,2.357142857142857,0.007041768650270267,57.57142857142857,0.7857142857142857,4.571428571428571
5.05e-05,1.0,0.007042393180985126,57.57142857142857,0.8571428571428571,4.571428571428571
3.6357142857142854e-05,1.0,0.007042428275799528,92.92857142857143,0.7857142857142857,5.142857142857142
5.757142857142857e-05,2.357142857142857,0.007044390049172089,100.0,0.8571428571428571,4.0
7.878571428571429e-05,3.7142857142857144,0.00704445652464448,92.92857142857143,0.8571428571428571,2.8571428571428568
5.757142857142857e-05,2.357142857142857,0.0070459480629137955,43.42857142857143,0.7857142857142857,5.7142857142857135
6.464285714285715e-05,2.357142857142857,0.007046468372502718,100.0,0.8571428571428571,4.0
5.05e-05,1.0,0.007047803006272199,29.285714285714285,0.7857142857142857,6.285714285714286
4.342857142857143e-05,1.0,0.007049942974628171,22.214285714285715,0.7857142857142857,6.285714285714286
5.05e-05,1.0,0.00705021390958632,29.285714285714285,0.7857142857142857,5.142857142857142
7.171428571428571e-05,3.7142857142857144,0.0070508372701449775,43.42857142857143,0.7857142857142857,4.0
7.171428571428571e-05,3.7142857142857144,0.007051171579684923,71.71428571428571,0.8571428571428571,2.8571428571428568
6.464285714285715e-05,2.357142857142857,0.007051354411207011,85.85714285714286,0.7857142857142857,5.7142857142857135
4.342857142857143e-05,2.357142857142857,0.007052236029725165,71.71428571428571,0.8571428571428571,3.4285714285714284
3.6357142857142854e-05,1.0,0.007052638003700459,50.5,0.7857142857142857,4.571428571428571
4.342857142857143e-05,1.0,0.007053179078130467,57.57142857142857,0.7857142857142857,5.142857142857142
7.878571428571429e-05,3.7142857142857144,0.007053229436713484,85.85714285714286,0.8571428571428571,2.8571428571428568
7.878571428571429e-05,1.0,0.007053571902024236,71.71428571428571,0.8571428571428571,4.0
4.342857142857143e-05,3.7142857142857144,0.007054154991215683,64.64285714285714,0.7857142857142857,3.4285714285714284
6.464285714285715e-05,3.7142857142857144,0.007054303169137288,50.5,0.7857142857142857,4.0
4.342857142857143e-05,1.0,0.007054393389463709,85.85714285714286,0.7857142857142857,5.7142857142857135
5.05e-05,1.0,0.007054753474603636,85.85714285714286,0.8571428571428571,5.142857142857142
3.6357142857142854e-05,2.357142857142857,0.007055038664417815,78.78571428571428,0.7857142857142857,5.142857142857142
5.757142857142857e-05,1.0,0.0070551744120399,92.92857142857143,0.8571428571428571,5.142857142857142
4.342857142857143e-05,1.0,0.007057388743886337,92.92857142857143,0.7857142857142857,6.285714285714286
5.05e-05,1.0,0.007057675230069835,22.214285714285715,0.7857142857142857,5.7142857142857135
5.757142857142857e-05,2.357142857142857,0.007058172259939132,92.92857142857143,0.7857142857142857,4.0
6.464285714285715e-05,3.7142857142857144,0.0070582390910901545,78.78571428571428,0.8571428571428571,2.8571428571428568
2.2214285714285717e-05,1.0,0.00705831701121983,50.5,0.7857142857142857,7.428571428571428
6.464285714285715e-05,5.071428571428571,0.007059351736458735,85.85714285714286,0.7857142857142857,2.8571428571428568
5.757142857142857e-05,3.7142857142857144,0.0070593976119523285,100.0,0.7857142857142857,4.0
8.585714285714286e-05,2.357142857142857,0.007060329746954333,100.0,0.8571428571428571,3.4285714285714284
5.757142857142857e-05,1.0,0.007060901856426075,100.0,0.8571428571428571,3.4285714285714284
6.464285714285715e-05,2.357142857142857,0.007060925361838982,78.78571428571428,0.7857142857142857,4.571428571428571
7.171428571428571e-05,5.071428571428571,0.00706136299269636,50.5,0.7857142857142857,2.8571428571428568
5.05e-05,1.0,0.007061665753593227,43.42857142857143,0.7857142857142857,6.285714285714286
3.6357142857142854e-05,1.0,0.007061951937041172,43.42857142857143,0.8571428571428571,3.4285714285714284
3.6357142857142854e-05,1.0,0.007062429875771709,36.357142857142854,0.8571428571428571,3.4285714285714284
2.9285714285714288e-05,2.357142857142857,0.007062784536228159,78.78571428571428,0.7857142857142857,4.0
5.757142857142857e-05,1.0,0.007062910622950008,92.92857142857143,0.8571428571428571,3.4285714285714284
2.9285714285714288e-05,1.0,0.0070635673540437845,78.78571428571428,0.8571428571428571,4.571428571428571
7.171428571428571e-05,3.7142857142857144,0.007064733540763641,78.78571428571428,0.7857142857142857,3.4285714285714284
7.878571428571429e-05,3.7142857142857144,0.007065057283110401,78.78571428571428,0.8571428571428571,2.8571428571428568
5.757142857142857e-05,1.0,0.007065391929184081,85.85714285714286,0.8571428571428571,3.4285714285714284
5.757142857142857e-05,1.0,0.007068167092828326,78.78571428571428,0.8571428571428571,3.4285714285714284
6.464285714285715e-05,2.357142857142857,0.007069227292129878,92.92857142857143,0.7857142857142857,5.142857142857142
3.6357142857142854e-05,1.0,0.007069438249442219,85.85714285714286,0.8571428571428571,5.142857142857142
8.585714285714286e-05,2.357142857142857,0.007069822140338652,92.92857142857143,0.8571428571428571,3.4285714285714284
5.05e-05,3.7142857142857144,0.007070337602900675,36.357142857142854,0.7857142857142857,3.4285714285714284
5.757142857142857e-05,3.7142857142857144,0.007070432709647317,100.0,0.8571428571428571,2.8571428571428568
5.757142857142857e-05,1.0,0.007070742704342603,71.71428571428571,0.8571428571428571,3.4285714285714284
4.342857142857143e-05,1.0,0.007070893355054198,43.42857142857143,0.7857142857142857,7.428571428571428
6.464285714285715e-05,5.071428571428571,0.007070922161767043,78.78571428571428,0.7857142857142857,2.8571428571428568
5.757142857142857e-05,1.0,0.007071605371055037,57.57142857142857,0.8571428571428571,3.4285714285714284
7.171428571428571e-05,2.357142857142857,0.0070716278911222424,57.57142857142857,0.8571428571428571,3.4285714285714284
5.757142857142857e-05,1.0,0.007071829779903896,64.64285714285714,0.8571428571428571,3.4285714285714284
5.757142857142857e-05,1.0,0.007072182014045514,50.5,0.8571428571428571,3.4285714285714284
5.05e-05,1.0,0.007073733923762357,43.42857142857143,0.7857142857142857,6.857142857142857
2.2214285714285717e-05,1.0,0.007074043744150738,57.57142857142857,0.7857142857142857,5.142857142857142
6.464285714285715e-05,2.357142857142857,0.007074154211446429,29.285714285714285,0.7857142857142857,5.142857142857142
5.757142857142857e-05,1.0,0.007074188614400056,43.42857142857143,0.8571428571428571,3.4285714285714284
5.757142857142857e-05,3.7142857142857144,0.00707486325079873,92.92857142857143,0.7857142857142857,4.0
3.6357142857142854e-05,1.0,0.007075218227767577,43.42857142857143,0.7857142857142857,7.428571428571428
6.464285714285715e-05,2.357142857142857,0.007075368645971225,43.42857142857143,0.7857142857142857,4.0
6.464285714285715e-05,1.0,0.0070770183592697685,64.64285714285714,0.8571428571428571,4.571428571428571
6.464285714285715e-05,5.071428571428571,0.007077122795241403,92.92857142857143,0.7857142857142857,2.8571428571428568
5.757142857142857e-05,1.0,0.007077766206563746,43.42857142857143,0.8571428571428571,4.0
5.05e-05,2.357142857142857,0.007078137125763587,57.57142857142857,0.8571428571428571,3.4285714285714284
2.9285714285714288e-05,1.0,0.007078930972285921,29.285714285714285,0.7857142857142857,6.857142857142857
3.6357142857142854e-05,1.0,0.007078942003902214,100.0,0.7857142857142857,5.142857142857142
7.878571428571429e-05,1.0,0.00707948833229656,64.64285714285714,0.8571428571428571,4.0
7.878571428571429e-05,3.7142857142857144,0.007079765675485653,71.71428571428571,0.8571428571428571,2.8571428571428568
5.757142857142857e-05,2.357142857142857,0.007079830434406501,92.92857142857143,0.8571428571428571,4.0
5.757142857142857e-05,1.0,0.007080379006871926,36.357142857142854,0.8571428571428571,3.4285714285714284
8.585714285714286e-05,2.357142857142857,0.007080591133969175,85.85714285714286,0.8571428571428571,3.4285714285714284
7.171428571428571e-05,5.071428571428571,0.007081109953030851,43.42857142857143,0.7857142857142857,2.8571428571428568
7.171428571428571e-05,2.357142857142857,0.00708134202585427,100.0,0.8571428571428571,4.0
6.464285714285715e-05,2.357142857142857,0.007081402593140865,92.92857142857143,0.7857142857142857,5.7142857142857135
3.6357142857142854e-05,1.0,0.007081509581049058,57.57142857142857,0.8571428571428571,4.571428571428571
2.9285714285714288e-05,1.0,0.007081697183823654,57.57142857142857,0.8571428571428571,4.0
5.05e-05,1.0,0.007082323666880155,43.42857142857143,0.7857142857142857,5.7142857142857135
4.342857142857143e-05,1.0,0.00708294835853171,78.78571428571428,0.8571428571428571,5.142857142857142
6.464285714285715e-05,1.0,0.007083963448807457,100.0,0.8571428571428571,5.142857142857142
7.171428571428571e-05,1.0,0.007084134926056462,50.5,0.8571428571428571,4.0
6.464285714285715e-05,2.357142857142857,0.007084546876768838,92.92857142857143,0.8571428571428571,4.0
5.05e-05,2.357142857142857,0.007085380700451829,57.57142857142857,0.7857142857142857,5.7142857142857135
6.464285714285715e-05,5.071428571428571,0.007086096852607179,71.71428571428571,0.7857142857142857,2.8571428571428568
4.342857142857143e-05,1.0,0.007087107242693705,36.357142857142854,0.7857142857142857,4.571428571428571
2.2214285714285717e-05,1.0,0.007087129839897383,36.357142857142854,0.7857142857142857,6.857142857142857
5.757142857142857e-05,2.357142857142857,0.007087269740697189,100.0,0.7857142857142857,4.0
3.6357142857142854e-05,1.0,0.007088867134495002,50.5,0.8571428571428571,3.4285714285714284
3.6357142857142854e-05,2.357142857142857,0.0070898968246781964,71.71428571428571,0.7857142857142857,5.142857142857142
5.05e-05,2.357142857142857,0.007089990954968201,100.0,0.8571428571428571,4.0
4.342857142857143e-05,3.7142857142857144,0.007090877907763133,57.57142857142857,0.7857142857142857,3.4285714285714284
5.757142857142857e-05,1.0,0.007091270740423772,57.57142857142857,0.8571428571428571,4.571428571428571
7.171428571428571e-05,3.7142857142857144,0.0070919122303227475,85.85714285714286,0.7857142857142857,3.4285714285714284
4.342857142857143e-05,1.0,0.007092046569229763,100.0,0.7857142857142857,6.285714285714286
4.342857142857143e-05,1.0,0.007092967526452098,92.92857142857143,0.7857142857142857,5.7142857142857135
5.757142857142857e-05,3.7142857142857144,0.007093067970043274,29.285714285714285,0.7857142857142857,3.4285714285714284
2.2214285714285717e-05,1.0,0.0070931163816194825,22.214285714285715,0.7857142857142857,5.142857142857142
5.757142857142857e-05,3.7142857142857144,0.007093841379366778,85.85714285714286,0.7857142857142857,4.0
8.585714285714286e-05,2.357142857142857,0.00709389070731252,78.78571428571428,0.8571428571428571,3.4285714285714284
6.464285714285715e-05,2.357142857142857,0.007094782309574094,85.85714285714286,0.7857142857142857,4.571428571428571
2.9285714285714288e-05,2.357142857142857,0.007095112813257412,85.85714285714286,0.7857142857142857,4.0
7.171428571428571e-05,1.0,0.00709542818978198,71.71428571428571,0.8571428571428571,4.571428571428571
6.464285714285715e-05,2.357142857142857,0.007096879123016176,100.0,0.7857142857142857,5.142857142857142
5.757142857142857e-05,3.7142857142857144,0.007097371715330089,92.92857142857143,0.8571428571428571,2.8571428571428568
7.171428571428571e-05,2.357142857142857,0.007097751160255686,29.285714285714285,0.7857142857142857,4.571428571428571
7.878571428571429e-05,1.0,0.007098453069994548,100.0,0.8571428571428571,4.571428571428571
5.757142857142857e-05,2.357142857142857,0.007099329770326912,29.285714285714285,0.7857142857142857,5.142857142857142
6.464285714285715e-05,5.071428571428571,0.007099945089423426,100.0,0.7857142857142857,2.8571428571428568
7.878571428571429e-05,3.7142857142857144,0.0070999660353693985,100.0,0.7857142857142857,4.571428571428571
7.171428571428571e-05,5.071428571428571,0.007100211733493034,57.57142857142857,0.7857142857142857,2.8571428571428568
7.878571428571429e-05,3.7142857142857144,0.007100442481908026,64.64285714285714,0.8571428571428571,2.8571428571428568
2.9285714285714288e-05,1.0,0.007100535381466796,57.57142857142857,0.7857142857142857,4.571428571428571
5.757142857142857e-05,1.0,0.007102773243951507,85.85714285714286,0.8571428571428571,5.142857142857142
5.05e-05,1.0,0.007104461763417941,36.357142857142854,0.7857142857142857,6.857142857142857
4.342857142857143e-05,2.357142857142857,0.007105915617977315,15.142857142857142,0.7857142857142857,3.4285714285714284
3.6357142857142854e-05,1.0,0.007106399409119823,43.42857142857143,0.8571428571428571,4.0
6.464285714285715e-05,5.071428571428571,0.007106615497401917,64.64285714285714,0.7857142857142857,2.8571428571428568
5.05e-05,1.0,0.007106821053347109,78.78571428571428,0.8571428571428571,5.142857142857142
2.9285714285714288e-05,2.357142857142857,0.007107197023710382,50.5,0.7857142857142857,4.571428571428571
6.464285714285715e-05,2.357142857142857,0.0071077978215539905,100.0,0.7857142857142857,5.7142857142857135
4.342857142857143e-05,2.357142857142857,0.007107877111945627,22.214285714285715,0.7857142857142857,3.4285714285714284
6.464285714285715e-05,3.7142857142857144,0.007107948913391296,71.71428571428571,0.8571428571428571,2.8571428571428568
2.2214285714285717e-05,1.0,0.007111464317476899,29.285714285714285,0.7857142857142857,6.285714285714286
4.342857142857143e-05,2.357142857142857,0.007112267341406503,64.64285714285714,0.8571428571428571,3.4285714285714284
7.171428571428571e-05,2.357142857142857,0.007113248595308916,36.357142857142854,0.7857142857142857,5.142857142857142
3.6357142857142854e-05,1.0,0.0071136410512723375,57.57142857142857,0.8571428571428571,3.4285714285714284
2.9285714285714288e-05,1.0,0.007113683423296893,71.71428571428571,0.8571428571428571,4.571428571428571
7.878571428571429e-05,1.0,0.0071146322015870015,57.57142857142857,0.8571428571428571,4.0
8.585714285714286e-05,2.357142857142857,0.00711480423262516,71.71428571428571,0.8571428571428571,3.4285714285714284
5.05e-05,1.0,0.007115029421174921,15.142857142857142,0.7857142857142857,5.142857142857142
3.6357142857142854e-05,1.0,0.0071150717616749876,78.78571428571428,0.8571428571428571,5.142857142857142
7.171428571428571e-05,3.7142857142857144,0.007115682766671213,64.64285714285714,0.8571428571428571,2.8571428571428568
7.878571428571429e-05,1.0,0.007116445583794373,92.92857142857143,0.8571428571428571,4.571428571428571
7.171428571428571e-05,3.7142857142857144,0.007117166014890833,92.92857142857143,0.7857142857142857,3.4285714285714284
5.757142857142857e-05,3.7142857142857144,0.007118233675808497,78.78571428571428,0.7857142857142857,4.0
6.464285714285715e-05,2.357142857142857,0.007119231357697953,43.42857142857143,0.7857142857142857,5.7142857142857135
7.171428571428571e-05,2.357142857142857,0.007120872000237369,92.92857142857143,0.8571428571428571,4.0
2.2214285714285717e-05,1.0,0.007121035897818806,64.64285714285714,0.7857142857142857,5.142857142857142
7.878571428571429e-05,3.7142857142857144,0.007121231068092479,92.92857142857143,0.7857142857142857,4.571428571428571
5.757142857142857e-05,2.357142857142857,0.007121238674371708,85.85714285714286,0.8571428571428571,4.0
5.05e-05,2.357142857142857,0.0071233561516347325,92.92857142857143,0.8571428571428571,4.0
2.9285714285714288e-05,2.357142857142857,0.007123675948955979,92.92857142857143,0.7857142857142857,4.0
7.878571428571429e-05,2.357142857142857,0.007124096040356567,57.57142857142857,0.8571428571428571,3.4285714285714284
6.464285714285715e-05,2.357142857142857,0.0071249266614564575,92.92857142857143,0.7857142857142857,4.571428571428571
4.342857142857143e-05,1.0,0.00712535197457328,64.64285714285714,0.7857142857142857,5.142857142857142
6.464285714285715e-05,1.0,0.00712590735639379,92.92857142857143,0.8571428571428571,5.142857142857142
4.342857142857143e-05,1.0,0.007127142693045765,100.0,0.7857142857142857,5.7142857142857135
6.464285714285715e-05,2.357142857142857,0.007128816493235146,85.85714285714286,0.8571428571428571,4.0
5.757142857142857e-05,3.7142857142857144,0.007128875154336753,85.85714285714286,0.8571428571428571,2.8571428571428568
5.05e-05,1.0,0.00712980174556877,29.285714285714285,0.8571428571428571,3.4285714285714284
3.6357142857142854e-05,1.0,0.007131330924599583,57.57142857142857,0.7857142857142857,4.571428571428571
3.6357142857142854e-05,1.0,0.0071341348552073445,64.64285714285714,0.8571428571428571,3.4285714285714284
6.464285714285715e-05,5.071428571428571,0.007135287212013039,57.57142857142857,0.7857142857142857,2.8571428571428568
5.05e-05,1.0,0.007135291757065029,50.5,0.7857142857142857,6.285714285714286
3.6357142857142854e-05,2.357142857142857,0.007136815579867536,64.64285714285714,0.7857142857142857,5.142857142857142
7.171428571428571e-05,5.071428571428571,0.007137220689144319,64.64285714285714,0.7857142857142857,2.8571428571428568
7.878571428571429e-05,1.0,0.0071374627587936276,85.85714285714286,0.8571428571428571,4.571428571428571
4.342857142857143e-05,1.0,0.007137634365774859,50.5,0.8571428571428571,4.571428571428571
6.464285714285715e-05,2.357142857142857,0.007138596467367478,50.5,0.7857142857142857,4.0
5.757142857142857e-05,2.357142857142857,0.007139400431383611,50.5,0.8571428571428571,3.4285714285714284
4.342857142857143e-05,2.357142857142857,0.007139668538587182,29.285714285714285,0.7857142857142857,3.4285714285714284
5.05e-05,1.0,0.007140021526885573,15.142857142857142,0.7857142857142857,4.571428571428571
3.6357142857142854e-05,2.357142857142857,0.007140286771367304,100.0,0.8571428571428571,3.4285714285714284
7.171428571428571e-05,3.7142857142857144,0.0071407011751584235,100.0,0.7857142857142857,3.4285714285714284
8.585714285714286e-05,2.357142857142857,0.007141556400815169,64.64285714285714,0.8571428571428571,3.4285714285714284
4.342857142857143e-05,1.0,0.00714162006831214,71.71428571428571,0.8571428571428571,5.142857142857142
6.464285714285715e-05,1.0,0.0071417264098948136,43.42857142857143,0.8571428571428571,4.0
8.585714285714286e-05,3.7142857142857144,0.007142122613773333,50.5,0.7857142857142857,4.0
5.757142857142857e-05,1.0,0.007143127350371603,29.285714285714285,0.8571428571428571,3.4285714285714284
4.342857142857143e-05,3.7142857142857144,0.0071440543647948605,50.5,0.7857142857142857,3.4285714285714284
8.585714285714286e-05,3.7142857142857144,0.007144283906779447,43.42857142857143,0.7857142857142857,4.0
6.464285714285715e-05,2.357142857142857,0.007146273503997358,22.214285714285715,0.7857142857142857,4.571428571428571
6.464285714285715e-05,2.357142857142857,0.007147331439125509,50.5,0.8571428571428571,3.4285714285714284
5.05e-05,1.0,0.007147729768807967,57.57142857142857,0.7857142857142857,7.428571428571428
7.878571428571429e-05,3.7142857142857144,0.007147858273239785,85.85714285714286,0.7857142857142857,4.571428571428571
5.757142857142857e-05,2.357142857142857,0.007149182496460268,22.214285714285715,0.7857142857142857,4.571428571428571
2.9285714285714288e-05,2.357142857142857,0.00714934451230897,100.0,0.7857142857142857,4.0
5.757142857142857e-05,3.7142857142857144,0.0071504139986915734,71.71428571428571,0.7857142857142857,4.0
3.6357142857142854e-05,2.357142857142857,0.007150764489866415,22.214285714285715,0.7857142857142857,4.0
8.585714285714286e-05,3.7142857142857144,0.007151107328600475,57.57142857142857,0.7857142857142857,4.0
7.878571428571429e-05,2.357142857142857,0.007151650641199603,100.0,0.8571428571428571,4.0
6.464285714285715e-05,2.357142857142857,0.007151698619140839,100.0,0.7857142857142857,4.571428571428571
4.342857142857143e-05,1.0,0.0071525419851600994,29.285714285714285,0.8571428571428571,3.4285714285714284
5.05e-05,1.0,0.007152713895408761,50.5,0.7857142857142857,6.857142857142857
3.6357142857142854e-05,1.0,0.007153503123521846,71.71428571428571,0.8571428571428571,3.4285714285714284
5.05e-05,1.0,0.007153830878584516,50.5,0.8571428571428571,4.571428571428571
5.05e-05,1.0,0.007155309025441733,50.5,0.7857142857142857,7.428571428571428
2.9285714285714288e-05,1.0,0.007157644704611135,100.0,0.8571428571428571,5.142857142857142
5.757142857142857e-05,1.0,0.007158260599922725,78.78571428571428,0.8571428571428571,5.142857142857142
5.05e-05,1.0,0.007159844161446244,50.5,0.7857142857142857,5.7142857142857135
5.05e-05,1.0,0.007160362182898958,36.357142857142854,0.7857142857142857,5.142857142857142
7.878571428571429e-05,1.0,0.0071612336672635165,78.78571428571428,0.8571428571428571,4.571428571428571
7.171428571428571e-05,2.357142857142857,0.0071623474371709794,43.42857142857143,0.7857142857142857,5.142857142857142
5.05e-05,2.357142857142857,0.007162588497439679,85.85714285714286,0.8571428571428571,4.0
2.2214285714285717e-05,1.0,0.0071641141200570165,71.71428571428571,0.7857142857142857,5.142857142857142
3.6357142857142854e-05,2.357142857142857,0.007165769916583284,92.92857142857143,0.8571428571428571,3.4285714285714284
5.757142857142857e-05,3.7142857142857144,0.0071662077327966115,78.78571428571428,0.8571428571428571,2.8571428571428568
7.171428571428571e-05,2.357142857142857,0.007166899171769858,85.85714285714286,0.8571428571428571,4.0
8.585714285714286e-05,3.7142857142857144,0.00716708252301943,64.64285714285714,0.7857142857142857,4.0
6.464285714285715e-05,3.7142857142857144,0.007168175269630925,64.64285714285714,0.8571428571428571,2.8571428571428568
5.05e-05,1.0,0.007168335048711167,71.71428571428571,0.8571428571428571,5.142857142857142
5.05e-05,2.357142857142857,0.007168367975731754,22.214285714285715,0.7857142857142857,3.4285714285714284
2.9285714285714288e-05,1.0,0.007168368789060522,64.64285714285714,0.7857142857142857,4.571428571428571
3.6357142857142854e-05,1.0,0.0071694809433034915,71.71428571428571,0.8571428571428571,5.142857142857142
3.6357142857142854e-05,2.357142857142857,0.007169558953925853,22.214285714285715,0.7857142857142857,3.4285714285714284
5.757142857142857e-05,2.357142857142857,0.007170376719241247,78.78571428571428,0.8571428571428571,4.0
2.9285714285714288e-05,1.0,0.007171075454139924,50.5,0.8571428571428571,4.0
3.6357142857142854e-05,1.0,0.0071711682885898685,78.78571428571428,0.8571428571428571,3.4285714285714284
7.171428571428571e-05,5.071428571428571,0.007171705363964218,71.71428571428571,0.7857142857142857,2.8571428571428568
2.9285714285714288e-05,2.357142857142857,0.007171711318095228,29.285714285714285,0.7857142857142857,4.0
7.171428571428571e-05,2.357142857142857,0.007172625558042453,36.357142857142854,0.7857142857142857,4.571428571428571
6.464285714285715e-05,1.0,0.007172890495352874,57.57142857142857,0.8571428571428571,4.571428571428571
6.464285714285715e-05,3.7142857142857144,0.007173172681837406,43.42857142857143,0.7857142857142857,4.0
6.464285714285715e-05,1.0,0.007174165135815908,85.85714285714286,0.8571428571428571,5.142857142857142
2.9285714285714288e-05,1.0,0.007174350357547915,64.64285714285714,0.8571428571428571,4.571428571428571
5.05e-05,2.357142857142857,0.007175264681397442,29.285714285714285,0.7857142857142857,3.4285714285714284
2.9285714285714288e-05,1.0,0.007175634907641432,22.214285714285715,0.7142857142857142,6.857142857142857
2.2214285714285717e-05,1.0,0.00717575401369581,100.0,0.7857142857142857,8.0
7.171428571428571e-05,2.357142857142857,0.007176452888898835,22.214285714285715,0.7857142857142857,4.571428571428571
7.171428571428571e-05,1.0,0.0071769968248191875,64.64285714285714,0.8571428571428571,4.571428571428571
6.464285714285715e-05,5.071428571428571,0.007177093970668705,50.5,0.7857142857142857,2.8571428571428568
5.05e-05,2.357142857142857,0.007177435187984207,50.5,0.8571428571428571,3.4285714285714284
7.878571428571429e-05,1.0,0.00717787590543211,50.5,0.8571428571428571,4.0
4.342857142857143e-05,2.357142857142857,0.007180391350283593,36.357142857142854,0.7857142857142857,3.4285714285714284
6.464285714285715e-05,2.357142857142857,0.007180732989518032,78.78571428571428,0.8571428571428571,4.0
7.878571428571429e-05,3.7142857142857144,0.007180799598347956,78.78571428571428,0.7857142857142857,4.571428571428571
7.171428571428571e-05,1.0,0.00718081939255461,100.0,0.8571428571428571,5.142857142857142
7.171428571428571e-05,2.357142857142857,0.007181701170729568,50.5,0.8571428571428571,3.4285714285714284
7.878571428571429e-05,3.7142857142857144,0.007182247764508573,57.57142857142857,0.8571428571428571,2.8571428571428568
4.342857142857143e-05,1.0,0.007183328103648562,100.0,0.8571428571428571,5.7142857142857135
3.6357142857142854e-05,1.0,0.007183887378496029,50.5,0.8571428571428571,4.571428571428571
4.342857142857143e-05,1.0,0.0071842696697651445,36.357142857142854,0.7857142857142857,7.428571428571428
3.6357142857142854e-05,1.0,0.007184463149280762,15.142857142857142,0.7857142857142857,4.0
8.585714285714286e-05,1.0,0.007184647689529086,100.0,0.8571428571428571,4.0
8.585714285714286e-05,3.7142857142857144,0.007184858294289218,78.78571428571428,0.7857142857142857,4.571428571428571
7.171428571428571e-05,5.071428571428571,0.007185176730813011,36.357142857142854,0.7857142857142857,2.8571428571428568
4.342857142857143e-05,2.357142857142857,0.0071861502585704035,57.57142857142857,0.8571428571428571,3.4285714285714284
3.6357142857142854e-05,1.0,0.007186424411826408,85.85714285714286,0.8571428571428571,3.4285714285714284
8.585714285714286e-05,3.7142857142857144,0.0071867651938133685,71.71428571428571,0.7857142857142857,4.0
2.9285714285714288e-05,1.0,0.00718687180525146,92.92857142857143,0.8571428571428571,5.142857142857142
8.585714285714286e-05,3.7142857142857144,0.0071882665526226495,71.71428571428571,0.7857142857142857,4.571428571428571
2.9285714285714288e-05,1.0,0.0071883304287001905,15.142857142857142,0.7857142857142857,5.142857142857142
3.6357142857142854e-05,1.0,0.007189165606369219,8.071428571428571,0.7857142857142857,4.571428571428571
5.05e-05,2.357142857142857,0.0071891678443258165,50.5,0.7857142857142857,5.7142857142857135
7.878571428571429e-05,3.7142857142857144,0.007189205469026983,36.357142857142854,0.7857142857142857,4.0
4.342857142857143e-05,1.0,0.007189395926040468,71.71428571428571,0.7857142857142857,5.142857142857142
2.9285714285714288e-05,1.0,0.007190971442384578,22.214285714285715,0.7857142857142857,6.285714285714286
7.878571428571429e-05,2.357142857142857,0.007191089552347069,92.92857142857143,0.8571428571428571,4.0
4.342857142857143e-05,1.0,0.007191232981642187,15.142857142857142,0.7857142857142857,5.7142857142857135
8.585714285714286e-05,2.357142857142857,0.007191342821034527,57.57142857142857,0.8571428571428571,3.4285714285714284
4.342857142857143e-05,1.0,0.0071921789968033365,43.42857142857143,0.7857142857142857,4.571428571428571
5.05e-05,2.357142857142857,0.007192313065384023,36.357142857142854,0.7857142857142857,3.4285714285714284
5.757142857142857e-05,3.7142857142857144,0.00719303586518587,64.64285714285714,0.7857142857142857,4.0
4.342857142857143e-05,1.0,0.007193858442579362,15.142857142857142,0.7857142857142857,4.0
6.464285714285715e-05,2.357142857142857,0.007194108908460226,57.57142857142857,0.7857142857142857,4.0
7.878571428571429e-05,3.7142857142857144,0.007194125243760813,43.42857142857143,0.7857142857142857,3.4285714285714284
2.2214285714285717e-05,1.0,0.0071943310190366065,92.92857142857143,0.7857142857142857,8.0
7.171428571428571e-05,3.7142857142857144,0.007194339509438233,57.57142857142857,0.8571428571428571,2.8571428571428568
7.878571428571429e-05,3.7142857142857144,0.007195138706862175,36.357142857142854,0.7857142857142857,3.4285714285714284
3.6357142857142854e-05,2.357142857142857,0.007195625523693916,85.85714285714286,0.8571428571428571,3.4285714285714284
3.6357142857142854e-05,1.0,0.00719582194776425,22.214285714285715,0.7857142857142857,4.0
5.05e-05,1.0,0.0071962875911465605,22.214285714285715,0.7857142857142857,4.571428571428571
4.342857142857143e-05,1.0,0.007196624154061701,36.357142857142854,0.8571428571428571,4.0
8.585714285714286e-05,1.0,0.007196680149630647,92.92857142857143,0.8571428571428571,4.0
3.6357142857142854e-05,1.0,0.0071971477015403875,64.64285714285714,0.7857142857142857,4.571428571428571
5.05e-05,2.357142857142857,0.00719916027916315,15.142857142857142,0.7857142857142857,3.4285714285714284
3.6357142857142854e-05,1.0,0.007200219285249926,92.92857142857143,0.8571428571428571,3.4285714285714284
3.6357142857142854e-05,2.357142857142857,0.007200870183978173,57.57142857142857,0.7857142857142857,5.142857142857142
2.2214285714285717e-05,1.0,0.007201009782428483,43.42857142857143,0.7857142857142857,7.428571428571428
2.9285714285714288e-05,2.357142857142857,0.007201561942616744,43.42857142857143,0.7857142857142857,4.571428571428571
5.05e-05,1.0,0.007202788284286293,36.357142857142854,0.8571428571428571,4.0
7.171428571428571e-05,5.071428571428571,0.007203094695802362,78.78571428571428,0.7857142857142857,2.8571428571428568
2.2214285714285717e-05,1.0,0.00720318835582322,78.78571428571428,0.7857142857142857,5.142857142857142
5.05e-05,1.0,0.007204255771506204,57.57142857142857,0.7857142857142857,6.285714285714286
5.757142857142857e-05,1.0,0.007205408165043015,50.5,0.8571428571428571,4.571428571428571
7.878571428571429e-05,3.7142857142857144,0.007206156442228157,50.5,0.7857142857142857,3.4285714285714284
8.585714285714286e-05,3.7142857142857144,0.007207742545605666,78.78571428571428,0.7857142857142857,4.0
8.585714285714286e-05,3.7142857142857144,0.0072079957734344224,85.85714285714286,0.7857142857142857,4.571428571428571
8.585714285714286e-05,3.7142857142857144,0.007208289012033223,36.357142857142854,0.7857142857142857,4.0
4.342857142857143e-05,2.357142857142857,0.007208462580271196,100.0,0.8571428571428571,4.0
3.6357142857142854e-05,1.0,0.007208671492350266,100.0,0.8571428571428571,5.7142857142857135
5.05e-05,2.357142857142857,0.007209227012709293,78.78571428571428,0.8571428571428571,4.0
5.757142857142857e-05,3.7142857142857144,0.007211031011398828,71.71428571428571,0.8571428571428571,2.8571428571428568
8.585714285714286e-05,1.0,0.0072114040759428035,85.85714285714286,0.8571428571428571,4.0
3.6357142857142854e-05,1.0,0.007212250969213877,100.0,0.8571428571428571,3.4285714285714284
4.342857142857143e-05,1.0,0.007212256698577335,64.64285714285714,0.8571428571428571,5.142857142857142
5.05e-05,1.0,0.007212721781115447,64.64285714285714,0.7857142857142857,7.428571428571428
5.05e-05,2.357142857142857,0.007212816983029055,22.214285714285715,0.7857142857142857,4.571428571428571
4.342857142857143e-05,2.357142857142857,0.007213444577315042,36.357142857142854,0.7857142857142857,5.142857142857142
7.878571428571429e-05,1.0,0.00721387693114717,71.71428571428571,0.8571428571428571,4.571428571428571
3.6357142857142854e-05,1.0,0.00721429525007804,36.357142857142854,0.7857142857142857,7.428571428571428
5.05e-05,1.0,0.007216880810060114,43.42857142857143,0.7857142857142857,7.428571428571428
5.05e-05,2.357142857142857,0.00721701634679052,43.42857142857143,0.7857142857142857,3.4285714285714284
2.2214285714285717e-05,1.0,0.0072179183043647845,85.85714285714286,0.7857142857142857,8.0
7.171428571428571e-05,2.357142857142857,0.007218007997114878,50.5,0.7857142857142857,5.142857142857142
7.878571428571429e-05,3.7142857142857144,0.007218445270028237,29.285714285714285,0.7857142857142857,3.4285714285714284
4.342857142857143e-05,2.357142857142857,0.007219157785768435,43.42857142857143,0.7857142857142857,3.4285714285714284
3.6357142857142854e-05,2.357142857142857,0.007219427782325341,15.142857142857142,0.7857142857142857,3.4285714285714284
4.342857142857143e-05,1.0,0.007219596978613468,92.92857142857143,0.8571428571428571,5.7142857142857135
7.171428571428571e-05,3.7142857142857144,0.007219984075689906,36.357142857142854,0.7857142857142857,4.0
7.171428571428571e-05,2.357142857142857,0.007220932088077442,78.78571428571428,0.8571428571428571,4.0
2.9285714285714288e-05,1.0,0.007221410481186588,85.85714285714286,0.8571428571428571,5.142857142857142
7.878571428571429e-05,3.7142857142857144,0.0072228204006317825,71.71428571428571,0.7857142857142857,4.571428571428571
7.171428571428571e-05,1.0,0.00722316769334812,43.42857142857143,0.8571428571428571,4.0
5.05e-05,1.0,0.0072232598292138826,100.0,0.8571428571428571,5.7142857142857135
5.757142857142857e-05,1.0,0.007223475649778338,71.71428571428571,0.8571428571428571,5.142857142857142
4.342857142857143e-05,3.7142857142857144,0.007223737339699665,43.42857142857143,0.7857142857142857,3.4285714285714284
2.9285714285714288e-05,1.0,0.0072237991883704195,71.71428571428571,0.7857142857142857,4.571428571428571
5.05e-05,1.0,0.007224297401535651,57.57142857142857,0.7857142857142857,6.857142857142857
7.171428571428571e-05,1.0,0.0072246860689257845,92.92857142857143,0.8571428571428571,5.142857142857142
7.878571428571429e-05,3.7142857142857144,0.0072256069239090585,57.57142857142857,0.7857142857142857,3.4285714285714284
8.585714285714286e-05,3.7142857142857144,0.007228743933251206,85.85714285714286,0.7857142857142857,4.0
8.585714285714286e-05,1.0,0.007229092014868754,78.78571428571428,0.8571428571428571,4.0
5.757142857142857e-05,2.357142857142857,0.00722942643910095,71.71428571428571,0.8571428571428571,4.0
5.757142857142857e-05,2.357142857142857,0.00723040047175586,36.357142857142854,0.7857142857142857,5.7142857142857135
2.2214285714285717e-05,1.0,0.007230421816778812,22.214285714285715,0.7857142857142857,4.571428571428571
8.585714285714286e-05,3.7142857142857144,0.007230843463922917,92.92857142857143,0.7857142857142857,4.571428571428571
3.6357142857142854e-05,2.357142857142857,0.007230960306379225,78.78571428571428,0.8571428571428571,3.4285714285714284
5.05e-05,1.0,0.007231166649568891,57.57142857142857,0.7857142857142857,5.7142857142857135
6.464285714285715e-05,1.0,0.007231323054593622,78.78571428571428,0.8571428571428571,5.142857142857142
7.171428571428571e-05,5.071428571428571,0.007231677155439381,85.85714285714286,0.7857142857142857,2.8571428571428568
3.6357142857142854e-05,2.357142857142857,0.007232665133337646,29.285714285714285,0.7857142857142857,4.571428571428571
3.6357142857142854e-05,1.0,0.007233831527128207,29.285714285714285,0.8571428571428571,3.4285714285714284
5.05e-05,1.0,0.007235180413109663,29.285714285714285,0.7857142857142857,6.857142857142857
7.878571428571429e-05,2.357142857142857,0.007235389076022766,50.5,0.8571428571428571,3.4285714285714284
3.6357142857142854e-05,1.0,0.007235916182291163,64.64285714285714,0.8571428571428571,5.142857142857142
2.9285714285714288e-05,1.0,0.007236571769820973,36.357142857142854,0.7857142857142857,7.428571428571428
7.878571428571429e-05,2.357142857142857,0.007237317477219366,85.85714285714286,0.8571428571428571,4.0
5.05e-05,2.357142857142857,0.007237785952010736,29.285714285714285,0.7857142857142857,5.142857142857142
3.6357142857142854e-05,2.357142857142857,0.007238100400401506,29.285714285714285,0.7857142857142857,3.4285714285714284
6.464285714285715e-05,2.357142857142857,0.007238489258742334,36.357142857142854,0.7857142857142857,5.7142857142857135
4.342857142857143e-05,2.357142857142857,0.007238704115360972,92.92857142857143,0.8571428571428571,4.0
2.2214285714285717e-05,1.0,0.0072387341159971755,85.85714285714286,0.7857142857142857,5.142857142857142
6.464285714285715e-05,5.071428571428571,0.007240982411443803,43.42857142857143,0.7857142857142857,2.8571428571428568
8.585714285714286e-05,3.7142857142857144,0.007241065618957476,64.64285714285714,0.7857142857142857,4.571428571428571
3.6357142857142854e-05,1.0,0.00724160516847949,92.92857142857143,0.8571428571428571,5.7142857142857135
7.171428571428571e-05,2.357142857142857,0.007241662668536225,43.42857142857143,0.7857142857142857,4.571428571428571
6.464285714285715e-05,3.7142857142857144,0.007241840439219038,57.57142857142857,0.8571428571428571,2.8571428571428568
6.464285714285715e-05,2.357142857142857,0.007242352091938129,71.71428571428571,0.8571428571428571,4.0
5.05e-05,1.0,0.007242560424615943,64.64285714285714,0.8571428571428571,5.142857142857142
6.464285714285715e-05,2.357142857142857,0.007243432070057931,64.64285714285714,0.7857142857142857,4.0
5.757142857142857e-05,1.0,0.007243484026198693,36.357142857142854,0.8571428571428571,4.0
4.342857142857143e-05,1.0,0.007245195752215922,78.78571428571428,0.7857142857142857,5.142857142857142
5.05e-05,2.357142857142857,0.007245389487208242,50.5,0.7857142857142857,3.4285714285714284
8.585714285714286e-05,2.357142857142857,0.007245526812230516,100.0,0.8571428571428571,4.0
2.2214285714285717e-05,1.0,0.007248277512919515,78.78571428571428,0.7857142857142857,8.0
7.878571428571429e-05,5.071428571428571,0.007248313761744221,36.357142857142854,0.7857142857142857,2.8571428571428568
2.9285714285714288e-05,1.0,0.007248451684657012,57.57142857142857,0.8571428571428571,4.571428571428571
7.878571428571429e-05,3.7142857142857144,0.0072492983049695535,64.64285714285714,0.7857142857142857,3.4285714285714284
8.585714285714286e-05,3.7142857142857144,0.007249417553095406,92.92857142857143,0.7857142857142857,4.0
5.05e-05,3.7142857142857144,0.0072496489320106,100.0,0.8571428571428571,2.8571428571428568
8.585714285714286e-05,1.0,0.007249994135032312,71.71428571428571,0.8571428571428571,4.0
5.757142857142857e-05,3.7142857142857144,0.007250095990832342,57.57142857142857,0.7857142857142857,4.0
6.464285714285715e-05,2.357142857142857,0.007252174784975538,100.0,0.7857142857142857,6.285714285714286
8.585714285714286e-05,3.7142857142857144,0.007252246833747233,100.0,0.7857142857142857,4.571428571428571
2.2214285714285717e-05,1.0,0.007253346546364933,22.214285714285715,0.7857142857142857,5.7142857142857135
3.6357142857142854e-05,1.0,0.007253353965742814,71.71428571428571,0.7857142857142857,4.571428571428571
5.05e-05,1.0,0.007254902561483539,22.214285714285715,0.7857142857142857,6.285714285714286
4.342857142857143e-05,2.357142857142857,0.0072570096636895755,50.5,0.7857142857142857,3.4285714285714284
7.171428571428571e-05,5.071428571428571,0.007257409100521475,92.92857142857143,0.7857142857142857,2.8571428571428568
3.6357142857142854e-05,1.0,0.007257851157124251,36.357142857142854,0.8571428571428571,4.0
6.464285714285715e-05,1.0,0.00725803643936373,100.0,0.8571428571428571,3.4285714285714284
7.171428571428571e-05,2.357142857142857,0.007258684501914312,29.285714285714285,0.7857142857142857,5.142857142857142
6.464285714285715e-05,1.0,0.007259283129708921,92.92857142857143,0.8571428571428571,3.4285714285714284
5.05e-05,1.0,0.00726039638495139,43.42857142857143,0.7857142857142857,5.142857142857142
1.5142857142857144e-05,2.357142857142857,0.0072607861832563875,15.142857142857142,0.0,6.857142857142857
1.5142857142857144e-05,2.357142857142857,0.007260787449607597,15.142857142857142,0.07142857142857142,6.857142857142857
1.5142857142857144e-05,2.357142857142857,0.007260843779322531,36.357142857142854,0.42857142857142855,6.857142857142857
1.5142857142857144e-05,2.357142857142857,0.007260863269820517,50.5,0.5,6.857142857142857
1.5142857142857144e-05,2.357142857142857,0.007260867172642826,29.285714285714285,0.3571428571428571,6.857142857142857
1.5142857142857144e-05,2.357142857142857,0.007260893194940487,22.214285714285715,0.2857142857142857,6.857142857142857
1.5142857142857144e-05,2.357142857142857,0.007260899696078437,85.85714285714286,0.5714285714285714,6.857142857142857
1.5142857142857144e-05,2.357142857142857,0.007260936354408787,22.214285714285715,0.21428571428571427,6.857142857142857
1.5142857142857144e-05,2.357142857142857,0.007260960328363916,92.92857142857143,0.5714285714285714,6.857142857142857
1.5142857142857144e-05,2.357142857142857,0.007260973650203784,57.57142857142857,0.5,6.857142857142857
1.5142857142857144e-05,2.357142857142857,0.007260988514348044,43.42857142857143,0.42857142857142855,6.857142857142857
1.5142857142857144e-05,2.357142857142857,0.00726098879849395,100.0,0.5714285714285714,6.857142857142857
1.5142857142857144e-05,2.357142857142857,0.007260996231435268,29.285714285714285,0.2857142857142857,6.857142857142857
1.5142857142857144e-05,2.357142857142857,0.007260997912476705,22.214285714285715,0.14285714285714285,6.857142857142857
1.5142857142857144e-05,2.357142857142857,0.007261001703501921,36.357142857142854,0.3571428571428571,6.857142857142857
1.5142857142857144e-05,2.357142857142857,0.0072610031967470234,64.64285714285714,0.5,6.857142857142857
1.5142857142857144e-05,2.357142857142857,0.007261010312704694,50.5,0.42857142857142855,6.857142857142857
1.5142857142857144e-05,2.357142857142857,0.00726101050917336,22.214285714285715,0.07142857142857142,6.857142857142857
1.5142857142857144e-05,2.357142857142857,0.007261011285870383,71.71428571428571,0.5,6.857142857142857
1.5142857142857144e-05,2.357142857142857,0.007261012163870514,29.285714285714285,0.21428571428571427,6.857142857142857
1.5142857142857144e-05,2.357142857142857,0.007261013086463245,22.214285714285715,0.0,6.857142857142857
1.5142857142857144e-05,2.357142857142857,0.007261013247832532,43.42857142857143,0.3571428571428571,6.857142857142857
1.5142857142857144e-05,2.357142857142857,0.00726101346541555,36.357142857142854,0.2857142857142857,6.857142857142857
1.5142857142857144e-05,2.357142857142857,0.007261013532742433,78.78571428571428,0.5,6.857142857142857
1.5142857142857144e-05,2.357142857142857,0.00726101374477448,57.57142857142857,0.42857142857142855,6.857142857142857
1.5142857142857144e-05,2.357142857142857,0.007261014131025398,29.285714285714285,0.14285714285714285,6.857142857142857
1.5142857142857144e-05,2.357142857142857,0.007261014163219562,85.85714285714286,0.5,6.857142857142857
1.5142857142857144e-05,2.357142857142857,0.0072610143011006155,50.5,0.3571428571428571,6.857142857142857
1.5142857142857144e-05,2.357142857142857,0.007261014301513427,64.64285714285714,0.42857142857142855,6.857142857142857
1.5142857142857144e-05,2.357142857142857,0.007261014341426919,92.92857142857143,0.5,6.857142857142857
1.5142857142857144e-05,2.357142857142857,0.007261014341750369,36.357142857142854,0.21428571428571427,6.857142857142857
1.5142857142857144e-05,2.357142857142857,0.00726101435997073,43.42857142857143,0.2857142857142857,6.857142857142857
1.5142857142857144e-05,2.357142857142857,0.007261014373892807,29.285714285714285,0.07142857142857142,6.857142857142857
1.5142857142857144e-05,2.357142857142857,0.0072610143920691875,100.0,0.5,6.857142857142857
1.5142857142857144e-05,2.357142857142857,0.007261014393684919,71.71428571428571,0.42857142857142855,6.857142857142857
1.5142857142857144e-05,2.357142857142857,0.007261014401395527,57.57142857142857,0.3571428571428571,6.857142857142857
1.5142857142857144e-05,2.357142857142857,0.007261014403877342,29.285714285714285,0.0,6.857142857142857
1.5142857142857144e-05,2.357142857142857,0.00726101440703894,36.357142857142854,0.14285714285714285,6.857142857142857
1.5142857142857144e-05,2.357142857142857,0.007261014409159589,78.78571428571428,0.42857142857142855,6.857142857142857
1.5142857142857144e-05,2.357142857142857,0.007261014409306455,50.5,0.2857142857142857,6.857142857142857
1.5142857142857144e-05,2.357142857142857,0.0072610144099699795,43.42857142857143,0.21428571428571427,6.857142857142857
1.5142857142857144e-05,2.357142857142857,0.007261014411229111,64.64285714285714,0.3571428571428571,6.857142857142857
1.5142857142857144e-05,2.357142857142857,0.007261014411782929,85.85714285714286,0.42857142857142855,6.857142857142857
1.5142857142857144e-05,2.357142857142857,0.007261014411902933,36.357142857142854,0.07142857142857142,6.857142857142857
1.5142857142857144e-05,2.357142857142857,0.007261014412144673,57.57142857142857,0.2857142857142857,6.857142857142857
1.5142857142857144e-05,2.357142857142857,0.007261014412212691,71.71428571428571,0.3571428571428571,6.857142857142857
1.5142857142857144e-05,2.357142857142857,0.007261014412217701,43.42857142857143,0.14285714285714285,6.857142857142857
1.5142857142857144e-05,2.357142857142857,0.007261014412230593,92.92857142857143,0.42857142857142855,6.857142857142857
1.5142857142857144e-05,2.357142857142857,0.007261014412241901,50.5,0.21428571428571427,6.857142857142857
1.5142857142857144e-05,2.357142857142857,0.0072610144122654515,36.357142857142854,0.0,6.857142857142857
1.5142857142857144e-05,2.357142857142857,0.007261014412307853,100.0,0.42857142857142855,6.857142857142857
1.5142857142857144e-05,2.357142857142857,0.007261014412312075,78.78571428571428,0.3571428571428571,6.857142857142857
1.5142857142857144e-05,2.357142857142857,0.0072610144123128025,64.64285714285714,0.2857142857142857,6.857142857142857
1.5142857142857144e-05,2.357142857142857,0.007261014412318756,43.42857142857143,0.07142857142857142,6.857142857142857
1.5142857142857144e-05,2.357142857142857,0.007261014412320871,57.57142857142857,0.21428571428571427,6.857142857142857
1.5142857142857144e-05,2.357142857142857,0.0072610144123216504,50.5,0.14285714285714285,6.857142857142857
1.5142857142857144e-05,2.357142857142857,0.007261014412322487,85.85714285714286,0.3571428571428571,6.857142857142857
1.5142857142857144e-05,2.357142857142857,0.007261014412323125,71.71428571428571,0.2857142857142857,6.857142857142857
1.5142857142857144e-05,2.357142857142857,0.007261014412323408,43.42857142857143,0.0,6.857142857142857
1.5142857142857144e-05,2.357142857142857,0.00726101441232378,92.92857142857143,0.3571428571428571,6.857142857142857
1.5142857142857144e-05,2.357142857142857,0.007261014412323791,64.64285714285714,0.21428571428571427,6.857142857142857
1.5142857142857144e-05,2.357142857142857,0.007261014412323805,57.57142857142857,0.07142857142857142,6.857142857142857
1.5142857142857144e-05,2.357142857142857,0.00726101441232381,100.0,0.3571428571428571,6.857142857142857
1.5142857142857144e-05,2.357142857142857,0.007261014412323815,50.5,0.0,6.857142857142857
1.5142857142857144e-05,2.357142857142857,0.007261014412323815,85.85714285714286,0.2857142857142857,6.857142857142857
1.5142857142857144e-05,2.357142857142857,0.007261014412323815,64.64285714285714,0.14285714285714285,6.857142857142857
1.5142857142857144e-05,2.357142857142857,0.007261014412323815,71.71428571428571,0.21428571428571427,6.857142857142857
1.5142857142857144e-05,2.357142857142857,0.0072610144123238215,57.57142857142857,0.14285714285714285,6.857142857142857
1.5142857142857144e-05,2.357142857142857,0.007261014412323827,78.78571428571428,0.21428571428571427,6.857142857142857
1.5142857142857144e-05,2.357142857142857,0.007261014412323827,78.78571428571428,0.0,6.857142857142857
1.5142857142857144e-05,2.357142857142857,0.007261014412323827,85.85714285714286,0.14285714285714285,6.857142857142857
1.5142857142857144e-05,2.357142857142857,0.007261014412323827,92.92857142857143,0.0,6.857142857142857
1.5142857142857144e-05,2.357142857142857,0.007261014412323827,85.85714285714286,0.21428571428571427,6.857142857142857
1.5142857142857144e-05,2.357142857142857,0.007261014412323827,85.85714285714286,0.0,6.857142857142857
1.5142857142857144e-05,2.357142857142857,0.007261014412323827,85.85714285714286,0.07142857142857142,6.857142857142857
1.5142857142857144e-05,2.357142857142857,0.007261014412323827,100.0,0.21428571428571427,6.857142857142857
1.5142857142857144e-05,2.357142857142857,0.007261014412323827,71.71428571428571,0.14285714285714285,6.857142857142857
1.5142857142857144e-05,2.357142857142857,0.007261014412323827,64.64285714285714,0.07142857142857142,6.857142857142857
1.5142857142857144e-05,2.357142857142857,0.007261014412323827,78.78571428571428,0.14285714285714285,6.857142857142857
1.5142857142857144e-05,2.357142857142857,0.007261014412323827,78.78571428571428,0.07142857142857142,6.857142857142857
1.5142857142857144e-05,2.357142857142857,0.007261014412323827,57.57142857142857,0.0,6.857142857142857
1.5142857142857144e-05,2.357142857142857,0.007261014412323827,64.64285714285714,0.0,6.857142857142857
1.5142857142857144e-05,2.357142857142857,0.007261014412323827,71.71428571428571,0.07142857142857142,6.857142857142857
1.5142857142857144e-05,2.357142857142857,0.007261014412323827,71.71428571428571,0.0,6.857142857142857
1.5142857142857144e-05,2.357142857142857,0.007261014412323827,100.0,0.0,6.857142857142857
1.5142857142857144e-05,2.357142857142857,0.007261014412323827,92.92857142857143,0.21428571428571427,6.857142857142857
1.5142857142857144e-05,2.357142857142857,0.007261014412323827,92.92857142857143,0.14285714285714285,6.857142857142857
1.5142857142857144e-05,2.357142857142857,0.007261014412323827,92.92857142857143,0.07142857142857142,6.857142857142857
1.5142857142857144e-05,2.357142857142857,0.007261014412323827,50.5,0.07142857142857142,6.857142857142857
1.5142857142857144e-05,2.357142857142857,0.007261014412323827,100.0,0.07142857142857142,6.857142857142857
1.5142857142857144e-05,2.357142857142857,0.007261014412323827,100.0,0.2857142857142857,6.857142857142857
1.5142857142857144e-05,2.357142857142857,0.007261014412323827,100.0,0.14285714285714285,6.857142857142857
1.5142857142857144e-05,2.357142857142857,0.007261014412323827,92.92857142857143,0.2857142857142857,6.857142857142857
1.5142857142857144e-05,2.357142857142857,0.007261014412323833,78.78571428571428,0.2857142857142857,6.857142857142857
6.464285714285715e-05,1.0,0.00726107595547926,85.85714285714286,0.8571428571428571,3.4285714285714284
1.5142857142857144e-05,2.357142857142857,0.007261134128636992,78.78571428571428,0.5714285714285714,6.857142857142857
4.342857142857143e-05,1.0,0.007261775585401392,85.85714285714286,0.8571428571428571,5.7142857142857135
1.5142857142857144e-05,2.357142857142857,0.00726199542856118,15.142857142857142,0.14285714285714285,6.857142857142857
5.05e-05,1.0,0.007262101129429497,92.92857142857143,0.8571428571428571,5.7142857142857135
1.5142857142857144e-05,2.357142857142857,0.007262293360420888,43.42857142857143,0.5,6.857142857142857
1.5142857142857144e-05,2.357142857142857,0.007262449191931877,71.71428571428571,0.5714285714285714,6.857142857142857
2.9285714285714288e-05,1.0,0.0072631188639287,78.78571428571428,0.8571428571428571,5.142857142857142
7.171428571428571e-05,3.7142857142857144,0.007263468054485317,22.214285714285715,0.7857142857142857,3.4285714285714284
6.464285714285715e-05,1.0,0.007263502688007012,78.78571428571428,0.8571428571428571,3.4285714285714284
1.5142857142857144e-05,2.357142857142857,0.007263652996814715,29.285714285714285,0.42857142857142855,6.857142857142857
1.5142857142857144e-05,2.357142857142857,0.00726451603302285,22.214285714285715,0.3571428571428571,6.857142857142857
7.878571428571429e-05,5.071428571428571,0.007264645588836905,29.285714285714285,0.7857142857142857,2.8571428571428568
5.05e-05,2.357142857142857,0.0072648760239524355,71.71428571428571,0.8571428571428571,4.0
1.5142857142857144e-05,2.357142857142857,0.007265237982282527,64.64285714285714,0.5714285714285714,6.857142857142857
5.757142857142857e-05,3.7142857142857144,0.00726551422129319,64.64285714285714,0.8571428571428571,2.8571428571428568
1.5142857142857144e-05,2.357142857142857,0.00726554967246428,15.142857142857142,0.21428571428571427,6.857142857142857
6.464285714285715e-05,2.357142857142857,0.007266980108010843,92.92857142857143,0.7857142857142857,6.285714285714286
6.464285714285715e-05,1.0,0.007267702941872167,71.71428571428571,0.8571428571428571,3.4285714285714284
5.757142857142857e-05,2.357142857142857,0.007268147872453787,43.42857142857143,0.8571428571428571,3.4285714285714284
5.05e-05,1.0,0.007268221259121232,64.64285714285714,0.7857142857142857,6.285714285714286
1.5142857142857144e-05,2.357142857142857,0.007268253654469528,36.357142857142854,0.5,6.857142857142857
5.05e-05,3.7142857142857144,0.007268416884626663,29.285714285714285,0.7857142857142857,3.4285714285714284
3.6357142857142854e-05,1.0,0.007268546513067728,15.142857142857142,0.7857142857142857,5.7142857142857135
5.757142857142857e-05,2.357142857142857,0.007268576697298193,15.142857142857142,0.7857142857142857,4.0
2.2214285714285717e-05,1.0,0.007268594362759287,100.0,0.8571428571428571,4.0
6.464285714285715e-05,2.357142857142857,0.007268869505053191,15.142857142857142,0.7857142857142857,4.0
8.585714285714286e-05,3.7142857142857144,0.0072692365116927195,100.0,0.7857142857142857,4.0
4.342857142857143e-05,1.0,0.0072693374153342425,43.42857142857143,0.8571428571428571,4.571428571428571
2.9285714285714288e-05,1.0,0.007269797302339625,78.78571428571428,0.7857142857142857,4.571428571428571
7.171428571428571e-05,2.357142857142857,0.0072707554699943085,57.57142857142857,0.7857142857142857,5.142857142857142
2.2214285714285717e-05,1.0,0.007271132226424065,92.92857142857143,0.7857142857142857,5.142857142857142
1.5142857142857144e-05,2.357142857142857,0.0072711400957943175,57.57142857142857,0.5714285714285714,6.857142857142857
5.05e-05,1.0,0.0072713486640129995,71.71428571428571,0.7857142857142857,7.428571428571428
2.9285714285714288e-05,1.0,0.007272499804614821,8.071428571428571,0.7857142857142857,4.571428571428571
5.05e-05,2.357142857142857,0.0072732098916605484,57.57142857142857,0.7857142857142857,3.4285714285714284
5.05e-05,3.7142857142857144,0.007273376375636067,92.92857142857143,0.8571428571428571,2.8571428571428568
6.464285714285715e-05,1.0,0.007273430342202414,64.64285714285714,0.8571428571428571,3.4285714285714284
3.6357142857142854e-05,2.357142857142857,0.007273547752252194,71.71428571428571,0.8571428571428571,3.4285714285714284
4.342857142857143e-05,1.0,0.007273745717022917,8.071428571428571,0.7857142857142857,4.571428571428571
7.171428571428571e-05,1.0,0.007274206470285765,85.85714285714286,0.8571428571428571,5.142857142857142
4.342857142857143e-05,2.357142857142857,0.007274206707668099,85.85714285714286,0.8571428571428571,4.0
7.878571428571429e-05,3.7142857142857144,0.007275066887913592,71.71428571428571,0.7857142857142857,3.4285714285714284
7.171428571428571e-05,1.0,0.007275366603013225,57.57142857142857,0.8571428571428571,4.571428571428571
8.585714285714286e-05,1.0,0.0072755973495415485,64.64285714285714,0.8571428571428571,4.0
1.5142857142857144e-05,2.357142857142857,0.007275951789649851,15.142857142857142,0.2857142857142857,6.857142857142857
5.757142857142857e-05,1.0,0.0072765045916134445,22.214285714285715,0.7857142857142857,5.7142857142857135
7.878571428571429e-05,3.7142857142857144,0.007277576605712213,64.64285714285714,0.7857142857142857,4.571428571428571
7.878571428571429e-05,3.7142857142857144,0.007278177043735198,22.214285714285715,0.7857142857142857,3.4285714285714284
7.878571428571429e-05,5.071428571428571,0.0072785749471321135,43.42857142857143,0.7857142857142857,2.8571428571428568
4.342857142857143e-05,2.357142857142857,0.007278664159936135,50.5,0.8571428571428571,3.4285714285714284
6.464285714285715e-05,2.357142857142857,0.007279003388442137,43.42857142857143,0.8571428571428571,3.4285714285714284
6.464285714285715e-05,1.0,0.007280073718098331,57.57142857142857,0.8571428571428571,3.4285714285714284
3.6357142857142854e-05,1.0,0.007280112463512789,85.85714285714286,0.8571428571428571,5.7142857142857135
7.171428571428571e-05,5.071428571428571,0.007280591586023943,100.0,0.7857142857142857,2.8571428571428568
4.342857142857143e-05,1.0,0.007281665550156688,50.5,0.7857142857142857,4.571428571428571
1.5142857142857144e-05,2.357142857142857,0.0072819620143574765,22.214285714285715,0.42857142857142855,6.857142857142857
2.9285714285714288e-05,1.0,0.007282215744125378,43.42857142857143,0.8571428571428571,4.0
7.878571428571429e-05,3.7142857142857144,0.0072826585250272855,50.5,0.8571428571428571,2.8571428571428568
5.757142857142857e-05,5.071428571428571,0.007283082309017303,100.0,0.7857142857142857,2.8571428571428568
7.171428571428571e-05,2.357142857142857,0.0072833527534443745,22.214285714285715,0.7857142857142857,4.0
1.5142857142857144e-05,2.357142857142857,0.007283552833128662,50.5,0.5714285714285714,6.857142857142857
2.2214285714285717e-05,2.357142857142857,0.007284895364623534,100.0,0.07142857142857142,6.285714285714286
2.2214285714285717e-05,2.357142857142857,0.007284895364623534,100.0,0.21428571428571427,6.285714285714286
2.2214285714285717e-05,2.357142857142857,0.007284895364623534,100.0,0.14285714285714285,6.285714285714286
2.2214285714285717e-05,2.357142857142857,0.007284895364623534,100.0,0.2857142857142857,6.285714285714286
2.2214285714285717e-05,2.357142857142857,0.007284895364623534,92.92857142857143,0.14285714285714285,6.285714285714286
2.2214285714285717e-05,2.357142857142857,0.007284895364623534,92.92857142857143,0.07142857142857142,6.285714285714286
2.2214285714285717e-05,2.357142857142857,0.007284895364623534,100.0,0.0,6.285714285714286
2.2214285714285717e-05,2.357142857142857,0.007284895364623534,92.92857142857143,0.21428571428571427,6.285714285714286
2.2214285714285717e-05,2.357142857142857,0.007284895364623534,85.85714285714286,0.0,6.285714285714286
2.2214285714285717e-05,2.357142857142857,0.007284895364623534,57.57142857142857,0.0,6.285714285714286
2.2214285714285717e-05,2.357142857142857,0.007284895364623534,78.78571428571428,0.21428571428571427,6.285714285714286
2.2214285714285717e-05,2.357142857142857,0.007284895364623534,64.64285714285714,0.0,6.285714285714286
2.2214285714285717e-05,2.357142857142857,0.007284895364623534,71.71428571428571,0.07142857142857142,6.285714285714286
2.2214285714285717e-05,2.357142857142857,0.007284895364623534,71.71428571428571,0.0,6.285714285714286
2.2214285714285717e-05,2.357142857142857,0.007284895364623534,64.64285714285714,0.07142857142857142,6.285714285714286
2.2214285714285717e-05,2.357142857142857,0.007284895364623534,71.71428571428571,0.14285714285714285,6.285714285714286
2.2214285714285717e-05,2.357142857142857,0.007284895364623534,92.92857142857143,0.0,6.285714285714286
2.2214285714285717e-05,2.357142857142857,0.007284895364623534,78.78571428571428,0.14285714285714285,6.285714285714286
2.2214285714285717e-05,2.357142857142857,0.007284895364623534,78.78571428571428,0.07142857142857142,6.285714285714286
2.2214285714285717e-05,2.357142857142857,0.007284895364623534,78.78571428571428,0.0,6.285714285714286
2.2214285714285717e-05,2.357142857142857,0.007284895364623534,85.85714285714286,0.14285714285714285,6.285714285714286
2.2214285714285717e-05,2.357142857142857,0.007284895364623534,85.85714285714286,0.07142857142857142,6.285714285714286
2.2214285714285717e-05,2.357142857142857,0.007284895364623534,85.85714285714286,0.21428571428571427,6.285714285714286
2.2214285714285717e-05,2.357142857142857,0.0072848953646235445,92.92857142857143,0.2857142857142857,6.285714285714286
2.2214285714285717e-05,2.357142857142857,0.0072848953646235445,57.57142857142857,0.07142857142857142,6.285714285714286
2.2214285714285717e-05,2.357142857142857,0.0072848953646235445,64.64285714285714,0.14285714285714285,6.285714285714286
2.2214285714285717e-05,2.357142857142857,0.007284895364623562,50.5,0.0,6.285714285714286
2.2214285714285717e-05,2.357142857142857,0.0072848953646236616,71.71428571428571,0.21428571428571427,6.285714285714286
2.2214285714285717e-05,2.357142857142857,0.0072848953646236616,85.85714285714286,0.2857142857142857,6.285714285714286
2.2214285714285717e-05,2.357142857142857,0.007284895364624716,100.0,0.3571428571428571,6.285714285714286
2.2214285714285717e-05,2.357142857142857,0.00728489536462496,57.57142857142857,0.14285714285714285,6.285714285714286
2.2214285714285717e-05,2.357142857142857,0.007284895364624966,50.5,0.07142857142857142,6.285714285714286
2.2214285714285717e-05,2.357142857142857,0.007284895364625793,78.78571428571428,0.2857142857142857,6.285714285714286
2.2214285714285717e-05,2.357142857142857,0.0072848953646272975,64.64285714285714,0.21428571428571427,6.285714285714286
2.2214285714285717e-05,2.357142857142857,0.007284895364630456,43.42857142857143,0.0,6.285714285714286
2.2214285714285717e-05,2.357142857142857,0.007284895364632582,92.92857142857143,0.3571428571428571,6.285714285714286
2.2214285714285717e-05,2.357142857142857,0.007284895364650876,71.71428571428571,0.2857142857142857,6.285714285714286
2.2214285714285717e-05,2.357142857142857,0.00728489536467056,50.5,0.14285714285714285,6.285714285714286
2.2214285714285717e-05,2.357142857142857,0.007284895364695837,85.85714285714286,0.3571428571428571,6.285714285714286
2.2214285714285717e-05,2.357142857142857,0.007284895364702176,57.57142857142857,0.21428571428571427,6.285714285714286
2.2214285714285717e-05,2.357142857142857,0.007284895364704247,43.42857142857143,0.07142857142857142,6.285714285714286
2.2214285714285717e-05,2.357142857142857,0.007284895364985946,64.64285714285714,0.2857142857142857,6.285714285714286
2.2214285714285717e-05,2.357142857142857,0.007284895365201593,78.78571428571428,0.3571428571428571,6.285714285714286
2.2214285714285717e-05,2.357142857142857,0.007284895365323257,36.357142857142854,0.0,6.285714285714286
2.2214285714285717e-05,2.357142857142857,0.007284895366089258,100.0,0.42857142857142855,6.285714285714286
2.2214285714285717e-05,2.357142857142857,0.0072848953663445185,43.42857142857143,0.14285714285714285,6.285714285714286
2.2214285714285717e-05,2.357142857142857,0.007284895366354116,50.5,0.21428571428571427,6.285714285714286
2.2214285714285717e-05,2.357142857142857,0.007284895369223318,71.71428571428571,0.3571428571428571,6.285714285714286
2.2214285714285717e-05,2.357142857142857,0.007284895369425862,57.57142857142857,0.2857142857142857,6.285714285714286
2.2214285714285717e-05,2.357142857142857,0.00728489536966927,36.357142857142854,0.07142857142857142,6.285714285714286
2.2214285714285717e-05,2.357142857142857,0.007284895371626807,92.92857142857143,0.42857142857142855,6.285714285714286
2.2214285714285717e-05,2.357142857142857,0.007284895398135436,85.85714285714286,0.42857142857142855,6.285714285714286
2.2214285714285717e-05,2.357142857142857,0.007284895401311439,64.64285714285714,0.3571428571428571,6.285714285714286
2.2214285714285717e-05,2.357142857142857,0.0072848954028293,43.42857142857143,0.21428571428571427,6.285714285714286
2.2214285714285717e-05,2.357142857142857,0.007284895428003748,36.357142857142854,0.14285714285714285,6.285714285714286
2.2214285714285717e-05,2.357142857142857,0.007284895428413396,50.5,0.2857142857142857,6.285714285714286
2.2214285714285717e-05,2.357142857142857,0.00728489543546455,29.285714285714285,0.0,6.285714285714286
2.2214285714285717e-05,2.357142857142857,0.007284895525266452,78.78571428571428,0.42857142857142855,6.285714285714286
2.2214285714285717e-05,2.357142857142857,0.00728489565795469,57.57142857142857,0.3571428571428571,6.285714285714286
2.2214285714285717e-05,2.357142857142857,0.007284895686942822,29.285714285714285,0.07142857142857142,6.285714285714286
2.2214285714285717e-05,2.357142857142857,0.007284896136184477,71.71428571428571,0.42857142857142855,6.285714285714286
2.2214285714285717e-05,2.357142857142857,0.007284896211003536,36.357142857142854,0.21428571428571427,6.285714285714286
2.2214285714285717e-05,2.357142857142857,0.007284896214374556,43.42857142857143,0.2857142857142857,6.285714285714286
2.2214285714285717e-05,2.357142857142857,0.0072848972188902265,100.0,0.5,6.285714285714286
2.2214285714285717e-05,2.357142857142857,0.0072848977159479245,50.5,0.3571428571428571,6.285714285714286
2.2214285714285717e-05,2.357142857142857,0.007284897723856293,29.285714285714285,0.14285714285714285,6.285714285714286
2.2214285714285717e-05,2.357142857142857,0.007284899078353951,64.64285714285714,0.42857142857142855,6.285714285714286
7.171428571428571e-05,2.357142857142857,0.007284899224151378,71.71428571428571,0.8571428571428571,4.0
2.2214285714285717e-05,2.357142857142857,0.007284900710578421,92.92857142857143,0.5,6.285714285714286
2.2214285714285717e-05,2.357142857142857,0.007284902608769952,22.214285714285715,0.0,6.285714285714286
2.2214285714285717e-05,2.357142857142857,0.007284906720760723,36.357142857142854,0.2857142857142857,6.285714285714286
2.2214285714285717e-05,2.357142857142857,0.007284910801510091,85.85714285714286,0.5,6.285714285714286
2.2214285714285717e-05,2.357142857142857,0.007284913281903077,57.57142857142857,0.42857142857142855,6.285714285714286
2.2214285714285717e-05,2.357142857142857,0.007284914222127276,29.285714285714285,0.21428571428571427,6.285714285714286
2.2214285714285717e-05,2.357142857142857,0.0072849142654105555,43.42857142857143,0.3571428571428571,6.285714285714286
2.2214285714285717e-05,2.357142857142857,0.007284916690301774,22.214285714285715,0.07142857142857142,6.285714285714286
2.2214285714285717e-05,2.357142857142857,0.0072849400164841285,78.78571428571428,0.5,6.285714285714286
2.2214285714285717e-05,2.357142857142857,0.0072849820261199575,50.5,0.42857142857142855,6.285714285714286
2.2214285714285717e-05,2.357142857142857,0.007284985513123524,22.214285714285715,0.14285714285714285,6.285714285714286
2.2214285714285717e-05,2.357142857142857,0.007285024761368356,71.71428571428571,0.5,6.285714285714286
2.2214285714285717e-05,2.357142857142857,0.007285047766504174,36.357142857142854,0.3571428571428571,6.285714285714286
2.2214285714285717e-05,2.357142857142857,0.007285047836267442,29.285714285714285,0.2857142857142857,6.285714285714286
2.2214285714285717e-05,2.357142857142857,0.007285271073643984,64.64285714285714,0.5,6.285714285714286
2.2214285714285717e-05,2.357142857142857,0.007285315599037068,43.42857142857143,0.42857142857142855,6.285714285714286
2.2214285714285717e-05,2.357142857142857,0.0072853218227007495,22.214285714285715,0.21428571428571427,6.285714285714286
6.464285714285715e-05,2.357142857142857,0.007285503000990812,85.85714285714286,0.7857142857142857,6.285714285714286
2.2214285714285717e-05,2.357142857142857,0.0072856555506758515,15.142857142857142,0.0,6.285714285714286
8.585714285714286e-05,2.357142857142857,0.007285767529911652,92.92857142857143,0.8571428571428571,4.0
2.2214285714285717e-05,2.357142857142857,0.00728598820114851,57.57142857142857,0.5,6.285714285714286
2.2214285714285717e-05,2.357142857142857,0.007286129028096613,29.285714285714285,0.3571428571428571,6.285714285714286
2.2214285714285717e-05,2.357142857142857,0.007286395902950199,15.142857142857142,0.07142857142857142,6.285714285714286
6.464285714285715e-05,2.357142857142857,0.007286929814125825,71.71428571428571,0.7857142857142857,4.0
2.2214285714285717e-05,2.357142857142857,0.007286937225972565,36.357142857142854,0.42857142857142855,6.285714285714286
2.2214285714285717e-05,2.357142857142857,0.007286963321045795,22.214285714285715,0.2857142857142857,6.285714285714286
6.464285714285715e-05,1.0,0.007287159696626605,50.5,0.8571428571428571,3.4285714285714284
2.2214285714285717e-05,2.357142857142857,0.007287228725732081,100.0,0.5714285714285714,6.285714285714286
2.2214285714285717e-05,1.0,0.007287928892365828,71.71428571428571,0.7857142857142857,8.0
2.2214285714285717e-05,2.357142857142857,0.007288077235113252,50.5,0.5,6.285714285714286
2.2214285714285717e-05,2.357142857142857,0.0072885760248841995,15.142857142857142,0.14285714285714285,6.285714285714286
6.464285714285715e-05,1.0,0.007288823565566283,50.5,0.8571428571428571,4.571428571428571
2.2214285714285717e-05,2.357142857142857,0.007288941257474937,92.92857142857143,0.5714285714285714,6.285714285714286
1.5142857142857144e-05,2.357142857142857,0.007289256489674078,29.285714285714285,0.5,6.857142857142857
5.05e-05,1.0,0.0072892644340119914,64.64285714285714,0.7857142857142857,6.857142857142857
3.6357142857142854e-05,2.357142857142857,0.007289409854905432,50.5,0.7857142857142857,5.142857142857142
5.757142857142857e-05,5.071428571428571,0.007290600715874576,92.92857142857143,0.7857142857142857,2.8571428571428568
8.585714285714286e-05,1.0,0.007291119398923102,100.0,0.8571428571428571,4.571428571428571
7.171428571428571e-05,3.7142857142857144,0.007291230820276972,50.5,0.8571428571428571,2.8571428571428568
5.05e-05,1.0,0.007291435567706658,43.42857142857143,0.8571428571428571,4.571428571428571
2.2214285714285717e-05,1.0,0.007291710724165371,92.92857142857143,0.8571428571428571,4.0
2.2214285714285717e-05,2.357142857142857,0.007291907735111449,85.85714285714286,0.5714285714285714,6.285714285714286
7.878571428571429e-05,2.357142857142857,0.007292513461583455,78.78571428571428,0.8571428571428571,4.0
4.342857142857143e-05,2.357142857142857,0.007293127098653174,57.57142857142857,0.7857142857142857,3.4285714285714284
4.342857142857143e-05,1.0,0.007293981016032916,85.85714285714286,0.7857142857142857,5.142857142857142
2.2214285714285717e-05,2.357142857142857,0.007294150428584006,43.42857142857143,0.5,6.285714285714286
7.878571428571429e-05,1.0,0.00729445066246028,64.64285714285714,0.8571428571428571,4.571428571428571
2.2214285714285717e-05,2.357142857142857,0.007294815134161706,29.285714285714285,0.42857142857142855,6.285714285714286
2.2214285714285717e-05,2.357142857142857,0.007294934170385309,22.214285714285715,0.3571428571428571,6.285714285714286
2.2214285714285717e-05,2.357142857142857,0.007294979450489139,15.142857142857142,0.21428571428571427,6.285714285714286
5.05e-05,1.0,0.0072956171569849545,64.64285714285714,0.7857142857142857,5.7142857142857135
6.464285714285715e-05,1.0,0.00729586112629689,43.42857142857143,0.8571428571428571,3.4285714285714284
2.2214285714285717e-05,2.357142857142857,0.007297035115284794,78.78571428571428,0.5714285714285714,6.285714285714286
4.342857142857143e-05,1.0,0.007298039539816592,57.57142857142857,0.8571428571428571,5.142857142857142
7.171428571428571e-05,2.357142857142857,0.007298495911783079,50.5,0.7857142857142857,5.7142857142857135
4.342857142857143e-05,1.0,0.00729888243073541,8.071428571428571,0.7857142857142857,5.142857142857142
2.9285714285714288e-05,1.0,0.007299190834012514,15.142857142857142,0.7142857142857142,6.285714285714286
4.342857142857143e-05,1.0,0.0072996481521343136,22.214285714285715,0.7857142857142857,6.857142857142857
5.757142857142857e-05,5.071428571428571,0.007299985104148365,85.85714285714286,0.7857142857142857,2.8571428571428568
5.05e-05,2.357142857142857,0.007300241539295998,64.64285714285714,0.7857142857142857,3.4285714285714284
6.464285714285715e-05,1.0,0.007300314020186738,71.71428571428571,0.8571428571428571,5.142857142857142
5.05e-05,2.357142857142857,0.007300448237908522,43.42857142857143,0.8571428571428571,3.4285714285714284
5.757142857142857e-05,2.357142857142857,0.007300454243485471,64.64285714285714,0.8571428571428571,4.0
5.757142857142857e-05,1.0,0.0073006134696571665,64.64285714285714,0.8571428571428571,5.142857142857142
2.2214285714285717e-05,1.0,0.007300657360495175,100.0,0.7857142857142857,5.142857142857142
3.6357142857142854e-05,1.0,0.007300761642385384,78.78571428571428,0.7857142857142857,4.571428571428571
5.05e-05,3.7142857142857144,0.007301081296381162,85.85714285714286,0.8571428571428571,2.8571428571428568
7.878571428571429e-05,3.7142857142857144,0.007301190018245649,78.78571428571428,0.7857142857142857,3.4285714285714284
6.464285714285715e-05,1.0,0.007303044508863427,36.357142857142854,0.8571428571428571,3.4285714285714284
8.585714285714286e-05,2.357142857142857,0.007303288249455764,50.5,0.8571428571428571,3.4285714285714284
5.05e-05,2.357142857142857,0.00730369982447455,15.142857142857142,0.7857142857142857,4.0
6.464285714285715e-05,3.7142857142857144,0.007304687962453843,22.214285714285715,0.7857142857142857,3.4285714285714284
7.171428571428571e-05,2.357142857142857,0.007305266550590631,50.5,0.7857142857142857,4.571428571428571
7.878571428571429e-05,1.0,0.007305268553040631,100.0,0.8571428571428571,5.142857142857142
3.6357142857142854e-05,2.357142857142857,0.007305683768553503,36.357142857142854,0.7857142857142857,3.4285714285714284
2.2214285714285717e-05,2.357142857142857,0.007305847127800566,71.71428571428571,0.5714285714285714,6.285714285714286
1.5142857142857144e-05,2.357142857142857,0.007305945550894563,15.142857142857142,0.3571428571428571,6.857142857142857
5.05e-05,1.0,0.007306835592700326,85.85714285714286,0.8571428571428571,5.7142857142857135
5.757142857142857e-05,1.0,0.007307614065044554,100.0,0.8571428571428571,5.7142857142857135
2.2214285714285717e-05,1.0,0.007307975628970742,15.142857142857142,0.7857142857142857,4.571428571428571
6.464285714285715e-05,2.357142857142857,0.007308922292411762,78.78571428571428,0.7857142857142857,6.285714285714286
5.757142857142857e-05,2.357142857142857,0.00730899575535853,29.285714285714285,0.7857142857142857,3.4285714285714284
6.464285714285715e-05,1.0,0.007309085077317129,29.285714285714285,0.8571428571428571,3.4285714285714284
1.5142857142857144e-05,2.357142857142857,0.007309319920543772,43.42857142857143,0.5714285714285714,6.857142857142857
6.464285714285715e-05,1.0,0.007309453157620832,36.357142857142854,0.8571428571428571,4.0
8.585714285714286e-05,1.0,0.007309682983925361,92.92857142857143,0.8571428571428571,4.571428571428571
2.9285714285714288e-05,1.0,0.007309879443544609,85.85714285714286,0.7857142857142857,4.571428571428571
8.585714285714286e-05,1.0,0.007310086918878481,57.57142857142857,0.8571428571428571,4.0
5.05e-05,1.0,0.007310544777051994,36.357142857142854,0.7857142857142857,7.428571428571428
5.05e-05,1.0,0.007310989171749427,22.214285714285715,0.8571428571428571,3.4285714285714284
3.6357142857142854e-05,1.0,0.007311164592725491,43.42857142857143,0.8571428571428571,4.571428571428571
4.342857142857143e-05,1.0,0.0073114066738685785,78.78571428571428,0.8571428571428571,5.7142857142857135
2.2214285714285717e-05,2.357142857142857,0.007311651556684484,36.357142857142854,0.5,6.285714285714286
5.757142857142857e-05,5.071428571428571,0.0073118095674411495,78.78571428571428,0.7857142857142857,2.8571428571428568
8.585714285714286e-05,3.7142857142857144,0.007312331505452932,57.57142857142857,0.7857142857142857,4.571428571428571
7.171428571428571e-05,2.357142857142857,0.007312777496644876,29.285714285714285,0.7857142857142857,4.0
2.9285714285714288e-05,1.0,0.007313422831731814,71.71428571428571,0.8571428571428571,5.142857142857142
1.5142857142857144e-05,2.357142857142857,0.007313601050169258,8.071428571428571,0.0,6.857142857142857
2.2214285714285717e-05,2.357142857142857,0.007313632835943618,15.142857142857142,0.2857142857142857,6.285714285714286
7.878571428571429e-05,5.071428571428571,0.007313808437915398,50.5,0.7857142857142857,2.8571428571428568
5.05e-05,1.0,0.007314118621666194,29.285714285714285,0.7857142857142857,4.571428571428571
5.05e-05,1.0,0.007314361327465527,100.0,0.7857142857142857,8.0
9.292857142857143e-05,2.357142857142857,0.007315349153671255,100.0,0.8571428571428571,3.4285714285714284
4.342857142857143e-05,2.357142857142857,0.007316159609630263,78.78571428571428,0.8571428571428571,4.0
5.757142857142857e-05,2.357142857142857,0.007316219403885415,36.357142857142854,0.7857142857142857,3.4285714285714284
7.171428571428571e-05,2.357142857142857,0.00731646608516309,43.42857142857143,0.8571428571428571,3.4285714285714284
6.464285714285715e-05,2.357142857142857,0.007316689765499551,64.64285714285714,0.8571428571428571,4.0
3.6357142857142854e-05,1.0,0.007318062795504321,57.57142857142857,0.8571428571428571,5.142857142857142
5.757142857142857e-05,2.357142857142857,0.007318287150452779,22.214285714285715,0.7857142857142857,3.4285714285714284
2.2214285714285717e-05,1.0,0.007318690787628012,85.85714285714286,0.8571428571428571,4.0
7.878571428571429e-05,1.0,0.007318831740377318,43.42857142857143,0.8571428571428571,4.0
7.171428571428571e-05,2.357142857142857,0.007319572272094499,64.64285714285714,0.7857142857142857,5.142857142857142
3.6357142857142854e-05,1.0,0.007319669620472089,22.214285714285715,0.7857142857142857,6.857142857142857
8.585714285714286e-05,3.7142857142857144,0.007320046429702456,100.0,0.8571428571428571,2.8571428571428568
5.05e-05,1.0,0.007320117000748238,92.92857142857143,0.7857142857142857,8.0
5.757142857142857e-05,1.0,0.007320688108466431,29.285714285714285,0.7857142857142857,6.285714285714286
2.2214285714285717e-05,2.357142857142857,0.007320889070488229,64.64285714285714,0.5714285714285714,6.285714285714286
7.171428571428571e-05,2.357142857142857,0.00732115047975648,43.42857142857143,0.7857142857142857,5.7142857142857135
5.757142857142857e-05,1.0,0.007323491491880557,22.214285714285715,0.8571428571428571,3.4285714285714284
5.05e-05,1.0,0.007323518021764783,78.78571428571428,0.7857142857142857,7.428571428571428
9.292857142857143e-05,2.357142857142857,0.0073244462903780646,92.92857142857143,0.8571428571428571,3.4285714285714284
6.464285714285715e-05,2.357142857142857,0.007325158328958648,78.78571428571428,0.7857142857142857,4.0
3.6357142857142854e-05,1.0,0.007325465465997142,78.78571428571428,0.8571428571428571,5.7142857142857135
3.6357142857142854e-05,2.357142857142857,0.007325708613546167,64.64285714285714,0.8571428571428571,3.4285714285714284
5.05e-05,1.0,0.007325917399534643,71.71428571428571,0.7857142857142857,6.285714285714286
9.292857142857143e-05,5.071428571428571,0.0073260552738408004,92.92857142857143,0.7857142857142857,3.4285714285714284
5.05e-05,2.357142857142857,0.0073260685754893305,71.71428571428571,0.7857142857142857,3.4285714285714284
4.342857142857143e-05,2.357142857142857,0.007326735164328904,64.64285714285714,0.7857142857142857,3.4285714285714284
7.878571428571429e-05,3.7142857142857144,0.0073268181373851715,85.85714285714286,0.7857142857142857,3.4285714285714284
5.757142857142857e-05,5.071428571428571,0.007327040558067208,71.71428571428571,0.7857142857142857,2.8571428571428568
4.342857142857143e-05,3.7142857142857144,0.007327461938854129,22.214285714285715,0.7857142857142857,2.8571428571428568
8.585714285714286e-05,3.7142857142857144,0.0073275430646944,92.92857142857143,0.8571428571428571,2.8571428571428568
5.05e-05,1.0,0.007327588207202515,85.85714285714286,0.7857142857142857,8.0
2.2214285714285717e-05,1.0,0.007328521458656251,29.285714285714285,0.7857142857142857,4.571428571428571
5.757142857142857e-05,3.7142857142857144,0.007329376333696303,50.5,0.7857142857142857,4.0
7.171428571428571e-05,1.0,0.007331046638006791,78.78571428571428,0.8571428571428571,5.142857142857142
8.585714285714286e-05,2.357142857142857,0.007331693234307435,85.85714285714286,0.8571428571428571,4.0
5.05e-05,2.357142857142857,0.007331837411474462,64.64285714285714,0.8571428571428571,4.0
4.342857142857143e-05,1.0,0.0073320320297306,22.214285714285715,0.8571428571428571,3.4285714285714284
8.585714285714286e-05,1.0,0.007332113601971818,85.85714285714286,0.8571428571428571,4.571428571428571
2.2214285714285717e-05,2.357142857142857,0.007332730734699711,22.214285714285715,0.42857142857142855,6.285714285714286
5.757142857142857e-05,3.7142857142857144,0.007332789915870641,57.57142857142857,0.8571428571428571,2.8571428571428568
6.464285714285715e-05,3.7142857142857144,0.0073331223673270525,50.5,0.8571428571428571,2.8571428571428568
5.05e-05,1.0,0.007333292328153385,57.57142857142857,0.8571428571428571,5.142857142857142
4.342857142857143e-05,1.0,0.007333739675539586,22.214285714285715,0.7857142857142857,4.0
2.9285714285714288e-05,1.0,0.007333874627580908,15.142857142857142,0.7857142857142857,4.0
5.05e-05,3.7142857142857144,0.007333918186153146,78.78571428571428,0.8571428571428571,2.8571428571428568
1.5142857142857144e-05,2.357142857142857,0.007333940118807514,8.071428571428571,0.07142857142857142,6.857142857142857
9.292857142857143e-05,2.357142857142857,0.007334638736292231,85.85714285714286,0.8571428571428571,3.4285714285714284
5.05e-05,2.357142857142857,0.00733587714744115,43.42857142857143,0.7857142857142857,5.7142857142857135
4.342857142857143e-05,1.0,0.0073364463475373036,92.92857142857143,0.7857142857142857,5.142857142857142
8.585714285714286e-05,3.7142857142857144,0.007336627485566874,85.85714285714286,0.8571428571428571,2.8571428571428568
5.757142857142857e-05,1.0,0.007336969533637658,29.285714285714285,0.7857142857142857,5.7142857142857135
5.05e-05,1.0,0.007337199379302434,78.78571428571428,0.7857142857142857,8.0
7.171428571428571e-05,3.7142857142857144,0.0073376220547197914,100.0,0.7857142857142857,4.571428571428571
6.464285714285715e-05,2.357142857142857,0.0073385904878345894,71.71428571428571,0.7857142857142857,6.285714285714286
9.292857142857143e-05,5.071428571428571,0.007338773768415083,85.85714285714286,0.7857142857142857,3.4285714285714284
2.9285714285714288e-05,1.0,0.007340328637973695,50.5,0.8571428571428571,4.571428571428571
2.2214285714285717e-05,1.0,0.00734061427426296,64.64285714285714,0.7857142857142857,8.0
6.464285714285715e-05,5.071428571428571,0.007340869097821395,36.357142857142854,0.7857142857142857,2.8571428571428568
3.6357142857142854e-05,1.0,0.0073409769662226175,85.85714285714286,0.7857142857142857,4.571428571428571
7.878571428571429e-05,3.7142857142857144,0.0073425995289086885,100.0,0.8571428571428571,3.4285714285714284
2.9285714285714288e-05,1.0,0.0073443999934992565,92.92857142857143,0.7857142857142857,4.571428571428571
5.05e-05,1.0,0.007344404371446944,15.142857142857142,0.7857142857142857,5.7142857142857135
2.9285714285714288e-05,1.0,0.007344652999449672,100.0,0.8571428571428571,5.7142857142857135
2.9285714285714288e-05,2.357142857142857,0.007346026515677173,36.357142857142854,0.7857142857142857,4.571428571428571
4.342857142857143e-05,3.7142857142857144,0.007346092446123142,36.357142857142854,0.7857142857142857,3.4285714285714284
9.292857142857143e-05,2.357142857142857,0.00734609969635322,78.78571428571428,0.8571428571428571,3.4285714285714284
5.757142857142857e-05,1.0,0.007346130525452146,43.42857142857143,0.8571428571428571,4.571428571428571
2.2214285714285717e-05,2.357142857142857,0.007346231988828661,57.57142857142857,0.5714285714285714,6.285714285714286
2.2214285714285717e-05,2.357142857142857,0.007346830069315427,8.071428571428571,0.2857142857142857,5.7142857142857135
5.757142857142857e-05,1.0,0.007347381064991304,92.92857142857143,0.8571428571428571,5.7142857142857135
5.757142857142857e-05,5.071428571428571,0.007347443113820562,64.64285714285714,0.7857142857142857,2.8571428571428568
8.585714285714286e-05,3.7142857142857144,0.007347484523335624,78.78571428571428,0.8571428571428571,2.8571428571428568
9.292857142857143e-05,5.071428571428571,0.0073484943989728406,100.0,0.7857142857142857,3.4285714285714284
5.05e-05,1.0,0.007348787578745764,71.71428571428571,0.7857142857142857,6.857142857142857
5.05e-05,1.0,0.0073493932184472924,50.5,0.7857142857142857,5.142857142857142
6.464285714285715e-05,3.7142857142857144,0.007349947795725858,36.357142857142854,0.7857142857142857,4.0
2.9285714285714288e-05,1.0,0.007349969503549325,36.357142857142854,0.8571428571428571,3.4285714285714284
5.05e-05,1.0,0.007350095977741231,71.71428571428571,0.7857142857142857,8.0
7.171428571428571e-05,5.071428571428571,0.007350126050768002,29.285714285714285,0.7857142857142857,2.8571428571428568
7.878571428571429e-05,1.0,0.007350582066516476,92.92857142857143,0.8571428571428571,5.142857142857142
7.878571428571429e-05,5.071428571428571,0.007350617069502288,57.57142857142857,0.7857142857142857,2.8571428571428568
2.2214285714285717e-05,1.0,0.007350725693982324,78.78571428571428,0.8571428571428571,4.0
7.878571428571429e-05,3.7142857142857144,0.007350726084290859,57.57142857142857,0.7857142857142857,4.571428571428571
7.878571428571429e-05,3.7142857142857144,0.007351591948368594,92.92857142857143,0.7857142857142857,3.4285714285714284
7.171428571428571e-05,2.357142857142857,0.0073529821068962446,57.57142857142857,0.7857142857142857,5.7142857142857135
7.171428571428571e-05,3.7142857142857144,0.007353551256014909,92.92857142857143,0.7857142857142857,4.571428571428571
5.05e-05,1.0,0.00735395442120737,71.71428571428571,0.7857142857142857,5.7142857142857135
7.171428571428571e-05,3.7142857142857144,0.007354779623680166,100.0,0.8571428571428571,3.4285714285714284
8.585714285714286e-05,1.0,0.007355400894007552,50.5,0.8571428571428571,4.0
5.05e-05,3.7142857142857144,0.007357259747590347,22.214285714285715,0.7857142857142857,2.8571428571428568
5.05e-05,2.357142857142857,0.007357423527552853,78.78571428571428,0.7857142857142857,3.4285714285714284
4.342857142857143e-05,1.0,0.00735746163231594,57.57142857142857,0.7857142857142857,4.571428571428571
4.342857142857143e-05,2.357142857142857,0.00735771152429803,71.71428571428571,0.7857142857142857,3.4285714285714284
9.292857142857143e-05,5.071428571428571,0.007357943349614249,78.78571428571428,0.7857142857142857,3.4285714285714284
7.878571428571429e-05,2.357142857142857,0.0073579514276275685,71.71428571428571,0.8571428571428571,4.0
8.585714285714286e-05,1.0,0.007358658268486973,78.78571428571428,0.8571428571428571,4.571428571428571
5.05e-05,1.0,0.007358817167751305,78.78571428571428,0.8571428571428571,5.7142857142857135
6.464285714285715e-05,2.357142857142857,0.007358992712213119,85.85714285714286,0.7857142857142857,4.0
3.6357142857142854e-05,1.0,0.007359151000661826,29.285714285714285,0.7857142857142857,4.0
6.464285714285715e-05,1.0,0.00735961557107275,22.214285714285715,0.8571428571428571,3.4285714285714284
9.292857142857143e-05,2.357142857142857,0.007360632135771672,71.71428571428571,0.8571428571428571,3.4285714285714284
8.585714285714286e-05,3.7142857142857144,0.007360699436493909,71.71428571428571,0.8571428571428571,2.8571428571428568
2.2214285714285717e-05,2.357142857142857,0.007360986883227058,29.285714285714285,0.5,6.285714285714286
1.5142857142857144e-05,2.357142857142857,0.0073615787000591935,22.214285714285715,0.5,6.857142857142857
1.5142857142857144e-05,2.357142857142857,0.007361614199003924,36.357142857142854,0.5714285714285714,6.857142857142857
7.171428571428571e-05,2.357142857142857,0.007361730464741756,64.64285714285714,0.8571428571428571,4.0
5.757142857142857e-05,2.357142857142857,0.007362829303156612,15.142857142857142,0.7857142857142857,3.4285714285714284
1.5142857142857144e-05,1.0,0.0073630819722951685,78.78571428571428,0.7857142857142857,6.857142857142857
5.05e-05,3.7142857142857144,0.007363316331384762,15.142857142857142,0.7857142857142857,2.8571428571428568
9.292857142857143e-05,2.357142857142857,0.007363493334619153,100.0,0.8571428571428571,4.0
7.171428571428571e-05,2.357142857142857,0.007363842804915416,71.71428571428571,0.7857142857142857,5.142857142857142
7.171428571428571e-05,2.357142857142857,0.007364786113165403,57.57142857142857,0.7857142857142857,4.571428571428571
2.2214285714285717e-05,1.0,0.007365084528462709,29.285714285714285,0.7857142857142857,6.857142857142857
2.2214285714285717e-05,2.357142857142857,0.00736518704374578,8.071428571428571,0.0,6.285714285714286
4.342857142857143e-05,2.357142857142857,0.007365669418700077,22.214285714285715,0.7857142857142857,4.571428571428571
5.757142857142857e-05,1.0,0.007365801187685592,15.142857142857142,0.7857142857142857,5.142857142857142
4.342857142857143e-05,2.357142857142857,0.007366338028329264,71.71428571428571,0.8571428571428571,4.0
2.2214285714285717e-05,2.357142857142857,0.007366731328774656,15.142857142857142,0.3571428571428571,6.285714285714286
3.6357142857142854e-05,2.357142857142857,0.007368819901593016,43.42857142857143,0.7857142857142857,3.4285714285714284
8.585714285714286e-05,3.7142857142857144,0.0073690399608942695,100.0,0.8571428571428571,3.4285714285714284
5.05e-05,1.0,0.007369142749148042,64.64285714285714,0.7857142857142857,8.0
1.5142857142857144e-05,2.357142857142857,0.007369323752941132,8.071428571428571,0.14285714285714285,6.857142857142857
5.05e-05,1.0,0.0073696653504223605,85.85714285714286,0.7857142857142857,7.428571428571428
3.6357142857142854e-05,3.7142857142857144,0.007370385525062598,100.0,0.7857142857142857,3.4285714285714284
4.342857142857143e-05,1.0,0.007370695977339919,71.71428571428571,0.8571428571428571,5.7142857142857135
2.9285714285714288e-05,3.7142857142857144,0.007371440208909679,57.57142857142857,0.0,4.0
2.9285714285714288e-05,3.7142857142857144,0.007371440208909679,64.64285714285714,0.0,4.0
2.9285714285714288e-05,3.7142857142857144,0.007371440208909679,85.85714285714286,0.14285714285714285,4.0
2.9285714285714288e-05,3.7142857142857144,0.007371440208909679,78.78571428571428,0.21428571428571427,4.0
2.9285714285714288e-05,3.7142857142857144,0.007371440208909679,92.92857142857143,0.14285714285714285,4.0
2.9285714285714288e-05,3.7142857142857144,0.007371440208909679,92.92857142857143,0.0,4.0
2.9285714285714288e-05,3.7142857142857144,0.007371440208909679,92.92857142857143,0.21428571428571427,4.0
2.9285714285714288e-05,3.7142857142857144,0.007371440208909679,64.64285714285714,0.07142857142857142,4.0
2.9285714285714288e-05,3.7142857142857144,0.007371440208909679,64.64285714285714,0.14285714285714285,4.0
2.9285714285714288e-05,3.7142857142857144,0.007371440208909679,92.92857142857143,0.07142857142857142,4.0
2.9285714285714288e-05,3.7142857142857144,0.007371440208909679,78.78571428571428,0.0,4.0
2.9285714285714288e-05,3.7142857142857144,0.007371440208909679,71.71428571428571,0.21428571428571427,4.0
2.9285714285714288e-05,3.7142857142857144,0.007371440208909679,78.78571428571428,0.14285714285714285,4.0
2.9285714285714288e-05,3.7142857142857144,0.007371440208909679,78.78571428571428,0.07142857142857142,4.0
2.9285714285714288e-05,3.7142857142857144,0.007371440208909679,71.71428571428571,0.14285714285714285,4.0
2.9285714285714288e-05,3.7142857142857144,0.007371440208909679,85.85714285714286,0.21428571428571427,4.0
2.9285714285714288e-05,3.7142857142857144,0.007371440208909679,71.71428571428571,0.07142857142857142,4.0
2.9285714285714288e-05,3.7142857142857144,0.007371440208909679,85.85714285714286,0.07142857142857142,4.0
2.9285714285714288e-05,3.7142857142857144,0.007371440208909679,50.5,0.0,4.0
2.9285714285714288e-05,3.7142857142857144,0.007371440208909679,100.0,0.14285714285714285,4.0
2.9285714285714288e-05,3.7142857142857144,0.007371440208909679,100.0,0.2857142857142857,4.0
2.9285714285714288e-05,3.7142857142857144,0.007371440208909679,100.0,0.21428571428571427,4.0
2.9285714285714288e-05,3.7142857142857144,0.007371440208909679,100.0,0.0,4.0
2.9285714285714288e-05,3.7142857142857144,0.007371440208909679,100.0,0.07142857142857142,4.0
2.9285714285714288e-05,3.7142857142857144,0.007371440208909679,71.71428571428571,0.0,4.0
2.9285714285714288e-05,3.7142857142857144,0.007371440208909679,85.85714285714286,0.0,4.0
2.9285714285714288e-05,3.7142857142857144,0.007371440208909679,57.57142857142857,0.07142857142857142,4.0
2.9285714285714288e-05,3.7142857142857144,0.007371440208909679,92.92857142857143,0.2857142857142857,4.0
2.9285714285714288e-05,3.7142857142857144,0.007371440208909679,85.85714285714286,0.2857142857142857,4.0
2.9285714285714288e-05,3.7142857142857144,0.007371440208909707,100.0,0.3571428571428571,4.0
2.9285714285714288e-05,3.7142857142857144,0.0073714402089098295,78.78571428571428,0.2857142857142857,4.0
2.9285714285714288e-05,3.7142857142857144,0.007371440208909863,57.57142857142857,0.14285714285714285,4.0
2.9285714285714288e-05,3.7142857142857144,0.007371440208909874,50.5,0.07142857142857142,4.0
2.9285714285714288e-05,3.7142857142857144,0.0073714402089100186,64.64285714285714,0.21428571428571427,4.0
2.9285714285714288e-05,3.7142857142857144,0.007371440208910074,92.92857142857143,0.3571428571428571,4.0
2.9285714285714288e-05,3.7142857142857144,0.007371440208910956,43.42857142857143,0.0,4.0
2.9285714285714288e-05,3.7142857142857144,0.0073714402089118,71.71428571428571,0.2857142857142857,4.0
2.9285714285714288e-05,3.7142857142857144,0.007371440208913599,85.85714285714286,0.3571428571428571,4.0
2.9285714285714288e-05,3.7142857142857144,0.007371440208916303,50.5,0.14285714285714285,4.0
2.9285714285714288e-05,3.7142857142857144,0.007371440208918986,57.57142857142857,0.21428571428571427,4.0
2.9285714285714288e-05,3.7142857142857144,0.007371440208924079,43.42857142857143,0.07142857142857142,4.0
2.9285714285714288e-05,3.7142857142857144,0.007371440208945418,64.64285714285714,0.2857142857142857,4.0
2.9285714285714288e-05,3.7142857142857144,0.007371440208947672,78.78571428571428,0.3571428571428571,4.0
2.9285714285714288e-05,3.7142857142857144,0.007371440208962812,100.0,0.42857142857142855,4.0
2.9285714285714288e-05,3.7142857142857144,0.007371440209067303,36.357142857142854,0.0,4.0
2.9285714285714288e-05,3.7142857142857144,0.007371440209167796,50.5,0.21428571428571427,4.0
2.9285714285714288e-05,3.7142857142857144,0.0073714402092204066,92.92857142857143,0.42857142857142855,4.0
2.9285714285714288e-05,3.7142857142857144,0.00737144020922508,43.42857142857143,0.14285714285714285,4.0
2.9285714285714288e-05,3.7142857142857144,0.0073714402092824845,71.71428571428571,0.3571428571428571,4.0
2.9285714285714288e-05,3.7142857142857144,0.007371440209493716,57.57142857142857,0.2857142857142857,4.0
2.9285714285714288e-05,3.7142857142857144,0.007371440210047528,36.357142857142854,0.07142857142857142,4.0
2.9285714285714288e-05,3.7142857142857144,0.00737144021072646,85.85714285714286,0.42857142857142855,4.0
2.9285714285714288e-05,3.7142857142857144,0.007371440212551974,64.64285714285714,0.3571428571428571,4.0
2.9285714285714288e-05,3.7142857142857144,0.007371440215915373,43.42857142857143,0.21428571428571427,4.0
2.9285714285714288e-05,3.7142857142857144,0.0073714402184330285,50.5,0.2857142857142857,4.0
2.9285714285714288e-05,3.7142857142857144,0.007371440219555764,78.78571428571428,0.42857142857142855,4.0
2.9285714285714288e-05,3.7142857142857144,0.007371440223205095,36.357142857142854,0.14285714285714285,4.0
2.9285714285714288e-05,3.7142857142857144,0.00737144022861774,29.285714285714285,0.0,4.0
2.9285714285714288e-05,3.7142857142857144,0.007371440244603955,57.57142857142857,0.3571428571428571,4.0
2.9285714285714288e-05,3.7142857142857144,0.007371440271467214,71.71428571428571,0.42857142857142855,4.0
2.9285714285714288e-05,3.7142857142857144,0.007371440276352473,100.0,0.5,4.0
2.9285714285714288e-05,3.7142857142857144,0.007371440298579226,29.285714285714285,0.07142857142857142,4.0
2.9285714285714288e-05,3.7142857142857144,0.007371440364726386,43.42857142857143,0.2857142857142857,4.0
2.9285714285714288e-05,3.7142857142857144,0.007371440399810675,36.357142857142854,0.21428571428571427,4.0
2.9285714285714288e-05,3.7142857142857144,0.0073714404462235095,92.92857142857143,0.5,4.0
2.9285714285714288e-05,3.7142857142857144,0.007371440559952261,50.5,0.3571428571428571,4.0
2.9285714285714288e-05,3.7142857142857144,0.007371440577620195,64.64285714285714,0.42857142857142855,4.0
2.9285714285714288e-05,3.7142857142857144,0.007371440865251775,29.285714285714285,0.14285714285714285,4.0
2.9285714285714288e-05,3.7142857142857144,0.007371441045892574,85.85714285714286,0.5,4.0
2.9285714285714288e-05,3.7142857142857144,0.007371442389266014,57.57142857142857,0.42857142857142855,4.0
2.9285714285714288e-05,3.7142857142857144,0.007371442709738846,22.214285714285715,0.0,4.0
2.9285714285714288e-05,3.7142857142857144,0.007371442770314323,36.357142857142854,0.2857142857142857,4.0
2.9285714285714288e-05,3.7142857142857144,0.007371443168385778,78.78571428571428,0.5,4.0
2.9285714285714288e-05,3.7142857142857144,0.00737144367476146,43.42857142857143,0.3571428571428571,4.0
2.9285714285714288e-05,3.7142857142857144,0.0073714454551492194,29.285714285714285,0.21428571428571427,4.0
2.9285714285714288e-05,3.7142857142857144,0.0073714475710215666,22.214285714285715,0.07142857142857142,4.0
2.9285714285714288e-05,3.7142857142857144,0.007371450702474977,71.71428571428571,0.5,4.0
2.9285714285714288e-05,3.7142857142857144,0.007371453148301785,50.5,0.42857142857142855,4.0
2.9285714285714288e-05,3.7142857142857144,0.007371471331194371,22.214285714285715,0.14285714285714285,4.0
2.9285714285714288e-05,3.7142857142857144,0.007371474587243495,36.357142857142854,0.3571428571428571,4.0
2.9285714285714288e-05,3.7142857142857144,0.007371477529066331,64.64285714285714,0.5,4.0
2.9285714285714288e-05,3.7142857142857144,0.007371482630615369,29.285714285714285,0.2857142857142857,4.0
2.9285714285714288e-05,3.7142857142857144,0.007371517292928389,43.42857142857143,0.42857142857142855,4.0
2.9285714285714288e-05,3.7142857142857144,0.007371525506798998,100.0,0.5714285714285714,4.0
2.9285714285714288e-05,3.7142857142857144,0.007371573363030806,57.57142857142857,0.5,4.0
2.9285714285714288e-05,3.7142857142857144,0.0073715874503623765,22.214285714285715,0.21428571428571427,4.0
2.9285714285714288e-05,3.7142857142857144,0.007371621285527821,92.92857142857143,0.5714285714285714,4.0
2.9285714285714288e-05,3.7142857142857144,0.007371769459569927,15.142857142857142,0.0,4.0
2.9285714285714288e-05,3.7142857142857144,0.007371783633076371,29.285714285714285,0.3571428571428571,4.0
2.9285714285714288e-05,3.7142857142857144,0.007371825415694125,85.85714285714286,0.5714285714285714,4.0
4.342857142857143e-05,1.0,0.007371881199067412,29.285714285714285,0.7857142857142857,7.428571428571428
2.9285714285714288e-05,3.7142857142857144,0.0073719014091375825,36.357142857142854,0.42857142857142855,4.0
2.9285714285714288e-05,3.7142857142857144,0.007371916817039426,50.5,0.5,4.0
2.9285714285714288e-05,3.7142857142857144,0.007372090244875618,15.142857142857142,0.07142857142857142,4.0
2.9285714285714288e-05,3.7142857142857144,0.007372154657166616,22.214285714285715,0.2857142857142857,4.0
2.9285714285714288e-05,3.7142857142857144,0.007372261386831116,78.78571428571428,0.5714285714285714,4.0
7.878571428571429e-05,2.357142857142857,0.007372372618895381,43.42857142857143,0.8571428571428571,3.4285714285714284
2.9285714285714288e-05,3.7142857142857144,0.007373035535165129,15.142857142857142,0.14285714285714285,4.0
2.9285714285714288e-05,3.7142857142857144,0.007373150888701374,43.42857142857143,0.5,4.0
2.9285714285714288e-05,3.7142857142857144,0.007373194145371342,71.71428571428571,0.5714285714285714,4.0
5.05e-05,3.7142857142857144,0.0073733548490086285,71.71428571428571,0.8571428571428571,2.8571428571428568
4.342857142857143e-05,1.0,0.007373674364919131,100.0,0.7857142857142857,5.142857142857142
1.5142857142857144e-05,1.0,0.007373892156129783,57.57142857142857,0.7857142857142857,6.285714285714286
2.9285714285714288e-05,1.0,0.007374026764309363,64.64285714285714,0.8571428571428571,5.142857142857142
7.171428571428571e-05,3.7142857142857144,0.007374145713265082,85.85714285714286,0.7857142857142857,4.571428571428571
2.9285714285714288e-05,3.7142857142857144,0.007374214458738612,29.285714285714285,0.42857142857142855,4.0
2.9285714285714288e-05,1.0,0.007374486713400854,92.92857142857143,0.8571428571428571,5.7142857142857135
1.5142857142857144e-05,1.0,0.0073746322010319635,85.85714285714286,0.7857142857142857,6.857142857142857
2.9285714285714288e-05,1.0,0.007374753894968384,100.0,0.7857142857142857,4.571428571428571
2.9285714285714288e-05,3.7142857142857144,0.007374918554180146,22.214285714285715,0.3571428571428571,4.0
7.878571428571429e-05,3.7142857142857144,0.007375143302828999,100.0,0.7857142857142857,3.4285714285714284
2.9285714285714288e-05,3.7142857142857144,0.007375191457548236,64.64285714285714,0.5714285714285714,4.0
2.9285714285714288e-05,3.7142857142857144,0.007375816177869338,15.142857142857142,0.21428571428571427,4.0
6.464285714285715e-05,2.357142857142857,0.0073758524645531065,64.64285714285714,0.7857142857142857,6.285714285714286
5.757142857142857e-05,5.071428571428571,0.007375981613689406,57.57142857142857,0.7857142857142857,2.8571428571428568
2.2214285714285717e-05,1.0,0.007376272727133986,29.285714285714285,0.7142857142857142,7.428571428571428
5.757142857142857e-05,2.357142857142857,0.007376558477636933,43.42857142857143,0.7857142857142857,3.4285714285714284
3.6357142857142854e-05,1.0,0.007376669892820461,92.92857142857143,0.7857142857142857,4.571428571428571
8.585714285714286e-05,3.7142857142857144,0.007377447683809662,64.64285714285714,0.8571428571428571,2.8571428571428568
2.9285714285714288e-05,3.7142857142857144,0.007377587012691167,36.357142857142854,0.5,4.0
5.05e-05,1.0,0.007378311887111485,78.78571428571428,0.7857142857142857,6.285714285714286
2.2214285714285717e-05,2.357142857142857,0.007378456462677113,50.5,0.7857142857142857,4.0
7.878571428571429e-05,3.7142857142857144,0.007378524192955085,92.92857142857143,0.8571428571428571,3.4285714285714284
2.9285714285714288e-05,3.7142857142857144,0.007379463463648895,57.57142857142857,0.5714285714285714,4.0
3.6357142857142854e-05,1.0,0.007379613581167793,71.71428571428571,0.8571428571428571,5.7142857142857135
3.6357142857142854e-05,3.7142857142857144,0.007380014630489276,92.92857142857143,0.7857142857142857,3.4285714285714284
9.292857142857143e-05,2.357142857142857,0.007380847938159268,64.64285714285714,0.8571428571428571,3.4285714285714284
1.5142857142857144e-05,2.357142857142857,0.007381589426670027,100.0,0.6428571428571428,6.857142857142857
4.342857142857143e-05,1.0,0.007381889658532698,29.285714285714285,0.8571428571428571,4.0
6.464285714285715e-05,1.0,0.0073821819593480695,64.64285714285714,0.8571428571428571,5.142857142857142
9.292857142857143e-05,5.071428571428571,0.007382442233617087,71.71428571428571,0.7857142857142857,3.4285714285714284
5.757142857142857e-05,1.0,0.007383491845094648,22.214285714285715,0.7857142857142857,5.142857142857142
4.342857142857143e-05,2.357142857142857,0.007383871928814356,43.42857142857143,0.7142857142857142,5.142857142857142
2.9285714285714288e-05,3.7142857142857144,0.0073839535876738275,15.142857142857142,0.2857142857142857,4.0
8.585714285714286e-05,2.357142857142857,0.0073857996444855025,78.78571428571428,0.8571428571428571,4.0
3.6357142857142854e-05,1.0,0.007386007205507414,8.071428571428571,0.7857142857142857,5.142857142857142
4.342857142857143e-05,2.357142857142857,0.007386318026430669,78.78571428571428,0.7857142857142857,3.4285714285714284
1.5142857142857144e-05,1.0,0.007386517790367397,71.71428571428571,0.7857142857142857,6.857142857142857
7.878571428571429e-05,5.071428571428571,0.007386592241034534,64.64285714285714,0.7857142857142857,2.8571428571428568
5.757142857142857e-05,2.357142857142857,0.007387022652262829,57.57142857142857,0.8571428571428571,4.0
3.6357142857142854e-05,1.0,0.007387075884251401,100.0,0.8571428571428571,6.285714285714286
5.05e-05,1.0,0.007387167265456846,8.071428571428571,0.8571428571428571,4.0
8.585714285714286e-05,5.071428571428571,0.007387436862763025,100.0,0.7857142857142857,3.4285714285714284
2.2214285714285717e-05,2.357142857142857,0.00738817417776304,50.5,0.5714285714285714,6.285714285714286
2.9285714285714288e-05,3.7142857142857144,0.0073882327956617585,22.214285714285715,0.42857142857142855,4.0
7.171428571428571e-05,3.7142857142857144,0.007388348692278735,92.92857142857143,0.8571428571428571,3.4285714285714284
2.9285714285714288e-05,3.7142857142857144,0.007388557521660949,50.5,0.5714285714285714,4.0
8.585714285714286e-05,1.0,0.007388675142219503,71.71428571428571,0.8571428571428571,4.571428571428571
4.342857142857143e-05,1.0,0.007388797421176693,100.0,0.7857142857142857,8.0
5.05e-05,1.0,0.00738888956913239,29.285714285714285,0.8571428571428571,4.0
4.342857142857143e-05,1.0,0.007388903499331967,100.0,0.8571428571428571,6.285714285714286
6.464285714285715e-05,2.357142857142857,0.007388914100307597,92.92857142857143,0.7857142857142857,4.0
1.5142857142857144e-05,2.357142857142857,0.007389079003148727,15.142857142857142,0.42857142857142855,6.857142857142857
4.342857142857143e-05,5.071428571428571,0.007389271706731973,57.57142857142857,0.07142857142857142,2.8571428571428568
4.342857142857143e-05,5.071428571428571,0.007389271706731973,78.78571428571428,0.21428571428571427,2.8571428571428568
4.342857142857143e-05,5.071428571428571,0.007389271706731973,78.78571428571428,0.2857142857142857,2.8571428571428568
4.342857142857143e-05,5.071428571428571,0.007389271706731973,85.85714285714286,0.0,2.8571428571428568
4.342857142857143e-05,5.071428571428571,0.007389271706731973,100.0,0.2857142857142857,2.8571428571428568
4.342857142857143e-05,5.071428571428571,0.007389271706731973,100.0,0.3571428571428571,2.8571428571428568
4.342857142857143e-05,5.071428571428571,0.007389271706731973,100.0,0.07142857142857142,2.8571428571428568
4.342857142857143e-05,5.071428571428571,0.007389271706731973,100.0,0.14285714285714285,2.8571428571428568
4.342857142857143e-05,5.071428571428571,0.007389271706731973,78.78571428571428,0.14285714285714285,2.8571428571428568
4.342857142857143e-05,5.071428571428571,0.007389271706731973,71.71428571428571,0.07142857142857142,2.8571428571428568
4.342857142857143e-05,5.071428571428571,0.007389271706731973,50.5,0.0,2.8571428571428568
4.342857142857143e-05,5.071428571428571,0.007389271706731973,71.71428571428571,0.0,2.8571428571428568
4.342857142857143e-05,5.071428571428571,0.007389271706731973,64.64285714285714,0.14285714285714285,2.8571428571428568
4.342857142857143e-05,5.071428571428571,0.007389271706731973,64.64285714285714,0.0,2.8571428571428568
4.342857142857143e-05,5.071428571428571,0.007389271706731973,64.64285714285714,0.07142857142857142,2.8571428571428568
4.342857142857143e-05,5.071428571428571,0.007389271706731973,57.57142857142857,0.0,2.8571428571428568
4.342857142857143e-05,5.071428571428571,0.007389271706731973,78.78571428571428,0.07142857142857142,2.8571428571428568
4.342857142857143e-05,5.071428571428571,0.007389271706731973,78.78571428571428,0.0,2.8571428571428568
4.342857142857143e-05,5.071428571428571,0.007389271706731973,92.92857142857143,0.21428571428571427,2.8571428571428568
4.342857142857143e-05,5.071428571428571,0.007389271706731973,71.71428571428571,0.14285714285714285,2.8571428571428568
4.342857142857143e-05,5.071428571428571,0.007389271706731973,92.92857142857143,0.14285714285714285,2.8571428571428568
4.342857142857143e-05,5.071428571428571,0.007389271706731973,92.92857142857143,0.07142857142857142,2.8571428571428568
4.342857142857143e-05,5.071428571428571,0.007389271706731973,92.92857142857143,0.0,2.8571428571428568
4.342857142857143e-05,5.071428571428571,0.007389271706731973,71.71428571428571,0.21428571428571427,2.8571428571428568
4.342857142857143e-05,5.071428571428571,0.007389271706731973,85.85714285714286,0.2857142857142857,2.8571428571428568
4.342857142857143e-05,5.071428571428571,0.007389271706731973,85.85714285714286,0.21428571428571427,2.8571428571428568
4.342857142857143e-05,5.071428571428571,0.007389271706731973,85.85714285714286,0.14285714285714285,2.8571428571428568
4.342857142857143e-05,5.071428571428571,0.007389271706731973,85.85714285714286,0.07142857142857142,2.8571428571428568
4.342857142857143e-05,5.071428571428571,0.007389271706731973,100.0,0.0,2.8571428571428568
4.342857142857143e-05,5.071428571428571,0.007389271706731973,92.92857142857143,0.2857142857142857,2.8571428571428568
4.342857142857143e-05,5.071428571428571,0.007389271706731973,100.0,0.21428571428571427,2.8571428571428568
4.342857142857143e-05,5.071428571428571,0.0073892717067320065,57.57142857142857,0.14285714285714285,2.8571428571428568
4.342857142857143e-05,5.071428571428571,0.007389271706732028,92.92857142857143,0.3571428571428571,2.8571428571428568
4.342857142857143e-05,5.071428571428571,0.007389271706732028,50.5,0.07142857142857142,2.8571428571428568
4.342857142857143e-05,5.071428571428571,0.0073892717067320455,64.64285714285714,0.21428571428571427,2.8571428571428568
4.342857142857143e-05,5.071428571428571,0.007389271706732201,43.42857142857143,0.0,2.8571428571428568
4.342857142857143e-05,5.071428571428571,0.007389271706732212,71.71428571428571,0.2857142857142857,2.8571428571428568
4.342857142857143e-05,5.071428571428571,0.007389271706732278,85.85714285714286,0.3571428571428571,2.8571428571428568
4.342857142857143e-05,5.071428571428571,0.007389271706733383,50.5,0.14285714285714285,2.8571428571428568
4.342857142857143e-05,5.071428571428571,0.007389271706733577,57.57142857142857,0.21428571428571427,2.8571428571428568
4.342857142857143e-05,5.071428571428571,0.007389271706735265,100.0,0.42857142857142855,2.8571428571428568
4.342857142857143e-05,5.071428571428571,0.007389271706735315,43.42857142857143,0.07142857142857142,2.8571428571428568
4.342857142857143e-05,5.071428571428571,0.007389271706735876,78.78571428571428,0.3571428571428571,2.8571428571428568
4.342857142857143e-05,5.071428571428571,0.007389271706736913,64.64285714285714,0.2857142857142857,2.8571428571428568
4.342857142857143e-05,5.071428571428571,0.007389271706754713,92.92857142857143,0.42857142857142855,2.8571428571428568
4.342857142857143e-05,5.071428571428571,0.007389271706773173,36.357142857142854,0.0,2.8571428571428568
4.342857142857143e-05,5.071428571428571,0.007389271706776548,71.71428571428571,0.3571428571428571,2.8571428571428568
4.342857142857143e-05,5.071428571428571,0.007389271706781572,50.5,0.21428571428571427,2.8571428571428568
4.342857142857143e-05,5.071428571428571,0.0073892717068026635,43.42857142857143,0.14285714285714285,2.8571428571428568
4.342857142857143e-05,5.071428571428571,0.007389271706828118,57.57142857142857,0.2857142857142857,2.8571428571428568
4.342857142857143e-05,5.071428571428571,0.0073892717068886945,85.85714285714286,0.42857142857142855,2.8571428571428568
4.342857142857143e-05,5.071428571428571,0.007389271707028219,36.357142857142854,0.07142857142857142,2.8571428571428568
4.342857142857143e-05,5.071428571428571,0.007389271707243059,64.64285714285714,0.3571428571428571,2.8571428571428568
4.342857142857143e-05,5.071428571428571,0.007389271707812814,78.78571428571428,0.42857142857142855,2.8571428571428568
4.342857142857143e-05,5.071428571428571,0.007389271708300724,43.42857142857143,0.21428571428571427,2.8571428571428568
4.342857142857143e-05,5.071428571428571,0.007389271708561918,50.5,0.2857142857142857,2.8571428571428568
4.342857142857143e-05,5.071428571428571,0.007389271710454312,36.357142857142854,0.14285714285714285,2.8571428571428568
4.342857142857143e-05,5.071428571428571,0.007389271710915718,100.0,0.5,2.8571428571428568
4.342857142857143e-05,5.071428571428571,0.007389271712599737,57.57142857142857,0.3571428571428571,2.8571428571428568
4.342857142857143e-05,5.071428571428571,0.007389271712708492,29.285714285714285,0.0,2.8571428571428568
4.342857142857143e-05,5.071428571428571,0.007389271714202328,71.71428571428571,0.42857142857142855,2.8571428571428568
4.342857142857143e-05,5.071428571428571,0.007389271724088989,92.92857142857143,0.5,2.8571428571428568
4.342857142857143e-05,5.071428571428571,0.007389271733923816,29.285714285714285,0.07142857142857142,2.8571428571428568
4.342857142857143e-05,5.071428571428571,0.007389271741623385,43.42857142857143,0.2857142857142857,2.8571428571428568
4.342857142857143e-05,5.071428571428571,0.007389271756440119,36.357142857142854,0.21428571428571427,2.8571428571428568
4.342857142857143e-05,5.071428571428571,0.007389271758446145,64.64285714285714,0.42857142857142855,2.8571428571428568
4.342857142857143e-05,5.071428571428571,0.007389271774182954,50.5,0.3571428571428571,2.8571428571428568
4.342857142857143e-05,5.071428571428571,0.007389271778877887,85.85714285714286,0.5,2.8571428571428568
4.342857142857143e-05,5.071428571428571,0.007389271905765066,29.285714285714285,0.14285714285714285,2.8571428571428568
4.342857142857143e-05,5.071428571428571,0.0073892720071544685,78.78571428571428,0.5,2.8571428571428568
4.342857142857143e-05,5.071428571428571,0.007389272065148186,57.57142857142857,0.42857142857142855,2.8571428571428568
4.342857142857143e-05,5.071428571428571,0.007389272373687491,36.357142857142854,0.2857142857142857,2.8571428571428568
4.342857142857143e-05,5.071428571428571,0.007389272482825218,43.42857142857143,0.3571428571428571,2.8571428571428568
4.342857142857143e-05,5.071428571428571,0.0073892726007521005,22.214285714285715,0.0,2.8571428571428568
4.342857142857143e-05,5.071428571428571,0.007389272959847237,71.71428571428571,0.5,2.8571428571428568
4.342857142857143e-05,5.071428571428571,0.00738927329763602,29.285714285714285,0.21428571428571427,2.8571428571428568
4.342857142857143e-05,5.071428571428571,0.007389274192992015,50.5,0.42857142857142855,2.8571428571428568
4.342857142857143e-05,5.071428571428571,0.007389274338614069,22.214285714285715,0.07142857142857142,2.8571428571428568
4.342857142857143e-05,5.071428571428571,0.007389276941420051,64.64285714285714,0.5,2.8571428571428568
4.342857142857143e-05,5.071428571428571,0.007389276999138916,100.0,0.5714285714285714,2.8571428571428568
4.342857142857143e-05,5.071428571428571,0.007389280658602312,36.357142857142854,0.3571428571428571,2.8571428571428568
4.342857142857143e-05,5.071428571428571,0.00738928283274364,22.214285714285715,0.14285714285714285,2.8571428571428568
4.342857142857143e-05,5.071428571428571,0.007389284571238916,29.285714285714285,0.2857142857142857,2.8571428571428568
4.342857142857143e-05,5.071428571428571,0.0073892849562493534,92.92857142857143,0.5714285714285714,2.8571428571428568
4.342857142857143e-05,5.071428571428571,0.007389288969029415,43.42857142857143,0.42857142857142855,2.8571428571428568
2.2214285714285717e-05,1.0,0.007389290479630176,71.71428571428571,0.8571428571428571,4.0
4.342857142857143e-05,5.071428571428571,0.007389293599004307,57.57142857142857,0.5,2.8571428571428568
4.342857142857143e-05,5.071428571428571,0.007389304937707164,85.85714285714286,0.5714285714285714,2.8571428571428568
4.342857142857143e-05,5.071428571428571,0.007389324347009571,22.214285714285715,0.21428571428571427,2.8571428571428568
4.342857142857143e-05,5.071428571428571,0.0073893551981184386,78.78571428571428,0.5714285714285714,2.8571428571428568
4.342857142857143e-05,5.071428571428571,0.007389363333865704,50.5,0.5,2.8571428571428568
4.342857142857143e-05,5.071428571428571,0.007389375869050108,29.285714285714285,0.3571428571428571,2.8571428571428568
4.342857142857143e-05,5.071428571428571,0.0073893918387353845,36.357142857142854,0.42857142857142855,2.8571428571428568
4.342857142857143e-05,5.071428571428571,0.00738941491647746,15.142857142857142,0.0,2.8571428571428568
4.342857142857143e-05,5.071428571428571,0.007389481792205407,71.71428571428571,0.5714285714285714,2.8571428571428568
4.342857142857143e-05,5.071428571428571,0.007389527186621103,22.214285714285715,0.2857142857142857,2.8571428571428568
4.342857142857143e-05,5.071428571428571,0.007389554465964612,15.142857142857142,0.07142857142857142,2.8571428571428568
4.342857142857143e-05,5.071428571428571,0.0073896553919930805,43.42857142857143,0.5,2.8571428571428568
4.342857142857143e-05,5.071428571428571,0.00738980088632604,64.64285714285714,0.5714285714285714,2.8571428571428568
5.05e-05,2.357142857142857,0.007389836833965766,85.85714285714286,0.7857142857142857,3.4285714285714284
4.342857142857143e-05,5.071428571428571,0.0073899658155971715,15.142857142857142,0.14285714285714285,2.8571428571428568
4.342857142857143e-05,5.071428571428571,0.007390114321094066,29.285714285714285,0.42857142857142855,2.8571428571428568
3.6357142857142854e-05,2.357142857142857,0.007390175224515685,57.57142857142857,0.8571428571428571,3.4285714285714284
4.342857142857143e-05,5.071428571428571,0.007390516895527582,22.214285714285715,0.3571428571428571,2.8571428571428568
4.342857142857143e-05,5.071428571428571,0.007390604843623566,57.57142857142857,0.5714285714285714,2.8571428571428568
4.342857142857143e-05,5.071428571428571,0.007390879705182848,36.357142857142854,0.5,2.8571428571428568
4.342857142857143e-05,5.071428571428571,0.007391176927438822,15.142857142857142,0.21428571428571427,2.8571428571428568
4.342857142857143e-05,2.357142857142857,0.007391340485587936,50.5,0.7142857142857142,5.142857142857142
3.6357142857142854e-05,3.7142857142857144,0.007391961646488418,85.85714285714286,0.7857142857142857,3.4285714285714284
4.342857142857143e-05,2.357142857142857,0.007392466870147563,8.071428571428571,0.7857142857142857,3.4285714285714284
7.171428571428571e-05,1.0,0.007392558395904974,36.357142857142854,0.8571428571428571,4.0
4.342857142857143e-05,5.071428571428571,0.0073926251214735395,50.5,0.5714285714285714,2.8571428571428568
4.342857142857143e-05,2.357142857142857,0.0073928747281527514,15.142857142857142,0.7857142857142857,4.0
5.757142857142857e-05,1.0,0.007393285330725696,57.57142857142857,0.8571428571428571,5.142857142857142
7.171428571428571e-05,1.0,0.007393366638857962,50.5,0.8571428571428571,4.571428571428571
2.9285714285714288e-05,3.7142857142857144,0.007393451358787375,29.285714285714285,0.5,4.0
7.878571428571429e-05,1.0,0.0073936782881951655,57.57142857142857,0.8571428571428571,4.571428571428571
4.342857142857143e-05,2.357142857142857,0.007393798212941005,43.42857142857143,0.8571428571428571,3.4285714285714284
5.757142857142857e-05,1.0,0.0073940701378117975,85.85714285714286,0.8571428571428571,5.7142857142857135
4.342857142857143e-05,5.071428571428571,0.007394730346178141,15.142857142857142,0.2857142857142857,2.8571428571428568
2.9285714285714288e-05,2.357142857142857,0.007394981515375401,22.214285714285715,0.7857142857142857,3.4285714285714284
4.342857142857143e-05,5.071428571428571,0.007395313699975986,22.214285714285715,0.42857142857142855,2.8571428571428568
2.2214285714285717e-05,2.357142857142857,0.007395365740206272,8.071428571428571,0.07142857142857142,6.285714285714286
4.342857142857143e-05,5.071428571428571,0.007395814251408106,100.0,0.6428571428571428,2.8571428571428568
4.342857142857143e-05,5.071428571428571,0.007396028403174423,29.285714285714285,0.5,2.8571428571428568
1.5142857142857144e-05,1.0,0.007396547532601374,50.5,0.7857142857142857,6.285714285714286
4.342857142857143e-05,1.0,0.007396698176378225,92.92857142857143,0.7857142857142857,8.0
9.292857142857143e-05,2.357142857142857,0.007396720718945734,92.92857142857143,0.8571428571428571,4.0
7.171428571428571e-05,2.357142857142857,0.0073973253768225165,36.357142857142854,0.7857142857142857,4.0
9.292857142857143e-05,3.7142857142857144,0.007397384533630072,57.57142857142857,0.7857142857142857,4.571428571428571
4.342857142857143e-05,5.071428571428571,0.007397668130286481,43.42857142857143,0.5714285714285714,2.8571428571428568
5.05e-05,1.0,0.007397830372268826,57.57142857142857,0.7857142857142857,8.0
5.757142857142857e-05,1.0,0.007397992252498842,36.357142857142854,0.7857142857142857,6.285714285714286
2.2214285714285717e-05,1.0,0.007398321901579738,100.0,0.8571428571428571,4.571428571428571
8.585714285714286e-05,3.7142857142857144,0.007398390513860634,57.57142857142857,0.8571428571428571,2.8571428571428568
5.757142857142857e-05,1.0,0.007398407494789397,8.071428571428571,0.8571428571428571,4.0
7.171428571428571e-05,1.0,0.007398596153614001,71.71428571428571,0.8571428571428571,5.142857142857142
4.342857142857143e-05,5.071428571428571,0.007399062688380304,92.92857142857143,0.6428571428571428,2.8571428571428568
5.05e-05,1.0,0.007399443419386112,15.142857142857142,0.8571428571428571,3.4285714285714284
5.757142857142857e-05,3.7142857142857144,0.007399488128008736,22.214285714285715,0.7857142857142857,3.4285714285714284
8.585714285714286e-05,5.071428571428571,0.007399540405176605,92.92857142857143,0.7857142857142857,3.4285714285714284
1.5142857142857144e-05,1.0,0.007401143600228336,100.0,0.7857142857142857,7.428571428571428
1.5142857142857144e-05,1.0,0.007401204808245465,92.92857142857143,0.7857142857142857,6.857142857142857
7.171428571428571e-05,3.7142857142857144,0.007401262056007432,78.78571428571428,0.7857142857142857,4.571428571428571
7.171428571428571e-05,2.357142857142857,0.007401959606576108,64.64285714285714,0.7857142857142857,5.7142857142857135
7.878571428571429e-05,1.0,0.007402030309932891,85.85714285714286,0.8571428571428571,5.142857142857142
4.342857142857143e-05,1.0,0.007403531156554355,50.5,0.8571428571428571,5.142857142857142
5.05e-05,1.0,0.007403683861577015,78.78571428571428,0.7857142857142857,6.857142857142857
4.342857142857143e-05,5.071428571428571,0.0074038980151095,85.85714285714286,0.6428571428571428,2.8571428571428568
7.171428571428571e-05,2.357142857142857,0.007404268780593115,78.78571428571428,0.7857142857142857,5.142857142857142
4.342857142857143e-05,5.071428571428571,0.007405056111204231,15.142857142857142,0.3571428571428571,2.8571428571428568
2.2214285714285717e-05,1.0,0.0074055959013235055,36.357142857142854,0.7857142857142857,7.428571428571428
5.757142857142857e-05,1.0,0.007406124020289229,15.142857142857142,0.8571428571428571,3.4285714285714284
3.6357142857142854e-05,1.0,0.007406271476236431,22.214285714285715,0.8571428571428571,3.4285714285714284
5.05e-05,1.0,0.007406594590428034,78.78571428571428,0.7857142857142857,5.7142857142857135
4.342857142857143e-05,1.0,0.007406599699375,85.85714285714286,0.7857142857142857,8.0
7.878571428571429e-05,3.7142857142857144,0.007406616292465848,43.42857142857143,0.8571428571428571,2.8571428571428568
5.757142857142857e-05,2.357142857142857,0.007406652909584435,100.0,0.8571428571428571,4.571428571428571
8.585714285714286e-05,3.7142857142857144,0.007406724619262664,92.92857142857143,0.8571428571428571,3.4285714285714284
4.342857142857143e-05,2.357142857142857,0.007407015304704776,36.357142857142854,0.7142857142857142,5.142857142857142
2.9285714285714288e-05,1.0,0.0074070534364004655,43.42857142857143,0.8571428571428571,3.4285714285714284
3.6357142857142854e-05,3.7142857142857144,0.007407122756258319,78.78571428571428,0.7857142857142857,3.4285714285714284
1.5142857142857144e-05,2.357142857142857,0.007407214601153697,64.64285714285714,0.0,7.428571428571428
1.5142857142857144e-05,2.357142857142857,0.007407214601153697,71.71428571428571,0.14285714285714285,7.428571428571428
1.5142857142857144e-05,2.357142857142857,0.007407214601153697,64.64285714285714,0.07142857142857142,7.428571428571428
1.5142857142857144e-05,2.357142857142857,0.007407214601153697,71.71428571428571,0.07142857142857142,7.428571428571428
1.5142857142857144e-05,2.357142857142857,0.007407214601153697,85.85714285714286,0.21428571428571427,7.428571428571428
1.5142857142857144e-05,2.357142857142857,0.007407214601153697,85.85714285714286,0.2857142857142857,7.428571428571428
1.5142857142857144e-05,2.357142857142857,0.007407214601153697,85.85714285714286,0.07142857142857142,7.428571428571428
1.5142857142857144e-05,2.357142857142857,0.007407214601153697,85.85714285714286,0.0,7.428571428571428
1.5142857142857144e-05,2.357142857142857,0.007407214601153697,71.71428571428571,0.0,7.428571428571428
1.5142857142857144e-05,2.357142857142857,0.007407214601153697,78.78571428571428,0.0,7.428571428571428
1.5142857142857144e-05,2.357142857142857,0.007407214601153697,57.57142857142857,0.0,7.428571428571428
1.5142857142857144e-05,2.357142857142857,0.007407214601153697,57.57142857142857,0.07142857142857142,7.428571428571428
1.5142857142857144e-05,2.357142857142857,0.007407214601153697,50.5,0.0,7.428571428571428
1.5142857142857144e-05,2.357142857142857,0.007407214601153697,64.64285714285714,0.14285714285714285,7.428571428571428
1.5142857142857144e-05,2.357142857142857,0.007407214601153697,71.71428571428571,0.21428571428571427,7.428571428571428
1.5142857142857144e-05,2.357142857142857,0.007407214601153697,78.78571428571428,0.14285714285714285,7.428571428571428
1.5142857142857144e-05,2.357142857142857,0.007407214601153697,92.92857142857143,0.21428571428571427,7.428571428571428
1.5142857142857144e-05,2.357142857142857,0.007407214601153697,78.78571428571428,0.21428571428571427,7.428571428571428
1.5142857142857144e-05,2.357142857142857,0.007407214601153697,92.92857142857143,0.0,7.428571428571428
1.5142857142857144e-05,2.357142857142857,0.007407214601153697,85.85714285714286,0.14285714285714285,7.428571428571428
1.5142857142857144e-05,2.357142857142857,0.007407214601153697,92.92857142857143,0.07142857142857142,7.428571428571428
1.5142857142857144e-05,2.357142857142857,0.007407214601153697,78.78571428571428,0.07142857142857142,7.428571428571428
1.5142857142857144e-05,2.357142857142857,0.007407214601153697,100.0,0.21428571428571427,7.428571428571428
1.5142857142857144e-05,2.357142857142857,0.007407214601153697,100.0,0.2857142857142857,7.428571428571428
1.5142857142857144e-05,2.357142857142857,0.007407214601153697,92.92857142857143,0.2857142857142857,7.428571428571428
1.5142857142857144e-05,2.357142857142857,0.007407214601153697,92.92857142857143,0.14285714285714285,7.428571428571428
1.5142857142857144e-05,2.357142857142857,0.007407214601153697,100.0,0.0,7.428571428571428
1.5142857142857144e-05,2.357142857142857,0.007407214601153697,100.0,0.07142857142857142,7.428571428571428
1.5142857142857144e-05,2.357142857142857,0.007407214601153697,100.0,0.14285714285714285,7.428571428571428
1.5142857142857144e-05,2.357142857142857,0.007407214601153736,100.0,0.3571428571428571,7.428571428571428
1.5142857142857144e-05,2.357142857142857,0.007407214601153919,78.78571428571428,0.2857142857142857,7.428571428571428
1.5142857142857144e-05,2.357142857142857,0.007407214601153958,57.57142857142857,0.14285714285714285,7.428571428571428
1.5142857142857144e-05,2.357142857142857,0.007407214601154052,50.5,0.07142857142857142,7.428571428571428
1.5142857142857144e-05,2.357142857142857,0.007407214601154335,64.64285714285714,0.21428571428571427,7.428571428571428
1.5142857142857144e-05,2.357142857142857,0.007407214601154418,92.92857142857143,0.3571428571428571,7.428571428571428
1.5142857142857144e-05,2.357142857142857,0.007407214601155612,43.42857142857143,0.0,7.428571428571428
1.5142857142857144e-05,2.357142857142857,0.007407214601157045,71.71428571428571,0.2857142857142857,7.428571428571428
1.5142857142857144e-05,2.357142857142857,0.007407214601159784,85.85714285714286,0.3571428571428571,7.428571428571428
1.5142857142857144e-05,2.357142857142857,0.007407214601163725,50.5,0.14285714285714285,7.428571428571428
1.5142857142857144e-05,2.357142857142857,0.0074072146011675555,57.57142857142857,0.21428571428571427,7.428571428571428
1.5142857142857144e-05,2.357142857142857,0.007407214601174156,43.42857142857143,0.07142857142857142,7.428571428571428
1.5142857142857144e-05,2.357142857142857,0.007407214601204415,64.64285714285714,0.2857142857142857,7.428571428571428
1.5142857142857144e-05,2.357142857142857,0.0074072146012084065,78.78571428571428,0.3571428571428571,7.428571428571428
1.5142857142857144e-05,2.357142857142857,0.007407214601231777,100.0,0.42857142857142855,7.428571428571428
1.5142857142857144e-05,2.357142857142857,0.007407214601368911,36.357142857142854,0.0,7.428571428571428
1.5142857142857144e-05,2.357142857142857,0.0074072146015112805,50.5,0.21428571428571427,7.428571428571428
1.5142857142857144e-05,2.357142857142857,0.0074072146015867705,43.42857142857143,0.14285714285714285,7.428571428571428
1.5142857142857144e-05,2.357142857142857,0.007407214601604923,92.92857142857143,0.42857142857142855,7.428571428571428
1.5142857142857144e-05,2.357142857142857,0.007407214601681977,71.71428571428571,0.3571428571428571,7.428571428571428
1.5142857142857144e-05,2.357142857142857,0.0074072146019684235,57.57142857142857,0.2857142857142857,7.428571428571428
1.5142857142857144e-05,2.357142857142857,0.007407214602703674,36.357142857142854,0.07142857142857142,7.428571428571428
1.5142857142857144e-05,2.357142857142857,0.007407214603768092,85.85714285714286,0.42857142857142855,7.428571428571428
1.5142857142857144e-05,2.357142857142857,0.007407214606271362,64.64285714285714,0.3571428571428571,7.428571428571428
1.5142857142857144e-05,2.357142857142857,0.007407214610766763,43.42857142857143,0.21428571428571427,7.428571428571428
1.5142857142857144e-05,2.357142857142857,0.007407214614324131,50.5,0.2857142857142857,7.428571428571428
1.5142857142857144e-05,2.357142857142857,0.007407214616351118,78.78571428571428,0.42857142857142855,7.428571428571428
1.5142857142857144e-05,2.357142857142857,0.00740721462061811,36.357142857142854,0.14285714285714285,7.428571428571428
1.5142857142857144e-05,2.357142857142857,0.007407214627761319,29.285714285714285,0.0,7.428571428571428
1.5142857142857144e-05,2.357142857142857,0.007407214650906583,57.57142857142857,0.3571428571428571,7.428571428571428
1.5142857142857144e-05,2.357142857142857,0.007407214689746308,71.71428571428571,0.42857142857142855,7.428571428571428
1.5142857142857144e-05,2.357142857142857,0.007407214699720555,100.0,0.5,7.428571428571428
1.5142857142857144e-05,2.357142857142857,0.007407214722215857,29.285714285714285,0.07142857142857142,7.428571428571428
1.5142857142857144e-05,2.357142857142857,0.007407214814965299,43.42857142857143,0.2857142857142857,7.428571428571428
1.5142857142857144e-05,2.357142857142857,0.0074072148610814514,36.357142857142854,0.21428571428571427,7.428571428571428
1.5142857142857144e-05,2.357142857142857,0.007407214945286264,92.92857142857143,0.5,7.428571428571428
1.5142857142857144e-05,2.357142857142857,0.0074072150866128115,50.5,0.3571428571428571,7.428571428571428
1.5142857142857144e-05,2.357142857142857,0.007407215119173191,64.64285714285714,0.42857142857142855,7.428571428571428
1.5142857142857144e-05,2.357142857142857,0.007407215487272356,29.285714285714285,0.14285714285714285,7.428571428571428
1.5142857142857144e-05,2.357142857142857,0.0074072158053779345,85.85714285714286,0.5,7.428571428571428
1.5142857142857144e-05,2.357142857142857,0.007407217640220165,57.57142857142857,0.42857142857142855,7.428571428571428
1.5142857142857144e-05,2.357142857142857,0.007407217936973296,22.214285714285715,0.0,7.428571428571428
1.5142857142857144e-05,2.357142857142857,0.007407218088712519,36.357142857142854,0.2857142857142857,7.428571428571428
1.5142857142857144e-05,2.357142857142857,0.007407218825648973,78.78571428571428,0.5,7.428571428571428
1.5142857142857144e-05,2.357142857142857,0.007407219356984479,43.42857142857143,0.3571428571428571,7.428571428571428
1.5142857142857144e-05,2.357142857142857,0.007407221684024889,29.285714285714285,0.21428571428571427,7.428571428571428
1.5142857142857144e-05,2.357142857142857,0.007407224421365599,22.214285714285715,0.07142857142857142,7.428571428571428
1.5142857142857144e-05,2.357142857142857,0.00740722946175662,71.71428571428571,0.5,7.428571428571428
1.5142857142857144e-05,2.357142857142857,0.007407232495073718,50.5,0.42857142857142855,7.428571428571428
1.5142857142857144e-05,2.357142857142857,0.007407256114680535,22.214285714285715,0.14285714285714285,7.428571428571428
1.5142857142857144e-05,2.357142857142857,0.007407261409916527,36.357142857142854,0.3571428571428571,7.428571428571428
1.5142857142857144e-05,2.357142857142857,0.007407267033699197,64.64285714285714,0.5,7.428571428571428
1.5142857142857144e-05,2.357142857142857,0.007407271873977611,29.285714285714285,0.2857142857142857,7.428571428571428
6.464285714285715e-05,2.357142857142857,0.00740729041292997,57.57142857142857,0.8571428571428571,4.0
1.5142857142857144e-05,2.357142857142857,0.007407320374829204,43.42857142857143,0.42857142857142855,7.428571428571428
1.5142857142857144e-05,2.357142857142857,0.007407339258778303,100.0,0.5714285714285714,7.428571428571428
1.5142857142857144e-05,2.357142857142857,0.00740740019285395,57.57142857142857,0.5,7.428571428571428
1.5142857142857144e-05,2.357142857142857,0.007407411003638767,22.214285714285715,0.21428571428571427,7.428571428571428
2.9285714285714288e-05,3.7142857142857144,0.0074074364917445235,15.142857142857142,0.3571428571428571,4.0
1.5142857142857144e-05,2.357142857142857,0.007407477168807766,92.92857142857143,0.5714285714285714,7.428571428571428
9.292857142857143e-05,2.357142857142857,0.007407542473641051,57.57142857142857,0.8571428571428571,3.4285714285714284
2.9285714285714288e-05,1.0,0.007407557784177748,29.285714285714285,0.8571428571428571,3.4285714285714284
1.5142857142857144e-05,2.357142857142857,0.007407643460898977,15.142857142857142,0.0,7.428571428571428
1.5142857142857144e-05,2.357142857142857,0.007407678385078553,29.285714285714285,0.3571428571428571,7.428571428571428
2.9285714285714288e-05,3.7142857142857144,0.007407696649811937,43.42857142857143,0.5714285714285714,4.0
1.5142857142857144e-05,2.357142857142857,0.007407768958366828,85.85714285714286,0.5714285714285714,7.428571428571428
1.5142857142857144e-05,2.357142857142857,0.007407842822651509,36.357142857142854,0.42857142857142855,7.428571428571428
1.5142857142857144e-05,2.357142857142857,0.007407873962190672,50.5,0.5,7.428571428571428
1.5142857142857144e-05,2.357142857142857,0.007408061577499306,15.142857142857142,0.07142857142857142,7.428571428571428
1.5142857142857144e-05,2.357142857142857,0.007408168200520052,22.214285714285715,0.2857142857142857,7.428571428571428
3.6357142857142854e-05,1.0,0.007408209645034089,100.0,0.7857142857142857,4.571428571428571
1.5142857142857144e-05,2.357142857142857,0.007408387290214863,78.78571428571428,0.5714285714285714,7.428571428571428
1.5142857142857144e-05,2.357142857142857,0.0074084160872860795,92.92857142857143,0.6428571428571428,6.857142857142857
9.292857142857143e-05,3.7142857142857144,0.007409007317793262,64.64285714285714,0.7857142857142857,4.571428571428571
5.05e-05,2.357142857142857,0.007409142616198192,22.214285714285715,0.7142857142857142,5.142857142857142
1.5142857142857144e-05,2.357142857142857,0.007409293762364069,15.142857142857142,0.14285714285714285,7.428571428571428
4.342857142857143e-05,1.0,0.007409323942732996,8.071428571428571,0.8571428571428571,4.0
2.9285714285714288e-05,1.0,0.007409542728341653,85.85714285714286,0.8571428571428571,5.7142857142857135
1.5142857142857144e-05,2.357142857142857,0.007409563526679616,43.42857142857143,0.5,7.428571428571428
1.5142857142857144e-05,2.357142857142857,0.0074096995345214215,71.71428571428571,0.5714285714285714,7.428571428571428
4.342857142857143e-05,5.071428571428571,0.007410092951858757,36.357142857142854,0.5714285714285714,2.8571428571428568
7.171428571428571e-05,3.7142857142857144,0.007410910366092535,43.42857142857143,0.8571428571428571,2.8571428571428568
1.5142857142857144e-05,2.357142857142857,0.007410963038007512,29.285714285714285,0.42857142857142855,7.428571428571428
4.342857142857143e-05,5.071428571428571,0.007411054480192478,78.78571428571428,0.6428571428571428,2.8571428571428568
2.9285714285714288e-05,1.0,0.007411199284233033,22.214285714285715,0.7857142857142857,4.0
5.05e-05,1.0,0.007411237971633597,92.92857142857143,0.7857142857142857,7.428571428571428
6.464285714285715e-05,3.7142857142857144,0.0074113281219457035,100.0,0.8571428571428571,3.4285714285714284
8.585714285714286e-05,3.7142857142857144,0.007411663887112294,50.5,0.7857142857142857,4.571428571428571
1.5142857142857144e-05,2.357142857142857,0.007411858419667616,22.214285714285715,0.3571428571428571,7.428571428571428
4.342857142857143e-05,3.7142857142857144,0.00741210243471567,29.285714285714285,0.7857142857142857,2.8571428571428568
2.2214285714285717e-05,1.0,0.007412207982112384,57.57142857142857,0.7857142857142857,8.0
1.5142857142857144e-05,2.357142857142857,0.0074124860308869885,64.64285714285714,0.5714285714285714,7.428571428571428
4.342857142857143e-05,2.357142857142857,0.007412757394718075,85.85714285714286,0.7857142857142857,3.4285714285714284
1.5142857142857144e-05,2.357142857142857,0.007412918242544133,15.142857142857142,0.21428571428571427,7.428571428571428
2.2214285714285717e-05,2.357142857142857,0.007413104127839807,8.071428571428571,0.21428571428571427,5.7142857142857135
4.342857142857143e-05,5.071428571428571,0.0074133521335136236,8.071428571428571,0.0,2.8571428571428568
5.05e-05,2.357142857142857,0.007413759607880016,57.57142857142857,0.8571428571428571,4.0
8.585714285714286e-05,5.071428571428571,0.007414603531075692,85.85714285714286,0.7857142857142857,3.4285714285714284
6.464285714285715e-05,1.0,0.007414795009063016,100.0,0.8571428571428571,5.7142857142857135
1.5142857142857144e-05,1.0,0.007414918618487948,64.64285714285714,0.7857142857142857,6.857142857142857
3.6357142857142854e-05,2.357142857142857,0.007415013342050867,43.42857142857143,0.7857142857142857,5.142857142857142
9.292857142857143e-05,5.071428571428571,0.007415224397524509,64.64285714285714,0.7857142857142857,3.4285714285714284
2.9285714285714288e-05,3.7142857142857144,0.007415276737370241,8.071428571428571,0.0,4.0
1.5142857142857144e-05,2.357142857142857,0.0074155883785080425,36.357142857142854,0.5,7.428571428571428
6.464285714285715e-05,2.357142857142857,0.007415760181022144,100.0,0.7857142857142857,4.0
5.757142857142857e-05,5.071428571428571,0.007416636713583535,50.5,0.7857142857142857,2.8571428571428568
5.757142857142857e-05,3.7142857142857144,0.007417150434175892,50.5,0.8571428571428571,2.8571428571428568
2.2214285714285717e-05,1.0,0.007417742059011839,36.357142857142854,0.7857142857142857,4.571428571428571
5.05e-05,2.357142857142857,0.007417754257636055,92.92857142857143,0.7857142857142857,3.4285714285714284
4.342857142857143e-05,5.071428571428571,0.0074178490822496,22.214285714285715,0.5,2.8571428571428568
1.5142857142857144e-05,1.0,0.007418020162412506,92.92857142857143,0.7857142857142857,7.428571428571428
1.5142857142857144e-05,2.357142857142857,0.007418394770311939,57.57142857142857,0.5714285714285714,7.428571428571428
2.9285714285714288e-05,1.0,0.007418525105368617,36.357142857142854,0.8571428571428571,4.0
7.171428571428571e-05,2.357142857142857,0.007418698491613224,64.64285714285714,0.7857142857142857,4.571428571428571
3.6357142857142854e-05,1.0,0.007418952379800415,92.92857142857143,0.8571428571428571,6.285714285714286
3.6357142857142854e-05,1.0,0.007419447400097934,50.5,0.8571428571428571,5.142857142857142
5.05e-05,3.7142857142857144,0.007419448996943539,29.285714285714285,0.7857142857142857,2.8571428571428568
4.342857142857143e-05,1.0,0.007419605414089561,78.78571428571428,0.7857142857142857,8.0
5.05e-05,1.0,0.007419961743962714,71.71428571428571,0.8571428571428571,5.7142857142857135
9.292857142857143e-05,3.7142857142857144,0.007420107629813788,100.0,0.8571428571428571,3.4285714285714284
7.878571428571429e-05,3.7142857142857144,0.007420291879031824,85.85714285714286,0.8571428571428571,3.4285714285714284
2.2214285714285717e-05,2.357142857142857,0.007420321486956613,43.42857142857143,0.7857142857142857,4.0
7.878571428571429e-05,5.071428571428571,0.007420579970833357,71.71428571428571,0.7857142857142857,2.8571428571428568
5.05e-05,3.7142857142857144,0.007421457422098809,64.64285714285714,0.8571428571428571,2.8571428571428568
4.342857142857143e-05,5.071428571428571,0.007421547590524874,71.71428571428571,0.6428571428571428,2.8571428571428568
2.2214285714285717e-05,1.0,0.007422062986387134,92.92857142857143,0.8571428571428571,4.571428571428571
3.6357142857142854e-05,2.357142857142857,0.007422509542878372,50.5,0.7857142857142857,3.4285714285714284
4.342857142857143e-05,5.071428571428571,0.007422522908300572,8.071428571428571,0.07142857142857142,2.8571428571428568
1.5142857142857144e-05,2.357142857142857,0.007423525339530818,15.142857142857142,0.2857142857142857,7.428571428571428
4.342857142857143e-05,1.0,0.007423599173606491,64.64285714285714,0.7857142857142857,4.571428571428571
4.342857142857143e-05,1.0,0.007423826947541223,92.92857142857143,0.8571428571428571,6.285714285714286
8.585714285714286e-05,1.0,0.0074239165539219994,43.42857142857143,0.8571428571428571,4.0
4.342857142857143e-05,1.0,0.007424344129677155,15.142857142857142,0.8571428571428571,3.4285714285714284
8.585714285714286e-05,3.7142857142857144,0.007424431539443574,50.5,0.8571428571428571,2.8571428571428568
5.757142857142857e-05,1.0,0.007424572932677278,36.357142857142854,0.7857142857142857,5.7142857142857135
6.464285714285715e-05,2.357142857142857,0.00742494561161271,57.57142857142857,0.7857142857142857,6.285714285714286
8.585714285714286e-05,1.0,0.007424954136391579,64.64285714285714,0.8571428571428571,4.571428571428571
1.5142857142857144e-05,1.0,0.007425015558982928,64.64285714285714,0.7857142857142857,6.285714285714286
9.292857142857143e-05,3.7142857142857144,0.007425098689375939,71.71428571428571,0.7857142857142857,4.571428571428571
5.757142857142857e-05,2.357142857142857,0.0074251868289747,36.357142857142854,0.8571428571428571,3.4285714285714284
1.5142857142857144e-05,1.0,0.00742524777981537,100.0,0.7857142857142857,6.857142857142857
5.05e-05,1.0,0.007425534743614531,85.85714285714286,0.7857142857142857,6.285714285714286
5.05e-05,2.357142857142857,0.007425770358329082,100.0,0.8571428571428571,4.571428571428571
3.6357142857142854e-05,1.0,0.007425817946078159,29.285714285714285,0.7857142857142857,7.428571428571428
3.6357142857142854e-05,3.7142857142857144,0.007426469179546527,71.71428571428571,0.7857142857142857,3.4285714285714284
4.342857142857143e-05,2.357142857142857,0.0074269785264347325,64.64285714285714,0.8571428571428571,4.0
7.171428571428571e-05,2.357142857142857,0.007427049399917771,36.357142857142854,0.7857142857142857,5.7142857142857135
3.6357142857142854e-05,2.357142857142857,0.007427518826029112,100.0,0.8571428571428571,4.0
7.171428571428571e-05,3.7142857142857144,0.0074276863893058594,85.85714285714286,0.8571428571428571,3.4285714285714284
4.342857142857143e-05,1.0,0.007427716444240668,15.142857142857142,0.7857142857142857,6.285714285714286
6.464285714285715e-05,2.357142857142857,0.007428202902067041,29.285714285714285,0.7857142857142857,5.7142857142857135
5.05e-05,1.0,0.0074283987553135835,57.57142857142857,0.7857142857142857,5.142857142857142
2.9285714285714288e-05,1.0,0.0074294587296385994,29.285714285714285,0.7142857142857142,6.857142857142857
1.5142857142857144e-05,2.357142857142857,0.00742962763470525,22.214285714285715,0.42857142857142855,7.428571428571428
1.5142857142857144e-05,2.357142857142857,0.007429920440298332,8.071428571428571,0.21428571428571427,6.857142857142857
2.9285714285714288e-05,1.0,0.007430121892179398,15.142857142857142,0.7857142857142857,5.7142857142857135
9.292857142857143e-05,3.7142857142857144,0.007430210003653154,50.5,0.7857142857142857,4.0
5.05e-05,1.0,0.007430414790388956,36.357142857142854,0.7857142857142857,4.571428571428571
4.342857142857143e-05,1.0,0.007430698986403583,36.357142857142854,0.8571428571428571,4.571428571428571
1.5142857142857144e-05,2.357142857142857,0.007430860976810996,50.5,0.5714285714285714,7.428571428571428
